time,open,high,low,close
2026-07-17 16:15:00,0.69829,0.69902,0.69829,0.69887
2026-07-17 16:30:00,0.69889,0.699,0.69873,0.69885
2026-07-17 16:45:00,0.69882,0.69882,0.69845,0.69867
2026-07-17 17:00:00,0.69866,0.69905,0.69856,0.69866
2026-07-17 17:15:00,0.69872,0.69888,0.69853,0.6987
2026-07-17 17:30:00,0.6987,0.69891,0.69847,0.69849
2026-07-17 17:45:00,0.69848,0.69874,0.6984,0.69841
2026-07-17 18:00:00,0.69843,0.69874,0.69816,0.69819
2026-07-17 18:15:00,0.69823,0.69823,0.69749,0.69771
2026-07-17 18:30:00,0.69772,0.69778,0.69728,0.69729
2026-07-17 18:45:00,0.69729,0.69748,0.69717,0.69744
2026-07-17 19:00:00,0.69742,0.69742,0.69665,0.69692
2026-07-17 19:15:00,0.69694,0.69752,0.69694,0.69746
2026-07-17 19:30:00,0.69746,0.69753,0.697,0.69704
2026-07-17 19:45:00,0.69708,0.69722,0.697,0.69718
2026-07-17 20:00:00,0.69716,0.69724,0.697,0.69721
2026-07-17 20:15:00,0.69717,0.6974,0.69697,0.69709
2026-07-17 20:30:00,0.69706,0.69722,0.69706,0.69722
2026-07-17 20:45:00,0.6972,0.69727,0.69687,0.6971
2026-07-17 21:00:00,0.6971,0.6971,0.69677,0.69697
2026-07-17 21:15:00,0.69695,0.69703,0.69674,0.69701
2026-07-17 21:30:00,0.69698,0.69758,0.69698,0.69746
2026-07-17 21:45:00,0.69748,0.69776,0.69746,0.69752
2026-07-17 22:00:00,0.69757,0.69763,0.69735,0.69736
2026-07-17 22:15:00,0.69738,0.69754,0.69723,0.69751
2026-07-17 22:30:00,0.69746,0.69754,0.69712,0.69713
2026-07-17 22:45:00,0.69714,0.69723,0.69691,0.69694
2026-07-17 23:00:00,0.69699,0.69714,0.6967,0.69712
2026-07-17 23:15:00,0.69709,0.69731,0.69682,0.69712
2026-07-17 23:30:00,0.69712,0.6973,0.69706,0.69714
2026-07-17 23:45:00,0.69724,0.69779,0.6969,0.69776
2026-07-18 00:00:00,0.69767,0.6981,0.69767,0.69785
2026-07-18 00:15:00,0.6979,0.69806,0.69776,0.6979
2026-07-18 00:30:00,0.69791,0.69825,0.69773,0.69823
2026-07-18 00:45:00,0.69818,0.69831,0.69807,0.69818
2026-07-18 01:00:00,0.69814,0.69845,0.6979,0.69808
2026-07-18 01:15:00,0.69817,0.69842,0.69796,0.69839
2026-07-18 01:30:00,0.69836,0.6987,0.69805,0.69814
2026-07-18 01:45:00,0.69815,0.69839,0.69815,0.69838
2026-07-18 02:00:00,0.69833,0.69856,0.69798,0.69851
2026-07-18 02:15:00,0.69845,0.69876,0.69845,0.69869
2026-07-18 02:30:00,0.69867,0.69868,0.69831,0.69847
2026-07-18 02:45:00,0.69843,0.69849,0.69829,0.69838
2026-07-18 03:00:00,0.69837,0.69859,0.6983,0.69831
2026-07-18 03:15:00,0.69833,0.69851,0.69826,0.69845
2026-07-18 03:30:00,0.69847,0.69851,0.69827,0.69831
2026-07-18 03:45:00,0.6983,0.69839,0.69817,0.69819
2026-07-18 04:00:00,0.69817,0.69832,0.69807,0.69822
2026-07-18 04:15:00,0.69824,0.69839,0.69818,0.69832
2026-07-18 04:30:00,0.69827,0.69845,0.69807,0.69808
2026-07-18 04:45:00,0.69811,0.69834,0.69811,0.69831
2026-07-18 05:00:00,0.6983,0.6983,0.69809,0.6981
2026-07-18 05:15:00,0.69811,0.69831,0.69795,0.69819
2026-07-18 05:30:00,0.69816,0.69845,0.6981,0.69843
2026-07-18 05:45:00,0.6984,0.6986,0.69838,0.69859
2026-07-18 06:00:00,0.69856,0.69856,0.69831,0.69833
2026-07-18 06:15:00,0.69832,0.69833,0.69805,0.69808
2026-07-18 06:30:00,0.69809,0.69819,0.69795,0.69796
2026-07-18 06:45:00,0.69798,0.6983,0.69798,0.69811
2026-07-18 07:00:00,0.69812,0.69836,0.69812,0.69824
2026-07-18 07:15:00,0.69822,0.69833,0.69814,0.69826
2026-07-18 07:30:00,0.69824,0.69827,0.6982,0.69822
2026-07-18 07:45:00,0.69822,0.69825,0.6982,0.6982
2026-07-18 08:00:00,0.6982,0.69837,0.69814,0.6983
2026-07-18 08:15:00,0.69829,0.6984,0.69822,0.69831
2026-07-18 08:30:00,0.69829,0.69839,0.69816,0.69821
2026-07-18 08:45:00,0.69821,0.69824,0.69819,0.6982
2026-07-18 09:00:00,0.6982,0.69824,0.69808,0.69821
2026-07-18 09:15:00,0.69819,0.69824,0.69818,0.69821
2026-07-18 09:30:00,0.6982,0.69824,0.69819,0.69819
2026-07-18 09:45:00,0.6982,0.69824,0.69819,0.69819
2026-07-18 10:00:00,0.6982,0.69822,0.69814,0.69819
2026-07-18 10:15:00,0.69818,0.6982,0.69815,0.69818
2026-07-18 10:30:00,0.69817,0.6982,0.69815,0.69816
2026-07-18 10:45:00,0.69816,0.6982,0.69815,0.69816
2026-07-18 11:00:00,0.69817,0.6982,0.69815,0.69817
2026-07-18 11:15:00,0.69816,0.6982,0.69815,0.69819
2026-07-18 11:30:00,0.69817,0.6982,0.69815,0.69816
2026-07-18 11:45:00,0.69816,0.69819,0.69815,0.69816
2026-07-18 12:00:00,0.69816,0.69819,0.69815,0.69817
2026-07-18 12:15:00,0.69816,0.69819,0.69814,0.69817
2026-07-18 12:30:00,0.69816,0.69819,0.69815,0.69817
2026-07-18 12:45:00,0.69816,0.69819,0.69815,0.69815
2026-07-18 13:00:00,0.69815,0.69819,0.69815,0.69817
2026-07-18 13:15:00,0.69816,0.6982,0.69814,0.69817
2026-07-18 13:30:00,0.69815,0.69819,0.69814,0.69816
2026-07-18 13:45:00,0.69815,0.69819,0.69815,0.69815
2026-07-18 14:00:00,0.69815,0.69819,0.69814,0.69816
2026-07-18 14:15:00,0.69816,0.6982,0.69814,0.69819
2026-07-18 14:30:00,0.69818,0.69819,0.69814,0.69816
2026-07-18 14:45:00,0.69815,0.6982,0.69815,0.69815
2026-07-18 15:00:00,0.69815,0.69824,0.69811,0.6982
2026-07-18 15:15:00,0.69818,0.69821,0.69814,0.69817
2026-07-18 15:30:00,0.69816,0.6982,0.69814,0.69817
2026-07-18 15:45:00,0.69816,0.69821,0.69814,0.69817
2026-07-18 16:00:00,0.69817,0.6982,0.69814,0.69817
2026-07-18 16:15:00,0.69817,0.6982,0.69814,0.69818
2026-07-18 16:30:00,0.69817,0.6982,0.69812,0.69818
2026-07-18 16:45:00,0.69816,0.6982,0.69815,0.69817
2026-07-18 17:00:00,0.69817,0.69822,0.69814,0.69817
2026-07-18 17:15:00,0.69817,0.6982,0.69815,0.69818
2026-07-18 17:30:00,0.69817,0.69821,0.69814,0.6982
2026-07-18 17:45:00,0.69818,0.69821,0.69814,0.69817
2026-07-18 18:00:00,0.69817,0.6982,0.69815,0.69816
2026-07-18 18:15:00,0.69816,0.69819,0.69811,0.69818
2026-07-18 18:30:00,0.69816,0.69819,0.69815,0.69818
2026-07-18 18:45:00,0.69817,0.6982,0.69813,0.69817
2026-07-18 19:00:00,0.69816,0.6982,0.69813,0.69817
2026-07-18 19:15:00,0.69815,0.69821,0.69815,0.69816
2026-07-18 19:30:00,0.69816,0.69819,0.69813,0.69818
2026-07-18 19:45:00,0.69816,0.6982,0.69815,0.69817
2026-07-18 20:00:00,0.69816,0.6982,0.69813,0.69816
2026-07-18 20:15:00,0.69817,0.6982,0.69813,0.69818
2026-07-18 20:30:00,0.69816,0.69819,0.69815,0.69818
2026-07-18 20:45:00,0.69817,0.6982,0.69813,0.69817
2026-07-18 21:00:00,0.69816,0.6982,0.69815,0.69816
2026-07-18 21:15:00,0.69816,0.6982,0.69813,0.69816
2026-07-18 21:30:00,0.69816,0.6982,0.69805,0.69807
2026-07-18 21:45:00,0.69809,0.6982,0.69809,0.69818
2026-07-18 22:00:00,0.69817,0.6982,0.69813,0.69817
2026-07-18 22:15:00,0.69817,0.6982,0.69816,0.69817
2026-07-18 22:30:00,0.69817,0.6982,0.69813,0.69818
2026-07-18 22:45:00,0.69817,0.6982,0.69813,0.69814
2026-07-18 23:00:00,0.69814,0.6982,0.69814,0.69817
2026-07-18 23:15:00,0.69817,0.6982,0.69809,0.69816
2026-07-18 23:30:00,0.69817,0.6982,0.69816,0.69819
2026-07-18 23:45:00,0.69817,0.6982,0.69813,0.69819
2026-07-19 00:00:00,0.69817,0.6982,0.69816,0.69818
2026-07-19 00:15:00,0.69817,0.6982,0.69816,0.69817
2026-07-19 00:30:00,0.69817,0.6982,0.69812,0.69815
2026-07-19 00:45:00,0.69815,0.69818,0.69814,0.69816
2026-07-19 01:00:00,0.69815,0.69819,0.69809,0.69814
2026-07-19 01:15:00,0.69813,0.6982,0.69812,0.69813
2026-07-19 01:30:00,0.69814,0.69817,0.69813,0.69814
2026-07-19 01:45:00,0.69814,0.69817,0.6981,0.69813
2026-07-19 02:00:00,0.69811,0.69818,0.69808,0.69816
2026-07-19 02:15:00,0.69815,0.69818,0.69811,0.69817
2026-07-19 02:30:00,0.69816,0.69819,0.6981,0.6981
2026-07-19 02:45:00,0.69812,0.69818,0.69812,0.69817
2026-07-19 03:00:00,0.69815,0.6982,0.69813,0.69818
2026-07-19 03:15:00,0.69817,0.69819,0.69815,0.69815
2026-07-19 03:30:00,0.69815,0.69819,0.69813,0.69815
2026-07-19 03:45:00,0.69815,0.69818,0.69812,0.69816
2026-07-19 04:00:00,0.69815,0.69817,0.6981,0.69816
2026-07-19 04:15:00,0.69814,0.69818,0.69809,0.69817
2026-07-19 04:30:00,0.69816,0.6982,0.69816,0.69817
2026-07-19 04:45:00,0.69817,0.6982,0.69813,0.69818
2026-07-19 05:00:00,0.69817,0.6982,0.69813,0.6982
2026-07-19 05:15:00,0.69818,0.6982,0.69813,0.69817
2026-07-19 05:30:00,0.69817,0.6982,0.69813,0.69816
2026-07-19 05:45:00,0.69816,0.6982,0.69816,0.69817
2026-07-19 06:00:00,0.69817,0.69819,0.69812,0.69818
2026-07-19 06:15:00,0.69816,0.69819,0.69813,0.69817
2026-07-19 06:30:00,0.69815,0.6982,0.69811,0.69819
2026-07-19 06:45:00,0.69818,0.69824,0.69814,0.69818
2026-07-19 07:00:00,0.69816,0.69817,0.69812,0.69815
2026-07-19 07:15:00,0.69814,0.69817,0.69809,0.69812
2026-07-19 07:30:00,0.69811,0.6982,0.6981,0.69814
2026-07-19 07:45:00,0.69814,0.69818,0.6981,0.69815
2026-07-19 08:00:00,0.69815,0.69819,0.69812,0.69816
2026-07-19 08:15:00,0.69814,0.69818,0.69814,0.69816
2026-07-19 08:30:00,0.69815,0.69818,0.69811,0.69817
2026-07-19 08:45:00,0.69816,0.69818,0.69814,0.69814
2026-07-19 09:00:00,0.69815,0.69817,0.6981,0.69816
2026-07-19 09:15:00,0.69815,0.69818,0.6981,0.69813
2026-07-19 09:30:00,0.69811,0.69817,0.69811,0.69814
2026-07-19 09:45:00,0.69814,0.69817,0.6981,0.69812
2026-07-19 10:00:00,0.69813,0.69816,0.69812,0.69814
2026-07-19 10:15:00,0.69813,0.69813,0.69809,0.69812
2026-07-19 10:30:00,0.6981,0.69816,0.6981,0.69812
2026-07-19 10:45:00,0.69812,0.69817,0.69811,0.69816
2026-07-19 11:00:00,0.69814,0.69817,0.69809,0.69812
2026-07-19 11:15:00,0.6981,0.69818,0.6981,0.69817
2026-07-19 11:30:00,0.69815,0.69821,0.69811,0.69819
2026-07-19 11:45:00,0.69818,0.69821,0.69812,0.69814
2026-07-19 12:00:00,0.69814,0.69819,0.69814,0.69818
2026-07-19 12:15:00,0.69816,0.6982,0.69812,0.69816
2026-07-19 12:30:00,0.69815,0.69819,0.69814,0.69817
2026-07-19 12:45:00,0.69816,0.69819,0.69811,0.69815
2026-07-19 13:00:00,0.69816,0.69819,0.69813,0.69815
2026-07-19 13:15:00,0.69815,0.69819,0.69814,0.69817
2026-07-19 13:30:00,0.69815,0.69819,0.69811,0.69816
2026-07-19 13:45:00,0.69815,0.69818,0.69814,0.69814
2026-07-19 14:00:00,0.69815,0.69818,0.69811,0.69815
2026-07-19 14:15:00,0.69815,0.69818,0.6981,0.69816
2026-07-19 14:30:00,0.69814,0.69819,0.69814,0.69816
2026-07-19 14:45:00,0.69815,0.69818,0.6981,0.69813
2026-07-19 15:00:00,0.69813,0.69817,0.69812,0.69814
2026-07-19 15:15:00,0.69814,0.69815,0.6981,0.69813
2026-07-19 15:30:00,0.69811,0.69814,0.69808,0.69811
2026-07-19 15:45:00,0.69809,0.69814,0.69808,0.69811
2026-07-19 16:00:00,0.69811,0.6982,0.69809,0.69814
2026-07-19 16:15:00,0.69815,0.69818,0.69814,0.69816
2026-07-19 16:30:00,0.69815,0.69817,0.6981,0.69815
2026-07-19 16:45:00,0.69813,0.69817,0.69809,0.69813
2026-07-19 17:00:00,0.69812,0.69815,0.69811,0.69812
2026-07-19 17:15:00,0.69812,0.69815,0.69809,0.69811
2026-07-19 17:30:00,0.6981,0.69814,0.69808,0.69813
2026-07-19 17:45:00,0.69812,0.69815,0.69807,0.69813
2026-07-19 18:00:00,0.69812,0.69815,0.69809,0.69809
2026-07-19 18:15:00,0.69809,0.69813,0.69808,0.69811
2026-07-19 18:30:00,0.69809,0.69812,0.69807,0.69809
2026-07-19 18:45:00,0.69808,0.69811,0.69807,0.69808
2026-07-19 19:00:00,0.69808,0.69809,0.69805,0.69806
2026-07-19 19:15:00,0.69806,0.69809,0.69804,0.69805
2026-07-19 19:30:00,0.69805,0.69808,0.69804,0.69806
2026-07-19 19:45:00,0.69805,0.69808,0.69803,0.69805
2026-07-19 20:00:00,0.69804,0.69807,0.69803,0.69804
2026-07-19 20:15:00,0.69804,0.69807,0.69803,0.69804
2026-07-19 20:30:00,0.69804,0.69807,0.69803,0.69805
2026-07-19 20:45:00,0.69804,0.69812,0.69803,0.6981
2026-07-19 21:00:00,0.69809,0.69815,0.69806,0.69812
2026-07-19 21:15:00,0.69812,0.69815,0.69811,0.69811
2026-07-19 21:30:00,0.69812,0.69826,0.6978,0.69792
2026-07-19 21:45:00,0.69791,0.698,0.69783,0.69799
2026-07-19 22:00:00,0.69797,0.698,0.69796,0.69797
2026-07-19 22:15:00,0.69797,0.69817,0.69796,0.69814
2026-07-19 22:30:00,0.69814,0.69818,0.69814,0.69815
2026-07-19 22:45:00,0.69815,0.69819,0.69814,0.69817
2026-07-19 23:00:00,0.69816,0.69818,0.69814,0.69815
2026-07-19 23:15:00,0.69815,0.69838,0.69782,0.69793
2026-07-19 23:30:00,0.69793,0.69796,0.69792,0.69795
2026-07-19 23:45:00,0.69793,0.69796,0.69792,0.69795
2026-07-20 00:00:00,0.69793,0.69819,0.69791,0.69817
2026-07-20 00:15:00,0.69817,0.69819,0.69814,0.69815
2026-07-20 00:30:00,0.69816,0.69819,0.69814,0.69815
2026-07-20 00:45:00,0.69815,0.69829,0.6981,0.69823
2026-07-20 01:00:00,0.69821,0.69826,0.69798,0.69818
2026-07-20 01:15:00,0.69817,0.69819,0.69814,0.69817
2026-07-20 01:30:00,0.69817,0.69819,0.69814,0.69815
2026-07-20 01:45:00,0.69815,0.69818,0.69814,0.69816
2026-07-20 02:00:00,0.69815,0.69819,0.69814,0.69816
2026-07-20 02:15:00,0.69815,0.6982,0.69814,0.69815
2026-07-20 02:30:00,0.69815,0.69818,0.69788,0.69808
2026-07-20 02:45:00,0.69804,0.69817,0.69804,0.69816
2026-07-20 03:00:00,0.69815,0.69834,0.69813,0.69818
2026-07-20 03:15:00,0.69816,0.69821,0.69815,0.69819
2026-07-20 03:30:00,0.69819,0.69822,0.69814,0.69821
2026-07-20 03:45:00,0.69819,0.69822,0.69818,0.6982
2026-07-20 04:00:00,0.69819,0.69835,0.69817,0.69828
2026-07-20 04:15:00,0.69826,0.6983,0.69802,0.69826
2026-07-20 04:30:00,0.69826,0.6983,0.69824,0.69827
2026-07-20 04:45:00,0.69827,0.69848,0.6979,0.6982
2026-07-20 05:00:00,0.69821,0.69864,0.69745,0.69759
2026-07-20 05:15:00,0.69791,0.69801,0.69683,0.69724
2026-07-20 05:30:00,0.69742,0.69775,0.69661,0.69677
2026-07-20 05:45:00,0.69716,0.69785,0.6967,0.69774
2026-07-20 06:00:00,0.69754,0.69826,0.69654,0.69696
2026-07-20 06:15:00,0.697,0.69768,0.69625,0.69643
2026-07-20 06:30:00,0.69646,0.69723,0.69608,0.6972
2026-07-20 06:45:00,0.69714,0.69751,0.69674,0.69726
2026-07-20 07:00:00,0.69717,0.69718,0.69643,0.69657
2026-07-20 07:15:00,0.69656,0.6973,0.69645,0.69679
2026-07-20 07:30:00,0.69677,0.69697,0.69645,0.69666
2026-07-20 07:45:00,0.69672,0.69723,0.69656,0.69701
2026-07-20 08:00:00,0.69695,0.69729,0.69675,0.69729
2026-07-20 08:15:00,0.69727,0.69751,0.69703,0.69734
2026-07-20 08:30:00,0.69727,0.69772,0.69727,0.69767
2026-07-20 08:45:00,0.69768,0.69773,0.69749,0.69757
2026-07-20 09:00:00,0.69756,0.69777,0.69749,0.69774
2026-07-20 09:15:00,0.69773,0.69773,0.69757,0.6977
2026-07-20 09:30:00,0.69767,0.69783,0.69739,0.69781
2026-07-20 09:45:00,0.69777,0.69784,0.69756,0.6978
2026-07-20 10:00:00,0.69776,0.69827,0.69758,0.69821
2026-07-20 10:15:00,0.69821,0.69855,0.69821,0.69849
2026-07-20 10:30:00,0.69847,0.69854,0.69828,0.69852
2026-07-20 10:45:00,0.69852,0.69852,0.69829,0.6984
2026-07-20 11:00:00,0.69842,0.69894,0.6984,0.69862
2026-07-20 11:15:00,0.69867,0.69882,0.6985,0.69867
2026-07-20 11:30:00,0.6987,0.69888,0.6986,0.69862
2026-07-20 11:45:00,0.69867,0.69887,0.69856,0.69882
2026-07-20 12:00:00,0.69879,0.69918,0.69879,0.6991
2026-07-20 12:15:00,0.69911,0.69912,0.69873,0.69896
2026-07-20 12:30:00,0.69891,0.69952,0.69888,0.69951
2026-07-20 12:45:00,0.69949,0.69949,0.69928,0.69929
2026-07-20 13:00:00,0.6993,0.69935,0.69898,0.69908
2026-07-20 13:15:00,0.69906,0.69929,0.69906,0.69925
2026-07-20 13:30:00,0.69921,0.69944,0.69917,0.69943
2026-07-20 13:45:00,0.6994,0.69952,0.69934,0.69939
2026-07-20 14:00:00,0.69938,0.69953,0.69936,0.6995
2026-07-20 14:15:00,0.6995,0.69981,0.69949,0.69981
2026-07-20 14:30:00,0.6998,0.69993,0.69968,0.69991
2026-07-20 14:45:00,0.6999,0.69991,0.69967,0.69968
2026-07-20 15:00:00,0.6997,0.69973,0.69913,0.69916
2026-07-20 15:15:00,0.69922,0.69943,0.69921,0.69931
2026-07-20 15:30:00,0.6993,0.69932,0.69916,0.69922
2026-07-20 15:45:00,0.69922,0.69934,0.6991,0.69911
2026-07-20 16:00:00,0.69913,0.69916,0.69876,0.69876
2026-07-20 16:15:00,0.69878,0.6989,0.69862,0.69872
2026-07-20 16:30:00,0.69871,0.69913,0.69865,0.69912
2026-07-20 16:45:00,0.69909,0.69926,0.69901,0.69903
2026-07-20 17:00:00,0.69906,0.69924,0.69898,0.69899
2026-07-20 17:15:00,0.699,0.69968,0.69898,0.69962
2026-07-20 17:30:00,0.69962,0.70043,0.69962,0.70041
2026-07-20 17:45:00,0.70039,0.70046,0.70004,0.70016
2026-07-20 18:00:00,0.70014,0.70029,0.7,0.70019
2026-07-20 18:15:00,0.70017,0.70027,0.69987,0.69993
2026-07-20 18:30:00,0.69994,0.70013,0.69978,0.70011
2026-07-20 18:45:00,0.70007,0.70007,0.69986,0.70001
2026-07-20 19:00:00,0.69999,0.70003,0.69964,0.69979
2026-07-20 19:15:00,0.6998,0.69994,0.69976,0.69977
2026-07-20 19:30:00,0.6998,0.69994,0.69978,0.69994
2026-07-20 19:45:00,0.69992,0.69998,0.69967,0.69982
2026-07-20 20:00:00,0.69977,0.70027,0.69977,0.70025
2026-07-20 20:15:00,0.70023,0.70074,0.70013,0.70071
2026-07-20 20:30:00,0.70071,0.70081,0.70055,0.70071
2026-07-20 20:45:00,0.70073,0.7008,0.70066,0.70076
2026-07-20 21:00:00,0.70074,0.7008,0.70048,0.70059
2026-07-20 21:15:00,0.70055,0.70084,0.70055,0.70083
2026-07-20 21:30:00,0.70081,0.7014,0.70077,0.70116
2026-07-20 21:45:00,0.7012,0.70122,0.70093,0.70095
2026-07-20 22:00:00,0.70098,0.70098,0.70055,0.70059
2026-07-20 22:15:00,0.70064,0.70064,0.70017,0.70039
2026-07-20 22:30:00,0.70037,0.70055,0.70026,0.70034
2026-07-20 22:45:00,0.70038,0.70056,0.70018,0.70054
2026-07-20 23:00:00,0.70052,0.70057,0.70033,0.70053
2026-07-20 23:15:00,0.70052,0.70073,0.7004,0.70065
2026-07-20 23:30:00,0.70063,0.7011,0.70058,0.70093
2026-07-20 23:45:00,0.70098,0.70114,0.70066,0.70112
2026-07-21 00:00:00,0.70111,0.70125,0.70091,0.70109
2026-07-21 00:15:00,0.70103,0.70144,0.70103,0.7014
2026-07-21 00:30:00,0.70138,0.70149,0.70069,0.70081
2026-07-21 00:45:00,0.70079,0.70094,0.69993,0.70004
2026-07-21 01:00:00,0.70002,0.70024,0.69981,0.69995
2026-07-21 01:15:00,0.69996,0.70025,0.69984,0.70022
2026-07-21 01:30:00,0.70023,0.70039,0.69999,0.70001
2026-07-21 01:45:00,0.70001,0.70037,0.69997,0.70034
2026-07-21 02:00:00,0.70033,0.70072,0.70028,0.7007
2026-07-21 02:15:00,0.70069,0.7008,0.70047,0.7005
2026-07-21 02:30:00,0.70049,0.70072,0.70016,0.70032
2026-07-21 02:45:00,0.7003,0.70039,0.70019,0.70039
2026-07-21 03:00:00,0.70038,0.7005,0.70025,0.70038
2026-07-21 03:15:00,0.70034,0.70052,0.70021,0.70046
2026-07-21 03:30:00,0.70047,0.70052,0.70029,0.7003
2026-07-21 03:45:00,0.7003,0.70049,0.70026,0.70044
2026-07-21 04:00:00,0.70043,0.70063,0.70038,0.7006
2026-07-21 04:15:00,0.70058,0.70075,0.70038,0.70043
2026-07-21 04:30:00,0.70043,0.70043,0.70012,0.70017
2026-07-21 04:45:00,0.70017,0.70022,0.70007,0.70019
2026-07-21 05:00:00,0.70015,0.70034,0.69996,0.69997
2026-07-21 05:15:00,0.69998,0.70008,0.69987,0.70004
2026-07-21 05:30:00,0.69996,0.70027,0.69996,0.70007
2026-07-21 05:45:00,0.7001,0.70022,0.69994,0.70003
2026-07-21 06:00:00,0.70002,0.70012,0.69974,0.69979
2026-07-21 06:15:00,0.69977,0.69986,0.69968,0.69981
2026-07-21 06:30:00,0.69981,0.69984,0.69979,0.69979
2026-07-21 06:45:00,0.6998,0.69995,0.69976,0.69992
2026-07-21 07:00:00,0.69991,0.70012,0.69977,0.69996
2026-07-21 07:15:00,0.69992,0.7001,0.69942,0.69962
2026-07-21 07:30:00,0.69957,0.70015,0.69956,0.69957
2026-07-21 07:45:00,0.69959,0.69962,0.69943,0.69957
2026-07-21 08:00:00,0.69954,0.6997,0.69939,0.69945
2026-07-21 08:15:00,0.69945,0.69952,0.69937,0.69938
2026-07-21 08:30:00,0.69938,0.69946,0.69935,0.69943
2026-07-21 08:45:00,0.69942,0.69952,0.69939,0.69946
2026-07-21 09:00:00,0.69947,0.69987,0.69947,0.69982
2026-07-21 09:15:00,0.69981,0.69998,0.6998,0.69985
2026-07-21 09:30:00,0.69983,0.70001,0.69979,0.70001
2026-07-21 09:45:00,0.7,0.70012,0.69985,0.7001
2026-07-21 10:00:00,0.70008,0.7001,0.69969,0.7
2026-07-21 10:15:00,0.69996,0.70007,0.69981,0.70003
2026-07-21 10:30:00,0.70001,0.70031,0.7,0.7003
2026-07-21 10:45:00,0.70028,0.70056,0.70028,0.70037
2026-07-21 11:00:00,0.70039,0.70059,0.70012,0.70048
2026-07-21 11:15:00,0.70049,0.70068,0.70043,0.70054
2026-07-21 11:30:00,0.70045,0.70079,0.70045,0.70072
2026-07-21 11:45:00,0.70072,0.70072,0.70048,0.70049
2026-07-21 12:00:00,0.70053,0.70097,0.70053,0.7009
2026-07-21 12:15:00,0.7009,0.70095,0.70059,0.70062
2026-07-21 12:30:00,0.70068,0.70095,0.70046,0.70078
2026-07-21 12:45:00,0.70078,0.70085,0.70062,0.70073
2026-07-21 13:00:00,0.70074,0.70074,0.70046,0.7006
2026-07-21 13:15:00,0.70059,0.70064,0.70051,0.70052
2026-07-21 13:30:00,0.70052,0.70072,0.7005,0.70066
2026-07-21 13:45:00,0.70061,0.70078,0.70047,0.70047
2026-07-21 14:00:00,0.70047,0.70067,0.70041,0.70066
2026-07-21 14:15:00,0.70063,0.70068,0.70042,0.70048
2026-07-21 14:30:00,0.70046,0.70075,0.70039,0.70071
2026-07-21 14:45:00,0.7007,0.70082,0.70064,0.70077
2026-07-21 15:00:00,0.70074,0.70099,0.70071,0.70073
2026-07-21 15:15:00,0.70074,0.70089,0.70067,0.70087
2026-07-21 15:30:00,0.70086,0.70104,0.70082,0.70103
2026-07-21 15:45:00,0.70098,0.70108,0.7008,0.70086
2026-07-21 16:00:00,0.70083,0.70121,0.70083,0.70102
2026-07-21 16:15:00,0.70103,0.70134,0.70095,0.70118
2026-07-21 16:30:00,0.70117,0.70148,0.70115,0.70138
2026-07-21 16:45:00,0.70133,0.70184,0.70133,0.70182
2026-07-21 17:00:00,0.70182,0.70225,0.70178,0.70189
2026-07-21 17:15:00,0.70191,0.70201,0.7018,0.70182
2026-07-21 17:30:00,0.70182,0.70196,0.70166,0.70178
2026-07-21 17:45:00,0.70183,0.70202,0.70173,0.70201
2026-07-21 18:00:00,0.70198,0.70214,0.70185,0.7021
2026-07-21 18:15:00,0.70205,0.70231,0.70205,0.70217
2026-07-21 18:30:00,0.70219,0.70219,0.70186,0.70217
2026-07-21 18:45:00,0.70216,0.70227,0.70205,0.70225
2026-07-21 19:00:00,0.70224,0.70233,0.70216,0.70228
2026-07-21 19:15:00,0.70226,0.7026,0.70226,0.7023
2026-07-21 19:30:00,0.7023,0.70259,0.70224,0.70239
2026-07-21 19:45:00,0.70238,0.70254,0.70235,0.70239
2026-07-21 20:00:00,0.70237,0.70268,0.70232,0.70254
2026-07-21 20:15:00,0.70255,0.70268,0.70248,0.70264
2026-07-21 20:30:00,0.70261,0.70266,0.70219,0.70225
2026-07-21 20:45:00,0.70223,0.70228,0.70188,0.70194
2026-07-21 21:00:00,0.70195,0.702,0.7015,0.70165
2026-07-21 21:15:00,0.70163,0.70188,0.70156,0.70165
2026-07-21 21:30:00,0.70164,0.70193,0.70155,0.70181
2026-07-21 21:45:00,0.7018,0.70192,0.70158,0.70174
2026-07-21 22:00:00,0.70171,0.70193,0.70149,0.70152
2026-07-21 22:15:00,0.70152,0.70155,0.7012,0.7012
2026-07-21 22:30:00,0.70121,0.70145,0.70116,0.70129
2026-07-21 22:45:00,0.70134,0.70169,0.7012,0.70162
2026-07-21 23:00:00,0.7016,0.70166,0.70135,0.70163
2026-07-21 23:15:00,0.70161,0.70165,0.70092,0.70093
2026-07-21 23:30:00,0.70095,0.7011,0.7003,0.70042
2026-07-21 23:45:00,0.70041,0.70072,0.70022,0.70056
2026-07-22 00:00:00,0.70055,0.7012,0.70046,0.70115
2026-07-22 00:15:00,0.70104,0.70127,0.70088,0.70108
2026-07-22 00:30:00,0.70107,0.70107,0.70061,0.70079
2026-07-22 00:45:00,0.70075,0.70081,0.70029,0.70044
2026-07-22 01:00:00,0.70042,0.70071,0.70038,0.70064
2026-07-22 01:15:00,0.70063,0.70111,0.70058,0.7011
2026-07-22 01:30:00,0.70108,0.70125,0.70094,0.70099
2026-07-22 01:45:00,0.70099,0.70099,0.70068,0.70076
2026-07-22 02:00:00,0.70074,0.70088,0.70067,0.70068
2026-07-22 02:15:00,0.70069,0.70072,0.70048,0.70048
2026-07-22 02:30:00,0.70048,0.70062,0.70034,0.70061
2026-07-22 02:45:00,0.70059,0.70075,0.70058,0.70075
2026-07-22 03:00:00,0.70073,0.70083,0.70059,0.7007
2026-07-22 03:15:00,0.70069,0.70075,0.70059,0.70074
2026-07-22 03:30:00,0.70071,0.7008,0.70042,0.70045
2026-07-22 03:45:00,0.70053,0.70066,0.70053,0.70059
2026-07-22 04:00:00,0.70058,0.70071,0.70034,0.70048
2026-07-22 04:15:00,0.70047,0.70051,0.70027,0.70046
2026-07-22 04:30:00,0.70047,0.70053,0.70027,0.70049
2026-07-22 04:45:00,0.70045,0.70053,0.70045,0.70049
2026-07-22 05:00:00,0.70048,0.70062,0.70047,0.70061
2026-07-22 05:15:00,0.70058,0.70062,0.70048,0.70049
2026-07-22 05:30:00,0.70051,0.70053,0.70013,0.70013
2026-07-22 05:45:00,0.70015,0.7003,0.70009,0.70028
2026-07-22 06:00:00,0.70025,0.70034,0.7,0.70005
2026-07-22 06:15:00,0.70004,0.70006,0.69977,0.69997
2026-07-22 06:30:00,0.69994,0.70002,0.69987,0.69991
2026-07-22 06:45:00,0.69991,0.70003,0.6998,0.69981
2026-07-22 07:00:00,0.69984,0.70016,0.69984,0.70007
2026-07-22 07:15:00,0.70006,0.70022,0.70003,0.7002
2026-07-22 07:30:00,0.70019,0.70024,0.70004,0.70005
2026-07-22 07:45:00,0.70005,0.70014,0.69999,0.70001
2026-07-22 08:00:00,0.70003,0.70007,0.6998,0.69995
2026-07-22 08:15:00,0.69994,0.70003,0.69986,0.70001
2026-07-22 08:30:00,0.7,0.7,0.69988,0.6999
2026-07-22 08:45:00,0.6999,0.69992,0.69976,0.69979
2026-07-22 09:00:00,0.6998,0.69987,0.69969,0.69986
2026-07-22 09:15:00,0.69985,0.6999,0.69978,0.69981
2026-07-22 09:30:00,0.69979,0.69986,0.69975,0.69985
2026-07-22 09:45:00,0.69984,0.70006,0.69977,0.69995
2026-07-22 10:00:00,0.69999,0.70021,0.69992,0.7002
2026-07-22 10:15:00,0.70017,0.70046,0.70015,0.70045
2026-07-22 10:30:00,0.70043,0.70051,0.70016,0.7002
2026-07-22 10:45:00,0.7002,0.70093,0.70017,0.70086
2026-07-22 11:00:00,0.70078,0.70129,0.70078,0.70113
2026-07-22 11:15:00,0.70112,0.70112,0.70058,0.70063
2026-07-22 11:30:00,0.70061,0.70065,0.70034,0.70047
2026-07-22 11:45:00,0.70044,0.70073,0.70044,0.70066
2026-07-22 12:00:00,0.70064,0.70066,0.70001,0.70035
2026-07-22 12:15:00,0.70036,0.70077,0.70021,0.70075
2026-07-22 12:30:00,0.70069,0.70084,0.70027,0.7005
2026-07-22 12:45:00,0.70049,0.70061,0.70037,0.70038
2026-07-22 13:00:00,0.70039,0.70055,0.70002,0.70003
2026-07-22 13:15:00,0.70006,0.70055,0.70006,0.70053
2026-07-22 13:30:00,0.70052,0.7006,0.70009,0.70016
2026-07-22 13:45:00,0.70015,0.70019,0.69989,0.69993
2026-07-22 14:00:00,0.69993,0.70003,0.69966,0.69978
2026-07-22 14:15:00,0.69973,0.69993,0.69973,0.69993
2026-07-22 14:30:00,0.6999,0.70005,0.69987,0.70004
2026-07-22 14:45:00,0.70002,0.70006,0.6998,0.6999
2026-07-22 15:00:00,0.69987,0.69996,0.69979,0.69989
2026-07-22 15:15:00,0.6999,0.7001,0.6998,0.69983
2026-07-22 15:30:00,0.69985,0.69985,0.69946,0.69947
2026-07-22 15:45:00,0.69947,0.69972,0.69936,0.69966
2026-07-22 16:00:00,0.69959,0.70004,0.69959,0.69985
2026-07-22 16:15:00,0.69984,0.69986,0.69915,0.69926
2026-07-22 16:30:00,0.69926,0.69955,0.69908,0.69949
2026-07-22 16:45:00,0.69947,0.6996,0.69934,0.69958
2026-07-22 17:00:00,0.69954,0.69983,0.69951,0.69981
2026-07-22 17:15:00,0.69979,0.70033,0.69978,0.70019
2026-07-22 17:30:00,0.70017,0.70054,0.69955,0.69973
2026-07-22 17:45:00,0.6997,0.69988,0.69952,0.69973
2026-07-22 18:00:00,0.69979,0.69979,0.69931,0.6994
2026-07-22 18:15:00,0.69938,0.69958,0.69928,0.69944
2026-07-22 18:30:00,0.69948,0.69987,0.69948,0.69979
2026-07-22 18:45:00,0.69977,0.69996,0.69967,0.69982
2026-07-22 19:00:00,0.69981,0.69989,0.69974,0.69975
2026-07-22 19:15:00,0.69977,0.6999,0.6997,0.69976
2026-07-22 19:30:00,0.69976,0.69984,0.69939,0.69952
2026-07-22 19:45:00,0.69949,0.69955,0.69922,0.69935
2026-07-22 20:00:00,0.69935,0.69952,0.69918,0.69929
2026-07-22 20:15:00,0.69925,0.69955,0.69921,0.69945
2026-07-22 20:30:00,0.69947,0.69947,0.69929,0.69938
2026-07-22 20:45:00,0.69933,0.69953,0.69933,0.69938
2026-07-22 21:00:00,0.69937,0.69948,0.69923,0.69937
2026-07-22 21:15:00,0.69938,0.69947,0.69916,0.69917
2026-07-22 21:30:00,0.69919,0.69948,0.69902,0.69904
2026-07-22 21:45:00,0.69908,0.69945,0.699,0.69943
2026-07-22 22:00:00,0.69942,0.69957,0.69931,0.69946
2026-07-22 22:15:00,0.69946,0.6995,0.69927,0.69936
2026-07-22 22:30:00,0.69933,0.69948,0.69919,0.69921
2026-07-22 22:45:00,0.69925,0.69925,0.69813,0.69866
2026-07-22 23:00:00,0.69859,0.69911,0.69855,0.69896
2026-07-22 23:15:00,0.69898,0.69962,0.69881,0.69945
2026-07-22 23:30:00,0.69946,0.69999,0.69924,0.69985
2026-07-22 23:45:00,0.69981,0.69989,0.69946,0.69951
2026-07-23 00:00:00,0.6995,0.69962,0.69938,0.69954
2026-07-23 00:15:00,0.69948,0.69972,0.69934,0.69939
2026-07-23 00:30:00,0.69938,0.69971,0.6993,0.6997
2026-07-23 00:45:00,0.69967,0.6999,0.69949,0.69968
2026-07-23 01:00:00,0.6996,0.69987,0.6996,0.69973
2026-07-23 01:15:00,0.69972,0.69983,0.69949,0.69978
2026-07-23 01:30:00,0.69979,0.69992,0.69968,0.69982
2026-07-23 01:45:00,0.69983,0.69999,0.69978,0.69998
2026-07-23 02:00:00,0.69994,0.70006,0.6997,0.69975
2026-07-23 02:15:00,0.69972,0.69979,0.69947,0.69957
2026-07-23 02:30:00,0.69955,0.69963,0.69941,0.69942
2026-07-23 02:45:00,0.69943,0.6996,0.69934,0.69959
2026-07-23 03:00:00,0.69958,0.6997,0.69954,0.69965
2026-07-23 03:15:00,0.69962,0.69962,0.69949,0.69959
2026-07-23 03:30:00,0.69957,0.69958,0.69926,0.69934
2026-07-23 03:45:00,0.69931,0.69944,0.69923,0.69932
2026-07-23 04:00:00,0.6993,0.6993,0.69914,0.69923
2026-07-23 04:15:00,0.6992,0.69941,0.69911,0.6994
2026-07-23 04:30:00,0.69939,0.69947,0.69929,0.69939
2026-07-23 04:45:00,0.69939,0.69954,0.69938,0.6995
2026-07-23 05:00:00,0.6995,0.69954,0.69934,0.69942
2026-07-23 05:15:00,0.6994,0.69953,0.69932,0.69951
2026-07-23 05:30:00,0.6995,0.69951,0.69938,0.6995
2026-07-23 05:45:00,0.69949,0.69959,0.69934,0.69957
2026-07-23 06:00:00,0.69953,0.69979,0.6995,0.69978
2026-07-23 06:15:00,0.69974,0.69983,0.6997,0.69978
2026-07-23 06:30:00,0.69976,0.69982,0.69963,0.69968
2026-07-23 06:45:00,0.69968,0.69979,0.6996,0.69978
2026-07-23 07:00:00,0.69976,0.69976,0.69946,0.69965
2026-07-23 07:15:00,0.69961,0.69983,0.69931,0.69935
2026-07-23 07:30:00,0.69938,0.69967,0.6992,0.69927
2026-07-23 07:45:00,0.69927,0.69934,0.69882,0.69924
2026-07-23 08:00:00,0.69921,0.69931,0.69889,0.69891
2026-07-23 08:15:00,0.6989,0.69895,0.69879,0.69882
2026-07-23 08:30:00,0.69888,0.69894,0.6987,0.69872
2026-07-23 08:45:00,0.69872,0.69888,0.69868,0.69879
2026-07-23 09:00:00,0.69881,0.69898,0.69881,0.69896
2026-07-23 09:15:00,0.6989,0.69905,0.6989,0.69901
2026-07-23 09:30:00,0.69899,0.6991,0.69892,0.69892
2026-07-23 09:45:00,0.69894,0.69901,0.69883,0.69895
2026-07-23 10:00:00,0.69892,0.69914,0.69891,0.69895
2026-07-23 10:15:00,0.69898,0.6993,0.69882,0.69928
2026-07-23 10:30:00,0.69925,0.69925,0.69909,0.69913
2026-07-23 10:45:00,0.69914,0.69942,0.69903,0.69939
2026-07-23 11:00:00,0.69934,0.69976,0.69934,0.69974
2026-07-23 11:15:00,0.69973,0.69986,0.69964,0.69967
2026-07-23 11:30:00,0.69973,0.70211,0.69868,0.70176
2026-07-23 11:45:00,0.70183,0.70183,0.70111,0.70114
2026-07-23 12:00:00,0.7012,0.70171,0.70112,0.70141
2026-07-23 12:15:00,0.7014,0.70141,0.70103,0.70106
2026-07-23 12:30:00,0.70103,0.70156,0.70102,0.70154
2026-07-23 12:45:00,0.70149,0.70171,0.70149,0.70161
2026-07-23 13:00:00,0.7016,0.70164,0.70121,0.70122
2026-07-23 13:15:00,0.70123,0.70168,0.70121,0.70156
2026-07-23 13:30:00,0.70156,0.70177,0.70148,0.7017
2026-07-23 13:45:00,0.70169,0.70192,0.70162,0.70179
2026-07-23 14:00:00,0.70181,0.70209,0.70178,0.70208
2026-07-23 14:15:00,0.70206,0.70208,0.70179,0.70192
2026-07-23 14:30:00,0.7019,0.70201,0.70166,0.70171
2026-07-23 14:45:00,0.70171,0.70172,0.70137,0.70148
2026-07-23 15:00:00,0.70145,0.70174,0.70145,0.70149
2026-07-23 15:15:00,0.70151,0.70162,0.70123,0.70146
2026-07-23 15:30:00,0.70141,0.70153,0.70128,0.70137
2026-07-23 15:45:00,0.70134,0.70135,0.70117,0.7013
2026-07-23 16:00:00,0.70129,0.70144,0.70113,0.70115
2026-07-23 16:15:00,0.70122,0.70149,0.70121,0.70132
2026-07-23 16:30:00,0.70133,0.70138,0.70111,0.70118
2026-07-23 16:45:00,0.70113,0.70126,0.70066,0.70069
2026-07-23 17:00:00,0.70076,0.70076,0.70019,0.70057
2026-07-23 17:15:00,0.7005,0.70099,0.7005,0.70071
2026-07-23 17:30:00,0.70073,0.70077,0.69997,0.70001
2026-07-23 17:45:00,0.70009,0.70035,0.69979,0.70033
2026-07-23 18:00:00,0.70028,0.70049,0.70012,0.70017
2026-07-23 18:15:00,0.70021,0.70021,0.6998,0.69998
2026-07-23 18:30:00,0.69994,0.70006,0.69978,0.70005
2026-07-23 18:45:00,0.70002,0.70024,0.69995,0.70023
2026-07-23 19:00:00,0.70021,0.70063,0.70005,0.70021
2026-07-23 19:15:00,0.70023,0.70024,0.69991,0.69992
2026-07-23 19:30:00,0.69993,0.70017,0.69983,0.70015
2026-07-23 19:45:00,0.70008,0.7002,0.69983,0.69986
2026-07-23 20:00:00,0.69991,0.69993,0.69957,0.69971
2026-07-23 20:15:00,0.6997,0.69984,0.69962,0.69977
2026-07-23 20:30:00,0.69978,0.69995,0.69972,0.69984
2026-07-23 20:45:00,0.69983,0.70006,0.6996,0.6998
2026-07-23 21:00:00,0.69982,0.69983,0.69961,0.6998
2026-07-23 21:15:00,0.6998,0.6998,0.6995,0.69951
2026-07-23 21:30:00,0.69954,0.69962,0.69856,0.69866
2026-07-23 21:45:00,0.69865,0.69933,0.69863,0.69929
2026-07-23 22:00:00,0.69925,0.6994,0.69909,0.6992
2026-07-23 22:15:00,0.69923,0.69923,0.69828,0.69842
2026-07-23 22:30:00,0.69839,0.69854,0.69753,0.69755
2026-07-23 22:45:00,0.69758,0.69802,0.69756,0.698
2026-07-23 23:00:00,0.69796,0.69796,0.69686,0.69687
2026-07-23 23:15:00,0.69688,0.69736,0.69686,0.69729
2026-07-23 23:30:00,0.69726,0.69835,0.69726,0.69822
2026-07-23 23:45:00,0.69817,0.69817,0.69741,0.69754
2026-07-24 00:00:00,0.6975,0.69759,0.69692,0.6975
2026-07-24 00:15:00,0.69744,0.69765,0.69714,0.6976
2026-07-24 00:30:00,0.69761,0.69791,0.69742,0.69746
2026-07-24 00:45:00,0.6975,0.6975,0.69691,0.69729
2026-07-24 01:00:00,0.69725,0.69758,0.69712,0.69728
2026-07-24 01:15:00,0.69725,0.69759,0.69705,0.69709
2026-07-24 01:30:00,0.69708,0.69747,0.69653,0.69736
2026-07-24 01:45:00,0.69739,0.69763,0.69718,0.69736
2026-07-24 02:00:00,0.69736,0.6978,0.69733,0.69777
2026-07-24 02:15:00,0.69776,0.69783,0.69753,0.69764
2026-07-24 02:30:00,0.69765,0.69783,0.69754,0.69776
2026-07-24 02:45:00,0.69772,0.69783,0.69762,0.69781
2026-07-24 03:00:00,0.6978,0.69785,0.69749,0.69762
2026-07-24 03:15:00,0.69758,0.69769,0.69747,0.69747
2026-07-24 03:30:00,0.69748,0.69753,0.69709,0.69716
2026-07-24 03:45:00,0.69716,0.69723,0.69698,0.69699
2026-07-24 04:00:00,0.69699,0.69706,0.69687,0.69704
2026-07-24 04:15:00,0.69701,0.69701,0.69665,0.69679
2026-07-24 04:30:00,0.69676,0.69692,0.69664,0.69668
2026-07-24 04:45:00,0.69667,0.69674,0.69646,0.69647
2026-07-24 05:00:00,0.6965,0.69675,0.69639,0.6964
2026-07-24 05:15:00,0.69642,0.69648,0.69623,0.69647
2026-07-24 05:30:00,0.69645,0.69665,0.69638,0.69638
2026-07-24 05:45:00,0.69639,0.69665,0.69627,0.69664
2026-07-24 06:00:00,0.69662,0.697,0.69662,0.69671
2026-07-24 06:15:00,0.69672,0.69682,0.69666,0.69681
2026-07-24 06:30:00,0.69679,0.69685,0.69668,0.6967
2026-07-24 06:45:00,0.69671,0.69684,0.6967,0.69681
2026-07-24 07:00:00,0.69676,0.69704,0.6965,0.69692
2026-07-24 07:15:00,0.69689,0.69704,0.69686,0.697
2026-07-24 07:30:00,0.69694,0.69713,0.6967,0.69671
2026-07-24 07:45:00,0.69671,0.69709,0.69655,0.69708
2026-07-24 08:00:00,0.69707,0.69709,0.69667,0.69676
2026-07-24 08:15:00,0.69674,0.69686,0.69674,0.69679
2026-07-24 08:30:00,0.69678,0.69682,0.69676,0.69679
2026-07-24 08:45:00,0.69679,0.69692,0.69678,0.6969
2026-07-24 09:00:00,0.69688,0.69698,0.69676,0.69677
2026-07-24 09:15:00,0.69677,0.69691,0.69677,0.69688
2026-07-24 09:30:00,0.69686,0.69701,0.69674,0.69681
2026-07-24 09:45:00,0.69679,0.69697,0.69657,0.69675
2026-07-24 10:00:00,0.69673,0.69706,0.69661,0.69706
2026-07-24 10:15:00,0.69704,0.69709,0.69672,0.69693
2026-07-24 10:30:00,0.69691,0.69719,0.69687,0.69718
2026-07-24 10:45:00,0.69717,0.69769,0.6971,0.69766
2026-07-24 11:00:00,0.69761,0.69769,0.69736,0.69749
2026-07-24 11:15:00,0.69746,0.69749,0.6973,0.6974
2026-07-24 11:30:00,0.69737,0.69793,0.69724,0.69791
2026-07-24 11:45:00,0.69786,0.69797,0.69751,0.69752
2026-07-24 12:00:00,0.69754,0.69774,0.69736,0.69769
2026-07-24 12:15:00,0.69762,0.69801,0.69762,0.69799
2026-07-24 12:30:00,0.69796,0.69811,0.69775,0.6978
2026-07-24 12:45:00,0.69779,0.69779,0.69744,0.69751
2026-07-24 13:00:00,0.69749,0.69769,0.69725,0.69766
2026-07-24 13:15:00,0.6976,0.6977,0.69735,0.69756
2026-07-24 13:30:00,0.69754,0.69767,0.69739,0.69746
2026-07-24 13:45:00,0.69745,0.69754,0.69737,0.69746
2026-07-24 14:00:00,0.69742,0.69776,0.69742,0.6976
2026-07-24 14:15:00,0.69761,0.69771,0.69751,0.69761
2026-07-24 14:30:00,0.6976,0.6976,0.69718,0.69726
2026-07-24 14:45:00,0.69724,0.69733,0.69717,0.6973
2026-07-24 15:00:00,0.6973,0.69774,0.69721,0.69771
2026-07-24 15:15:00,0.69771,0.69784,0.69769,0.69778
2026-07-24 15:30:00,0.69778,0.69801,0.69767,0.6977
2026-07-24 15:45:00,0.69775,0.69777,0.6974,0.69742
2026-07-24 16:00:00,0.69745,0.69766,0.69737,0.69763
2026-07-24 16:15:00,0.69759,0.69806,0.69758,0.69798
2026-07-24 16:30:00,0.69799,0.69822,0.69793,0.69813
2026-07-24 16:45:00,0.69809,0.69828,0.69793,0.69825
2026-07-24 17:00:00,0.69817,0.69883,0.69817,0.69871
2026-07-24 17:15:00,0.69873,0.69889,0.69849,0.69887
2026-07-24 17:30:00,0.69886,0.69893,0.6982,0.69821
2026-07-24 17:45:00,0.69821,0.69854,0.69821,0.6985
2026-07-24 18:00:00,0.69849,0.69867,0.69831,0.6986
2026-07-24 18:15:00,0.69862,0.6988,0.69852,0.69879
2026-07-24 18:30:00,0.69876,0.6989,0.69871,0.69877
2026-07-24 18:45:00,0.69876,0.69885,0.69863,0.69881
2026-07-24 19:00:00,0.6988,0.699,0.69872,0.69873
2026-07-24 19:15:00,0.69874,0.69894,0.69868,0.69887
2026-07-24 19:30:00,0.69888,0.69895,0.6987,0.69883
2026-07-24 19:45:00,0.6988,0.6991,0.69876,0.69909
2026-07-24 20:00:00,0.69906,0.69927,0.69901,0.69921
2026-07-24 20:15:00,0.6992,0.69953,0.6992,0.69952
2026-07-24 20:30:00,0.69951,0.69953,0.69932,0.69933
2026-07-24 20:45:00,0.69934,0.69935,0.69906,0.6992
2026-07-24 21:00:00,0.69918,0.69932,0.69915,0.69927
2026-07-24 21:15:00,0.69927,0.69941,0.69902,0.6991
2026-07-24 21:30:00,0.69907,0.69907,0.69882,0.69891
2026-07-24 21:45:00,0.6989,0.69894,0.69853,0.69885
2026-07-24 22:00:00,0.69862,0.69907,0.6986,0.69873
2026-07-24 22:15:00,0.69875,0.69879,0.69835,0.69835
2026-07-24 22:30:00,0.69837,0.69845,0.69757,0.69758
2026-07-24 22:45:00,0.6976,0.69774,0.69753,0.6976
2026-07-24 23:00:00,0.6976,0.69776,0.69746,0.69775
2026-07-24 23:15:00,0.69773,0.69775,0.69758,0.69769
2026-07-24 23:30:00,0.69768,0.69771,0.69732,0.69762
2026-07-24 23:45:00,0.69763,0.69771,0.69751,0.69771
2026-07-25 00:00:00,0.69768,0.6981,0.69762,0.69806
2026-07-25 00:15:00,0.69797,0.69842,0.69787,0.69821
2026-07-25 00:30:00,0.69824,0.6984,0.6981,0.69833
2026-07-25 00:45:00,0.69833,0.6989,0.69829,0.69879
2026-07-25 01:00:00,0.6988,0.69965,0.69868,0.69935
2026-07-25 01:15:00,0.69933,0.70002,0.6993,0.6994
2026-07-25 01:30:00,0.69938,0.69953,0.69911,0.69912
2026-07-25 01:45:00,0.69914,0.69952,0.69905,0.69943
2026-07-25 02:00:00,0.69941,0.69963,0.69932,0.69955
2026-07-25 02:15:00,0.69953,0.69953,0.69939,0.69942
2026-07-25 02:30:00,0.69943,0.69956,0.6991,0.6991
2026-07-25 02:45:00,0.69911,0.69912,0.6989,0.69912
2026-07-25 03:00:00,0.69911,0.69912,0.69859,0.6987
2026-07-25 03:15:00,0.69867,0.69874,0.69853,0.69872
2026-07-25 03:30:00,0.69872,0.69886,0.69854,0.69859
2026-07-25 03:45:00,0.69857,0.69868,0.69845,0.69861
2026-07-25 04:00:00,0.69861,0.69865,0.69855,0.69864
2026-07-25 04:15:00,0.69862,0.69864,0.69838,0.6984
2026-07-25 04:30:00,0.69839,0.6984,0.69816,0.69822
2026-07-25 04:45:00,0.6982,0.69835,0.69808,0.69827
2026-07-25 05:00:00,0.69827,0.69831,0.6981,0.69822
2026-07-25 05:15:00,0.69818,0.69819,0.69793,0.69799
2026-07-25 05:30:00,0.69798,0.69823,0.69798,0.69822
2026-07-25 05:45:00,0.6982,0.69822,0.69793,0.69807
2026-07-25 06:00:00,0.69805,0.69806,0.69787,0.69795
2026-07-25 06:15:00,0.69792,0.6981,0.69792,0.69808
2026-07-25 06:30:00,0.69807,0.69811,0.69797,0.69799
2026-07-25 06:45:00,0.69801,0.69838,0.698,0.69836
2026-07-25 07:00:00,0.69834,0.69849,0.69749,0.69789
2026-07-25 07:15:00,0.69786,0.69795,0.69774,0.69777
2026-07-25 07:30:00,0.6978,0.69792,0.69774,0.69787
2026-07-25 07:45:00,0.69786,0.69794,0.69769,0.69778
2026-07-25 08:00:00,0.6978,0.69801,0.6978,0.69788
2026-07-25 08:15:00,0.69787,0.6979,0.69786,0.69788
2026-07-25 08:30:00,0.69787,0.6979,0.69786,0.69787
2026-07-25 08:45:00,0.69787,0.69793,0.69786,0.69787
2026-07-25 09:00:00,0.69788,0.69821,0.69767,0.69788
2026-07-25 09:15:00,0.69788,0.69792,0.69763,0.69775
2026-07-25 09:30:00,0.69774,0.69791,0.69772,0.69788
2026-07-25 09:45:00,0.69788,0.69791,0.69787,0.69787
2026-07-25 10:00:00,0.69788,0.69836,0.69783,0.69835
2026-07-25 10:15:00,0.69832,0.69839,0.69825,0.69836
2026-07-25 10:30:00,0.69834,0.69839,0.69834,0.69836
2026-07-25 10:45:00,0.69835,0.69843,0.69823,0.69834
2026-07-25 11:00:00,0.69835,0.69838,0.69834,0.69835
2026-07-25 11:15:00,0.69835,0.69838,0.69828,0.69836
2026-07-25 11:30:00,0.69835,0.69838,0.69791,0.69832
2026-07-25 11:45:00,0.6983,0.69839,0.6983,0.69835
2026-07-25 12:00:00,0.69835,0.69838,0.69829,0.69835
2026-07-25 12:15:00,0.69835,0.69839,0.69834,0.69837
2026-07-25 12:30:00,0.69835,0.69841,0.69828,0.69837
2026-07-25 12:45:00,0.69835,0.69839,0.69825,0.69836
2026-07-25 13:00:00,0.69834,0.69838,0.69834,0.69835
2026-07-25 13:15:00,0.69835,0.69837,0.6979,0.69836
2026-07-25 13:30:00,0.69835,0.69838,0.69834,0.69836
2026-07-25 13:45:00,0.69835,0.69838,0.69827,0.69835
2026-07-25 14:00:00,0.69835,0.69839,0.69829,0.69836
2026-07-25 14:15:00,0.69834,0.69839,0.69834,0.69836
2026-07-25 14:30:00,0.69835,0.69839,0.69827,0.69837
2026-07-25 14:45:00,0.69836,0.69838,0.69834,0.69835
2026-07-25 15:00:00,0.69835,0.69838,0.69791,0.69835
2026-07-25 15:15:00,0.69835,0.69839,0.69828,0.69836
2026-07-25 15:30:00,0.69834,0.69838,0.69829,0.69836
2026-07-25 15:45:00,0.69835,0.69838,0.69827,0.69835
2026-07-25 16:00:00,0.69835,0.69839,0.69834,0.69835
2026-07-25 16:15:00,0.69836,0.6984,0.69829,0.69836
2026-07-25 16:30:00,0.69836,0.69851,0.69791,0.69829
2026-07-25 16:45:00,0.69822,0.69839,0.69822,0.69836
2026-07-25 17:00:00,0.69836,0.69839,0.69829,0.69835
2026-07-25 17:15:00,0.69836,0.69839,0.69834,0.69837
2026-07-25 17:30:00,0.69835,0.69838,0.69828,0.69837
2026-07-25 17:45:00,0.69835,0.6984,0.69827,0.69834
2026-07-25 18:00:00,0.69833,0.69838,0.69833,0.69834
2026-07-25 18:15:00,0.69835,0.69838,0.69792,0.69836
2026-07-25 18:30:00,0.69835,0.69838,0.69834,0.69836
2026-07-25 18:45:00,0.69835,0.69838,0.69827,0.69836
2026-07-25 19:00:00,0.69835,0.69837,0.69826,0.69833
2026-07-25 19:15:00,0.69831,0.69838,0.69831,0.69834
2026-07-25 19:30:00,0.69835,0.69842,0.69825,0.69836
2026-07-25 19:45:00,0.69835,0.69839,0.69835,0.69837
2026-07-25 20:00:00,0.69836,0.69838,0.69791,0.69806
2026-07-25 20:15:00,0.69806,0.69809,0.69804,0.69804
2026-07-25 20:30:00,0.69805,0.69838,0.69804,0.69837
2026-07-25 20:45:00,0.69836,0.6984,0.69829,0.69837
2026-07-25 21:00:00,0.69836,0.69839,0.6983,0.69836
2026-07-25 21:15:00,0.69836,0.69839,0.69828,0.69836
2026-07-25 21:30:00,0.69836,0.6986,0.69771,0.69779
2026-07-25 21:45:00,0.69793,0.69796,0.69792,0.69794
2026-07-25 22:00:00,0.69793,0.69797,0.69792,0.69795
2026-07-25 22:15:00,0.69794,0.69797,0.69793,0.69794
2026-07-25 22:30:00,0.69794,0.69798,0.69793,0.69797
2026-07-25 22:45:00,0.69795,0.69799,0.69794,0.69798
2026-07-25 23:00:00,0.69796,0.69799,0.69795,0.69797
2026-07-25 23:15:00,0.69796,0.69818,0.6976,0.69772
2026-07-25 23:30:00,0.69772,0.69808,0.6977,0.69796
2026-07-25 23:45:00,0.69796,0.69802,0.69794,0.698
2026-07-26 00:00:00,0.69799,0.6984,0.69794,0.69827
2026-07-26 00:15:00,0.69829,0.69838,0.69829,0.69835
2026-07-26 00:30:00,0.69836,0.69839,0.69821,0.69824
2026-07-26 00:45:00,0.69824,0.69831,0.69823,0.6983
2026-07-26 01:00:00,0.69829,0.69872,0.69769,0.6979
2026-07-26 01:15:00,0.69789,0.69838,0.69785,0.69829
2026-07-26 01:30:00,0.69831,0.6984,0.69831,0.69836
2026-07-26 01:45:00,0.69837,0.69839,0.69828,0.69837
2026-07-26 02:00:00,0.69836,0.69848,0.69829,0.69838
2026-07-26 02:15:00,0.69837,0.69839,0.69827,0.69836
2026-07-26 02:30:00,0.69836,0.69839,0.69803,0.69836
2026-07-26 02:45:00,0.69829,0.69839,0.69782,0.69837
2026-07-26 03:00:00,0.69836,0.69847,0.69826,0.69834
2026-07-26 03:15:00,0.69832,0.69839,0.69832,0.69837
2026-07-26 03:30:00,0.69836,0.69844,0.69826,0.69835
2026-07-26 03:45:00,0.69835,0.69839,0.69828,0.69833
2026-07-26 04:00:00,0.69833,0.69844,0.69823,0.69839
2026-07-26 04:15:00,0.69837,0.69841,0.69783,0.69801
2026-07-26 04:30:00,0.69801,0.69819,0.69791,0.69812
2026-07-26 04:45:00,0.69813,0.69816,0.69809,0.69812
2026-07-26 05:00:00,0.6981,0.69831,0.69809,0.69829
2026-07-26 05:15:00,0.69826,0.69829,0.69815,0.69828
2026-07-26 05:30:00,0.69826,0.69833,0.69821,0.69828
2026-07-26 05:45:00,0.69829,0.69839,0.69825,0.69836
2026-07-26 06:00:00,0.69836,0.69849,0.69772,0.69838
2026-07-26 06:15:00,0.69837,0.69842,0.6983,0.69841
2026-07-26 06:30:00,0.69837,0.6984,0.69828,0.69834
2026-07-26 06:45:00,0.69834,0.6984,0.69826,0.69829
2026-07-26 07:00:00,0.69829,0.69846,0.69829,0.69839
2026-07-26 07:15:00,0.69838,0.69841,0.69824,0.69827
2026-07-26 07:30:00,0.69826,0.6984,0.69824,0.69837
2026-07-26 07:45:00,0.69837,0.69856,0.69791,0.69836
2026-07-26 08:00:00,0.69837,0.69848,0.69826,0.69837
2026-07-26 08:15:00,0.69836,0.6984,0.69836,0.69838
2026-07-26 08:30:00,0.69837,0.6984,0.69828,0.69838
2026-07-26 08:45:00,0.69836,0.69839,0.69834,0.69835
2026-07-26 09:00:00,0.69835,0.6984,0.69834,0.69838
2026-07-26 09:15:00,0.69836,0.69843,0.69771,0.69827
2026-07-26 09:30:00,0.69825,0.69838,0.6982,0.69836
2026-07-26 09:45:00,0.69836,0.69838,0.69827,0.69837
2026-07-26 10:00:00,0.69835,0.69839,0.69834,0.69837
2026-07-26 10:15:00,0.69837,0.69837,0.69826,0.69833
2026-07-26 10:30:00,0.69832,0.69839,0.69823,0.69826
2026-07-26 10:45:00,0.69825,0.69835,0.69825,0.69827
2026-07-26 11:00:00,0.69827,0.6983,0.69769,0.69788
2026-07-26 11:15:00,0.69788,0.69791,0.69787,0.69789
2026-07-26 11:30:00,0.69788,0.69793,0.69785,0.69791
2026-07-26 11:45:00,0.6979,0.69795,0.69789,0.69792
2026-07-26 12:00:00,0.69792,0.69795,0.69791,0.69792
2026-07-26 12:15:00,0.69792,0.69797,0.69792,0.69795
2026-07-26 12:30:00,0.69794,0.69841,0.69791,0.69838
2026-07-26 12:45:00,0.69836,0.69839,0.69792,0.69836
2026-07-26 13:00:00,0.69836,0.69841,0.69828,0.69838
2026-07-26 13:15:00,0.69835,0.69839,0.69835,0.69837
2026-07-26 13:30:00,0.69836,0.6984,0.69829,0.69838
2026-07-26 13:45:00,0.69837,0.6984,0.69836,0.69837
2026-07-26 14:00:00,0.69837,0.6984,0.69829,0.69837
2026-07-26 14:15:00,0.69837,0.69857,0.69792,0.69831
2026-07-26 14:30:00,0.69828,0.6984,0.69828,0.69837
2026-07-26 14:45:00,0.69836,0.69839,0.69828,0.69837
2026-07-26 15:00:00,0.69836,0.69839,0.69829,0.69836
2026-07-26 15:15:00,0.69834,0.69837,0.69824,0.69835
2026-07-26 15:30:00,0.69834,0.69837,0.69824,0.6983
2026-07-26 15:45:00,0.69827,0.69837,0.69827,0.69835
2026-07-26 16:00:00,0.69834,0.69869,0.6979,0.69835
2026-07-26 16:15:00,0.69836,0.69839,0.69835,0.69836
2026-07-26 16:30:00,0.69836,0.6984,0.69829,0.69838
2026-07-26 16:45:00,0.69837,0.6984,0.69828,0.69835
2026-07-26 17:00:00,0.69834,0.6984,0.69834,0.69836
2026-07-26 17:15:00,0.69837,0.6984,0.69828,0.69834
2026-07-26 17:30:00,0.69834,0.69839,0.69834,0.69838
2026-07-26 17:45:00,0.69836,0.69883,0.69771,0.69809
2026-07-26 18:00:00,0.69808,0.69811,0.69806,0.69806
2026-07-26 18:15:00,0.69807,0.6981,0.69806,0.69806
2026-07-26 18:30:00,0.69807,0.69823,0.69806,0.69813
2026-07-26 18:45:00,0.69812,0.69815,0.69811,0.69813
2026-07-26 19:00:00,0.69812,0.69815,0.69809,0.6981
2026-07-26 19:15:00,0.6981,0.69813,0.69764,0.69779
2026-07-26 19:30:00,0.69779,0.69809,0.69765,0.69801
2026-07-26 19:45:00,0.698,0.69805,0.69799,0.69803
2026-07-26 20:00:00,0.69801,0.69805,0.698,0.69803
2026-07-26 20:15:00,0.69801,0.6982,0.69792,0.69814
2026-07-26 20:30:00,0.69814,0.69817,0.69813,0.69815
2026-07-26 20:45:00,0.69814,0.69817,0.69813,0.69816
2026-07-26 21:00:00,0.69814,0.69817,0.69813,0.69814
2026-07-26 21:15:00,0.69814,0.69817,0.69813,0.69814
2026-07-26 21:30:00,0.69814,0.6983,0.69812,0.69825
2026-07-26 21:45:00,0.69825,0.69828,0.69824,0.69826
2026-07-26 22:00:00,0.69825,0.69828,0.69824,0.69825
2026-07-26 22:15:00,0.69825,0.69839,0.69824,0.69836
2026-07-26 22:30:00,0.69836,0.6984,0.69834,0.69836
2026-07-26 22:45:00,0.69836,0.69839,0.69834,0.69837
2026-07-26 23:00:00,0.69835,0.69838,0.69834,0.69836
2026-07-26 23:15:00,0.69835,0.69843,0.6983,0.69833
2026-07-26 23:30:00,0.69833,0.69838,0.69832,0.69835
2026-07-26 23:45:00,0.69835,0.69838,0.69834,0.69836
2026-07-27 00:00:00,0.69835,0.69842,0.69826,0.69838
2026-07-27 00:15:00,0.69837,0.6984,0.69835,0.69835
2026-07-27 00:30:00,0.69835,0.69839,0.69835,0.69836
2026-07-27 00:45:00,0.69836,0.69839,0.69818,0.69831
2026-07-27 01:00:00,0.69829,0.69838,0.69818,0.69837
2026-07-27 01:15:00,0.69835,0.69839,0.69835,0.69835
2026-07-27 01:30:00,0.69835,0.69839,0.69834,0.69835
2026-07-27 01:45:00,0.69836,0.69839,0.69834,0.69836
2026-07-27 02:00:00,0.69835,0.69839,0.6982,0.69824
2026-07-27 02:15:00,0.69822,0.69839,0.6982,0.69835
2026-07-27 02:30:00,0.69835,0.69841,0.69833,0.69837
2026-07-27 02:45:00,0.69838,0.69839,0.69824,0.69833
2026-07-27 03:00:00,0.6983,0.69846,0.69825,0.69838
2026-07-27 03:15:00,0.69837,0.6984,0.69827,0.69836
2026-07-27 03:30:00,0.69836,0.6984,0.6983,0.69831
2026-07-27 03:45:00,0.69833,0.6984,0.69833,0.69837
2026-07-27 04:00:00,0.69837,0.6984,0.69828,0.69839
2026-07-27 04:15:00,0.69837,0.69841,0.69833,0.69834
2026-07-27 04:30:00,0.69834,0.69838,0.69825,0.69835
2026-07-27 04:45:00,0.69833,0.69841,0.69833,0.69838
2026-07-27 05:00:00,0.69838,0.69987,0.6982,0.69896
2026-07-27 05:15:00,0.69884,0.69933,0.69799,0.6991
2026-07-27 05:30:00,0.6986,0.70014,0.69842,0.69915
2026-07-27 05:45:00,0.69897,0.70016,0.69847,0.69915
2026-07-27 06:00:00,0.69904,0.69967,0.69822,0.69915
2026-07-27 06:15:00,0.69906,0.69981,0.69833,0.69959
2026-07-27 06:30:00,0.69943,0.69964,0.69847,0.69939
2026-07-27 06:45:00,0.69934,0.70004,0.69915,0.69922
2026-07-27 07:00:00,0.69926,0.70027,0.69901,0.70017
2026-07-27 07:15:00,0.70006,0.70066,0.70002,0.70047
2026-07-27 07:30:00,0.70035,0.70054,0.69965,0.70038
2026-07-27 07:45:00,0.70024,0.70036,0.69993,0.70027
2026-07-27 08:00:00,0.70019,0.70068,0.69979,0.69981
2026-07-27 08:15:00,0.69984,0.69999,0.69962,0.69964
2026-07-27 08:30:00,0.69969,0.69969,0.69927,0.69929
2026-07-27 08:45:00,0.69929,0.69941,0.69914,0.69914
2026-07-27 09:00:00,0.69916,0.69941,0.69912,0.69925
2026-07-27 09:15:00,0.69925,0.69932,0.69908,0.69913
2026-07-27 09:30:00,0.69912,0.69959,0.6991,0.69958
2026-07-27 09:45:00,0.69955,0.69955,0.69933,0.6995
2026-07-27 10:00:00,0.69947,0.69999,0.69941,0.69996
2026-07-27 10:15:00,0.6999,0.70005,0.69974,0.70003
2026-07-27 10:30:00,0.70001,0.70022,0.69967,0.69969
2026-07-27 10:45:00,0.69968,0.69992,0.69945,0.69947
2026-07-27 11:00:00,0.6995,0.69982,0.69936,0.6998
2026-07-27 11:15:00,0.69977,0.69996,0.69965,0.69969
2026-07-27 11:30:00,0.69966,0.70002,0.69943,0.69982
2026-07-27 11:45:00,0.69978,0.70048,0.69965,0.70039
2026-07-27 12:00:00,0.70027,0.70059,0.70016,0.70017
2026-07-27 12:15:00,0.70018,0.7002,0.69984,0.70017
2026-07-27 12:30:00,0.70015,0.70022,0.69997,0.70011
2026-07-27 12:45:00,0.7001,0.70013,0.69987,0.69989
2026-07-27 13:00:00,0.69989,0.70001,0.69978,0.69979
2026-07-27 13:15:00,0.69979,0.69994,0.69977,0.6998
2026-07-27 13:30:00,0.69985,0.69985,0.69942,0.69969
2026-07-27 13:45:00,0.69967,0.69988,0.69967,0.69984
2026-07-27 14:00:00,0.69983,0.69998,0.6997,0.69976
2026-07-27 14:15:00,0.69973,0.69985,0.69949,0.6995
2026-07-27 14:30:00,0.6995,0.69986,0.69949,0.69984
2026-07-27 14:45:00,0.69979,0.69979,0.69956,0.69974
2026-07-27 15:00:00,0.69972,0.70005,0.69967,0.70004
2026-07-27 15:15:00,0.70002,0.70014,0.69997,0.70011
2026-07-27 15:30:00,0.70009,0.70028,0.70008,0.70014
2026-07-27 15:45:00,0.70012,0.70036,0.70003,0.70031
2026-07-27 16:00:00,0.7003,0.70057,0.70023,0.70038
2026-07-27 16:15:00,0.70041,0.70064,0.70017,0.70062
2026-07-27 16:30:00,0.70058,0.70105,0.70058,0.70103
2026-07-27 16:45:00,0.70101,0.70101,0.70054,0.70074
2026-07-27 17:00:00,0.70071,0.70084,0.70032,0.70078
2026-07-27 17:15:00,0.70069,0.70091,0.70066,0.70074
2026-07-27 17:30:00,0.70075,0.70077,0.70009,0.70012
2026-07-27 17:45:00,0.70015,0.7004,0.70012,0.70029
2026-07-27 18:00:00,0.70026,0.7003,0.7001,0.70011
2026-07-27 18:15:00,0.70012,0.70019,0.7,0.70012
2026-07-27 18:30:00,0.70013,0.70031,0.70003,0.70018
2026-07-27 18:45:00,0.70026,0.70039,0.70004,0.70038
2026-07-27 19:00:00,0.70036,0.70052,0.70008,0.70009
2026-07-27 19:15:00,0.7001,0.70028,0.69999,0.70025
2026-07-27 19:30:00,0.70024,0.70026,0.70008,0.70025
2026-07-27 19:45:00,0.70023,0.70037,0.70016,0.70032
2026-07-27 20:00:00,0.7003,0.7004,0.69998,0.70012
2026-07-27 20:15:00,0.70009,0.7004,0.70009,0.70023
2026-07-27 20:30:00,0.70024,0.70055,0.70019,0.70054
2026-07-27 20:45:00,0.70051,0.70052,0.70019,0.70023
2026-07-27 21:00:00,0.70022,0.70026,0.69999,0.70012
2026-07-27 21:15:00,0.70013,0.70035,0.70011,0.70032
2026-07-27 21:30:00,0.7003,0.70046,0.70008,0.7001
2026-07-27 21:45:00,0.70013,0.70013,0.69976,0.69981
2026-07-27 22:00:00,0.69977,0.70009,0.69957,0.69959
2026-07-27 22:15:00,0.69962,0.69963,0.69952,0.69963
2026-07-27 22:30:00,0.69962,0.69963,0.6993,0.69949
2026-07-27 22:45:00,0.6994,0.69979,0.6994,0.69978
2026-07-27 23:00:00,0.69977,0.69981,0.69946,0.69979
2026-07-27 23:15:00,0.69977,0.69977,0.69953,0.69954
2026-07-27 23:30:00,0.69957,0.70012,0.69947,0.69984
2026-07-27 23:45:00,0.69987,0.70012,0.69955,0.69956
2026-07-28 00:00:00,0.69957,0.69972,0.69926,0.69959
2026-07-28 00:15:00,0.69956,0.6997,0.69907,0.69908
2026-07-28 00:30:00,0.6991,0.69923,0.69858,0.6986
2026-07-28 00:45:00,0.69866,0.69925,0.69866,0.69924
2026-07-28 01:00:00,0.6992,0.69936,0.69914,0.69915
2026-07-28 01:15:00,0.69914,0.69958,0.69914,0.6993
2026-07-28 01:30:00,0.69931,0.69937,0.69899,0.69912
2026-07-28 01:45:00,0.69911,0.69941,0.69907,0.69939
2026-07-28 02:00:00,0.69938,0.69942,0.69907,0.69939
2026-07-28 02:15:00,0.69933,0.6998,0.69917,0.69977
2026-07-28 02:30:00,0.69976,0.69991,0.69968,0.69973
2026-07-28 02:45:00,0.69974,0.69974,0.69933,0.69951
2026-07-28 03:00:00,0.69949,0.69951,0.69889,0.69908
2026-07-28 03:15:00,0.69906,0.69909,0.69879,0.69885
2026-07-28 03:30:00,0.69882,0.69902,0.69872,0.69876
2026-07-28 03:45:00,0.69877,0.69896,0.69876,0.69887
2026-07-28 04:00:00,0.69889,0.69899,0.69887,0.69892
2026-07-28 04:15:00,0.6989,0.69896,0.69877,0.6988
2026-07-28 04:30:00,0.6988,0.69891,0.69863,0.69882
2026-07-28 04:45:00,0.69884,0.69889,0.69862,0.6988
2026-07-28 05:00:00,0.69881,0.69904,0.69877,0.69895
2026-07-28 05:15:00,0.69897,0.69912,0.6989,0.69911
2026-07-28 05:30:00,0.69909,0.69937,0.69908,0.69928
2026-07-28 05:45:00,0.69929,0.69935,0.69918,0.69928
2026-07-28 06:00:00,0.69928,0.69929,0.69908,0.69912
2026-07-28 06:15:00,0.69911,0.69916,0.69898,0.69906
2026-07-28 06:30:00,0.69905,0.69905,0.69891,0.69896
2026-07-28 06:45:00,0.69896,0.69901,0.69887,0.69898
2026-07-28 07:00:00,0.69898,0.69952,0.69868,0.69905
2026-07-28 07:15:00,0.69904,0.69911,0.69891,0.69907
2026-07-28 07:30:00,0.69905,0.69914,0.69877,0.69894
2026-07-28 07:45:00,0.69891,0.69922,0.69884,0.69921
2026-07-28 08:00:00,0.6992,0.6993,0.69878,0.69881
2026-07-28 08:15:00,0.69879,0.69889,0.69879,0.69887
2026-07-28 08:30:00,0.69886,0.69891,0.69879,0.6988
2026-07-28 08:45:00,0.6988,0.69883,0.69876,0.69877
2026-07-28 09:00:00,0.69878,0.6988,0.69858,0.69868
2026-07-28 09:15:00,0.69864,0.69873,0.69864,0.69872
2026-07-28 09:30:00,0.6987,0.69874,0.69858,0.69861
2026-07-28 09:45:00,0.6986,0.69873,0.69847,0.69863
2026-07-28 10:00:00,0.69867,0.69873,0.69816,0.69827
2026-07-28 10:15:00,0.69827,0.69846,0.69821,0.69845
2026-07-28 10:30:00,0.69842,0.69897,0.69839,0.69896
2026-07-28 10:45:00,0.69894,0.69894,0.69857,0.69892
2026-07-28 11:00:00,0.69889,0.69919,0.69884,0.6989
2026-07-28 11:15:00,0.69892,0.69915,0.69869,0.6991
2026-07-28 11:30:00,0.69899,0.69947,0.69899,0.69912
2026-07-28 11:45:00,0.69913,0.69917,0.6988,0.69899
2026-07-28 12:00:00,0.69898,0.69941,0.69892,0.69935
2026-07-28 12:15:00,0.69936,0.69972,0.69924,0.69925
2026-07-28 12:30:00,0.69926,0.6994,0.69918,0.69926
2026-07-28 12:45:00,0.69924,0.69955,0.69912,0.69935
2026-07-28 13:00:00,0.69936,0.69944,0.69853,0.6988
2026-07-28 13:15:00,0.69879,0.69913,0.69865,0.69901
2026-07-28 13:30:00,0.699,0.69943,0.69821,0.69844
2026-07-28 13:45:00,0.69838,0.69853,0.69809,0.69812
2026-07-28 14:00:00,0.69812,0.69818,0.69731,0.69741
2026-07-28 14:15:00,0.69738,0.69753,0.697,0.6972
2026-07-28 14:30:00,0.69718,0.6974,0.69711,0.69726
2026-07-28 14:45:00,0.69723,0.69739,0.69711,0.69715
2026-07-28 15:00:00,0.69714,0.69722,0.69666,0.69668
2026-07-28 15:15:00,0.69672,0.69675,0.69636,0.69658
2026-07-28 15:30:00,0.69653,0.69696,0.69653,0.69694
2026-07-28 15:45:00,0.69688,0.69697,0.69663,0.6967
2026-07-28 16:00:00,0.6967,0.69685,0.69638,0.69683
2026-07-28 16:15:00,0.69679,0.69719,0.69674,0.69715
2026-07-28 16:30:00,0.69707,0.69735,0.69706,0.6973
2026-07-28 16:45:00,0.69729,0.69759,0.69715,0.69724
2026-07-28 17:00:00,0.69733,0.69739,0.69697,0.69722
2026-07-28 17:15:00,0.69726,0.69766,0.69724,0.69729
2026-07-28 17:30:00,0.69732,0.69734,0.69706,0.69708
2026-07-28 17:45:00,0.69712,0.69712,0.69669,0.6969
2026-07-28 18:00:00,0.6969,0.69729,0.69665,0.69667
2026-07-28 18:15:00,0.69674,0.69729,0.69674,0.69709
2026-07-28 18:30:00,0.69707,0.69718,0.69696,0.6971
2026-07-28 18:45:00,0.69704,0.69735,0.69698,0.69729
2026-07-28 19:00:00,0.69728,0.69747,0.69717,0.69723
2026-07-28 19:15:00,0.69723,0.69742,0.69722,0.69737
2026-07-28 19:30:00,0.69738,0.69745,0.69708,0.69718
2026-07-28 19:45:00,0.69725,0.69725,0.69651,0.69654
2026-07-28 20:00:00,0.6966,0.6966,0.69638,0.6965
2026-07-28 20:15:00,0.69646,0.69656,0.69635,0.69654
2026-07-28 20:30:00,0.69652,0.69672,0.69639,0.69641
2026-07-28 20:45:00,0.69645,0.69665,0.69634,0.69656
2026-07-28 21:00:00,0.6966,0.6966,0.69635,0.69641
2026-07-28 21:15:00,0.69643,0.69668,0.69639,0.6964
2026-07-28 21:30:00,0.69643,0.69667,0.69634,0.69653
2026-07-28 21:45:00,0.69654,0.69668,0.6964,0.69661
2026-07-28 22:00:00,0.69662,0.69688,0.6965,0.69679
2026-07-28 22:15:00,0.69677,0.69692,0.69669,0.69691
2026-07-28 22:30:00,0.6969,0.69694,0.6967,0.69692
2026-07-28 22:45:00,0.69689,0.69717,0.69689,0.69697
2026-07-28 23:00:00,0.69699,0.69733,0.69687,0.69719
2026-07-28 23:15:00,0.69719,0.69745,0.69714,0.69718
2026-07-28 23:30:00,0.69718,0.69721,0.69669,0.69682
2026-07-28 23:45:00,0.69683,0.69712,0.69658,0.69698
2026-07-29 00:00:00,0.69698,0.69739,0.69697,0.69707
2026-07-29 00:15:00,0.69715,0.69715,0.69635,0.697
2026-07-29 00:30:00,0.69697,0.69707,0.69684,0.69704
2026-07-29 00:45:00,0.697,0.69706,0.69671,0.69672
2026-07-29 01:00:00,0.69674,0.69753,0.69659,0.69749
2026-07-29 01:15:00,0.6974,0.69806,0.6974,0.69784
2026-07-29 01:30:00,0.69787,0.69833,0.69776,0.69809
2026-07-29 01:45:00,0.69803,0.69829,0.69798,0.69827
2026-07-29 02:00:00,0.69822,0.6985,0.69822,0.69849
2026-07-29 02:15:00,0.69846,0.69863,0.69846,0.69862
2026-07-29 02:30:00,0.69861,0.69861,0.69828,0.69829
2026-07-29 02:45:00,0.69831,0.69837,0.69812,0.69827
2026-07-29 03:00:00,0.69826,0.69834,0.69793,0.69796
2026-07-29 03:15:00,0.69794,0.69831,0.69787,0.6979
2026-07-29 03:30:00,0.69791,0.69795,0.69762,0.69763
2026-07-29 03:45:00,0.69764,0.6977,0.69747,0.69748
2026-07-29 04:00:00,0.6975,0.69764,0.69748,0.69756
2026-07-29 04:15:00,0.69752,0.69775,0.69743,0.69749
2026-07-29 04:30:00,0.69747,0.69762,0.69742,0.69751
2026-07-29 04:45:00,0.69753,0.69757,0.69743,0.69751
2026-07-29 05:00:00,0.69751,0.69777,0.6975,0.69761
2026-07-29 05:15:00,0.69764,0.69782,0.69759,0.6977
2026-07-29 05:30:00,0.69768,0.69781,0.6976,0.69761
2026-07-29 05:45:00,0.69762,0.69775,0.69749,0.6975
2026-07-29 06:00:00,0.69752,0.69756,0.69743,0.69756
2026-07-29 06:15:00,0.69755,0.69758,0.69736,0.69738
2026-07-29 06:30:00,0.69736,0.69752,0.69736,0.69748
2026-07-29 06:45:00,0.69746,0.69752,0.69737,0.6974
2026-07-29 07:00:00,0.6974,0.69788,0.69726,0.69787
2026-07-29 07:15:00,0.69786,0.69786,0.69737,0.69741
2026-07-29 07:30:00,0.69747,0.69775,0.69738,0.69762
2026-07-29 07:45:00,0.69759,0.69778,0.69738,0.69764
2026-07-29 08:00:00,0.69766,0.69766,0.69752,0.69755
2026-07-29 08:15:00,0.69758,0.69758,0.69709,0.69722
2026-07-29 08:30:00,0.69721,0.6974,0.6971,0.69718
2026-07-29 08:45:00,0.69717,0.69734,0.69711,0.69733
2026-07-29 09:00:00,0.6973,0.69746,0.69718,0.69744
2026-07-29 09:15:00,0.69738,0.69763,0.69738,0.69762
2026-07-29 09:30:00,0.69761,0.69762,0.6975,0.69759
2026-07-29 09:45:00,0.69751,0.69774,0.6974,0.69741
2026-07-29 10:00:00,0.69742,0.69752,0.69719,0.69726
2026-07-29 10:15:00,0.69725,0.69757,0.697,0.69747
2026-07-29 10:30:00,0.69746,0.69756,0.69727,0.6974
2026-07-29 10:45:00,0.69733,0.69762,0.69701,0.69703
2026-07-29 11:00:00,0.69706,0.69723,0.69678,0.69684
2026-07-29 11:15:00,0.69683,0.69723,0.69677,0.69715
2026-07-29 11:30:00,0.69713,0.69713,0.69395,0.69482
2026-07-29 11:45:00,0.6947,0.69498,0.69458,0.69459
2026-07-29 12:00:00,0.69462,0.69504,0.69451,0.69501
2026-07-29 12:15:00,0.69496,0.69561,0.69477,0.6954
2026-07-29 12:30:00,0.69542,0.69542,0.69494,0.69495
2026-07-29 12:45:00,0.69496,0.69496,0.69459,0.69488
2026-07-29 13:00:00,0.69486,0.69513,0.69471,0.69497
2026-07-29 13:15:00,0.695,0.695,0.69456,0.69458
2026-07-29 13:30:00,0.6946,0.69486,0.6944,0.69484
2026-07-29 13:45:00,0.69483,0.69504,0.69464,0.69471
2026-07-29 14:00:00,0.6947,0.6947,0.69446,0.69461
2026-07-29 14:15:00,0.69459,0.69462,0.69433,0.69459
2026-07-29 14:30:00,0.69458,0.69484,0.69429,0.69475
2026-07-29 14:45:00,0.69473,0.69529,0.69467,0.69515
2026-07-29 15:00:00,0.69516,0.69553,0.69516,0.69548
2026-07-29 15:15:00,0.69549,0.69562,0.69528,0.69537
2026-07-29 15:30:00,0.69536,0.69577,0.69526,0.69575
2026-07-29 15:45:00,0.69572,0.69573,0.69554,0.69555
2026-07-29 16:00:00,0.69556,0.69584,0.69556,0.69578
2026-07-29 16:15:00,0.69575,0.69604,0.69528,0.69542
2026-07-29 16:30:00,0.69536,0.69561,0.69536,0.69552
2026-07-29 16:45:00,0.69551,0.69551,0.69517,0.69522
2026-07-29 17:00:00,0.69521,0.69567,0.69517,0.69538
2026-07-29 17:15:00,0.69541,0.69546,0.69523,0.69537
2026-07-29 17:30:00,0.6954,0.69548,0.6952,0.69522
2026-07-29 17:45:00,0.69521,0.69525,0.69479,0.69498
2026-07-29 18:00:00,0.69492,0.69492,0.69442,0.69444
2026-07-29 18:15:00,0.69447,0.69465,0.69423,0.69437
2026-07-29 18:30:00,0.69434,0.69442,0.69412,0.69441
2026-07-29 18:45:00,0.69437,0.69462,0.69428,0.69431
2026-07-29 19:00:00,0.69435,0.69444,0.69422,0.6944
2026-07-29 19:15:00,0.69437,0.69447,0.69419,0.69443
2026-07-29 19:30:00,0.69438,0.69447,0.69409,0.6943
2026-07-29 19:45:00,0.69425,0.69452,0.6942,0.69423
2026-07-29 20:00:00,0.69428,0.69434,0.69403,0.69423
2026-07-29 20:15:00,0.69423,0.69436,0.69414,0.69429
2026-07-29 20:30:00,0.6943,0.69435,0.694,0.69411
2026-07-29 20:45:00,0.6941,0.69416,0.69395,0.69408
2026-07-29 21:00:00,0.69405,0.6943,0.69405,0.69429
2026-07-29 21:15:00,0.69428,0.69454,0.69426,0.69452
2026-07-29 21:30:00,0.69449,0.69454,0.69406,0.69407
2026-07-29 21:45:00,0.69407,0.69425,0.69403,0.69424
2026-07-29 22:00:00,0.69419,0.69448,0.69403,0.69408
2026-07-29 22:15:00,0.69407,0.69407,0.69356,0.69403
2026-07-29 22:30:00,0.69402,0.69416,0.69377,0.694
2026-07-29 22:45:00,0.69401,0.69413,0.69394,0.69408
2026-07-29 23:00:00,0.69396,0.69435,0.69396,0.69416
2026-07-29 23:15:00,0.69414,0.69466,0.69414,0.69459
2026-07-29 23:30:00,0.69461,0.69465,0.69436,0.69443
2026-07-29 23:45:00,0.6944,0.69486,0.6944,0.69484
2026-07-30 00:00:00,0.69481,0.69511,0.69455,0.69458
2026-07-30 00:15:00,0.69464,0.6948,0.69431,0.69467
2026-07-30 00:30:00,0.69463,0.6947,0.69395,0.694
2026-07-30 00:45:00,0.69406,0.69406,0.69244,0.69247
2026-07-30 01:00:00,0.69252,0.69295,0.69236,0.6929
2026-07-30 01:15:00,0.6929,0.69301,0.69253,0.69273
2026-07-30 01:30:00,0.69268,0.69298,0.69258,0.69284
2026-07-30 01:45:00,0.69283,0.69307,0.69279,0.6929
2026-07-30 02:00:00,0.69286,0.69297,0.69236,0.69237
2026-07-30 02:15:00,0.69238,0.69274,0.69228,0.69273
2026-07-30 02:30:00,0.69271,0.69276,0.69229,0.69249
2026-07-30 02:45:00,0.69248,0.69294,0.69243,0.69286
2026-07-30 03:00:00,0.69288,0.69319,0.69273,0.69318
2026-07-30 03:15:00,0.69316,0.69347,0.69308,0.69323
2026-07-30 03:30:00,0.69328,0.69351,0.69311,0.69347
2026-07-30 03:45:00,0.69342,0.69362,0.69337,0.69349
2026-07-30 04:00:00,0.69346,0.69624,0.69346,0.69568
2026-07-30 04:15:00,0.69559,0.69604,0.69492,0.69525
2026-07-30 04:30:00,0.6952,0.69696,0.69427,0.69682
2026-07-30 04:45:00,0.69663,0.6983,0.69663,0.69823
2026-07-30 05:00:00,0.69813,0.69887,0.69728,0.69813
2026-07-30 05:15:00,0.69798,0.69883,0.69662,0.69665
2026-07-30 05:30:00,0.69668,0.69692,0.69557,0.69584
2026-07-30 05:45:00,0.6959,0.6959,0.69487,0.69489
2026-07-30 06:00:00,0.69493,0.69528,0.69461,0.69523
2026-07-30 06:15:00,0.69515,0.69515,0.69457,0.69472
2026-07-30 06:30:00,0.69464,0.69519,0.69459,0.695
2026-07-30 06:45:00,0.69502,0.69555,0.69493,0.6955
2026-07-30 07:00:00,0.69551,0.69569,0.69525,0.69536
2026-07-30 07:15:00,0.69535,0.69547,0.69513,0.69521
2026-07-30 07:30:00,0.69519,0.69548,0.69488,0.69541
2026-07-30 07:45:00,0.69544,0.69547,0.69482,0.69484
2026-07-30 08:00:00,0.69489,0.69587,0.69486,0.69566
2026-07-30 08:15:00,0.69568,0.69581,0.6956,0.69561
2026-07-30 08:30:00,0.69561,0.69586,0.69561,0.69576
2026-07-30 08:45:00,0.69575,0.69589,0.69575,0.69584
2026-07-30 09:00:00,0.69585,0.6965,0.69585,0.69606
2026-07-30 09:15:00,0.69609,0.69609,0.69582,0.69585
2026-07-30 09:30:00,0.69583,0.69592,0.69582,0.69582
2026-07-30 09:45:00,0.69583,0.69612,0.69583,0.69597
2026-07-30 10:00:00,0.69597,0.69658,0.69573,0.69656
2026-07-30 10:15:00,0.69652,0.69656,0.69569,0.69571
2026-07-30 10:30:00,0.69573,0.69587,0.69516,0.69524
2026-07-30 10:45:00,0.69522,0.69567,0.69514,0.69565
2026-07-30 11:00:00,0.69561,0.69619,0.69561,0.69577
2026-07-30 11:15:00,0.69581,0.69594,0.69566,0.69594
2026-07-30 11:30:00,0.69592,0.69639,0.69588,0.69638
2026-07-30 11:45:00,0.69636,0.69636,0.69588,0.69589
2026-07-30 12:00:00,0.6959,0.69619,0.69585,0.69605
2026-07-30 12:15:00,0.69607,0.69625,0.69587,0.69617
2026-07-30 12:30:00,0.69616,0.69616,0.69579,0.6958
2026-07-30 12:45:00,0.69581,0.69594,0.69551,0.69553
2026-07-30 13:00:00,0.69556,0.69573,0.69523,0.69525
2026-07-30 13:15:00,0.69528,0.69531,0.69503,0.69528
2026-07-30 13:30:00,0.69527,0.69556,0.69518,0.69541
2026-07-30 13:45:00,0.69539,0.69544,0.69511,0.69513
2026-07-30 14:00:00,0.69518,0.69533,0.69506,0.69527
2026-07-30 14:15:00,0.69525,0.6954,0.69517,0.69539
2026-07-30 14:30:00,0.69536,0.69541,0.69515,0.69516
2026-07-30 14:45:00,0.69516,0.69533,0.695,0.69501
2026-07-30 15:00:00,0.69502,0.6953,0.69484,0.69527
2026-07-30 15:15:00,0.69522,0.69544,0.69522,0.69543
2026-07-30 15:30:00,0.6954,0.69552,0.69528,0.69536
2026-07-30 15:45:00,0.69534,0.69558,0.69492,0.69501
2026-07-30 16:00:00,0.69503,0.69514,0.69472,0.69473
2026-07-30 16:15:00,0.69474,0.69513,0.69469,0.69499
2026-07-30 16:30:00,0.69501,0.69531,0.69496,0.695
2026-07-30 16:45:00,0.69501,0.69558,0.69501,0.69538
2026-07-30 17:00:00,0.69541,0.69626,0.69534,0.69609
2026-07-30 17:15:00,0.69607,0.69611,0.69548,0.6955
2026-07-30 17:30:00,0.69554,0.69554,0.69506,0.69551
2026-07-30 17:45:00,0.69543,0.69559,0.69513,0.6952
2026-07-30 18:00:00,0.69518,0.69565,0.69507,0.69561
2026-07-30 18:15:00,0.6956,0.69619,0.69555,0.69607
2026-07-30 18:30:00,0.69611,0.69634,0.69589,0.6961
2026-07-30 18:45:00,0.69609,0.6962,0.69597,0.696
2026-07-30 19:00:00,0.69599,0.6968,0.69594,0.69669
2026-07-30 19:15:00,0.69672,0.69713,0.69672,0.69702
2026-07-30 19:30:00,0.69705,0.69714,0.69679,0.69707
2026-07-30 19:45:00,0.69702,0.69759,0.69702,0.6973
2026-07-30 20:00:00,0.69737,0.69784,0.69714,0.69779
2026-07-30 20:15:00,0.69769,0.69824,0.69752,0.69757
2026-07-30 20:30:00,0.69758,0.69793,0.69753,0.69792
2026-07-30 20:45:00,0.6979,0.69814,0.69766,0.69774
2026-07-30 21:00:00,0.69772,0.69786,0.69757,0.69758
2026-07-30 21:15:00,0.69761,0.69776,0.6975,0.69766
2026-07-30 21:30:00,0.69767,0.69781,0.69757,0.69758
2026-07-30 21:45:00,0.69761,0.69819,0.69758,0.69818
2026-07-30 22:00:00,0.69814,0.69842,0.69801,0.69839
2026-07-30 22:15:00,0.69832,0.69841,0.69796,0.69813
2026-07-30 22:30:00,0.69816,0.69829,0.69786,0.69797
2026-07-30 22:45:00,0.69804,0.6982,0.69755,0.69757
2026-07-30 23:00:00,0.6976,0.69794,0.69738,0.6979
2026-07-30 23:15:00,0.69786,0.69822,0.69775,0.69811
2026-07-30 23:30:00,0.69814,0.70056,0.69814,0.70043
2026-07-30 23:45:00,0.70024,0.70169,0.70024,0.7016
2026-07-31 00:00:00,0.70138,0.70226,0.70135,0.70166
2026-07-31 00:15:00,0.70166,0.70236,0.70144,0.70148
2026-07-31 00:30:00,0.70154,0.70187,0.70131,0.70134
2026-07-31 00:45:00,0.70136,0.70146,0.70033,0.70036
2026-07-31 01:00:00,0.70039,0.70108,0.70038,0.70057
2026-07-31 01:15:00,0.70055,0.70118,0.70041,0.70106
2026-07-31 01:30:00,0.70104,0.70199,0.70098,0.70197
2026-07-31 01:45:00,0.70194,0.70241,0.70181,0.70225
2026-07-31 02:00:00,0.70229,0.70276,0.70216,0.70263
2026-07-31 02:15:00,0.70262,0.70283,0.70257,0.70274
2026-07-31 02:30:00,0.70271,0.70283,0.7025,0.70251
2026-07-31 02:45:00,0.70252,0.70262,0.70232,0.70257
2026-07-31 03:00:00,0.70257,0.70295,0.7022,0.70255
2026-07-31 03:15:00,0.70253,0.70258,0.70234,0.7024
2026-07-31 03:30:00,0.70239,0.70286,0.70213,0.70251
2026-07-31 03:45:00,0.70263,0.7031,0.70263,0.703
2026-07-31 04:00:00,0.70297,0.70323,0.70292,0.70322
2026-07-31 04:15:00,0.70319,0.70335,0.70271,0.70287
2026-07-31 04:30:00,0.70284,0.70301,0.7027,0.70281
2026-07-31 04:45:00,0.70278,0.70295,0.70276,0.7029
2026-07-31 05:00:00,0.7029,0.70321,0.70263,0.70296
2026-07-31 05:15:00,0.70295,0.70324,0.70278,0.70313
2026-07-31 05:30:00,0.70317,0.7032,0.70298,0.70318
2026-07-31 05:45:00,0.70314,0.70324,0.70283,0.7032
2026-07-31 06:00:00,0.70314,0.70333,0.70292,0.70328
2026-07-31 06:15:00,0.70326,0.70326,0.70303,0.70311
2026-07-31 06:30:00,0.70308,0.70311,0.70296,0.70297
2026-07-31 06:45:00,0.70298,0.70302,0.70284,0.70298
2026-07-31 07:00:00,0.70298,0.70316,0.70179,0.7024
2026-07-31 07:15:00,0.70238,0.70239,0.70216,0.70238
2026-07-31 07:30:00,0.70234,0.70247,0.70224,0.70246
2026-07-31 07:45:00,0.70243,0.70259,0.70235,0.70246
2026-07-31 08:00:00,0.70248,0.70296,0.70242,0.70282
2026-07-31 08:15:00,0.70281,0.70283,0.70272,0.70276
2026-07-31 08:30:00,0.70272,0.70307,0.70272,0.70296
2026-07-31 08:45:00,0.70297,0.70301,0.70286,0.70288
2026-07-31 09:00:00,0.70288,0.70318,0.70262,0.7027
2026-07-31 09:15:00,0.70268,0.70273,0.70255,0.70269
2026-07-31 09:30:00,0.70268,0.70268,0.70244,0.70249
2026-07-31 09:45:00,0.70248,0.70269,0.70232,0.70268
2026-07-31 10:00:00,0.70264,0.70285,0.70235,0.7026
2026-07-31 10:15:00,0.70263,0.70311,0.70263,0.70295
2026-07-31 10:30:00,0.70294,0.70322,0.70281,0.70302
2026-07-31 10:45:00,0.70299,0.7031,0.70271,0.703
2026-07-31 11:00:00,0.70302,0.70329,0.70291,0.70298
2026-07-31 11:15:00,0.70299,0.70303,0.70253,0.70271
2026-07-31 11:30:00,0.70269,0.7027,0.70239,0.70251
2026-07-31 11:45:00,0.7025,0.70252,0.70228,0.70241
2026-07-31 12:00:00,0.7024,0.70246,0.70219,0.70239
2026-07-31 12:15:00,0.70238,0.70246,0.70208,0.70232
2026-07-31 12:30:00,0.70229,0.70253,0.70229,0.7025
2026-07-31 12:45:00,0.70248,0.7026,0.70223,0.70246
2026-07-31 13:00:00,0.70239,0.70254,0.7021,0.70211
2026-07-31 13:15:00,0.70213,0.70234,0.702,0.70233
2026-07-31 13:30:00,0.70229,0.70254,0.70229,0.70242
2026-07-31 13:45:00,0.70243,0.70261,0.7024,0.7025
2026-07-31 14:00:00,0.70252,0.70285,0.70252,0.70271
2026-07-31 14:15:00,0.70269,0.70305,0.70265,0.70292
2026-07-31 14:30:00,0.70293,0.70293,0.70264,0.70277
2026-07-31 14:45:00,0.70273,0.70283,0.7026,0.70274
2026-07-31 15:00:00,0.70275,0.70293,0.70269,0.70289
2026-07-31 15:15:00,0.70285,0.703,0.70277,0.70291
2026-07-31 15:30:00,0.70289,0.70314,0.70279,0.70309
2026-07-31 15:45:00,0.70309,0.70309,0.70269,0.70298
2026-07-31 16:00:00,0.70293,0.70343,0.70288,0.70325
2026-07-31 16:15:00,0.70329,0.70381,0.70322,0.70379
2026-07-31 16:30:00,0.70375,0.70385,0.70314,0.70316
2026-07-31 16:45:00,0.70319,0.70357,0.70311,0.70334
2026-07-31 17:00:00,0.7034,0.7034,0.70301,0.70323
2026-07-31 17:15:00,0.7032,0.70337,0.70301,0.70335
2026-07-31 17:30:00,0.70332,0.70341,0.7029,0.70336
2026-07-31 17:45:00,0.70332,0.70373,0.70301,0.70303
2026-07-31 18:00:00,0.70308,0.7032,0.7026,0.70262
2026-07-31 18:15:00,0.70265,0.70327,0.70265,0.70314
2026-07-31 18:30:00,0.7031,0.7033,0.70287,0.70328
2026-07-31 18:45:00,0.70323,0.7044,0.70319,0.70437
2026-07-31 19:00:00,0.70431,0.7044,0.70378,0.70395
2026-07-31 19:15:00,0.70392,0.704,0.70347,0.70348
2026-07-31 19:30:00,0.7035,0.7035,0.70295,0.70299
2026-07-31 19:45:00,0.70298,0.70351,0.70295,0.70339
2026-07-31 20:00:00,0.70341,0.70355,0.70326,0.70344
2026-07-31 20:15:00,0.70343,0.70343,0.70308,0.70317
2026-07-31 20:30:00,0.70317,0.70337,0.70311,0.70325
2026-07-31 20:45:00,0.70321,0.70328,0.70299,0.703
2026-07-31 21:00:00,0.703,0.7033,0.70287,0.70301
2026-07-31 21:15:00,0.70305,0.70305,0.70263,0.70276
2026-07-31 21:30:00,0.70281,0.70287,0.70217,0.70218
2026-07-31 21:45:00,0.70218,0.7022,0.70189,0.70192
2026-07-31 22:00:00,0.70194,0.70201,0.70169,0.7017
2026-07-31 22:15:00,0.70169,0.7018,0.70154,0.70155
2026-07-31 22:30:00,0.70156,0.70158,0.70092,0.70111
2026-07-31 22:45:00,0.70104,0.70138,0.70104,0.70122
2026-07-31 23:00:00,0.70123,0.70149,0.70115,0.70136
2026-07-31 23:15:00,0.70135,0.70244,0.70119,0.7024
2026-07-31 23:30:00,0.70238,0.70238,0.70076,0.70081
2026-07-31 23:45:00,0.70092,0.70118,0.70034,0.70038
2026-08-01 00:00:00,0.70044,0.70044,0.69923,0.69953
2026-08-01 00:15:00,0.69946,0.7004,0.69946,0.70038
2026-08-01 00:30:00,0.70033,0.70146,0.70026,0.70127
2026-08-01 00:45:00,0.70134,0.7025,0.70134,0.70247
2026-08-01 01:00:00,0.70239,0.70251,0.70173,0.70218
2026-08-01 01:15:00,0.70202,0.70257,0.70175,0.70197
2026-08-01 01:30:00,0.70196,0.70254,0.70175,0.7023
2026-08-01 01:45:00,0.70231,0.70242,0.70216,0.70227
2026-08-01 02:00:00,0.70229,0.70264,0.70225,0.70261
2026-08-01 02:15:00,0.70252,0.7027,0.7024,0.70257
2026-08-01 02:30:00,0.70258,0.70284,0.70257,0.70269
2026-08-01 02:45:00,0.70269,0.70271,0.70251,0.70259
2026-08-01 03:00:00,0.70256,0.703,0.70256,0.70299
2026-08-01 03:15:00,0.70293,0.70348,0.70285,0.70347
2026-08-01 03:30:00,0.70343,0.70377,0.70343,0.70366
2026-08-01 03:45:00,0.70362,0.70386,0.70335,0.70361
2026-08-01 04:00:00,0.70367,0.70373,0.70341,0.7035
2026-08-01 04:15:00,0.70348,0.70357,0.70332,0.7035
2026-08-01 04:30:00,0.70352,0.70365,0.70337,0.70353
2026-08-01 04:45:00,0.70354,0.70372,0.70332,0.70371
2026-08-01 05:00:00,0.70369,0.70391,0.70367,0.70391
2026-08-01 05:15:00,0.7039,0.70393,0.70377,0.70392
2026-08-01 05:30:00,0.70389,0.70404,0.70371,0.70399
2026-08-01 05:45:00,0.70392,0.70426,0.70369,0.70371
2026-08-01 06:00:00,0.70373,0.70376,0.70337,0.7034
2026-08-01 06:15:00,0.70337,0.70394,0.70337,0.70371
2026-08-01 06:30:00,0.70374,0.70413,0.70368,0.70392
2026-08-01 06:45:00,0.70393,0.70419,0.70263,0.7028
2026-08-01 07:00:00,0.70303,0.70303,0.70153,0.70241
2026-08-01 07:15:00,0.7024,0.70259,0.7019,0.70213
2026-08-01 07:30:00,0.70205,0.70273,0.70094,0.70169
2026-08-01 07:45:00,0.70184,0.70315,0.70104,0.70241
2026-08-01 08:00:00,0.70242,0.70271,0.70214,0.70221
2026-08-01 08:15:00,0.70226,0.70255,0.70185,0.70223
2026-08-01 08:30:00,0.70219,0.70257,0.70188,0.70221
2026-08-01 08:45:00,0.70225,0.70259,0.70178,0.70226
2026-08-01 09:00:00,0.70215,0.70263,0.70178,0.70243
2026-08-01 09:15:00,0.70241,0.70255,0.70186,0.70231
2026-08-01 09:30:00,0.70223,0.70257,0.70177,0.70234
2026-08-01 09:45:00,0.70233,0.70247,0.70178,0.70226
2026-08-01 10:00:00,0.70216,0.70327,0.70174,0.70322
2026-08-01 10:15:00,0.70322,0.70333,0.70283,0.70326
2026-08-01 10:30:00,0.70325,0.7035,0.70288,0.70324
2026-08-01 10:45:00,0.70323,0.70327,0.70289,0.70325
2026-08-01 11:00:00,0.70324,0.70328,0.70296,0.70323
2026-08-01 11:15:00,0.70323,0.70327,0.7029,0.70325
2026-08-01 11:30:00,0.70324,0.70353,0.70202,0.70309
2026-08-01 11:45:00,0.70298,0.70326,0.7029,0.70322
2026-08-01 12:00:00,0.70322,0.70326,0.70215,0.7032
2026-08-01 12:15:00,0.70322,0.70328,0.70289,0.70325
2026-08-01 12:30:00,0.70324,0.70336,0.7029,0.70327
2026-08-01 12:45:00,0.70325,0.70326,0.70298,0.70324
2026-08-01 13:00:00,0.70323,0.70327,0.70322,0.70326
2026-08-01 13:15:00,0.70324,0.70327,0.70238,0.70324
2026-08-01 13:30:00,0.70324,0.70327,0.70322,0.70326
2026-08-01 13:45:00,0.70324,0.70343,0.70289,0.70324
2026-08-01 14:00:00,0.70323,0.70329,0.70296,0.70325
2026-08-01 14:15:00,0.70322,0.70329,0.70321,0.70326
2026-08-01 14:30:00,0.70326,0.70329,0.70296,0.70328
2026-08-01 14:45:00,0.70326,0.70329,0.70325,0.70327
2026-08-01 15:00:00,0.70326,0.70332,0.70237,0.70325
2026-08-01 15:15:00,0.70325,0.70347,0.70293,0.70322
2026-08-01 15:30:00,0.70319,0.70328,0.70319,0.70326
2026-08-01 15:45:00,0.70324,0.70328,0.70286,0.70326
2026-08-01 16:00:00,0.70325,0.70329,0.70324,0.70326
2026-08-01 16:15:00,0.70326,0.70329,0.703,0.70326
2026-08-01 16:30:00,0.70326,0.7033,0.70239,0.70323
2026-08-01 16:45:00,0.70308,0.70329,0.70308,0.70327
2026-08-01 17:00:00,0.70326,0.70328,0.70299,0.70326
2026-08-01 17:15:00,0.70326,0.70329,0.70324,0.70326
2026-08-01 17:30:00,0.70326,0.7033,0.703,0.70327
2026-08-01 17:45:00,0.70326,0.70344,0.70293,0.70326
2026-08-01 18:00:00,0.70321,0.70328,0.70319,0.70324
2026-08-01 18:15:00,0.70324,0.70327,0.70223,0.70325
2026-08-01 18:30:00,0.70323,0.70328,0.70322,0.70325
2026-08-01 18:45:00,0.70324,0.70329,0.70278,0.70327
2026-08-01 19:00:00,0.70326,0.70341,0.70294,0.70311
2026-08-01 19:15:00,0.70304,0.70328,0.70304,0.70325
2026-08-01 19:30:00,0.70325,0.7035,0.70279,0.70322
2026-08-01 19:45:00,0.70322,0.70329,0.70321,0.70327
2026-08-01 20:00:00,0.70326,0.70331,0.70239,0.70326
2026-08-01 20:15:00,0.70326,0.70329,0.70296,0.70324
2026-08-01 20:30:00,0.7032,0.70329,0.7032,0.70326
2026-08-01 20:45:00,0.70326,0.70346,0.70295,0.70327
2026-08-01 21:00:00,0.70326,0.70329,0.70325,0.70326
2026-08-01 21:15:00,0.70326,0.70332,0.70296,0.70325
2026-08-01 21:30:00,0.70326,0.70329,0.70222,0.70309
2026-08-01 21:45:00,0.70297,0.7033,0.70297,0.70326
2026-08-01 22:00:00,0.70325,0.70335,0.70286,0.70325
2026-08-01 22:15:00,0.70324,0.70327,0.70323,0.70324
2026-08-01 22:30:00,0.70325,0.70328,0.70288,0.70323
2026-08-01 22:45:00,0.70324,0.70327,0.70285,0.7029
2026-08-01 23:00:00,0.70296,0.70327,0.70296,0.70325
2026-08-01 23:15:00,0.70323,0.70414,0.70201,0.70314
2026-08-01 23:30:00,0.7031,0.70327,0.7031,0.70326
2026-08-01 23:45:00,0.70324,0.70326,0.70285,0.70319
2026-08-02 00:00:00,0.70317,0.70324,0.70276,0.70281
2026-08-02 00:15:00,0.70289,0.70313,0.70289,0.7031
2026-08-02 00:30:00,0.7031,0.70319,0.70269,0.7028
2026-08-02 00:45:00,0.70281,0.70284,0.7028,0.70281
2026-08-02 01:00:00,0.70281,0.70384,0.70169,0.70254
2026-08-02 01:15:00,0.70252,0.70291,0.70244,0.70248
2026-08-02 01:30:00,0.70256,0.70259,0.70255,0.70255
2026-08-02 01:45:00,0.70256,0.70292,0.70246,0.70259
2026-08-02 02:00:00,0.70257,0.70329,0.7025,0.70328
2026-08-02 02:15:00,0.70326,0.70341,0.70293,0.70325
2026-08-02 02:30:00,0.70325,0.70376,0.70216,0.7023
2026-08-02 02:45:00,0.70263,0.70329,0.70263,0.70326
2026-08-02 03:00:00,0.70326,0.70328,0.70293,0.70325
2026-08-02 03:15:00,0.70324,0.70329,0.70323,0.70326
2026-08-02 03:30:00,0.70325,0.70342,0.70295,0.7032
2026-08-02 03:45:00,0.7032,0.70329,0.70296,0.70326
2026-08-02 04:00:00,0.70322,0.70322,0.70278,0.70319
2026-08-02 04:15:00,0.70318,0.70324,0.70181,0.70226
2026-08-02 04:30:00,0.70225,0.70296,0.70222,0.70284
2026-08-02 04:45:00,0.70285,0.70308,0.7025,0.70298
2026-08-02 05:00:00,0.70298,0.70326,0.70285,0.70322
2026-08-02 05:15:00,0.70318,0.70321,0.7027,0.70319
2026-08-02 05:30:00,0.70317,0.70322,0.70274,0.70301
2026-08-02 05:45:00,0.70301,0.70323,0.70233,0.70283
2026-08-02 06:00:00,0.70283,0.70288,0.70162,0.70245
2026-08-02 06:15:00,0.70244,0.70261,0.70226,0.70255
2026-08-02 06:30:00,0.70247,0.70247,0.7022,0.70228
2026-08-02 06:45:00,0.70228,0.70231,0.70209,0.70215
2026-08-02 07:00:00,0.70215,0.70222,0.70215,0.70221
2026-08-02 07:15:00,0.70219,0.70222,0.70203,0.7021
2026-08-02 07:30:00,0.70208,0.70352,0.70173,0.70343
2026-08-02 07:45:00,0.70326,0.70327,0.70211,0.70325
2026-08-02 08:00:00,0.70323,0.70349,0.7029,0.70326
2026-08-02 08:15:00,0.70324,0.70329,0.70324,0.70328
2026-08-02 08:30:00,0.70326,0.70339,0.70287,0.70323
2026-08-02 08:45:00,0.70321,0.70329,0.70321,0.70325
2026-08-02 09:00:00,0.70325,0.70352,0.70286,0.70326
2026-08-02 09:15:00,0.70326,0.70329,0.70205,0.70285
2026-08-02 09:30:00,0.70269,0.70329,0.70269,0.70327
2026-08-02 09:45:00,0.70326,0.70328,0.70288,0.70325
2026-08-02 10:00:00,0.70325,0.70329,0.70324,0.70326
2026-08-02 10:15:00,0.70326,0.70343,0.70287,0.70327
2026-08-02 10:30:00,0.70325,0.70346,0.70286,0.70305
2026-08-02 10:45:00,0.70298,0.70324,0.70298,0.7032
2026-08-02 11:00:00,0.70321,0.70326,0.70176,0.70224
2026-08-02 11:15:00,0.7023,0.70279,0.7023,0.70255
2026-08-02 11:30:00,0.70254,0.70282,0.7021,0.7027
2026-08-02 11:45:00,0.70268,0.70273,0.70267,0.7027
2026-08-02 12:00:00,0.7027,0.70273,0.70269,0.7027
2026-08-02 12:15:00,0.7027,0.70279,0.70239,0.7025
2026-08-02 12:30:00,0.70249,0.70329,0.70245,0.70327
2026-08-02 12:45:00,0.70325,0.70328,0.70202,0.70326
2026-08-02 13:00:00,0.70326,0.70329,0.70286,0.70323
2026-08-02 13:15:00,0.7032,0.70329,0.7032,0.70326
2026-08-02 13:30:00,0.70326,0.70355,0.70287,0.70327
2026-08-02 13:45:00,0.70325,0.70329,0.70325,0.70326
2026-08-02 14:00:00,0.70326,0.70328,0.70287,0.70323
2026-08-02 14:15:00,0.7032,0.70416,0.70203,0.70301
2026-08-02 14:30:00,0.70292,0.70328,0.70292,0.70327
2026-08-02 14:45:00,0.70325,0.70329,0.70279,0.70301
2026-08-02 15:00:00,0.703,0.70327,0.70297,0.70323
2026-08-02 15:15:00,0.70323,0.70326,0.70281,0.70305
2026-08-02 15:30:00,0.70305,0.70326,0.70248,0.70261
2026-08-02 15:45:00,0.70259,0.70306,0.70233,0.703
2026-08-02 16:00:00,0.70299,0.70404,0.70222,0.70325
2026-08-02 16:15:00,0.70323,0.7033,0.70323,0.70326
2026-08-02 16:30:00,0.70326,0.70328,0.70288,0.70327
2026-08-02 16:45:00,0.70326,0.70329,0.70287,0.70313
2026-08-02 17:00:00,0.70308,0.70328,0.70308,0.70325
2026-08-02 17:15:00,0.70325,0.70347,0.70278,0.70305
2026-08-02 17:30:00,0.70305,0.70308,0.70304,0.70306
2026-08-02 17:45:00,0.70305,0.70381,0.70165,0.70265
2026-08-02 18:00:00,0.70252,0.70255,0.70227,0.70235
2026-08-02 18:15:00,0.70235,0.70238,0.70234,0.70234
2026-08-02 18:30:00,0.70235,0.70277,0.70182,0.70259
2026-08-02 18:45:00,0.70258,0.70261,0.70257,0.7026
2026-08-02 19:00:00,0.70258,0.70276,0.70231,0.7024
2026-08-02 19:15:00,0.7024,0.70265,0.70156,0.70177
2026-08-02 19:30:00,0.70177,0.70181,0.70176,0.70179
2026-08-02 19:45:00,0.70177,0.7018,0.70174,0.70177
2026-08-02 20:00:00,0.70175,0.70178,0.70174,0.70176
2026-08-02 20:15:00,0.70175,0.70178,0.70174,0.70174
2026-08-02 20:30:00,0.70175,0.70191,0.70163,0.70186
2026-08-02 20:45:00,0.70186,0.70189,0.70185,0.70187
2026-08-02 21:00:00,0.70186,0.70189,0.70185,0.70187
2026-08-02 21:15:00,0.70186,0.70189,0.70185,0.70185
2026-08-02 21:30:00,0.70186,0.70318,0.70167,0.70279
2026-08-02 21:45:00,0.70279,0.70282,0.70278,0.7028
2026-08-02 22:00:00,0.70279,0.70282,0.70278,0.7028
2026-08-02 22:15:00,0.70279,0.70327,0.70276,0.70324
2026-08-02 22:30:00,0.70325,0.70329,0.70325,0.70326
2026-08-02 22:45:00,0.70326,0.70328,0.70324,0.70327
2026-08-02 23:00:00,0.70325,0.70329,0.70324,0.70327
2026-08-02 23:15:00,0.70325,0.70386,0.70315,0.70367
2026-08-02 23:30:00,0.70367,0.7037,0.70366,0.70367
2026-08-02 23:45:00,0.70367,0.7037,0.70366,0.70368
2026-08-03 00:00:00,0.70367,0.70442,0.70256,0.70321
2026-08-03 00:15:00,0.70319,0.70328,0.70319,0.70325
2026-08-03 00:30:00,0.70325,0.70329,0.70324,0.70325
2026-08-03 00:45:00,0.70325,0.70328,0.70188,0.70324
2026-08-03 01:00:00,0.70322,0.70368,0.70179,0.70328
2026-08-03 01:15:00,0.70327,0.7033,0.70325,0.70327
2026-08-03 01:30:00,0.70326,0.70328,0.70324,0.70325
2026-08-03 01:45:00,0.70325,0.70328,0.70324,0.70327
2026-08-03 02:00:00,0.70325,0.70334,0.70303,0.70319
2026-08-03 02:15:00,0.70315,0.70329,0.70315,0.70326
2026-08-03 02:30:00,0.70325,0.70376,0.70312,0.70344
2026-08-03 02:45:00,0.70346,0.70346,0.70298,0.70316
2026-08-03 03:00:00,0.70311,0.70327,0.70311,0.70323
2026-08-03 03:15:00,0.70321,0.70329,0.7032,0.70322
2026-08-03 03:30:00,0.70321,0.70329,0.7032,0.70326
2026-08-03 03:45:00,0.70326,0.70329,0.7032,0.70321
2026-08-03 04:00:00,0.70321,0.70329,0.70304,0.70324
2026-08-03 04:15:00,0.70323,0.70364,0.70303,0.70308
2026-08-03 04:30:00,0.7031,0.70343,0.70291,0.70324
2026-08-03 04:45:00,0.70321,0.70328,0.70321,0.70325
2026-08-03 05:00:00,0.70325,0.70527,0.70309,0.70522
2026-08-03 05:15:00,0.70512,0.70567,0.70376,0.70513
2026-08-03 05:30:00,0.7049,0.70548,0.70354,0.7037
2026-08-03 05:45:00,0.704,0.70486,0.70347,0.70419
2026-08-03 06:00:00,0.70407,0.70518,0.70377,0.70487
2026-08-03 06:15:00,0.70485,0.70537,0.704,0.70519
2026-08-03 06:30:00,0.70492,0.70526,0.70408,0.7047
2026-08-03 06:45:00,0.70474,0.7048,0.70395,0.70404
2026-08-03 07:00:00,0.7041,0.70473,0.70402,0.70447
2026-08-03 07:15:00,0.70448,0.70467,0.70408,0.70436
2026-08-03 07:30:00,0.70431,0.70446,0.70393,0.70422
2026-08-03 07:45:00,0.70425,0.70444,0.70405,0.70435
2026-08-03 08:00:00,0.70427,0.70492,0.70381,0.7049
2026-08-03 08:15:00,0.70485,0.70492,0.70435,0.70483
2026-08-03 08:30:00,0.7048,0.70514,0.7047,0.70471
2026-08-03 08:45:00,0.70473,0.7049,0.70462,0.70463
2026-08-03 09:00:00,0.70465,0.70467,0.7043,0.70439
2026-08-03 09:15:00,0.70436,0.70442,0.70425,0.70441
2026-08-03 09:30:00,0.70438,0.70453,0.7043,0.70436
2026-08-03 09:45:00,0.70433,0.70467,0.70428,0.70449
2026-08-03 10:00:00,0.70452,0.70459,0.70409,0.7041
2026-08-03 10:15:00,0.70413,0.70437,0.704,0.70434
2026-08-03 10:30:00,0.70424,0.70504,0.70424,0.70486
2026-08-03 10:45:00,0.70476,0.70497,0.70414,0.7042
2026-08-03 11:00:00,0.70421,0.70427,0.70359,0.7036
2026-08-03 11:15:00,0.70363,0.70364,0.70338,0.70355
2026-08-03 11:30:00,0.7036,0.7036,0.70323,0.70349
2026-08-03 11:45:00,0.70352,0.70352,0.70318,0.70341
2026-08-03 12:00:00,0.7034,0.70341,0.70301,0.70302
2026-08-03 12:15:00,0.70304,0.70322,0.70286,0.70293
2026-08-03 12:30:00,0.70292,0.7034,0.7029,0.70321
2026-08-03 12:45:00,0.7032,0.70327,0.70306,0.70312
2026-08-03 13:00:00,0.70311,0.70313,0.70286,0.70286
2026-08-03 13:15:00,0.70288,0.70301,0.70285,0.70301
2026-08-03 13:30:00,0.703,0.70304,0.70278,0.70303
2026-08-03 13:45:00,0.70301,0.70311,0.70281,0.7029
2026-08-03 14:00:00,0.70288,0.70314,0.70288,0.70312
2026-08-03 14:15:00,0.70308,0.70315,0.70299,0.7031
2026-08-03 14:30:00,0.70308,0.7032,0.70296,0.7031
2026-08-03 14:45:00,0.70311,0.70332,0.70305,0.70311
2026-08-03 15:00:00,0.7031,0.70332,0.70302,0.7032
2026-08-03 15:15:00,0.70318,0.70323,0.70308,0.70319
2026-08-03 15:30:00,0.70319,0.70334,0.70315,0.70333
2026-08-03 15:45:00,0.70329,0.70362,0.70327,0.70361
2026-08-03 16:00:00,0.70359,0.70376,0.70356,0.70358
2026-08-03 16:15:00,0.7036,0.70362,0.70328,0.70339
2026-08-03 16:30:00,0.70335,0.70346,0.70293,0.703
2026-08-03 16:45:00,0.70298,0.70298,0.70269,0.70274
2026-08-03 17:00:00,0.70272,0.70285,0.70259,0.70271
2026-08-03 17:15:00,0.7027,0.70287,0.70198,0.70239
2026-08-03 17:30:00,0.70239,0.70254,0.7018,0.70183
2026-08-03 17:45:00,0.70183,0.70191,0.70165,0.70187
2026-08-03 18:00:00,0.70183,0.70183,0.70148,0.70167
2026-08-03 18:15:00,0.70167,0.70169,0.70127,0.70129
2026-08-03 18:30:00,0.70131,0.70146,0.70118,0.70129
2026-08-03 18:45:00,0.70128,0.70128,0.70083,0.70093
2026-08-03 19:00:00,0.70095,0.70104,0.70073,0.70097
2026-08-03 19:15:00,0.70096,0.70096,0.7006,0.70075
2026-08-03 19:30:00,0.7007,0.7008,0.70057,0.70079
2026-08-03 19:45:00,0.70076,0.70085,0.70047,0.70053
2026-08-03 20:00:00,0.70065,0.70065,0.70024,0.7004
2026-08-03 20:15:00,0.70038,0.70038,0.69996,0.70007
2026-08-03 20:30:00,0.70008,0.70023,0.69997,0.69999
2026-08-03 20:45:00,0.70001,0.70012,0.69983,0.70011
2026-08-03 21:00:00,0.7001,0.70025,0.7,0.70011
2026-08-03 21:15:00,0.70009,0.7003,0.69991,0.70003
2026-08-03 21:30:00,0.70003,0.70055,0.69997,0.70051
2026-08-03 21:45:00,0.70044,0.70085,0.70044,0.70085
2026-08-03 22:00:00,0.70083,0.70089,0.70044,0.7005
2026-08-03 22:15:00,0.70049,0.70053,0.70026,0.70026
2026-08-03 22:30:00,0.70027,0.70039,0.69978,0.69979
2026-08-03 22:45:00,0.69981,0.69998,0.69967,0.69989
2026-08-03 23:00:00,0.69985,0.7,0.6996,0.69966
2026-08-03 23:15:00,0.69977,0.69977,0.6992,0.69945
2026-08-03 23:30:00,0.6994,0.69953,0.699,0.69907
2026-08-03 23:45:00,0.69908,0.69917,0.69835,0.69909
2026-08-04 00:00:00,0.69899,0.69944,0.69899,0.69929
2026-08-04 00:15:00,0.69928,0.69944,0.69916,0.6993
2026-08-04 00:30:00,0.69929,0.69955,0.69925,0.69927
2026-08-04 00:45:00,0.69929,0.69998,0.69927,0.69994
2026-08-04 01:00:00,0.69986,0.69997,0.69958,0.69964
2026-08-04 01:15:00,0.69962,0.69985,0.69958,0.69962
2026-08-04 01:30:00,0.69965,0.69991,0.69956,0.6998
2026-08-04 01:45:00,0.69981,0.70007,0.69966,0.70007
2026-08-04 02:00:00,0.70006,0.70007,0.69983,0.70002
2026-08-04 02:15:00,0.7,0.70006,0.6998,0.69989
2026-08-04 02:30:00,0.69991,0.69992,0.69972,0.69988
2026-08-04 02:45:00,0.69988,0.69991,0.69968,0.69976
2026-08-04 03:00:00,0.69975,0.69975,0.69938,0.69948
2026-08-04 03:15:00,0.69946,0.69946,0.69933,0.69934
2026-08-04 03:30:00,0.69934,0.69947,0.69929,0.69937
2026-08-04 03:45:00,0.69937,0.69951,0.69924,0.69924
2026-08-04 04:00:00,0.69925,0.6995,0.69919,0.69938
2026-08-04 04:15:00,0.69936,0.69966,0.69936,0.69964
2026-08-04 04:30:00,0.69963,0.69974,0.69953,0.69971
2026-08-04 04:45:00,0.69967,0.69997,0.69967,0.69987
2026-08-04 05:00:00,0.69989,0.70013,0.69989,0.69996
2026-08-04 05:15:00,0.69997,0.70001,0.69988,0.69997
2026-08-04 05:30:00,0.69995,0.70001,0.69987,0.70001
2026-08-04 05:45:00,0.7,0.70007,0.69993,0.7
2026-08-04 06:00:00,0.7,0.70004,0.69991,0.69993
2026-08-04 06:15:00,0.69993,0.69996,0.69979,0.69982
2026-08-04 06:30:00,0.69984,0.70003,0.69977,0.69999
2026-08-04 06:45:00,0.69999,0.70011,0.69997,0.70009
2026-08-04 07:00:00,0.70005,0.70053,0.69976,0.70022
2026-08-04 07:15:00,0.70022,0.70023,0.69995,0.70009
2026-08-04 07:30:00,0.7001,0.7001,0.69978,0.69999
2026-08-04 07:45:00,0.69998,0.7001,0.69994,0.69994
2026-08-04 08:00:00,0.69996,0.70006,0.69977,0.69978
2026-08-04 08:15:00,0.69978,0.69991,0.69975,0.6998
2026-08-04 08:30:00,0.69982,0.69997,0.69974,0.69996
2026-08-04 08:45:00,0.69994,0.70002,0.69989,0.69996
2026-08-04 09:00:00,0.69996,0.70006,0.69984,0.69991
2026-08-04 09:15:00,0.6999,0.7,0.69985,0.69992
2026-08-04 09:30:00,0.6999,0.6999,0.69966,0.69967
2026-08-04 09:45:00,0.69967,0.69985,0.69967,0.69972
2026-08-04 10:00:00,0.69973,0.70045,0.69969,0.70014
2026-08-04 10:15:00,0.70018,0.70038,0.70004,0.70036
2026-08-04 10:30:00,0.70035,0.70057,0.70033,0.70055
2026-08-04 10:45:00,0.7005,0.70062,0.70004,0.70012
2026-08-04 11:00:00,0.7001,0.70012,0.69965,0.7001
2026-08-04 11:15:00,0.70007,0.70029,0.69998,0.70008
2026-08-04 11:30:00,0.70007,0.70091,0.70003,0.70081
2026-08-04 11:45:00,0.70079,0.70145,0.70079,0.7014
2026-08-04 12:00:00,0.70139,0.70179,0.70095,0.70176
2026-08-04 12:15:00,0.7017,0.70178,0.70135,0.70137
2026-08-04 12:30:00,0.70139,0.70176,0.70139,0.70175
2026-08-04 12:45:00,0.70172,0.70181,0.70157,0.70159
2026-08-04 13:00:00,0.70161,0.70181,0.70154,0.70165
2026-08-04 13:15:00,0.70166,0.70223,0.7016,0.70216
2026-08-04 13:30:00,0.70217,0.70231,0.7018,0.70186
2026-08-04 13:45:00,0.70184,0.70203,0.70177,0.70188
2026-08-04 14:00:00,0.70191,0.70193,0.70172,0.70173
2026-08-04 14:15:00,0.70174,0.70203,0.7017,0.702
2026-08-04 14:30:00,0.702,0.70205,0.70181,0.70193
2026-08-04 14:45:00,0.7019,0.702,0.70175,0.70197
2026-08-04 15:00:00,0.70196,0.702,0.70176,0.70177
2026-08-04 15:15:00,0.70181,0.70203,0.70173,0.70194
2026-08-04 15:30:00,0.70191,0.70216,0.70158,0.70164
2026-08-04 15:45:00,0.70163,0.70186,0.70149,0.70185
2026-08-04 16:00:00,0.70183,0.70198,0.70151,0.70159
2026-08-04 16:15:00,0.70158,0.70211,0.70153,0.70202
2026-08-04 16:30:00,0.702,0.702,0.7014,0.70143
2026-08-04 16:45:00,0.70148,0.70148,0.70121,0.70144
2026-08-04 17:00:00,0.70142,0.70198,0.70135,0.70196
2026-08-04 17:15:00,0.70195,0.70231,0.70194,0.70208
2026-08-04 17:30:00,0.7021,0.70211,0.7018,0.70183
2026-08-04 17:45:00,0.70189,0.702,0.70174,0.70187
2026-08-04 18:00:00,0.70186,0.70222,0.70179,0.70201
2026-08-04 18:15:00,0.70201,0.70233,0.70196,0.70229
2026-08-04 18:30:00,0.70223,0.70244,0.70209,0.7024
2026-08-04 18:45:00,0.70241,0.70241,0.70222,0.70224
2026-08-04 19:00:00,0.70222,0.70236,0.70209,0.70223
2026-08-04 19:15:00,0.7022,0.70266,0.7021,0.70263
2026-08-04 19:30:00,0.70259,0.70269,0.70256,0.7026
2026-08-04 19:45:00,0.70261,0.70272,0.70246,0.70261
2026-08-04 20:00:00,0.70255,0.70292,0.70255,0.7029
2026-08-04 20:15:00,0.70289,0.70291,0.70267,0.7029
2026-08-04 20:30:00,0.70289,0.70306,0.70266,0.70298
2026-08-04 20:45:00,0.70284,0.70355,0.70284,0.70328
2026-08-04 21:00:00,0.70326,0.7033,0.70302,0.70329
2026-08-04 21:15:00,0.70327,0.7036,0.70325,0.70356
2026-08-04 21:30:00,0.7035,0.70374,0.70334,0.70339
2026-08-04 21:45:00,0.7035,0.70369,0.70318,0.70337
2026-08-04 22:00:00,0.70334,0.70336,0.70299,0.703
2026-08-04 22:15:00,0.70301,0.70312,0.70296,0.70297
2026-08-04 22:30:00,0.70299,0.7036,0.70292,0.7036
2026-08-04 22:45:00,0.70358,0.70363,0.70333,0.70334
2026-08-04 23:00:00,0.70336,0.70337,0.70306,0.70329
2026-08-04 23:15:00,0.70326,0.70384,0.70302,0.70347
2026-08-04 23:30:00,0.70353,0.70371,0.70309,0.70351
2026-08-04 23:45:00,0.70352,0.70366,0.7034,0.70361
2026-08-05 00:00:00,0.70359,0.70405,0.70355,0.70404
2026-08-05 00:15:00,0.704,0.70416,0.70378,0.70413
2026-08-05 00:30:00,0.70412,0.70419,0.70371,0.70379
2026-08-05 00:45:00,0.70381,0.70391,0.70355,0.70389
2026-08-05 01:00:00,0.70384,0.70392,0.70348,0.70351
2026-08-05 01:15:00,0.70355,0.70355,0.70314,0.70336
2026-08-05 01:30:00,0.70335,0.70363,0.7032,0.70348
2026-08-05 01:45:00,0.70348,0.70373,0.7034,0.70372
2026-08-05 02:00:00,0.7037,0.70381,0.70353,0.7038
2026-08-05 02:15:00,0.70378,0.70391,0.70358,0.7039
2026-08-05 02:30:00,0.70387,0.70387,0.70365,0.70378
2026-08-05 02:45:00,0.70374,0.70391,0.70374,0.70389
2026-08-05 03:00:00,0.70387,0.70403,0.70378,0.70399
2026-08-05 03:15:00,0.70396,0.70408,0.70389,0.70402
2026-08-05 03:30:00,0.70405,0.70421,0.70388,0.7042
2026-08-05 03:45:00,0.70418,0.70423,0.70407,0.70407
2026-08-05 04:00:00,0.70408,0.70412,0.70388,0.704
2026-08-05 04:15:00,0.70398,0.70406,0.70392,0.70401
2026-08-05 04:30:00,0.704,0.70408,0.70391,0.70406
2026-08-05 04:45:00,0.70402,0.70465,0.70402,0.70459
2026-08-05 05:00:00,0.70459,0.70473,0.70448,0.70462
2026-08-05 05:15:00,0.70464,0.70481,0.70456,0.70476
2026-08-05 05:30:00,0.70473,0.70487,0.70472,0.70481
2026-08-05 05:45:00,0.70482,0.70484,0.70459,0.7047
2026-08-05 06:00:00,0.70466,0.70485,0.70446,0.70473
2026-08-05 06:15:00,0.70474,0.7048,0.70467,0.70471
2026-08-05 06:30:00,0.70476,0.70476,0.70458,0.70458
2026-08-05 06:45:00,0.70459,0.70469,0.70458,0.70466
2026-08-05 07:00:00,0.70466,0.70472,0.70414,0.70427
2026-08-05 07:15:00,0.70426,0.70441,0.7041,0.7043
2026-08-05 07:30:00,0.70428,0.70453,0.70423,0.70433
2026-08-05 07:45:00,0.70434,0.7046,0.70423,0.70455
2026-08-05 08:00:00,0.70456,0.70477,0.70436,0.70463
2026-08-05 08:15:00,0.70464,0.70474,0.70464,0.7047
2026-08-05 08:30:00,0.70469,0.70489,0.70467,0.70485
2026-08-05 08:45:00,0.70484,0.70491,0.70461,0.7049
2026-08-05 09:00:00,0.70488,0.7049,0.70467,0.70487
2026-08-05 09:15:00,0.70484,0.70491,0.7048,0.7049
2026-08-05 09:30:00,0.70489,0.70489,0.70468,0.70471
2026-08-05 09:45:00,0.7047,0.70481,0.70462,0.70473
2026-08-05 10:00:00,0.70471,0.70482,0.70457,0.70467
2026-08-05 10:15:00,0.70462,0.70532,0.70462,0.7052
2026-08-05 10:30:00,0.70519,0.70528,0.70476,0.7048
2026-08-05 10:45:00,0.70486,0.70486,0.70425,0.70434
2026-08-05 11:00:00,0.70437,0.70464,0.70406,0.70447
2026-08-05 11:15:00,0.70451,0.70451,0.70403,0.70412
2026-08-05 11:30:00,0.70405,0.70429,0.70405,0.70428
2026-08-05 11:45:00,0.70425,0.7044,0.70418,0.70435
2026-08-05 12:00:00,0.70436,0.7046,0.7042,0.70422
2026-08-05 12:15:00,0.70422,0.70442,0.7041,0.70441
2026-08-05 12:30:00,0.70439,0.70498,0.70436,0.70491
2026-08-05 12:45:00,0.7049,0.70514,0.70481,0.70489
2026-08-05 13:00:00,0.70489,0.70525,0.70469,0.70524
2026-08-05 13:15:00,0.70522,0.70525,0.70492,0.70498
2026-08-05 13:30:00,0.70496,0.70503,0.70486,0.70502
2026-08-05 13:45:00,0.705,0.70502,0.70486,0.705
2026-08-05 14:00:00,0.70499,0.7053,0.70494,0.70515
2026-08-05 14:15:00,0.70521,0.70564,0.70521,0.70547
2026-08-05 14:30:00,0.70548,0.70549,0.705,0.70504
2026-08-05 14:45:00,0.70512,0.70531,0.70479,0.70485
2026-08-05 15:00:00,0.70484,0.70485,0.70456,0.70463
2026-08-05 15:15:00,0.70462,0.70475,0.7046,0.70462
2026-08-05 15:30:00,0.70463,0.70481,0.70456,0.7048
2026-08-05 15:45:00,0.70478,0.70494,0.70465,0.70482
2026-08-05 16:00:00,0.70481,0.7051,0.70475,0.70506
2026-08-05 16:15:00,0.70505,0.70509,0.70437,0.70438
2026-08-05 16:30:00,0.7044,0.70479,0.70432,0.70469
2026-08-05 16:45:00,0.70473,0.70497,0.70461,0.70493
2026-08-05 17:00:00,0.70491,0.70503,0.70442,0.70453
2026-08-05 17:15:00,0.70452,0.70454,0.70408,0.70409
2026-08-05 17:30:00,0.70411,0.70436,0.70409,0.70434
2026-08-05 17:45:00,0.70433,0.70481,0.70429,0.7048
2026-08-05 18:00:00,0.70476,0.70483,0.70458,0.70459
2026-08-05 18:15:00,0.70461,0.70479,0.70446,0.70469
2026-08-05 18:30:00,0.7047,0.7048,0.70435,0.70448
2026-08-05 18:45:00,0.70445,0.70445,0.70421,0.70441
2026-08-05 19:00:00,0.7044,0.70455,0.70427,0.70452
2026-08-05 19:15:00,0.7045,0.7045,0.70439,0.70443
2026-08-05 19:30:00,0.70445,0.70468,0.70438,0.70468
2026-08-05 19:45:00,0.70467,0.70474,0.70462,0.70469
2026-08-05 20:00:00,0.70467,0.70469,0.70431,0.70432
2026-08-05 20:15:00,0.70434,0.70456,0.70422,0.70423
2026-08-05 20:30:00,0.70424,0.70427,0.70412,0.7042
2026-08-05 20:45:00,0.70419,0.70432,0.70407,0.7043
2026-08-05 21:00:00,0.70428,0.70461,0.70426,0.7046
2026-08-05 21:15:00,0.70458,0.70482,0.70444,0.70481
2026-08-05 21:30:00,0.70478,0.7051,0.70455,0.70497
2026-08-05 21:45:00,0.70499,0.70505,0.70487,0.705
2026-08-05 22:00:00,0.70499,0.70529,0.70497,0.70503
2026-08-05 22:15:00,0.70504,0.70539,0.70503,0.70521
2026-08-05 22:30:00,0.70523,0.70539,0.70493,0.705
2026-08-05 22:45:00,0.70504,0.70514,0.70475,0.70483
2026-08-05 23:00:00,0.70482,0.70501,0.70469,0.70483
2026-08-05 23:15:00,0.70485,0.70506,0.70472,0.70503
2026-08-05 23:30:00,0.70498,0.70513,0.70457,0.70505
2026-08-05 23:45:00,0.705,0.70549,0.70496,0.70528
2026-08-06 00:00:00,0.7053,0.70641,0.70529,0.70593
2026-08-06 00:15:00,0.70596,0.70628,0.70587,0.70606
2026-08-06 00:30:00,0.70609,0.70615,0.70586,0.70613
2026-08-06 00:45:00,0.7061,0.70614,0.70544,0.70583
2026-08-06 01:00:00,0.70576,0.70598,0.7057,0.70581
2026-08-06 01:15:00,0.70587,0.70587,0.70536,0.7056
2026-08-06 01:30:00,0.70559,0.70563,0.70524,0.70555
2026-08-06 01:45:00,0.70553,0.70564,0.70502,0.70502
2026-08-06 02:00:00,0.70503,0.70523,0.70488,0.70509
2026-08-06 02:15:00,0.70508,0.70543,0.70507,0.7053
2026-08-06 02:30:00,0.7053,0.70533,0.70523,0.70524
2026-08-06 02:45:00,0.70524,0.70526,0.7051,0.70517
2026-08-06 03:00:00,0.70517,0.7053,0.70504,0.70519
2026-08-06 03:15:00,0.70518,0.70532,0.70508,0.70531
2026-08-06 03:30:00,0.70528,0.70568,0.70524,0.70564
2026-08-06 03:45:00,0.7056,0.70613,0.7056,0.70611
2026-08-06 04:00:00,0.70611,0.70628,0.70607,0.70623
2026-08-06 04:15:00,0.70621,0.70632,0.70604,0.7063
2026-08-06 04:30:00,0.70629,0.70633,0.70599,0.706
2026-08-06 04:45:00,0.70601,0.70618,0.70593,0.70614
2026-08-06 05:00:00,0.70614,0.70616,0.70597,0.706
2026-08-06 05:15:00,0.70599,0.70599,0.70579,0.7058
2026-08-06 05:30:00,0.70581,0.70593,0.70575,0.70584
2026-08-06 05:45:00,0.70584,0.70585,0.70558,0.7056
2026-08-06 06:00:00,0.70562,0.7057,0.70555,0.70555
2026-08-06 06:15:00,0.70555,0.70566,0.70549,0.70565
2026-08-06 06:30:00,0.70562,0.70582,0.70562,0.70572
2026-08-06 06:45:00,0.70572,0.70576,0.7057,0.70575
2026-08-06 07:00:00,0.70573,0.70578,0.70538,0.70557
2026-08-06 07:15:00,0.70557,0.70586,0.70557,0.70573
2026-08-06 07:30:00,0.70571,0.70571,0.7054,0.70545
2026-08-06 07:45:00,0.70555,0.70555,0.70532,0.70532
2026-08-06 08:00:00,0.70533,0.70577,0.70528,0.70569
2026-08-06 08:15:00,0.70568,0.70575,0.70567,0.7057
2026-08-06 08:30:00,0.70568,0.70585,0.70567,0.70582
2026-08-06 08:45:00,0.70581,0.70589,0.7057,0.70582
2026-08-06 09:00:00,0.70577,0.70587,0.70569,0.70579
2026-08-06 09:15:00,0.70577,0.70581,0.70563,0.7058
2026-08-06 09:30:00,0.70579,0.70579,0.70566,0.70576
2026-08-06 09:45:00,0.70572,0.70596,0.70566,0.70566
2026-08-06 10:00:00,0.70567,0.70593,0.70552,0.70569
2026-08-06 10:15:00,0.70569,0.70581,0.70557,0.70559
2026-08-06 10:30:00,0.70563,0.70596,0.70553,0.70581
2026-08-06 10:45:00,0.70581,0.70595,0.70575,0.70576
2026-08-06 11:00:00,0.70576,0.70595,0.7054,0.70544
2026-08-06 11:15:00,0.70553,0.70579,0.70546,0.70549
2026-08-06 11:30:00,0.70554,0.7059,0.70544,0.70583
2026-08-06 11:45:00,0.70583,0.70585,0.70563,0.70567
2026-08-06 12:00:00,0.70568,0.70604,0.70568,0.70577
2026-08-06 12:15:00,0.70575,0.70578,0.70553,0.70567
2026-08-06 12:30:00,0.70562,0.70585,0.70555,0.70585
2026-08-06 12:45:00,0.70582,0.70594,0.70559,0.70568
2026-08-06 13:00:00,0.70566,0.70569,0.70531,0.70532
2026-08-06 13:15:00,0.70532,0.70532,0.70484,0.70487
2026-08-06 13:30:00,0.70487,0.70502,0.70474,0.70482
2026-08-06 13:45:00,0.70482,0.70482,0.70457,0.70466
2026-08-06 14:00:00,0.70464,0.7048,0.70464,0.70479
2026-08-06 14:15:00,0.70478,0.70479,0.70457,0.7046
2026-08-06 14:30:00,0.7046,0.7047,0.70442,0.7045
2026-08-06 14:45:00,0.7045,0.70476,0.70449,0.70473
2026-08-06 15:00:00,0.70473,0.7048,0.70442,0.70443
2026-08-06 15:15:00,0.70445,0.70449,0.70434,0.70442
2026-08-06 15:30:00,0.70441,0.70472,0.7043,0.70462
2026-08-06 15:45:00,0.70463,0.70485,0.70458,0.70476
2026-08-06 16:00:00,0.70477,0.70484,0.70436,0.70442
2026-08-06 16:15:00,0.7044,0.7044,0.70421,0.70422
2026-08-06 16:30:00,0.70424,0.70428,0.70391,0.70406
2026-08-06 16:45:00,0.70399,0.7043,0.70396,0.70411
2026-08-06 17:00:00,0.70409,0.70445,0.70402,0.70438
2026-08-06 17:15:00,0.70439,0.70442,0.70426,0.70429
2026-08-06 17:30:00,0.7043,0.70431,0.70382,0.70387
2026-08-06 17:45:00,0.70388,0.70388,0.70368,0.70386
2026-08-06 18:00:00,0.70384,0.70402,0.70371,0.70394
2026-08-06 18:15:00,0.70396,0.70409,0.70389,0.7039
2026-08-06 18:30:00,0.70391,0.70431,0.7039,0.70428
2026-08-06 18:45:00,0.70427,0.70445,0.70413,0.70443
2026-08-06 19:00:00,0.70441,0.70446,0.7041,0.70434
2026-08-06 19:15:00,0.70432,0.70439,0.70419,0.70423
2026-08-06 19:30:00,0.70425,0.70435,0.70399,0.70399
2026-08-06 19:45:00,0.70399,0.70429,0.70397,0.70421
2026-08-06 20:00:00,0.70423,0.70423,0.70399,0.704
2026-08-06 20:15:00,0.70401,0.70426,0.70391,0.70423
2026-08-06 20:30:00,0.70418,0.70426,0.70407,0.7041
2026-08-06 20:45:00,0.7041,0.70433,0.7041,0.70425
2026-08-06 21:00:00,0.70423,0.70431,0.70408,0.70419
2026-08-06 21:15:00,0.70423,0.70423,0.70401,0.70412
2026-08-06 21:30:00,0.70411,0.70417,0.70371,0.70378
2026-08-06 21:45:00,0.70379,0.70427,0.70374,0.70426
2026-08-06 22:00:00,0.70422,0.70448,0.70412,0.70418
2026-08-06 22:15:00,0.70417,0.7043,0.70409,0.7043
2026-08-06 22:30:00,0.70428,0.70431,0.70408,0.70419
2026-08-06 22:45:00,0.70417,0.7042,0.70368,0.70388
2026-08-06 23:00:00,0.70387,0.70398,0.70334,0.7035
2026-08-06 23:15:00,0.70346,0.7037,0.70334,0.70367
2026-08-06 23:30:00,0.70364,0.70399,0.70349,0.70389
2026-08-06 23:45:00,0.70389,0.7042,0.70386,0.70412
2026-08-07 00:00:00,0.70413,0.70419,0.70379,0.7038
2026-08-07 00:15:00,0.70381,0.70408,0.70381,0.70402
2026-08-07 00:30:00,0.70401,0.70416,0.70383,0.70413
2026-08-07 00:45:00,0.70409,0.70423,0.70368,0.70414
2026-08-07 01:00:00,0.7041,0.70425,0.70381,0.70383
2026-08-07 01:15:00,0.70386,0.70394,0.70327,0.70348
2026-08-07 01:30:00,0.7035,0.70351,0.70307,0.70311
2026-08-07 01:45:00,0.70313,0.70341,0.7027,0.70298
2026-08-07 02:00:00,0.70294,0.70294,0.70264,0.70267
2026-08-07 02:15:00,0.70273,0.70282,0.70237,0.70275
2026-08-07 02:30:00,0.70272,0.70298,0.70272,0.70275
2026-08-07 02:45:00,0.70278,0.70313,0.70266,0.70307
2026-08-07 03:00:00,0.70307,0.70326,0.70307,0.70313
2026-08-07 03:15:00,0.70311,0.70322,0.70301,0.7031
2026-08-07 03:30:00,0.7031,0.70327,0.70302,0.70311
2026-08-07 03:45:00,0.70311,0.70337,0.70311,0.70335
2026-08-07 04:00:00,0.70334,0.70348,0.70327,0.70348
2026-08-07 04:15:00,0.70347,0.70354,0.70337,0.7034
2026-08-07 04:30:00,0.70339,0.70341,0.70326,0.70327
2026-08-07 04:45:00,0.70327,0.70338,0.70318,0.70328
2026-08-07 05:00:00,0.7033,0.70358,0.7033,0.70346
2026-08-07 05:15:00,0.70348,0.70352,0.7031,0.70322
2026-08-07 05:30:00,0.7032,0.70325,0.70298,0.70303
2026-08-07 05:45:00,0.70302,0.70347,0.70298,0.70325
2026-08-07 06:00:00,0.70326,0.70342,0.70323,0.70324
2026-08-07 06:15:00,0.70324,0.70324,0.70306,0.70308
2026-08-07 06:30:00,0.70306,0.70313,0.703,0.70301
2026-08-07 06:45:00,0.703,0.70325,0.703,0.70322
2026-08-07 07:00:00,0.70319,0.70334,0.703,0.70327
2026-08-07 07:15:00,0.70324,0.70344,0.70316,0.7032
2026-08-07 07:30:00,0.70326,0.70326,0.70279,0.70284
2026-08-07 07:45:00,0.70284,0.7029,0.70277,0.70278
2026-08-07 08:00:00,0.70282,0.70316,0.70282,0.70313
2026-08-07 08:15:00,0.70309,0.70314,0.70302,0.7031
2026-08-07 08:30:00,0.70309,0.70312,0.70302,0.70308
2026-08-07 08:45:00,0.70307,0.70311,0.70297,0.70302
2026-08-07 09:00:00,0.70301,0.70312,0.703,0.7031
2026-08-07 09:15:00,0.70309,0.70312,0.70307,0.70311
2026-08-07 09:30:00,0.7031,0.70328,0.70305,0.70328
2026-08-07 09:45:00,0.70325,0.70341,0.70323,0.70335
2026-08-07 10:00:00,0.70333,0.70338,0.70297,0.70298
2026-08-07 10:15:00,0.703,0.70301,0.7027,0.70292
2026-08-07 10:30:00,0.70291,0.70306,0.7028,0.70284
2026-08-07 10:45:00,0.70282,0.70289,0.7026,0.70281
2026-08-07 11:00:00,0.70277,0.70317,0.70277,0.70313
2026-08-07 11:15:00,0.70312,0.70313,0.70276,0.70296
2026-08-07 11:30:00,0.70295,0.70298,0.70261,0.70297
2026-08-07 11:45:00,0.70292,0.70301,0.70277,0.70296
2026-08-07 12:00:00,0.70295,0.70304,0.70263,0.70276
2026-08-07 12:15:00,0.70274,0.70278,0.70255,0.70259
2026-08-07 12:30:00,0.70259,0.70259,0.70235,0.70237
2026-08-07 12:45:00,0.70237,0.70272,0.70227,0.7024
2026-08-07 13:00:00,0.70242,0.70255,0.70238,0.70243
2026-08-07 13:15:00,0.70244,0.70245,0.7023,0.70239
2026-08-07 13:30:00,0.7024,0.70252,0.70233,0.70238
2026-08-07 13:45:00,0.70241,0.70252,0.70233,0.70251
2026-08-07 14:00:00,0.70249,0.70261,0.7024,0.70258
2026-08-07 14:15:00,0.70258,0.70282,0.70253,0.70274
2026-08-07 14:30:00,0.70269,0.70292,0.70261,0.70264
2026-08-07 14:45:00,0.7026,0.70274,0.7026,0.70271
2026-08-07 15:00:00,0.7027,0.70285,0.70266,0.70283
2026-08-07 15:15:00,0.70281,0.70285,0.70255,0.7026
2026-08-07 15:30:00,0.7026,0.70284,0.7026,0.70278
2026-08-07 15:45:00,0.70278,0.70307,0.70276,0.70293
2026-08-07 16:00:00,0.70291,0.70301,0.70275,0.70288
2026-08-07 16:15:00,0.70291,0.70316,0.7028,0.7031
2026-08-07 16:30:00,0.70311,0.70339,0.70311,0.70326
2026-08-07 16:45:00,0.70325,0.70342,0.70315,0.7034
2026-08-07 17:00:00,0.70339,0.70365,0.70322,0.70362
2026-08-07 17:15:00,0.70362,0.70364,0.70327,0.70348
2026-08-07 17:30:00,0.70345,0.70353,0.70337,0.70345
2026-08-07 17:45:00,0.70345,0.70361,0.70342,0.70355
2026-08-07 18:00:00,0.70354,0.70375,0.70348,0.70359
2026-08-07 18:15:00,0.70357,0.70373,0.70348,0.7035
2026-08-07 18:30:00,0.7035,0.70373,0.70335,0.70372
2026-08-07 18:45:00,0.7037,0.70387,0.70367,0.70369
2026-08-07 19:00:00,0.7037,0.70394,0.70367,0.70393
2026-08-07 19:15:00,0.7039,0.70418,0.70387,0.70399
2026-08-07 19:30:00,0.704,0.70411,0.70391,0.70408
2026-08-07 19:45:00,0.70408,0.70424,0.70404,0.7041
2026-08-07 20:00:00,0.70408,0.70415,0.70391,0.70393
2026-08-07 20:15:00,0.70397,0.70399,0.70377,0.7038
2026-08-07 20:30:00,0.7038,0.70386,0.7037,0.70374
2026-08-07 20:45:00,0.70374,0.70374,0.70359,0.70373
2026-08-07 21:00:00,0.70372,0.7039,0.70366,0.70377
2026-08-07 21:15:00,0.70376,0.70378,0.70364,0.70365
2026-08-07 21:30:00,0.70367,0.70413,0.70359,0.70403
2026-08-07 21:45:00,0.70405,0.70413,0.70397,0.70411
2026-08-07 22:00:00,0.70409,0.70427,0.70399,0.70417
2026-08-07 22:15:00,0.7042,0.7042,0.70388,0.70391
2026-08-07 22:30:00,0.70391,0.70742,0.70369,0.70741
2026-08-07 22:45:00,0.70739,0.70773,0.7067,0.70673
2026-08-07 23:00:00,0.70677,0.70691,0.70646,0.70682
2026-08-07 23:15:00,0.70676,0.70706,0.70637,0.7066
2026-08-07 23:30:00,0.70664,0.70698,0.70616,0.70697
2026-08-07 23:45:00,0.70696,0.70703,0.70595,0.70597
2026-08-08 00:00:00,0.70601,0.70627,0.70584,0.70598
2026-08-08 00:15:00,0.70596,0.70682,0.70594,0.70681
2026-08-08 00:30:00,0.7068,0.7068,0.70616,0.70619
2026-08-08 00:45:00,0.70623,0.70625,0.70586,0.70606
2026-08-08 01:00:00,0.70609,0.70621,0.70564,0.706
2026-08-08 01:15:00,0.70599,0.70652,0.70599,0.70632
2026-08-08 01:30:00,0.70634,0.70643,0.70612,0.70628
2026-08-08 01:45:00,0.70628,0.70643,0.70604,0.70629
2026-08-08 02:00:00,0.70631,0.70676,0.70622,0.70674
2026-08-08 02:15:00,0.70669,0.70688,0.70641,0.70647
2026-08-08 02:30:00,0.70646,0.70669,0.70641,0.70666
2026-08-08 02:45:00,0.70666,0.70689,0.70646,0.70647
2026-08-08 03:00:00,0.7065,0.70675,0.70641,0.70659
2026-08-08 03:15:00,0.70661,0.7068,0.70648,0.70679
2026-08-08 03:30:00,0.70677,0.70691,0.70656,0.70687
2026-08-08 03:45:00,0.70688,0.7069,0.7067,0.7067
2026-08-08 04:00:00,0.70672,0.70682,0.70646,0.70671
2026-08-08 04:15:00,0.7067,0.7067,0.70658,0.70665
2026-08-08 04:30:00,0.70664,0.70675,0.70658,0.70672
2026-08-08 04:45:00,0.70672,0.70693,0.7067,0.70687
2026-08-08 05:00:00,0.70685,0.70719,0.70679,0.7071
2026-08-08 05:15:00,0.70709,0.70745,0.70702,0.70744
2026-08-08 05:30:00,0.70741,0.70754,0.70728,0.70731
2026-08-08 05:45:00,0.7073,0.70732,0.70697,0.70698
2026-08-08 06:00:00,0.70699,0.70704,0.7067,0.70675
2026-08-08 06:15:00,0.70673,0.70673,0.70657,0.7066
2026-08-08 06:30:00,0.70659,0.70664,0.70639,0.70655
2026-08-08 06:45:00,0.70654,0.70677,0.70646,0.70675
2026-08-08 07:00:00,0.70672,0.70693,0.70645,0.70666
2026-08-08 07:15:00,0.70668,0.70672,0.70666,0.7067
2026-08-08 07:30:00,0.70667,0.70674,0.70662,0.7067
2026-08-08 07:45:00,0.70669,0.70673,0.70662,0.7067
2026-08-08 08:00:00,0.70668,0.70695,0.70562,0.70669
2026-08-08 08:15:00,0.70669,0.70672,0.70667,0.7067
2026-08-08 08:30:00,0.70669,0.70672,0.70668,0.7067
2026-08-08 08:45:00,0.70669,0.70672,0.70668,0.70669
2026-08-08 09:00:00,0.70669,0.7071,0.70592,0.70669
2026-08-08 09:15:00,0.70669,0.70672,0.70668,0.7067
2026-08-08 09:30:00,0.70669,0.70672,0.70668,0.7067
2026-08-08 09:45:00,0.70669,0.70672,0.70668,0.70669
2026-08-08 10:00:00,0.70669,0.70675,0.70666,0.70669
2026-08-08 10:15:00,0.7067,0.70673,0.70668,0.70671
2026-08-08 10:30:00,0.7067,0.70673,0.70669,0.70671
2026-08-08 10:45:00,0.7067,0.70673,0.70668,0.7067
2026-08-08 11:00:00,0.7067,0.70673,0.70669,0.70669
2026-08-08 11:15:00,0.7067,0.70673,0.70668,0.70671
2026-08-08 11:30:00,0.7067,0.70673,0.70669,0.70671
2026-08-08 11:45:00,0.7067,0.70673,0.70669,0.70671
2026-08-08 12:00:00,0.7067,0.70673,0.70668,0.70669
2026-08-08 12:15:00,0.7067,0.70673,0.70669,0.7067
2026-08-08 12:30:00,0.7067,0.70673,0.70668,0.70671
2026-08-08 12:45:00,0.7067,0.70673,0.70668,0.70671
2026-08-08 13:00:00,0.7067,0.70673,0.70669,0.70669
2026-08-08 13:15:00,0.7067,0.70673,0.70669,0.7067
2026-08-08 13:30:00,0.7067,0.70673,0.70669,0.70671
2026-08-08 13:45:00,0.7067,0.70673,0.70668,0.70671
2026-08-08 14:00:00,0.7067,0.70673,0.70668,0.70669
2026-08-08 14:15:00,0.7067,0.70673,0.70669,0.7067
2026-08-08 14:30:00,0.7067,0.70673,0.70668,0.70671
2026-08-08 14:45:00,0.7067,0.70673,0.70669,0.70671
2026-08-08 15:00:00,0.7067,0.70673,0.70669,0.7067
2026-08-08 15:15:00,0.7067,0.70673,0.70668,0.70669
2026-08-08 15:30:00,0.7067,0.70673,0.70669,0.70671
2026-08-08 15:45:00,0.7067,0.70673,0.70668,0.70672
2026-08-08 16:00:00,0.7067,0.70673,0.70669,0.7067
2026-08-08 16:15:00,0.7067,0.70673,0.70668,0.7067
2026-08-08 16:30:00,0.7067,0.70673,0.70669,0.70671
2026-08-08 16:45:00,0.7067,0.70673,0.70669,0.70672
2026-08-08 17:00:00,0.7067,0.70673,0.70669,0.7067
2026-08-08 17:15:00,0.7067,0.70675,0.70669,0.70672
2026-08-08 17:30:00,0.70672,0.70675,0.70671,0.70674
2026-08-08 17:45:00,0.70672,0.70675,0.70671,0.70674
2026-08-08 18:00:00,0.70672,0.70676,0.70671,0.70673
2026-08-08 18:15:00,0.70673,0.70676,0.70662,0.70672
2026-08-08 18:30:00,0.70672,0.70676,0.70671,0.70674
2026-08-08 18:45:00,0.70673,0.70676,0.70671,0.70674
2026-08-08 19:00:00,0.70672,0.70676,0.70671,0.70673
2026-08-08 19:15:00,0.70673,0.70676,0.70672,0.70672
2026-08-08 19:30:00,0.70672,0.70676,0.70671,0.70674
2026-08-08 19:45:00,0.70673,0.70676,0.70671,0.70674
2026-08-08 20:00:00,0.70672,0.70675,0.70663,0.70673
2026-08-08 20:15:00,0.70672,0.70675,0.70671,0.70672
2026-08-08 20:30:00,0.70672,0.70675,0.70671,0.70672
2026-08-08 20:45:00,0.70672,0.70675,0.70671,0.70673
2026-08-08 21:00:00,0.70672,0.70675,0.70671,0.70673
2026-08-08 21:15:00,0.70672,0.70675,0.70671,0.70672
2026-08-08 21:30:00,0.70672,0.70684,0.70654,0.70657
2026-08-08 21:45:00,0.70663,0.70676,0.70663,0.70674
2026-08-08 22:00:00,0.70673,0.70676,0.70671,0.70674
2026-08-08 22:15:00,0.70672,0.70676,0.70671,0.70673
2026-08-08 22:30:00,0.70672,0.70676,0.70671,0.70672
2026-08-08 22:45:00,0.70673,0.70676,0.70671,0.70673
2026-08-08 23:00:00,0.70672,0.70676,0.70672,0.70674
2026-08-08 23:15:00,0.70673,0.70684,0.70653,0.70673
2026-08-08 23:30:00,0.70673,0.70676,0.70672,0.70672
2026-08-08 23:45:00,0.70673,0.70676,0.70672,0.70673
2026-08-09 00:00:00,0.70673,0.70676,0.70672,0.70674
2026-08-09 00:15:00,0.70672,0.70676,0.70672,0.70673
2026-08-09 00:30:00,0.70673,0.70676,0.70672,0.70672
2026-08-09 00:45:00,0.70673,0.70676,0.70672,0.70673
2026-08-09 01:00:00,0.70673,0.70678,0.70656,0.70674
2026-08-09 01:15:00,0.70672,0.70676,0.70671,0.70673
2026-08-09 01:30:00,0.70672,0.70676,0.70672,0.70673
2026-08-09 01:45:00,0.70674,0.70677,0.70672,0.70673
2026-08-09 02:00:00,0.70673,0.70675,0.70661,0.70674
2026-08-09 02:15:00,0.70672,0.70675,0.70671,0.70673
2026-08-09 02:30:00,0.70672,0.70675,0.70664,0.70672
2026-08-09 02:45:00,0.70671,0.70676,0.70657,0.70672
2026-08-09 03:00:00,0.70672,0.70676,0.70661,0.70673
2026-08-09 03:15:00,0.70672,0.70676,0.70671,0.70674
2026-08-09 03:30:00,0.70673,0.70676,0.70672,0.70673
2026-08-09 03:45:00,0.70673,0.70676,0.70671,0.70672
2026-08-09 04:00:00,0.70672,0.70676,0.7066,0.70674
2026-08-09 04:15:00,0.70673,0.70676,0.70655,0.70674
2026-08-09 04:30:00,0.70672,0.70676,0.70671,0.70673
2026-08-09 04:45:00,0.70673,0.70676,0.70671,0.70672
2026-08-09 05:00:00,0.70673,0.70676,0.70659,0.70673
2026-08-09 05:15:00,0.70673,0.70676,0.70672,0.70674
2026-08-09 05:30:00,0.70673,0.70676,0.70672,0.70673
2026-08-09 05:45:00,0.70673,0.70676,0.70672,0.70672
2026-08-09 06:00:00,0.70673,0.70681,0.70656,0.70673
2026-08-09 06:15:00,0.70673,0.70676,0.70671,0.70674
2026-08-09 06:30:00,0.70672,0.70675,0.70671,0.70673
2026-08-09 06:45:00,0.70672,0.70675,0.70671,0.70672
2026-08-09 07:00:00,0.70672,0.70675,0.70661,0.70672
2026-08-09 07:15:00,0.70672,0.70675,0.70671,0.70674
2026-08-09 07:30:00,0.70672,0.70675,0.70671,0.70673
2026-08-09 07:45:00,0.70672,0.70675,0.70663,0.70672
2026-08-09 08:00:00,0.70672,0.70675,0.70662,0.70672
2026-08-09 08:15:00,0.70672,0.70675,0.70671,0.70673
2026-08-09 08:30:00,0.70672,0.70675,0.70671,0.70673
2026-08-09 08:45:00,0.70672,0.70675,0.70671,0.70672
2026-08-09 09:00:00,0.70672,0.70677,0.7066,0.70672
2026-08-09 09:15:00,0.70672,0.70675,0.70659,0.70669
2026-08-09 09:30:00,0.70668,0.70674,0.70667,0.70672
2026-08-09 09:45:00,0.70671,0.70674,0.7067,0.70671
2026-08-09 10:00:00,0.70671,0.70674,0.7067,0.7067
2026-08-09 10:15:00,0.70671,0.70673,0.70669,0.70671
2026-08-09 10:30:00,0.7067,0.70673,0.70669,0.70672
2026-08-09 10:45:00,0.7067,0.70673,0.70669,0.70671
2026-08-09 11:00:00,0.7067,0.70673,0.70656,0.7066
2026-08-09 11:15:00,0.70661,0.70664,0.7066,0.70663
2026-08-09 11:30:00,0.70661,0.70666,0.70661,0.70664
2026-08-09 11:45:00,0.70663,0.70671,0.70661,0.7067
2026-08-09 12:00:00,0.70668,0.70674,0.70667,0.7067
2026-08-09 12:15:00,0.70671,0.70676,0.70669,0.70674
2026-08-09 12:30:00,0.70672,0.70678,0.7067,0.70677
2026-08-09 12:45:00,0.70675,0.70679,0.70661,0.70677
2026-08-09 13:00:00,0.70676,0.70679,0.70674,0.70675
2026-08-09 13:15:00,0.70675,0.70679,0.70674,0.70676
2026-08-09 13:30:00,0.70676,0.70678,0.70674,0.70677
2026-08-09 13:45:00,0.70675,0.70679,0.70674,0.70677
2026-08-09 14:00:00,0.70676,0.70678,0.70674,0.70675
2026-08-09 14:15:00,0.70675,0.70687,0.70658,0.70663
2026-08-09 14:30:00,0.70663,0.70674,0.70663,0.70672
2026-08-09 14:45:00,0.70671,0.70674,0.7067,0.70672
2026-08-09 15:00:00,0.70671,0.70674,0.70669,0.7067
2026-08-09 15:15:00,0.70671,0.70674,0.70669,0.7067
2026-08-09 15:30:00,0.7067,0.70674,0.70669,0.70671
2026-08-09 15:45:00,0.7067,0.70673,0.70669,0.70672
2026-08-09 16:00:00,0.7067,0.70676,0.70662,0.70673
2026-08-09 16:15:00,0.70673,0.70676,0.70672,0.70673
2026-08-09 16:30:00,0.70673,0.70676,0.70671,0.70674
2026-08-09 16:45:00,0.70673,0.70676,0.70672,0.70675
2026-08-09 17:00:00,0.70673,0.70676,0.70671,0.70674
2026-08-09 17:15:00,0.70673,0.70676,0.7067,0.7067
2026-08-09 17:30:00,0.7067,0.70676,0.70669,0.70671
2026-08-09 17:45:00,0.70671,0.70676,0.70662,0.70672
2026-08-09 18:00:00,0.7067,0.70675,0.70669,0.70673
2026-08-09 18:15:00,0.70672,0.70674,0.70669,0.7067
2026-08-09 18:30:00,0.7067,0.70675,0.70668,0.7067
2026-08-09 18:45:00,0.7067,0.70674,0.70669,0.70672
2026-08-09 19:00:00,0.70671,0.70674,0.7067,0.70672
2026-08-09 19:15:00,0.70671,0.70674,0.7067,0.7067
2026-08-09 19:30:00,0.7067,0.70673,0.70669,0.7067
2026-08-09 19:45:00,0.7067,0.70674,0.7067,0.70672
2026-08-09 20:00:00,0.70671,0.70674,0.7067,0.70672
2026-08-09 20:15:00,0.70671,0.70674,0.7067,0.70671
2026-08-09 20:30:00,0.70671,0.70676,0.70669,0.70671
2026-08-09 20:45:00,0.70671,0.70674,0.7067,0.70672
2026-08-09 21:00:00,0.70671,0.70674,0.7067,0.70672
2026-08-09 21:15:00,0.70671,0.70676,0.7067,0.70673
2026-08-09 21:30:00,0.70673,0.70721,0.70581,0.70632
2026-08-09 21:45:00,0.70632,0.70674,0.7063,0.70674
2026-08-09 22:00:00,0.70672,0.70675,0.70642,0.70672
2026-08-09 22:15:00,0.7067,0.70674,0.7067,0.70671
2026-08-09 22:30:00,0.70671,0.70674,0.70642,0.7067
2026-08-09 22:45:00,0.70671,0.7069,0.70643,0.70666
2026-08-09 23:00:00,0.70663,0.70672,0.70663,0.7067
2026-08-09 23:15:00,0.70669,0.70703,0.70561,0.70597
2026-08-09 23:30:00,0.70597,0.706,0.70596,0.70596
2026-08-09 23:45:00,0.70597,0.70598,0.70583,0.70588
2026-08-10 00:00:00,0.70588,0.70668,0.70585,0.70665
2026-08-10 00:15:00,0.70662,0.70673,0.70662,0.70671
2026-08-10 00:30:00,0.7067,0.70692,0.70642,0.70665
2026-08-10 00:45:00,0.70666,0.70672,0.70663,0.70664
2026-08-10 01:00:00,0.70664,0.70672,0.70579,0.70672
2026-08-10 01:15:00,0.7067,0.70692,0.70642,0.70661
2026-08-10 01:30:00,0.70658,0.70673,0.70658,0.7067
2026-08-10 01:45:00,0.7067,0.70673,0.70641,0.70672
2026-08-10 02:00:00,0.70669,0.70673,0.70655,0.70666
2026-08-10 02:15:00,0.70665,0.70676,0.70639,0.70675
2026-08-10 02:30:00,0.70673,0.70686,0.70578,0.70603
2026-08-10 02:45:00,0.70604,0.70672,0.70598,0.7067
2026-08-10 03:00:00,0.70668,0.7069,0.70644,0.70671
2026-08-10 03:15:00,0.7067,0.70678,0.70668,0.70677
2026-08-10 03:30:00,0.70675,0.70676,0.70642,0.70671
2026-08-10 03:45:00,0.70671,0.70674,0.70642,0.70663
2026-08-10 04:00:00,0.70659,0.7067,0.70635,0.70644
2026-08-10 04:15:00,0.70642,0.70663,0.70575,0.70637
2026-08-10 04:30:00,0.70636,0.70639,0.70634,0.70636
2026-08-10 04:45:00,0.70635,0.70645,0.70613,0.70638
2026-08-10 05:00:00,0.70635,0.70684,0.70612,0.70673
2026-08-10 05:15:00,0.70651,0.70696,0.70629,0.7066
2026-08-10 05:30:00,0.70658,0.70683,0.7061,0.70645
2026-08-10 05:45:00,0.70642,0.70789,0.70569,0.70671
2026-08-10 06:00:00,0.70675,0.7077,0.70631,0.70683
2026-08-10 06:15:00,0.70681,0.70694,0.70676,0.7069
2026-08-10 06:30:00,0.70689,0.70695,0.70674,0.70675
2026-08-10 06:45:00,0.70676,0.70693,0.70648,0.70669
2026-08-10 07:00:00,0.70666,0.70673,0.70634,0.70637
2026-08-10 07:15:00,0.70643,0.7069,0.7064,0.70641
2026-08-10 07:30:00,0.70642,0.70663,0.70616,0.70659
2026-08-10 07:45:00,0.70654,0.70696,0.70637,0.70689
2026-08-10 08:00:00,0.7069,0.70701,0.70657,0.7068
2026-08-10 08:15:00,0.70679,0.70682,0.70659,0.70667
2026-08-10 08:30:00,0.70666,0.70676,0.70662,0.70664
2026-08-10 08:45:00,0.70668,0.70668,0.70652,0.70653
2026-08-10 09:00:00,0.70653,0.7067,0.70647,0.70661
2026-08-10 09:15:00,0.70661,0.70675,0.70661,0.70669
2026-08-10 09:30:00,0.7067,0.7067,0.70645,0.70653
2026-08-10 09:45:00,0.7065,0.70663,0.70628,0.70629
2026-08-10 10:00:00,0.70632,0.70701,0.70624,0.70695
2026-08-10 10:15:00,0.70688,0.70704,0.70647,0.7066
2026-08-10 10:30:00,0.70659,0.7066,0.70622,0.70625
2026-08-10 10:45:00,0.70623,0.70655,0.70618,0.70626
2026-08-10 11:00:00,0.70624,0.70624,0.70579,0.7061
2026-08-10 11:15:00,0.70606,0.70647,0.70603,0.70646
2026-08-10 11:30:00,0.70643,0.70643,0.70606,0.70625
2026-08-10 11:45:00,0.70623,0.70643,0.7062,0.7063
2026-08-10 12:00:00,0.70629,0.70654,0.70629,0.70639
2026-08-10 12:15:00,0.7064,0.70643,0.70625,0.70639
2026-08-10 12:30:00,0.70634,0.70647,0.70618,0.70621
2026-08-10 12:45:00,0.70619,0.70623,0.70609,0.70612
2026-08-10 13:00:00,0.70615,0.70616,0.70579,0.7058
2026-08-10 13:15:00,0.70582,0.70609,0.70576,0.7059
2026-08-10 13:30:00,0.70584,0.70603,0.7058,0.70601
2026-08-10 13:45:00,0.706,0.70611,0.7059,0.70593
2026-08-10 14:00:00,0.70592,0.70593,0.7057,0.7058
2026-08-10 14:15:00,0.70576,0.70588,0.70569,0.70578
2026-08-10 14:30:00,0.70574,0.70591,0.70574,0.70588
2026-08-10 14:45:00,0.70583,0.7062,0.70583,0.70612
2026-08-10 15:00:00,0.70611,0.70635,0.70607,0.70622
2026-08-10 15:15:00,0.70623,0.70631,0.70616,0.70618
2026-08-10 15:30:00,0.70619,0.70663,0.70618,0.70654
2026-08-10 15:45:00,0.70653,0.70684,0.70649,0.70683
2026-08-10 16:00:00,0.7068,0.70693,0.70666,0.70671
2026-08-10 16:15:00,0.70678,0.70694,0.70659,0.70688
2026-08-10 16:30:00,0.70684,0.70688,0.70661,0.70662
2026-08-10 16:45:00,0.70664,0.70677,0.70653,0.70664
2026-08-10 17:00:00,0.70662,0.70667,0.70655,0.70662
2026-08-10 17:15:00,0.70661,0.70683,0.70644,0.70658
2026-08-10 17:30:00,0.70663,0.70709,0.70663,0.70684
2026-08-10 17:45:00,0.70685,0.70717,0.70685,0.70707
2026-08-10 18:00:00,0.70704,0.70735,0.70699,0.70734
2026-08-10 18:15:00,0.7073,0.70742,0.70728,0.70738
2026-08-10 18:30:00,0.70738,0.70745,0.70707,0.70708
2026-08-10 18:45:00,0.7071,0.70715,0.70689,0.70704
2026-08-10 19:00:00,0.70704,0.70704,0.70677,0.70694
2026-08-10 19:15:00,0.70691,0.70704,0.70678,0.707
2026-08-10 19:30:00,0.70701,0.70704,0.7066,0.70674
2026-08-10 19:45:00,0.70668,0.70677,0.7065,0.70651
2026-08-10 20:00:00,0.70653,0.70653,0.70634,0.7065
2026-08-10 20:15:00,0.70648,0.70651,0.70627,0.70647
2026-08-10 20:30:00,0.70646,0.70662,0.70633,0.7066
2026-08-10 20:45:00,0.70656,0.70679,0.70656,0.70669
2026-08-10 21:00:00,0.7067,0.70683,0.70631,0.70635
2026-08-10 21:15:00,0.70643,0.70647,0.70625,0.7064
2026-08-10 21:30:00,0.7064,0.70658,0.70631,0.70647
2026-08-10 21:45:00,0.70648,0.70648,0.70617,0.70632
2026-08-10 22:00:00,0.70629,0.70637,0.70609,0.70617
2026-08-10 22:15:00,0.70616,0.70617,0.70579,0.70592
2026-08-10 22:30:00,0.70589,0.70597,0.70569,0.70584
2026-08-10 22:45:00,0.70582,0.70585,0.70555,0.70572
2026-08-10 23:00:00,0.7057,0.70592,0.70565,0.70592
2026-08-10 23:15:00,0.70589,0.70594,0.70554,0.70572
2026-08-10 23:30:00,0.70573,0.70588,0.70549,0.70559
2026-08-10 23:45:00,0.7056,0.70573,0.70539,0.70571
2026-08-11 00:00:00,0.70566,0.70623,0.70566,0.70621
2026-08-11 00:15:00,0.70614,0.70647,0.70612,0.70646
2026-08-11 00:30:00,0.70643,0.70653,0.70632,0.70652
2026-08-11 00:45:00,0.70651,0.70664,0.70623,0.70637
2026-08-11 01:00:00,0.70641,0.70641,0.70609,0.70636
2026-08-11 01:15:00,0.70633,0.70665,0.70627,0.70632
2026-08-11 01:30:00,0.70632,0.70646,0.70624,0.70637
2026-08-11 01:45:00,0.70634,0.70651,0.70626,0.7065
2026-08-11 02:00:00,0.70647,0.7066,0.70643,0.70648
2026-08-11 02:15:00,0.7065,0.70654,0.70635,0.7065
2026-08-11 02:30:00,0.70649,0.70659,0.70616,0.70617
2026-08-11 02:45:00,0.70619,0.70621,0.70604,0.70613
2026-08-11 03:00:00,0.70611,0.70613,0.70579,0.70588
2026-08-11 03:15:00,0.70588,0.70598,0.70566,0.70573
2026-08-11 03:30:00,0.70571,0.70585,0.70568,0.70568
2026-08-11 03:45:00,0.70569,0.7057,0.70547,0.70552
2026-08-11 04:00:00,0.70549,0.70563,0.70549,0.70561
2026-08-11 04:15:00,0.7056,0.70564,0.70548,0.70557
2026-08-11 04:30:00,0.70555,0.70583,0.7055,0.70582
2026-08-11 04:45:00,0.7058,0.70587,0.70555,0.70562
2026-08-11 05:00:00,0.70564,0.70571,0.70557,0.70562
2026-08-11 05:15:00,0.70561,0.70571,0.70557,0.70562
2026-08-11 05:30:00,0.70562,0.70573,0.7055,0.70571
2026-08-11 05:45:00,0.7057,0.70577,0.70545,0.70545
2026-08-11 06:00:00,0.70547,0.70556,0.70542,0.70548
2026-08-11 06:15:00,0.70548,0.70548,0.70534,0.70537
2026-08-11 06:30:00,0.70536,0.70544,0.70535,0.70543
2026-08-11 06:45:00,0.70542,0.70543,0.70535,0.7054
2026-08-11 07:00:00,0.70541,0.70582,0.70527,0.7056
2026-08-11 07:15:00,0.70563,0.7057,0.70538,0.7054
2026-08-11 07:30:00,0.70542,0.70548,0.70535,0.70546
2026-08-11 07:45:00,0.70544,0.70551,0.70532,0.70542
2026-08-11 08:00:00,0.70543,0.70557,0.70543,0.70555
2026-08-11 08:15:00,0.70551,0.70556,0.70546,0.70551
2026-08-11 08:30:00,0.7055,0.70562,0.70547,0.7056
2026-08-11 08:45:00,0.70558,0.70567,0.70557,0.70566
2026-08-11 09:00:00,0.70565,0.70579,0.70556,0.70561
2026-08-11 09:15:00,0.70559,0.70568,0.70555,0.70562
2026-08-11 09:30:00,0.70562,0.70562,0.70546,0.70553
2026-08-11 09:45:00,0.70551,0.70574,0.70539,0.70552
2026-08-11 10:00:00,0.70548,0.70567,0.70548,0.70562
2026-08-11 10:15:00,0.70563,0.70581,0.70559,0.70576
2026-08-11 10:30:00,0.70576,0.70581,0.7056,0.70579
2026-08-11 10:45:00,0.70577,0.70582,0.70557,0.70563
2026-08-11 11:00:00,0.70562,0.70586,0.70513,0.70566
2026-08-11 11:15:00,0.70575,0.70609,0.70575,0.70607
2026-08-11 11:30:00,0.70604,0.70622,0.7059,0.70599
2026-08-11 11:45:00,0.70597,0.7061,0.70585,0.70591
2026-08-11 12:00:00,0.70592,0.706,0.70568,0.70577
2026-08-11 12:15:00,0.70581,0.70604,0.70554,0.70569
2026-08-11 12:30:00,0.70568,0.70571,0.70558,0.7057
2026-08-11 12:45:00,0.70568,0.70571,0.70537,0.70542
2026-08-11 13:00:00,0.70541,0.70565,0.70538,0.70564
2026-08-11 13:15:00,0.70562,0.70596,0.70548,0.70595
2026-08-11 13:30:00,0.70592,0.70593,0.7058,0.70582
2026-08-11 13:45:00,0.70584,0.70586,0.70568,0.70577
2026-08-11 14:00:00,0.70579,0.70591,0.70574,0.7059
2026-08-11 14:15:00,0.70587,0.7061,0.70583,0.70608
2026-08-11 14:30:00,0.70604,0.70656,0.70439,0.70459
2026-08-11 14:45:00,0.70463,0.70494,0.70419,0.70493
2026-08-11 15:00:00,0.70488,0.70499,0.70457,0.70459
2026-08-11 15:15:00,0.70462,0.70463,0.70422,0.70432
2026-08-11 15:30:00,0.70429,0.70506,0.70426,0.70501
2026-08-11 15:45:00,0.70502,0.70572,0.70493,0.70557
2026-08-11 16:00:00,0.70564,0.70589,0.7055,0.70571
2026-08-11 16:15:00,0.7057,0.7057,0.70519,0.70537
2026-08-11 16:30:00,0.70537,0.70545,0.70507,0.70529
2026-08-11 16:45:00,0.7053,0.70536,0.70509,0.70518
2026-08-11 17:00:00,0.70518,0.70549,0.70512,0.70546
2026-08-11 17:15:00,0.7054,0.70554,0.70523,0.70539
2026-08-11 17:30:00,0.70541,0.7055,0.70502,0.70504
2026-08-11 17:45:00,0.70509,0.70509,0.70474,0.70476
2026-08-11 18:00:00,0.70478,0.70503,0.70474,0.70487
2026-08-11 18:15:00,0.70488,0.70528,0.70488,0.70518
2026-08-11 18:30:00,0.70519,0.70544,0.70507,0.70537
2026-08-11 18:45:00,0.70538,0.70549,0.70519,0.70523
2026-08-11 19:00:00,0.70525,0.7053,0.7051,0.70511
2026-08-11 19:15:00,0.70512,0.70533,0.7051,0.70518
2026-08-11 19:30:00,0.70516,0.70542,0.70516,0.70538
2026-08-11 19:45:00,0.70538,0.7057,0.70527,0.70569
2026-08-11 20:00:00,0.70567,0.70594,0.70558,0.70584
2026-08-11 20:15:00,0.70584,0.70605,0.70562,0.70604
2026-08-11 20:30:00,0.70603,0.70609,0.70585,0.70607
2026-08-11 20:45:00,0.70603,0.70612,0.70601,0.70611
2026-08-11 21:00:00,0.70609,0.70685,0.70608,0.70664
2026-08-11 21:15:00,0.70658,0.70658,0.70624,0.7065
2026-08-11 21:30:00,0.70648,0.70648,0.70616,0.70618
2026-08-11 21:45:00,0.70618,0.7062,0.70598,0.70617
2026-08-11 22:00:00,0.70616,0.70648,0.70601,0.70623
2026-08-11 22:15:00,0.70626,0.70652,0.70598,0.70629
2026-08-11 22:30:00,0.70626,0.70671,0.70626,0.70649
2026-08-11 22:45:00,0.70644,0.70663,0.70635,0.70651
2026-08-11 23:00:00,0.7065,0.70671,0.70643,0.70657
2026-08-11 23:15:00,0.70664,0.70666,0.70646,0.70661
2026-08-11 23:30:00,0.70661,0.70681,0.70645,0.70678
2026-08-11 23:45:00,0.70674,0.70691,0.70662,0.70678
2026-08-12 00:00:00,0.70673,0.70683,0.70655,0.70659
2026-08-12 00:15:00,0.70657,0.70691,0.70654,0.70675
2026-08-12 00:30:00,0.7068,0.70694,0.7067,0.70684
2026-08-12 00:45:00,0.70682,0.70696,0.70643,0.70644
2026-08-12 01:00:00,0.70646,0.70646,0.70588,0.7059
2026-08-12 01:15:00,0.70592,0.7061,0.70579,0.70601
2026-08-12 01:30:00,0.706,0.70608,0.7057,0.70571
2026-08-12 01:45:00,0.70571,0.70606,0.70571,0.70597
2026-08-12 02:00:00,0.70599,0.70618,0.70599,0.70611
2026-08-12 02:15:00,0.7061,0.70627,0.70607,0.70625
2026-08-12 02:30:00,0.70621,0.70627,0.70609,0.70621
2026-08-12 02:45:00,0.70622,0.70622,0.70609,0.70621
2026-08-12 03:00:00,0.70618,0.70626,0.7059,0.70592
2026-08-12 03:15:00,0.70591,0.70596,0.70577,0.70579
2026-08-12 03:30:00,0.70578,0.706,0.70578,0.70599
2026-08-12 03:45:00,0.70598,0.70609,0.7059,0.7059
2026-08-12 04:00:00,0.7059,0.70597,0.70575,0.70578
2026-08-12 04:15:00,0.70577,0.70582,0.70549,0.7055
2026-08-12 04:30:00,0.70551,0.70578,0.70543,0.70566
2026-08-12 04:45:00,0.70562,0.70588,0.70562,0.70585
2026-08-12 05:00:00,0.70585,0.70604,0.70582,0.70602
2026-08-12 05:15:00,0.70598,0.70609,0.7059,0.70608
2026-08-12 05:30:00,0.70606,0.7062,0.70606,0.70609
2026-08-12 05:45:00,0.7061,0.70615,0.70606,0.70606
2026-08-12 06:00:00,0.70608,0.70626,0.70608,0.70619
2026-08-12 06:15:00,0.70619,0.70621,0.70612,0.70613
2026-08-12 06:30:00,0.70614,0.7062,0.70606,0.70612
2026-08-12 06:45:00,0.7061,0.70623,0.70605,0.70621
2026-08-12 07:00:00,0.70621,0.70634,0.70577,0.70579
2026-08-12 07:15:00,0.70583,0.70619,0.70578,0.70612
2026-08-12 07:30:00,0.70611,0.70624,0.70601,0.70606
2026-08-12 07:45:00,0.70615,0.70615,0.70587,0.70596
2026-08-12 08:00:00,0.70593,0.70622,0.70592,0.70621
2026-08-12 08:15:00,0.70619,0.70632,0.70618,0.70629
2026-08-12 08:30:00,0.70628,0.70641,0.70625,0.70635
2026-08-12 08:45:00,0.70634,0.70643,0.7063,0.70641
2026-08-12 09:00:00,0.7064,0.70648,0.70631,0.70647
2026-08-12 09:15:00,0.70645,0.7065,0.70638,0.70643
2026-08-12 09:30:00,0.70643,0.70645,0.70637,0.70642
2026-08-12 09:45:00,0.7064,0.70648,0.70629,0.7063
2026-08-12 10:00:00,0.70632,0.70661,0.70627,0.70648
2026-08-12 10:15:00,0.7065,0.70679,0.70648,0.70678
2026-08-12 10:30:00,0.70675,0.70687,0.70666,0.70671
2026-08-12 10:45:00,0.70673,0.70675,0.70633,0.70648
2026-08-12 11:00:00,0.70648,0.70648,0.70625,0.7063
2026-08-12 11:15:00,0.70631,0.70641,0.70605,0.70626
2026-08-12 11:30:00,0.70624,0.70625,0.7061,0.70622
2026-08-12 11:45:00,0.7062,0.70625,0.70576,0.70583
2026-08-12 12:00:00,0.70579,0.70588,0.70553,0.70564
2026-08-12 12:15:00,0.70565,0.70573,0.7055,0.70571
2026-08-12 12:30:00,0.70568,0.70595,0.70566,0.70594
2026-08-12 12:45:00,0.7059,0.70595,0.7057,0.70571
2026-08-12 13:00:00,0.70572,0.70594,0.70572,0.70588
2026-08-12 13:15:00,0.70589,0.70592,0.70578,0.70588
2026-08-12 13:30:00,0.70586,0.70593,0.70567,0.70569
2026-08-12 13:45:00,0.70573,0.70575,0.70549,0.70567
2026-08-12 14:00:00,0.70564,0.70576,0.70563,0.70565
2026-08-12 14:15:00,0.70567,0.70571,0.70554,0.70567
2026-08-12 14:30:00,0.70566,0.70572,0.70559,0.70559
2026-08-12 14:45:00,0.70559,0.7057,0.70557,0.70567
2026-08-12 15:00:00,0.70566,0.70566,0.70551,0.70556
2026-08-12 15:15:00,0.70557,0.70558,0.70544,0.70546
2026-08-12 15:30:00,0.70549,0.70577,0.70544,0.7057
2026-08-12 15:45:00,0.70571,0.70597,0.70566,0.70596
2026-08-12 16:00:00,0.70594,0.7061,0.70585,0.70591
2026-08-12 16:15:00,0.70589,0.70592,0.70569,0.70574
2026-08-12 16:30:00,0.70574,0.7059,0.7056,0.7059
2026-08-12 16:45:00,0.70589,0.70594,0.70572,0.70585
2026-08-12 17:00:00,0.70585,0.70622,0.70583,0.70621
2026-08-12 17:15:00,0.7062,0.70625,0.70598,0.70609
2026-08-12 17:30:00,0.70606,0.7061,0.7057,0.7059
2026-08-12 17:45:00,0.70584,0.70594,0.70576,0.70579
2026-08-12 18:00:00,0.70576,0.70583,0.70566,0.7058
2026-08-12 18:15:00,0.70579,0.70595,0.70575,0.70578
2026-08-12 18:30:00,0.70581,0.70587,0.70575,0.70586
2026-08-12 18:45:00,0.70585,0.70603,0.70582,0.70601
2026-08-12 19:00:00,0.70599,0.70635,0.70594,0.70634
2026-08-12 19:15:00,0.70632,0.70714,0.70625,0.70652
2026-08-12 19:30:00,0.70655,0.70674,0.70646,0.7066
2026-08-12 19:45:00,0.70659,0.70686,0.70633,0.70647
2026-08-12 20:00:00,0.70646,0.70687,0.70639,0.70687
2026-08-12 20:15:00,0.70685,0.70687,0.70674,0.7068
2026-08-12 20:30:00,0.7068,0.70683,0.70663,0.70669
2026-08-12 20:45:00,0.70669,0.70672,0.70634,0.7066
2026-08-12 21:00:00,0.70659,0.70668,0.70647,0.70653
2026-08-12 21:15:00,0.70652,0.70682,0.7064,0.70681
2026-08-12 21:30:00,0.70678,0.707,0.70676,0.70694
2026-08-12 21:45:00,0.70696,0.70717,0.70695,0.70717
2026-08-12 22:00:00,0.70715,0.70716,0.70694,0.70707
2026-08-12 22:15:00,0.70708,0.70745,0.70701,0.7074
2026-08-12 22:30:00,0.70731,0.70893,0.70653,0.70889
2026-08-12 22:45:00,0.70881,0.70887,0.70824,0.70858
2026-08-12 23:00:00,0.7085,0.70906,0.70833,0.70838
2026-08-12 23:15:00,0.70847,0.70847,0.70804,0.70831
2026-08-12 23:30:00,0.7083,0.7087,0.70805,0.70826
2026-08-12 23:45:00,0.70824,0.70865,0.70812,0.70838
2026-08-13 00:00:00,0.7084,0.70867,0.70835,0.70852
2026-08-13 00:15:00,0.7085,0.70869,0.70836,0.70848
2026-08-13 00:30:00,0.70845,0.70845,0.70763,0.70765
2026-08-13 00:45:00,0.70768,0.70791,0.70705,0.70724
2026-08-13 01:00:00,0.7072,0.70749,0.70683,0.70747
2026-08-13 01:15:00,0.70739,0.70769,0.70734,0.70738
2026-08-13 01:30:00,0.70745,0.70745,0.70685,0.70691
2026-08-13 01:45:00,0.70689,0.70699,0.70671,0.70692
2026-08-13 02:00:00,0.70693,0.70718,0.70668,0.70681
2026-08-13 02:15:00,0.70675,0.70685,0.7066,0.70675
2026-08-13 02:30:00,0.70671,0.70671,0.70638,0.70653
2026-08-13 02:45:00,0.70654,0.70654,0.70621,0.70637
2026-08-13 03:00:00,0.70635,0.70655,0.70626,0.70652
2026-08-13 03:15:00,0.70652,0.70652,0.7063,0.70632
2026-08-13 03:30:00,0.70632,0.70643,0.70619,0.70626
2026-08-13 03:45:00,0.70628,0.7063,0.70614,0.70622
2026-08-13 04:00:00,0.7062,0.70641,0.70615,0.70641
2026-08-13 04:15:00,0.70641,0.70645,0.70629,0.70643
2026-08-13 04:30:00,0.70642,0.70645,0.70628,0.7063
2026-08-13 04:45:00,0.70631,0.70647,0.70611,0.70612
2026-08-13 05:00:00,0.70615,0.70635,0.70602,0.7063
2026-08-13 05:15:00,0.70628,0.70633,0.70621,0.70624
2026-08-13 05:30:00,0.70625,0.7063,0.70609,0.70612
2026-08-13 05:45:00,0.70611,0.70633,0.70606,0.7063
2026-08-13 06:00:00,0.70625,0.70646,0.70618,0.7062
2026-08-13 06:15:00,0.7062,0.7062,0.70609,0.70615
2026-08-13 06:30:00,0.70614,0.70623,0.70612,0.70621
2026-08-13 06:45:00,0.70619,0.70638,0.70618,0.70632
2026-08-13 07:00:00,0.70629,0.70636,0.70612,0.70614
2026-08-13 07:15:00,0.70614,0.70616,0.706,0.70608
2026-08-13 07:30:00,0.70607,0.7061,0.70596,0.70604
2026-08-13 07:45:00,0.70603,0.70622,0.70601,0.70613
2026-08-13 08:00:00,0.70612,0.70618,0.70596,0.70612
2026-08-13 08:15:00,0.70609,0.70619,0.70609,0.70618
2026-08-13 08:30:00,0.70614,0.70625,0.70612,0.70623
2026-08-13 08:45:00,0.70622,0.70632,0.70616,0.70629
2026-08-13 09:00:00,0.70629,0.70638,0.70625,0.7063
2026-08-13 09:15:00,0.7063,0.70636,0.70628,0.70635
2026-08-13 09:30:00,0.70633,0.7064,0.70625,0.70639
2026-08-13 09:45:00,0.70637,0.70642,0.70626,0.70637
2026-08-13 10:00:00,0.70635,0.70665,0.70634,0.70663
2026-08-13 10:15:00,0.7066,0.70666,0.70638,0.70639
2026-08-13 10:30:00,0.7064,0.70648,0.70623,0.70639
2026-08-13 10:45:00,0.70637,0.70641,0.706,0.70611
2026-08-13 11:00:00,0.70608,0.70621,0.70599,0.70608
2026-08-13 11:15:00,0.70609,0.70611,0.70584,0.70585
2026-08-13 11:30:00,0.70586,0.70618,0.70585,0.70593
2026-08-13 11:45:00,0.70592,0.70594,0.70558,0.70575
2026-08-13 12:00:00,0.70573,0.70573,0.70544,0.70545
2026-08-13 12:15:00,0.70546,0.70552,0.70535,0.70539
2026-08-13 12:30:00,0.7054,0.70542,0.70508,0.70523
2026-08-13 12:45:00,0.70518,0.70538,0.70518,0.70532
2026-08-13 13:00:00,0.70531,0.70542,0.7048,0.70481
2026-08-13 13:15:00,0.70483,0.70497,0.70468,0.70491
2026-08-13 13:30:00,0.70487,0.70503,0.70484,0.70495
2026-08-13 13:45:00,0.70494,0.70505,0.7048,0.70483
2026-08-13 14:00:00,0.70488,0.70498,0.70467,0.7047
2026-08-13 14:15:00,0.7047,0.70479,0.70456,0.70477
2026-08-13 14:30:00,0.70473,0.70478,0.70463,0.70468
2026-08-13 14:45:00,0.70464,0.705,0.70462,0.70499
2026-08-13 15:00:00,0.70497,0.7052,0.7049,0.70512
2026-08-13 15:15:00,0.70508,0.70525,0.70507,0.70508
2026-08-13 15:30:00,0.7051,0.70515,0.70464,0.70466
2026-08-13 15:45:00,0.70468,0.70503,0.70468,0.70502
2026-08-13 16:00:00,0.705,0.70515,0.70491,0.70494
2026-08-13 16:15:00,0.70495,0.70509,0.70488,0.70488
2026-08-13 16:30:00,0.70489,0.70499,0.7044,0.70468
2026-08-13 16:45:00,0.70465,0.70496,0.70455,0.70481
2026-08-13 17:00:00,0.70481,0.70507,0.70467,0.70468
2026-08-13 17:15:00,0.70469,0.70501,0.70468,0.70497
2026-08-13 17:30:00,0.70497,0.70501,0.70471,0.70489
2026-08-13 17:45:00,0.7049,0.70501,0.70476,0.70492
2026-08-13 18:00:00,0.70491,0.70501,0.70469,0.70473
2026-08-13 18:15:00,0.70473,0.70481,0.70466,0.70471
2026-08-13 18:30:00,0.70474,0.70495,0.70474,0.70491
2026-08-13 18:45:00,0.70491,0.70496,0.7048,0.70487
2026-08-13 19:00:00,0.70486,0.70498,0.70468,0.70497
2026-08-13 19:15:00,0.70495,0.70525,0.70495,0.70521
2026-08-13 19:30:00,0.70522,0.70542,0.70516,0.70541
2026-08-13 19:45:00,0.70539,0.70581,0.70538,0.70577
2026-08-13 20:00:00,0.70577,0.70578,0.70559,0.70562
2026-08-13 20:15:00,0.70567,0.70578,0.70556,0.70559
2026-08-13 20:30:00,0.70562,0.70565,0.70551,0.70556
2026-08-13 20:45:00,0.70556,0.70556,0.70536,0.70553
2026-08-13 21:00:00,0.70552,0.70554,0.70526,0.70553
2026-08-13 21:15:00,0.7055,0.70559,0.70538,0.70548
2026-08-13 21:30:00,0.70547,0.70549,0.70533,0.70543
2026-08-13 21:45:00,0.7054,0.70549,0.70525,0.70528
2026-08-13 22:00:00,0.70527,0.70531,0.70507,0.70508
2026-08-13 22:15:00,0.7051,0.70514,0.70489,0.70502
2026-08-13 22:30:00,0.70496,0.70584,0.70471,0.70564
2026-08-13 22:45:00,0.70567,0.70641,0.70558,0.70637
2026-08-13 23:00:00,0.70631,0.70653,0.70627,0.70644
2026-08-13 23:15:00,0.70641,0.70653,0.706,0.70601
2026-08-13 23:30:00,0.70602,0.7061,0.70565,0.70601
2026-08-13 23:45:00,0.70598,0.7061,0.70579,0.70582
2026-08-14 00:00:00,0.70583,0.70634,0.70577,0.70632
2026-08-14 00:15:00,0.70626,0.70662,0.70626,0.70645
2026-08-14 00:30:00,0.70643,0.70656,0.70611,0.70652
2026-08-14 00:45:00,0.7065,0.70675,0.70634,0.70661
2026-08-14 01:00:00,0.7066,0.7066,0.70608,0.7061
2026-08-14 01:15:00,0.70613,0.7063,0.70571,0.70586
2026-08-14 01:30:00,0.70607,0.70607,0.70567,0.70588
2026-08-14 01:45:00,0.7059,0.70593,0.70572,0.70575
2026-08-14 02:00:00,0.70577,0.70587,0.70552,0.70554
2026-08-14 02:15:00,0.70558,0.70562,0.70538,0.7056
2026-08-14 02:30:00,0.70558,0.70587,0.70553,0.70586
2026-08-14 02:45:00,0.70583,0.70605,0.70581,0.70595
2026-08-14 03:00:00,0.70596,0.70612,0.70588,0.70596
2026-08-14 03:15:00,0.70598,0.70603,0.70573,0.70576
2026-08-14 03:30:00,0.70581,0.70585,0.70568,0.70583
2026-08-14 03:45:00,0.7058,0.70591,0.70575,0.70575
2026-08-14 04:00:00,0.70575,0.70589,0.70555,0.70587
2026-08-14 04:15:00,0.70583,0.7059,0.70568,0.70576
2026-08-14 04:30:00,0.70572,0.70589,0.70566,0.70583
2026-08-14 04:45:00,0.70583,0.70585,0.70572,0.70573
2026-08-14 05:00:00,0.70575,0.70595,0.70567,0.70594
2026-08-14 05:15:00,0.70591,0.70607,0.70588,0.70607
2026-08-14 05:30:00,0.70605,0.70605,0.70589,0.70598
2026-08-14 05:45:00,0.70596,0.70602,0.70582,0.70598
2026-08-14 06:00:00,0.70599,0.70609,0.70588,0.70588
2026-08-14 06:15:00,0.70589,0.70601,0.70583,0.70594
2026-08-14 06:30:00,0.70595,0.70598,0.70587,0.70596
2026-08-14 06:45:00,0.70595,0.70603,0.70594,0.70599
2026-08-14 07:00:00,0.70599,0.70601,0.70557,0.70564
2026-08-14 07:15:00,0.70563,0.70583,0.70551,0.70578
2026-08-14 07:30:00,0.70566,0.70592,0.70566,0.70587
2026-08-14 07:45:00,0.70585,0.7059,0.7056,0.70589
2026-08-14 08:00:00,0.70587,0.70607,0.70581,0.70594
2026-08-14 08:15:00,0.70595,0.70612,0.70591,0.7061
2026-08-14 08:30:00,0.70609,0.70617,0.70607,0.70616
2026-08-14 08:45:00,0.70614,0.70626,0.70608,0.70625
2026-08-14 09:00:00,0.70624,0.70639,0.7062,0.7063
2026-08-14 09:15:00,0.70631,0.70633,0.70623,0.70625
2026-08-14 09:30:00,0.70624,0.70632,0.70619,0.7062
2026-08-14 09:45:00,0.70621,0.7064,0.7062,0.70639
2026-08-14 10:00:00,0.70637,0.70667,0.70637,0.70638
2026-08-14 10:15:00,0.7064,0.70658,0.70634,0.70651
2026-08-14 10:30:00,0.70651,0.70652,0.70618,0.70623
2026-08-14 10:45:00,0.70621,0.70628,0.706,0.70617
2026-08-14 11:00:00,0.70615,0.70617,0.7057,0.7057
2026-08-14 11:15:00,0.70571,0.70609,0.70567,0.70608
2026-08-14 11:30:00,0.70607,0.70607,0.7058,0.70588
2026-08-14 11:45:00,0.70586,0.70603,0.70575,0.70576
2026-08-14 12:00:00,0.70578,0.70593,0.70567,0.70586
2026-08-14 12:15:00,0.70587,0.70592,0.70572,0.70575
2026-08-14 12:30:00,0.70577,0.706,0.70568,0.70594
2026-08-14 12:45:00,0.70595,0.70598,0.70559,0.7056
2026-08-14 13:00:00,0.70561,0.70584,0.70559,0.70583
2026-08-14 13:15:00,0.70581,0.70615,0.70573,0.70611
2026-08-14 13:30:00,0.70606,0.70616,0.706,0.70611
2026-08-14 13:45:00,0.70609,0.70621,0.70587,0.70619
2026-08-14 14:00:00,0.70615,0.70633,0.70607,0.70619
2026-08-14 14:15:00,0.7062,0.70632,0.70617,0.70621
2026-08-14 14:30:00,0.70621,0.70632,0.70617,0.70621
2026-08-14 14:45:00,0.7062,0.70629,0.70619,0.70628
2026-08-14 15:00:00,0.70626,0.7063,0.70618,0.70627
2026-08-14 15:15:00,0.70624,0.70648,0.7062,0.70644
2026-08-14 15:30:00,0.70639,0.70658,0.70639,0.70648
2026-08-14 15:45:00,0.70649,0.70673,0.70645,0.70672
2026-08-14 16:00:00,0.7067,0.70681,0.70659,0.7066
2026-08-14 16:15:00,0.7066,0.7067,0.70632,0.70647
2026-08-14 16:30:00,0.70645,0.70671,0.70645,0.70667
2026-08-14 16:45:00,0.70662,0.70686,0.70662,0.70679
2026-08-14 17:00:00,0.70678,0.70694,0.70678,0.70691
2026-08-14 17:15:00,0.7069,0.707,0.70672,0.70679
2026-08-14 17:30:00,0.70676,0.70721,0.70667,0.70706
2026-08-14 17:45:00,0.70708,0.7073,0.70703,0.70723
2026-08-14 18:00:00,0.70721,0.70744,0.7072,0.70724
2026-08-14 18:15:00,0.70724,0.70731,0.70695,0.70719
2026-08-14 18:30:00,0.70717,0.7075,0.70706,0.70731
2026-08-14 18:45:00,0.70733,0.70736,0.70715,0.70736
2026-08-14 19:00:00,0.70733,0.70745,0.70726,0.70743
2026-08-14 19:15:00,0.70742,0.70752,0.70737,0.70748
2026-08-14 19:30:00,0.70749,0.70749,0.70721,0.70732
2026-08-14 19:45:00,0.70734,0.70744,0.70734,0.70741
2026-08-14 20:00:00,0.7074,0.70779,0.70739,0.70778
2026-08-14 20:15:00,0.70774,0.70774,0.70745,0.70757
2026-08-14 20:30:00,0.70755,0.70762,0.70746,0.70746
2026-08-14 20:45:00,0.70748,0.70762,0.70748,0.70752
2026-08-14 21:00:00,0.70752,0.70772,0.70752,0.70765
2026-08-14 21:15:00,0.70763,0.70812,0.70756,0.708
2026-08-14 21:30:00,0.70802,0.70838,0.70796,0.70834
2026-08-14 21:45:00,0.70834,0.70842,0.70801,0.70809
2026-08-14 22:00:00,0.70809,0.70837,0.70791,0.70793
2026-08-14 22:15:00,0.70794,0.70849,0.70792,0.70848
2026-08-14 22:30:00,0.70845,0.70892,0.70802,0.70806
2026-08-14 22:45:00,0.70805,0.70832,0.70787,0.70812
2026-08-14 23:00:00,0.70809,0.70815,0.70792,0.70804
2026-08-14 23:15:00,0.70801,0.70849,0.7079,0.70842
2026-08-14 23:30:00,0.70844,0.70909,0.7083,0.70906
2026-08-14 23:45:00,0.70903,0.70936,0.70876,0.70902
2026-08-15 00:00:00,0.70894,0.70928,0.70894,0.70907
2026-08-15 00:15:00,0.70908,0.70929,0.70883,0.7092
2026-08-15 00:30:00,0.7092,0.70921,0.70862,0.70864
2026-08-15 00:45:00,0.70868,0.70923,0.70863,0.7092
2026-08-15 01:00:00,0.70915,0.70953,0.7091,0.70934
2026-08-15 01:15:00,0.70933,0.7094,0.70886,0.70909
2026-08-15 01:30:00,0.70905,0.70928,0.70887,0.70901
2026-08-15 01:45:00,0.70898,0.70931,0.70896,0.70908
2026-08-15 02:00:00,0.70908,0.70923,0.70888,0.70894
2026-08-15 02:15:00,0.70893,0.709,0.7087,0.70882
2026-08-15 02:30:00,0.70878,0.70902,0.70859,0.70865
2026-08-15 02:45:00,0.70868,0.70868,0.70839,0.70839
2026-08-15 03:00:00,0.70839,0.70839,0.7081,0.70812
2026-08-15 03:15:00,0.70811,0.70824,0.70805,0.70819
2026-08-15 03:30:00,0.70815,0.70823,0.70806,0.70807
2026-08-15 03:45:00,0.70808,0.7081,0.70794,0.70807
2026-08-15 04:00:00,0.70807,0.70811,0.70793,0.70794
2026-08-15 04:15:00,0.70795,0.70813,0.70791,0.70812
2026-08-15 04:30:00,0.70811,0.7082,0.708,0.70818
2026-08-15 04:45:00,0.70817,0.70829,0.70808,0.70821
2026-08-15 05:00:00,0.70822,0.70837,0.70813,0.70837
2026-08-15 05:15:00,0.70835,0.7084,0.70818,0.7084
2026-08-15 05:30:00,0.70837,0.70842,0.70819,0.70835
2026-08-15 05:45:00,0.70834,0.70842,0.70829,0.70838
2026-08-15 06:00:00,0.70838,0.70844,0.70827,0.7084
2026-08-15 06:15:00,0.7084,0.70842,0.70836,0.7084
2026-08-15 06:30:00,0.70838,0.7084,0.70821,0.70826
2026-08-15 06:45:00,0.70824,0.70848,0.70824,0.70844
2026-08-15 07:00:00,0.70845,0.70847,0.70783,0.70798
2026-08-15 07:15:00,0.70807,0.7082,0.70807,0.70817
2026-08-15 07:30:00,0.70816,0.70845,0.7077,0.70813
2026-08-15 07:45:00,0.7081,0.70819,0.70799,0.70801
2026-08-15 08:00:00,0.70805,0.70831,0.70778,0.70816
2026-08-15 08:15:00,0.70816,0.7082,0.70815,0.70817
2026-08-15 08:30:00,0.70816,0.70819,0.70815,0.70818
2026-08-15 08:45:00,0.70816,0.70819,0.70813,0.70816
2026-08-15 09:00:00,0.70816,0.70831,0.70777,0.70815
2026-08-15 09:15:00,0.70816,0.70822,0.70797,0.7081
2026-08-15 09:30:00,0.70808,0.70825,0.70787,0.7082
2026-08-15 09:45:00,0.70817,0.70821,0.70776,0.70813
2026-08-15 10:00:00,0.70808,0.70848,0.7078,0.70845
2026-08-15 10:15:00,0.70845,0.70853,0.70834,0.70846
2026-08-15 10:30:00,0.70845,0.70849,0.70844,0.70847
2026-08-15 10:45:00,0.70846,0.70849,0.70835,0.70846
2026-08-15 11:00:00,0.70845,0.70849,0.70844,0.70845
2026-08-15 11:15:00,0.70846,0.70849,0.70835,0.70845
2026-08-15 11:30:00,0.70845,0.70848,0.70822,0.70846
2026-08-15 11:45:00,0.70844,0.70849,0.70844,0.70846
2026-08-15 12:00:00,0.70845,0.70854,0.7083,0.70846
2026-08-15 12:15:00,0.70846,0.70849,0.70844,0.70845
2026-08-15 12:30:00,0.70845,0.70849,0.70834,0.70847
2026-08-15 12:45:00,0.70846,0.70849,0.70834,0.70845
2026-08-15 13:00:00,0.70843,0.70849,0.70843,0.70845
2026-08-15 13:15:00,0.70846,0.70856,0.70821,0.70845
2026-08-15 13:30:00,0.70845,0.70849,0.70844,0.70847
2026-08-15 13:45:00,0.70846,0.70852,0.70832,0.70847
2026-08-15 14:00:00,0.70845,0.70849,0.70834,0.70845
2026-08-15 14:15:00,0.70844,0.70849,0.70844,0.70845
2026-08-15 14:30:00,0.70846,0.70849,0.70836,0.70848
2026-08-15 14:45:00,0.70846,0.70849,0.70844,0.70847
2026-08-15 15:00:00,0.70846,0.7086,0.70823,0.70846
2026-08-15 15:15:00,0.70846,0.70849,0.70835,0.70847
2026-08-15 15:30:00,0.70845,0.70849,0.70844,0.70846
2026-08-15 15:45:00,0.70845,0.70852,0.70835,0.70847
2026-08-15 16:00:00,0.70845,0.70848,0.70844,0.70847
2026-08-15 16:15:00,0.70846,0.70849,0.70836,0.70845
2026-08-15 16:30:00,0.70846,0.70849,0.70828,0.70846
2026-08-15 16:45:00,0.70843,0.70849,0.70843,0.70847
2026-08-15 17:00:00,0.70846,0.70849,0.70837,0.70847
2026-08-15 17:15:00,0.70846,0.70849,0.70845,0.70846
2026-08-15 17:30:00,0.70846,0.70853,0.70835,0.70845
2026-08-15 17:45:00,0.70845,0.70849,0.70837,0.70847
2026-08-15 18:00:00,0.70844,0.70849,0.70844,0.70847
2026-08-15 18:15:00,0.70846,0.70848,0.70825,0.70845
2026-08-15 18:30:00,0.70845,0.70849,0.70844,0.70845
2026-08-15 18:45:00,0.70846,0.70849,0.70833,0.70847
2026-08-15 19:00:00,0.70845,0.70854,0.70834,0.70843
2026-08-15 19:15:00,0.70841,0.70848,0.70841,0.70845
2026-08-15 19:30:00,0.70845,0.70849,0.70833,0.70845
2026-08-15 19:45:00,0.70845,0.70849,0.70844,0.70846
2026-08-15 20:00:00,0.70845,0.70849,0.70827,0.70847
2026-08-15 20:15:00,0.70846,0.7085,0.70836,0.70845
2026-08-15 20:30:00,0.70843,0.70849,0.70843,0.70845
2026-08-15 20:45:00,0.70846,0.70851,0.70833,0.70847
2026-08-15 21:00:00,0.70846,0.70849,0.70845,0.70848
2026-08-15 21:15:00,0.70846,0.70853,0.70828,0.70846
2026-08-15 21:30:00,0.70846,0.70851,0.70837,0.70838
2026-08-15 21:45:00,0.70839,0.70848,0.70837,0.70847
2026-08-15 22:00:00,0.70845,0.70849,0.70834,0.70846
2026-08-15 22:15:00,0.70845,0.70848,0.70844,0.70846
2026-08-15 22:30:00,0.70846,0.70848,0.7083,0.70841
2026-08-15 22:45:00,0.70842,0.70852,0.70827,0.70829
2026-08-15 23:00:00,0.70832,0.7084,0.70827,0.70839
2026-08-15 23:15:00,0.70837,0.70844,0.70827,0.70842
2026-08-15 23:30:00,0.70841,0.70844,0.7084,0.7084
2026-08-15 23:45:00,0.70841,0.70844,0.70826,0.7083
2026-08-16 00:00:00,0.70831,0.70834,0.70819,0.70821
2026-08-16 00:15:00,0.70822,0.70826,0.70821,0.70824
2026-08-16 00:30:00,0.70822,0.70834,0.70816,0.70819
2026-08-16 00:45:00,0.70819,0.70822,0.70818,0.70819
2026-08-16 01:00:00,0.70819,0.70826,0.70818,0.70824
2026-08-16 01:15:00,0.70823,0.70826,0.70814,0.70815
2026-08-16 01:30:00,0.70817,0.7082,0.70816,0.70817
2026-08-16 01:45:00,0.70817,0.7082,0.70808,0.70811
2026-08-16 02:00:00,0.70811,0.70853,0.70788,0.70845
2026-08-16 02:15:00,0.70844,0.70853,0.70833,0.70846
2026-08-16 02:30:00,0.70844,0.70847,0.70839,0.70845
2026-08-16 02:45:00,0.70844,0.70848,0.70835,0.70844
2026-08-16 03:00:00,0.70844,0.70867,0.70833,0.70845
2026-08-16 03:15:00,0.70844,0.70848,0.70844,0.70847
2026-08-16 03:30:00,0.70845,0.70849,0.70834,0.70845
2026-08-16 03:45:00,0.70845,0.70849,0.70841,0.70845
2026-08-16 04:00:00,0.70844,0.7086,0.70822,0.70847
2026-08-16 04:15:00,0.70845,0.7085,0.70833,0.70844
2026-08-16 04:30:00,0.70843,0.70848,0.70842,0.70846
2026-08-16 04:45:00,0.70845,0.70852,0.70834,0.70846
2026-08-16 05:00:00,0.70844,0.70866,0.7084,0.70849
2026-08-16 05:15:00,0.70848,0.70848,0.70832,0.70845
2026-08-16 05:30:00,0.70843,0.70848,0.70829,0.70835
2026-08-16 05:45:00,0.70834,0.70837,0.70833,0.70834
2026-08-16 06:00:00,0.70834,0.70866,0.7083,0.70841
2026-08-16 06:15:00,0.70841,0.70847,0.70831,0.70846
2026-08-16 06:30:00,0.70843,0.70843,0.70826,0.70832
2026-08-16 06:45:00,0.70831,0.70835,0.70819,0.70834
2026-08-16 07:00:00,0.70831,0.70857,0.70815,0.70848
2026-08-16 07:15:00,0.70848,0.7085,0.70831,0.70837
2026-08-16 07:30:00,0.70836,0.70847,0.70834,0.70846
2026-08-16 07:45:00,0.70844,0.70848,0.70835,0.70844
2026-08-16 08:00:00,0.70844,0.70862,0.70831,0.70845
2026-08-16 08:15:00,0.70842,0.70847,0.70842,0.70845
2026-08-16 08:30:00,0.70844,0.70854,0.70832,0.70845
2026-08-16 08:45:00,0.70844,0.70848,0.70843,0.70845
2026-08-16 09:00:00,0.70845,0.70861,0.70828,0.70845
2026-08-16 09:15:00,0.70845,0.70848,0.70835,0.70843
2026-08-16 09:30:00,0.70841,0.70847,0.70841,0.70845
2026-08-16 09:45:00,0.70844,0.70847,0.70828,0.70838
2026-08-16 10:00:00,0.70837,0.70845,0.70835,0.70842
2026-08-16 10:15:00,0.70842,0.70854,0.70827,0.70832
2026-08-16 10:30:00,0.70832,0.70835,0.7082,0.70825
2026-08-16 10:45:00,0.70824,0.70835,0.70822,0.70832
2026-08-16 11:00:00,0.70831,0.70833,0.708,0.7081
2026-08-16 11:15:00,0.7081,0.7083,0.70797,0.70824
2026-08-16 11:30:00,0.70824,0.70827,0.70814,0.70818
2026-08-16 11:45:00,0.70817,0.70822,0.70809,0.70813
2026-08-16 12:00:00,0.70811,0.70821,0.70809,0.70817
2026-08-16 12:15:00,0.70818,0.70821,0.70809,0.70812
2026-08-16 12:30:00,0.70812,0.70848,0.70807,0.70846
2026-08-16 12:45:00,0.70845,0.70848,0.70803,0.70846
2026-08-16 13:00:00,0.70845,0.70848,0.70831,0.70842
2026-08-16 13:15:00,0.70841,0.70848,0.70841,0.70844
2026-08-16 13:30:00,0.70844,0.70847,0.70831,0.70844
2026-08-16 13:45:00,0.70843,0.70847,0.70843,0.70846
2026-08-16 14:00:00,0.70844,0.70851,0.70831,0.70843
2026-08-16 14:15:00,0.70843,0.70863,0.70794,0.70822
2026-08-16 14:30:00,0.70823,0.70826,0.70822,0.70823
2026-08-16 14:45:00,0.70823,0.70826,0.70813,0.70823
2026-08-16 15:00:00,0.70821,0.70824,0.7082,0.70822
2026-08-16 15:15:00,0.70821,0.70822,0.70812,0.70814
2026-08-16 15:30:00,0.70815,0.70818,0.70814,0.70817
2026-08-16 15:45:00,0.70815,0.70818,0.70814,0.70817
2026-08-16 16:00:00,0.70815,0.70832,0.70789,0.70803
2026-08-16 16:15:00,0.70802,0.70829,0.708,0.70825
2026-08-16 16:30:00,0.70826,0.70827,0.70815,0.70819
2026-08-16 16:45:00,0.70819,0.70822,0.7081,0.70814
2026-08-16 17:00:00,0.70813,0.70816,0.70812,0.70814
2026-08-16 17:15:00,0.70813,0.70818,0.70806,0.70808
2026-08-16 17:30:00,0.70808,0.70812,0.70807,0.70808
2026-08-16 17:45:00,0.70808,0.70809,0.70784,0.70794
2026-08-16 18:00:00,0.70792,0.70795,0.70791,0.70793
2026-08-16 18:15:00,0.70792,0.70795,0.70791,0.70792
2026-08-16 18:30:00,0.70792,0.70795,0.7079,0.70791
2026-08-16 18:45:00,0.70791,0.70795,0.7079,0.70793
2026-08-16 19:00:00,0.70791,0.70794,0.7079,0.70793
2026-08-16 19:15:00,0.70791,0.70794,0.7079,0.70791
2026-08-16 19:30:00,0.70791,0.70794,0.7079,0.7079
2026-08-16 19:45:00,0.70791,0.70806,0.7079,0.70802
2026-08-16 20:00:00,0.70801,0.70804,0.708,0.70802
2026-08-16 20:15:00,0.70801,0.70804,0.708,0.70801
2026-08-16 20:30:00,0.70801,0.70804,0.708,0.708
2026-08-16 20:45:00,0.70801,0.70804,0.708,0.70802
2026-08-16 21:00:00,0.70801,0.70804,0.708,0.70803
2026-08-16 21:15:00,0.70801,0.70804,0.708,0.70801
2026-08-16 21:30:00,0.70801,0.70804,0.70796,0.70797
2026-08-16 21:45:00,0.70798,0.70801,0.70797,0.70798
2026-08-16 22:00:00,0.70798,0.70801,0.70797,0.708
2026-08-16 22:15:00,0.70798,0.70846,0.70797,0.70844
2026-08-16 22:30:00,0.70843,0.70847,0.70843,0.70844
2026-08-16 22:45:00,0.70844,0.70848,0.70843,0.70845
2026-08-16 23:00:00,0.70845,0.70847,0.70843,0.70846
2026-08-16 23:15:00,0.70844,0.70848,0.70817,0.70828
2026-08-16 23:30:00,0.70827,0.7083,0.70826,0.70826
2026-08-16 23:45:00,0.70827,0.7083,0.70826,0.70826
2026-08-17 00:00:00,0.70827,0.70848,0.70822,0.70846
2026-08-17 00:15:00,0.70845,0.70848,0.70844,0.70847
2026-08-17 00:30:00,0.70845,0.70848,0.70844,0.70844
2026-08-17 00:45:00,0.70844,0.70848,0.70834,0.70834
2026-08-17 01:00:00,0.70835,0.70847,0.70794,0.70845
2026-08-17 01:15:00,0.70844,0.70879,0.70792,0.70827
2026-08-17 01:30:00,0.70821,0.70847,0.70821,0.70844
2026-08-17 01:45:00,0.70844,0.70848,0.7078,0.70845
2026-08-17 02:00:00,0.70843,0.7086,0.70842,0.70846
2026-08-17 02:15:00,0.70844,0.70848,0.708,0.70846
2026-08-17 02:30:00,0.70845,0.70878,0.70779,0.70822
2026-08-17 02:45:00,0.70817,0.70838,0.70817,0.70836
2026-08-17 03:00:00,0.70834,0.70865,0.70809,0.70846
2026-08-17 03:15:00,0.70844,0.70849,0.70844,0.70847
2026-08-17 03:30:00,0.70845,0.70848,0.70804,0.70846
2026-08-17 03:45:00,0.70845,0.70848,0.70844,0.70845
2026-08-17 04:00:00,0.70845,0.70858,0.70837,0.70847
2026-08-17 04:15:00,0.70845,0.70849,0.70845,0.70847
2026-08-17 04:30:00,0.70846,0.70849,0.70843,0.70846
2026-08-17 04:45:00,0.70845,0.70849,0.70844,0.70845
2026-08-17 05:00:00,0.70845,0.70859,0.70802,0.70828
2026-08-17 05:15:00,0.70825,0.70846,0.70785,0.708
2026-08-17 05:30:00,0.70798,0.70951,0.70778,0.70861
2026-08-17 05:45:00,0.70878,0.7095,0.70823,0.70877
2026-08-17 06:00:00,0.70872,0.70939,0.70789,0.70856
2026-08-17 06:15:00,0.70861,0.70905,0.70855,0.70876
2026-08-17 06:30:00,0.70885,0.70887,0.70842,0.70866
2026-08-17 06:45:00,0.70863,0.70883,0.70798,0.70868
2026-08-17 07:00:00,0.70863,0.70913,0.70769,0.70857
2026-08-17 07:15:00,0.70859,0.70862,0.70825,0.70828
2026-08-17 07:30:00,0.70833,0.70844,0.7082,0.70843
2026-08-17 07:45:00,0.70839,0.70858,0.70838,0.7084
2026-08-17 08:00:00,0.70841,0.70855,0.70829,0.70837
2026-08-17 08:15:00,0.70839,0.70853,0.70836,0.70852
2026-08-17 08:30:00,0.7085,0.7087,0.7085,0.70868
2026-08-17 08:45:00,0.70867,0.70883,0.70861,0.70882
2026-08-17 09:00:00,0.70879,0.70892,0.70879,0.70886
2026-08-17 09:15:00,0.70886,0.70887,0.7088,0.70883
2026-08-17 09:30:00,0.70882,0.70883,0.70868,0.70882
2026-08-17 09:45:00,0.7088,0.70884,0.70849,0.70855
2026-08-17 10:00:00,0.70854,0.70921,0.70849,0.70919
2026-08-17 10:15:00,0.70917,0.70944,0.70914,0.70942
2026-08-17 10:30:00,0.70938,0.70959,0.70938,0.70941
2026-08-17 10:45:00,0.7094,0.7094,0.70909,0.70916
2026-08-17 11:00:00,0.70911,0.7093,0.70892,0.70893
2026-08-17 11:15:00,0.70897,0.70945,0.70897,0.70943
2026-08-17 11:30:00,0.70941,0.70954,0.70914,0.70953
2026-08-17 11:45:00,0.70948,0.70983,0.70948,0.70969
2026-08-17 12:00:00,0.70968,0.70972,0.70941,0.70942
2026-08-17 12:15:00,0.70945,0.70961,0.70938,0.70959
2026-08-17 12:30:00,0.70955,0.70962,0.70934,0.7094
2026-08-17 12:45:00,0.70951,0.70951,0.70915,0.70922
2026-08-17 13:00:00,0.7092,0.70934,0.70916,0.70931
2026-08-17 13:15:00,0.7093,0.70954,0.70929,0.70952
2026-08-17 13:30:00,0.7095,0.70967,0.70938,0.70966
2026-08-17 13:45:00,0.70964,0.71004,0.70963,0.71002
2026-08-17 14:00:00,0.70995,0.71043,0.70995,0.71042
2026-08-17 14:15:00,0.71041,0.71053,0.71033,0.71047
2026-08-17 14:30:00,0.71048,0.71048,0.7102,0.71041
2026-08-17 14:45:00,0.7104,0.71041,0.71019,0.71025
2026-08-17 15:00:00,0.71023,0.71034,0.71015,0.71016
2026-08-17 15:15:00,0.71017,0.7106,0.71016,0.71058
2026-08-17 15:30:00,0.71054,0.71127,0.71054,0.71117
2026-08-17 15:45:00,0.71117,0.71157,0.71108,0.71132
2026-08-17 16:00:00,0.71134,0.71155,0.7111,0.71117
2026-08-17 16:15:00,0.71115,0.71164,0.71104,0.71161
2026-08-17 16:30:00,0.71157,0.71167,0.71148,0.71155
2026-08-17 16:45:00,0.71156,0.71223,0.71156,0.71221
2026-08-17 17:00:00,0.7122,0.71236,0.71204,0.71212
2026-08-17 17:15:00,0.71212,0.71229,0.71202,0.71225
2026-08-17 17:30:00,0.7122,0.7124,0.71209,0.71231
2026-08-17 17:45:00,0.71228,0.71229,0.71207,0.71211
2026-08-17 18:00:00,0.7121,0.71212,0.71165,0.71188
2026-08-17 18:15:00,0.71186,0.71222,0.71178,0.7122
2026-08-17 18:30:00,0.71218,0.71244,0.71217,0.71234
2026-08-17 18:45:00,0.71233,0.71236,0.71186,0.71196
2026-08-17 19:00:00,0.7119,0.71234,0.71182,0.71233
2026-08-17 19:15:00,0.71231,0.7124,0.71207,0.7122
2026-08-17 19:30:00,0.7122,0.71272,0.7122,0.71271
2026-08-17 19:45:00,0.7127,0.71276,0.71252,0.71258
2026-08-17 20:00:00,0.71258,0.71259,0.71238,0.71258
2026-08-17 20:15:00,0.71253,0.71269,0.71248,0.71255
2026-08-17 20:30:00,0.71256,0.71295,0.71247,0.71259
2026-08-17 20:45:00,0.71259,0.71263,0.71228,0.71245
2026-08-17 21:00:00,0.71246,0.71286,0.71244,0.71266
2026-08-17 21:15:00,0.71271,0.71271,0.71248,0.7126
2026-08-17 21:30:00,0.71264,0.71264,0.71233,0.71234
2026-08-17 21:45:00,0.71234,0.71253,0.71226,0.71253
2026-08-17 22:00:00,0.71252,0.71264,0.71247,0.7125
2026-08-17 22:15:00,0.71252,0.71257,0.71197,0.71212
2026-08-17 22:30:00,0.7121,0.71215,0.71174,0.71192
2026-08-17 22:45:00,0.71194,0.71214,0.71172,0.71211
2026-08-17 23:00:00,0.71206,0.71222,0.71174,0.71183
2026-08-17 23:15:00,0.71187,0.71196,0.71156,0.71157
2026-08-17 23:30:00,0.71159,0.71189,0.71121,0.71123
2026-08-17 23:45:00,0.71126,0.71161,0.71093,0.7116
2026-08-18 00:00:00,0.71157,0.71201,0.71148,0.71198
2026-08-18 00:15:00,0.7119,0.71243,0.7119,0.71197
2026-08-18 00:30:00,0.71201,0.71215,0.71177,0.7119
2026-08-18 00:45:00,0.71188,0.71193,0.71112,0.71121
2026-08-18 01:00:00,0.7112,0.71127,0.71114,0.71127
2026-08-18 01:15:00,0.71126,0.71128,0.71105,0.71117
2026-08-18 01:30:00,0.71111,0.71131,0.71083,0.7109
2026-08-18 01:45:00,0.71089,0.71122,0.71075,0.71117
2026-08-18 02:00:00,0.71118,0.71125,0.71107,0.71125
2026-08-18 02:15:00,0.71123,0.71143,0.71122,0.71141
2026-08-18 02:30:00,0.71139,0.71151,0.71131,0.71142
2026-08-18 02:45:00,0.71144,0.71144,0.71118,0.71119
2026-08-18 03:00:00,0.71122,0.7113,0.71112,0.71113
2026-08-18 03:15:00,0.71114,0.71119,0.71077,0.71085
2026-08-18 03:30:00,0.71081,0.71096,0.71036,0.71054
2026-08-18 03:45:00,0.71051,0.71068,0.71049,0.71049
2026-08-18 04:00:00,0.71051,0.71053,0.71032,0.71051
2026-08-18 04:15:00,0.71048,0.71056,0.7102,0.71021
2026-08-18 04:30:00,0.71023,0.71039,0.7101,0.71019
2026-08-18 04:45:00,0.71017,0.71036,0.71011,0.7102
2026-08-18 05:00:00,0.7102,0.71033,0.71014,0.71031
2026-08-18 05:15:00,0.71027,0.7106,0.71027,0.71059
2026-08-18 05:30:00,0.71057,0.71061,0.71043,0.71059
2026-08-18 05:45:00,0.71057,0.71062,0.7104,0.71049
2026-08-18 06:00:00,0.71047,0.71054,0.71039,0.71039
2026-08-18 06:15:00,0.7104,0.71051,0.71037,0.71038
2026-08-18 06:30:00,0.7104,0.71043,0.71036,0.7104
2026-08-18 06:45:00,0.71038,0.71044,0.71031,0.71042
2026-08-18 07:00:00,0.71038,0.71115,0.71015,0.71066
2026-08-18 07:15:00,0.71066,0.71067,0.7104,0.71058
2026-08-18 07:30:00,0.71057,0.71059,0.71048,0.71056
2026-08-18 07:45:00,0.71054,0.71054,0.71033,0.71038
2026-08-18 08:00:00,0.71038,0.71058,0.71036,0.71046
2026-08-18 08:15:00,0.71042,0.71058,0.71037,0.71057
2026-08-18 08:30:00,0.71056,0.71062,0.7105,0.71057
2026-08-18 08:45:00,0.71058,0.71064,0.71052,0.71058
2026-08-18 09:00:00,0.71057,0.71072,0.71048,0.71067
2026-08-18 09:15:00,0.71068,0.71074,0.71056,0.71068
2026-08-18 09:30:00,0.71069,0.71081,0.71065,0.71078
2026-08-18 09:45:00,0.71075,0.71085,0.71075,0.71084
2026-08-18 10:00:00,0.71082,0.71103,0.71082,0.71083
2026-08-18 10:15:00,0.71084,0.71102,0.71083,0.71084
2026-08-18 10:30:00,0.71085,0.71106,0.71067,0.71105
2026-08-18 10:45:00,0.71102,0.71117,0.71084,0.7109
2026-08-18 11:00:00,0.71086,0.71131,0.71086,0.71129
2026-08-18 11:15:00,0.71125,0.71137,0.71091,0.71102
2026-08-18 11:30:00,0.71101,0.71122,0.71095,0.71097
2026-08-18 11:45:00,0.71101,0.71101,0.7107,0.71086
2026-08-18 12:00:00,0.71081,0.71081,0.71058,0.71058
2026-08-18 12:15:00,0.71058,0.71075,0.71053,0.71075
2026-08-18 12:30:00,0.71074,0.71093,0.71068,0.71093
2026-08-18 12:45:00,0.71091,0.71114,0.7108,0.7111
2026-08-18 13:00:00,0.71108,0.71113,0.71095,0.71099
2026-08-18 13:15:00,0.711,0.711,0.71059,0.7107
2026-08-18 13:30:00,0.71067,0.71073,0.71031,0.71032
2026-08-18 13:45:00,0.71034,0.71035,0.71015,0.71029
2026-08-18 14:00:00,0.71025,0.71038,0.7102,0.7102
2026-08-18 14:15:00,0.71021,0.71023,0.71004,0.71015
2026-08-18 14:30:00,0.71016,0.71025,0.71009,0.71022
2026-08-18 14:45:00,0.7102,0.71022,0.70992,0.71011
2026-08-18 15:00:00,0.71009,0.7101,0.70965,0.70971
2026-08-18 15:15:00,0.70969,0.70991,0.70962,0.7098
2026-08-18 15:30:00,0.70981,0.7099,0.70972,0.70989
2026-08-18 15:45:00,0.70987,0.71011,0.70985,0.71007
2026-08-18 16:00:00,0.71005,0.71009,0.70957,0.71001
2026-08-18 16:15:00,0.70999,0.71002,0.70969,0.70976
2026-08-18 16:30:00,0.70977,0.71012,0.70974,0.70983
2026-08-18 16:45:00,0.70983,0.70991,0.70955,0.70987
2026-08-18 17:00:00,0.70981,0.71035,0.70972,0.71005
2026-08-18 17:15:00,0.71009,0.71034,0.70989,0.7102
2026-08-18 17:30:00,0.71022,0.71036,0.71,0.71031
2026-08-18 17:45:00,0.71032,0.71049,0.71028,0.71041
2026-08-18 18:00:00,0.7104,0.7104,0.70996,0.71032
2026-08-18 18:15:00,0.71029,0.71032,0.71001,0.71016
2026-08-18 18:30:00,0.71015,0.71043,0.71014,0.71034
2026-08-18 18:45:00,0.71036,0.71046,0.71018,0.71041
2026-08-18 19:00:00,0.7104,0.7104,0.71028,0.71031
2026-08-18 19:15:00,0.71029,0.71061,0.71016,0.71059
2026-08-18 19:30:00,0.71055,0.71083,0.71044,0.71045
2026-08-18 19:45:00,0.71046,0.71099,0.71043,0.71097
2026-08-18 20:00:00,0.71096,0.71098,0.71064,0.71077
2026-08-18 20:15:00,0.71074,0.71078,0.71059,0.71076
2026-08-18 20:30:00,0.71072,0.7108,0.71065,0.71072
2026-08-18 20:45:00,0.7107,0.71072,0.71058,0.7107
2026-08-18 21:00:00,0.71068,0.71071,0.71049,0.7106
2026-08-18 21:15:00,0.71061,0.71073,0.71057,0.71058
2026-08-18 21:30:00,0.71061,0.71082,0.71057,0.71081
2026-08-18 21:45:00,0.71078,0.71107,0.71069,0.71105
2026-08-18 22:00:00,0.71101,0.71136,0.71085,0.71117
2026-08-18 22:15:00,0.71115,0.71139,0.71107,0.71115
2026-08-18 22:30:00,0.71115,0.71118,0.71093,0.711
2026-08-18 22:45:00,0.71102,0.71132,0.71102,0.7113
2026-08-18 23:00:00,0.71129,0.71148,0.71107,0.71143
2026-08-18 23:15:00,0.71142,0.71144,0.71115,0.71121
2026-08-18 23:30:00,0.7112,0.71199,0.71096,0.71162
2026-08-18 23:45:00,0.71166,0.71166,0.71114,0.71142
2026-08-19 00:00:00,0.71135,0.71154,0.7112,0.71128
2026-08-19 00:15:00,0.71126,0.71136,0.71095,0.71098
2026-08-19 00:30:00,0.71102,0.71102,0.71054,0.71057
2026-08-19 00:45:00,0.71061,0.71061,0.70994,0.70996
2026-08-19 01:00:00,0.70999,0.71036,0.70967,0.70971
2026-08-19 01:15:00,0.70979,0.7098,0.70947,0.7096
2026-08-19 01:30:00,0.70951,0.70973,0.70951,0.7096
2026-08-19 01:45:00,0.70962,0.70988,0.70957,0.70958
2026-08-19 02:00:00,0.7096,0.70983,0.70956,0.70963
2026-08-19 02:15:00,0.70969,0.70969,0.70923,0.70926
2026-08-19 02:30:00,0.70931,0.70931,0.70904,0.70918
2026-08-19 02:45:00,0.70918,0.70934,0.70914,0.7092
2026-08-19 03:00:00,0.70922,0.70941,0.70882,0.709
2026-08-19 03:15:00,0.70895,0.70911,0.70888,0.70892
2026-08-19 03:30:00,0.70891,0.70899,0.70866,0.70879
2026-08-19 03:45:00,0.70881,0.70884,0.70868,0.70868
2026-08-19 04:00:00,0.70869,0.70871,0.70842,0.70857
2026-08-19 04:15:00,0.70851,0.70868,0.70838,0.70847
2026-08-19 04:30:00,0.70839,0.70854,0.70834,0.70839
2026-08-19 04:45:00,0.70837,0.70847,0.70833,0.70845
2026-08-19 05:00:00,0.70843,0.70871,0.70837,0.70858
2026-08-19 05:15:00,0.70862,0.70871,0.70848,0.7086
2026-08-19 05:30:00,0.70859,0.7089,0.70859,0.70889
2026-08-19 05:45:00,0.70886,0.70886,0.70844,0.70845
2026-08-19 06:00:00,0.70847,0.70861,0.70822,0.70842
2026-08-19 06:15:00,0.70839,0.70841,0.70825,0.70833
2026-08-19 06:30:00,0.70832,0.70853,0.70831,0.70845
2026-08-19 06:45:00,0.70843,0.70863,0.7084,0.70861
2026-08-19 07:00:00,0.70858,0.70885,0.70823,0.70827
2026-08-19 07:15:00,0.70829,0.70846,0.70828,0.70841
2026-08-19 07:30:00,0.70831,0.70885,0.70831,0.70849
2026-08-19 07:45:00,0.70857,0.70857,0.70835,0.7084
2026-08-19 08:00:00,0.70839,0.70874,0.70838,0.70849
2026-08-19 08:15:00,0.7085,0.70862,0.70845,0.70851
2026-08-19 08:30:00,0.70849,0.70855,0.70836,0.70842
2026-08-19 08:45:00,0.70841,0.70856,0.70837,0.70842
2026-08-19 09:00:00,0.70841,0.7086,0.70828,0.7083
2026-08-19 09:15:00,0.70834,0.70834,0.70813,0.70814
2026-08-19 09:30:00,0.70816,0.70822,0.70801,0.70802
2026-08-19 09:45:00,0.70804,0.70816,0.70801,0.70808
2026-08-19 10:00:00,0.70806,0.70851,0.7079,0.70848
2026-08-19 10:15:00,0.70844,0.70864,0.70834,0.70853
2026-08-19 10:30:00,0.70851,0.70852,0.70802,0.70804
2026-08-19 10:45:00,0.70807,0.70809,0.70749,0.70752
2026-08-19 11:00:00,0.70759,0.70783,0.70745,0.70752
2026-08-19 11:15:00,0.70755,0.70758,0.70699,0.70728
2026-08-19 11:30:00,0.70734,0.7077,0.70734,0.7077
2026-08-19 11:45:00,0.70769,0.70771,0.70739,0.70769
2026-08-19 12:00:00,0.70767,0.70778,0.70753,0.70766
2026-08-19 12:15:00,0.70768,0.70807,0.70752,0.70771
2026-08-19 12:30:00,0.70773,0.70798,0.70751,0.70796
2026-08-19 12:45:00,0.70789,0.70854,0.70784,0.70785
2026-08-19 13:00:00,0.70785,0.70791,0.70754,0.70768
2026-08-19 13:15:00,0.70768,0.70773,0.70759,0.7076
2026-08-19 13:30:00,0.70761,0.70769,0.70741,0.70742
2026-08-19 13:45:00,0.70743,0.70751,0.7073,0.70734
2026-08-19 14:00:00,0.70733,0.70737,0.70713,0.70732
2026-08-19 14:15:00,0.70732,0.70739,0.70717,0.70724
2026-08-19 14:30:00,0.70724,0.70735,0.7069,0.70691
2026-08-19 14:45:00,0.70692,0.70723,0.70672,0.70719
2026-08-19 15:00:00,0.70708,0.70744,0.70693,0.70694
2026-08-19 15:15:00,0.70696,0.70712,0.70687,0.70708
2026-08-19 15:30:00,0.70704,0.70713,0.70686,0.70694
2026-08-19 15:45:00,0.70693,0.70705,0.70676,0.70693
2026-08-19 16:00:00,0.70689,0.70706,0.70675,0.70677
2026-08-19 16:15:00,0.70679,0.70774,0.70674,0.70762
2026-08-19 16:30:00,0.70763,0.70778,0.70727,0.70729
2026-08-19 16:45:00,0.70733,0.70748,0.70701,0.70743
2026-08-19 17:00:00,0.70741,0.70775,0.70719,0.7073
2026-08-19 17:15:00,0.70729,0.70729,0.70695,0.70703
2026-08-19 17:30:00,0.70703,0.70728,0.70699,0.70705
2026-08-19 17:45:00,0.70708,0.70718,0.70696,0.70701
2026-08-19 18:00:00,0.70704,0.70801,0.707,0.70796
2026-08-19 18:15:00,0.70794,0.70819,0.70773,0.70774
2026-08-19 18:30:00,0.70776,0.70803,0.70761,0.70802
2026-08-19 18:45:00,0.70799,0.70804,0.70764,0.70778
2026-08-19 19:00:00,0.70776,0.70819,0.70768,0.70812
2026-08-19 19:15:00,0.7081,0.70831,0.70792,0.70797
2026-08-19 19:30:00,0.708,0.70817,0.7079,0.708
2026-08-19 19:45:00,0.708,0.70811,0.70793,0.70804
2026-08-19 20:00:00,0.70803,0.70803,0.70766,0.708
2026-08-19 20:15:00,0.70789,0.7081,0.7077,0.70783
2026-08-19 20:30:00,0.70774,0.70796,0.70774,0.70793
2026-08-19 20:45:00,0.70791,0.70802,0.70764,0.70772
2026-08-19 21:00:00,0.70769,0.70773,0.70739,0.70765
2026-08-19 21:15:00,0.70762,0.70773,0.7074,0.70742
2026-08-19 21:30:00,0.70745,0.70755,0.70705,0.70706
2026-08-19 21:45:00,0.7071,0.70747,0.70705,0.70737
2026-08-19 22:00:00,0.70739,0.70772,0.70729,0.70771
2026-08-19 22:15:00,0.7077,0.70821,0.70766,0.70815
2026-08-19 22:30:00,0.70812,0.70965,0.708,0.7091
2026-08-19 22:45:00,0.70915,0.71022,0.70915,0.71003
2026-08-19 23:00:00,0.71008,0.71203,0.7099,0.712
2026-08-19 23:15:00,0.71191,0.71208,0.71155,0.71179
2026-08-19 23:30:00,0.71175,0.71247,0.7117,0.71209
2026-08-19 23:45:00,0.71195,0.71239,0.71159,0.71195
2026-08-20 00:00:00,0.71188,0.7128,0.71179,0.71276
2026-08-20 00:15:00,0.71271,0.71271,0.71173,0.7125
2026-08-20 00:30:00,0.71244,0.71283,0.71243,0.71282
2026-08-20 00:45:00,0.71281,0.71292,0.71185,0.71209
2026-08-20 01:00:00,0.71209,0.71257,0.71191,0.71252
2026-08-20 01:15:00,0.71244,0.71252,0.71187,0.71214
2026-08-20 01:30:00,0.71206,0.71265,0.71206,0.71249
2026-08-20 01:45:00,0.71243,0.71259,0.71192,0.7121
2026-08-20 02:00:00,0.71205,0.71272,0.71205,0.71272
2026-08-20 02:15:00,0.7127,0.71273,0.71235,0.7124
2026-08-20 02:30:00,0.71249,0.71253,0.71231,0.7125
2026-08-20 02:45:00,0.71249,0.71258,0.71234,0.71235
2026-08-20 03:00:00,0.71236,0.71261,0.71186,0.71198
2026-08-20 03:15:00,0.71197,0.71198,0.71171,0.71172
2026-08-20 03:30:00,0.71171,0.71187,0.7116,0.71165
2026-08-20 03:45:00,0.7117,0.7117,0.71134,0.71134
2026-08-20 04:00:00,0.71136,0.71197,0.71114,0.71195
2026-08-20 04:15:00,0.71192,0.71197,0.7113,0.71132
2026-08-20 04:30:00,0.7113,0.7121,0.71122,0.71207
2026-08-20 04:45:00,0.71205,0.71242,0.71198,0.71225
2026-08-20 05:00:00,0.71227,0.71261,0.71216,0.7124
2026-08-20 05:15:00,0.71242,0.7126,0.71232,0.7126
2026-08-20 05:30:00,0.71258,0.71268,0.71233,0.71259
2026-08-20 05:45:00,0.71257,0.71265,0.71234,0.71235
2026-08-20 06:00:00,0.71238,0.71255,0.71226,0.71226
2026-08-20 06:15:00,0.71228,0.7124,0.71221,0.71233
2026-08-20 06:30:00,0.71234,0.71253,0.71231,0.71251
2026-08-20 06:45:00,0.71249,0.71258,0.71247,0.71254
2026-08-20 07:00:00,0.71253,0.71253,0.71117,0.71227
2026-08-20 07:15:00,0.71217,0.71257,0.71215,0.71221
2026-08-20 07:30:00,0.7122,0.71237,0.71211,0.71236
2026-08-20 07:45:00,0.71234,0.7126,0.71213,0.71229
2026-08-20 08:00:00,0.71228,0.71261,0.71224,0.7124
2026-08-20 08:15:00,0.71243,0.71261,0.71243,0.71257
2026-08-20 08:30:00,0.71256,0.71269,0.71256,0.71268
2026-08-20 08:45:00,0.71266,0.71267,0.71251,0.71255
2026-08-20 09:00:00,0.71255,0.71285,0.71246,0.7127
2026-08-20 09:15:00,0.7127,0.71271,0.71248,0.71259
2026-08-20 09:30:00,0.71257,0.71258,0.71234,0.71239
2026-08-20 09:45:00,0.71237,0.7124,0.71218,0.71228
2026-08-20 10:00:00,0.71227,0.71268,0.71215,0.71243
2026-08-20 10:15:00,0.71238,0.71262,0.71228,0.7124
2026-08-20 10:30:00,0.71237,0.71249,0.71218,0.71219
2026-08-20 10:45:00,0.7122,0.71224,0.71159,0.71175
2026-08-20 11:00:00,0.71171,0.71181,0.7115,0.7118
2026-08-20 11:15:00,0.71179,0.71255,0.71174,0.71249
2026-08-20 11:30:00,0.7124,0.71359,0.7106,0.71167
2026-08-20 11:45:00,0.7116,0.71165,0.71095,0.71139
2026-08-20 12:00:00,0.71134,0.71203,0.71134,0.71144
2026-08-20 12:15:00,0.71144,0.71146,0.7111,0.71127
2026-08-20 12:30:00,0.71125,0.71145,0.71113,0.71136
2026-08-20 12:45:00,0.71138,0.71147,0.71115,0.71141
2026-08-20 13:00:00,0.71143,0.71166,0.71126,0.71161
2026-08-20 13:15:00,0.71152,0.7119,0.71145,0.71179
2026-08-20 13:30:00,0.7118,0.71184,0.71157,0.71172
2026-08-20 13:45:00,0.71168,0.71203,0.71168,0.71202
2026-08-20 14:00:00,0.712,0.71235,0.71188,0.71233
2026-08-20 14:15:00,0.71228,0.71237,0.71198,0.71203
2026-08-20 14:30:00,0.71203,0.71209,0.71172,0.71173
2026-08-20 14:45:00,0.71174,0.71174,0.71138,0.7114
2026-08-20 15:00:00,0.71142,0.71164,0.71132,0.71141
2026-08-20 15:15:00,0.7114,0.71165,0.71135,0.71145
2026-08-20 15:30:00,0.71147,0.71151,0.71123,0.71134
2026-08-20 15:45:00,0.71132,0.71162,0.71119,0.71161
2026-08-20 16:00:00,0.7116,0.71184,0.71149,0.71178
2026-08-20 16:15:00,0.71176,0.71178,0.71154,0.71177
2026-08-20 16:30:00,0.71175,0.71194,0.7116,0.71191
2026-08-20 16:45:00,0.71189,0.71228,0.71188,0.71228
2026-08-20 17:00:00,0.71226,0.71235,0.71176,0.71212
2026-08-20 17:15:00,0.7121,0.7122,0.7117,0.71187
2026-08-20 17:30:00,0.71188,0.71247,0.71188,0.71244
2026-08-20 17:45:00,0.71241,0.71241,0.71209,0.71241
2026-08-20 18:00:00,0.71239,0.71251,0.71226,0.7125
2026-08-20 18:15:00,0.71247,0.71276,0.71243,0.71246
2026-08-20 18:30:00,0.71248,0.71276,0.71216,0.71263
2026-08-20 18:45:00,0.71265,0.71265,0.71229,0.71237
2026-08-20 19:00:00,0.71233,0.7129,0.71232,0.71289
2026-08-20 19:15:00,0.71284,0.7132,0.71276,0.71299
2026-08-20 19:30:00,0.71299,0.71309,0.7126,0.71281
2026-08-20 19:45:00,0.71277,0.71291,0.71265,0.71268
2026-08-20 20:00:00,0.71271,0.71319,0.71271,0.71318
2026-08-20 20:15:00,0.71315,0.7132,0.71281,0.71308
2026-08-20 20:30:00,0.71302,0.71323,0.71281,0.71281
2026-08-20 20:45:00,0.71282,0.71285,0.71211,0.71213
2026-08-20 21:00:00,0.71216,0.71244,0.7117,0.71174
2026-08-20 21:15:00,0.71172,0.71215,0.71158,0.71179
2026-08-20 21:30:00,0.71184,0.71202,0.71155,0.71159
2026-08-20 21:45:00,0.71163,0.71163,0.71093,0.711
2026-08-20 22:00:00,0.71102,0.71102,0.71032,0.71076
2026-08-20 22:15:00,0.71077,0.71106,0.71061,0.71097
2026-08-20 22:30:00,0.71095,0.71135,0.71076,0.71114
2026-08-20 22:45:00,0.71117,0.71177,0.71117,0.71171
2026-08-20 23:00:00,0.71166,0.7123,0.71166,0.71198
2026-08-20 23:15:00,0.71196,0.71221,0.7118,0.71214
2026-08-20 23:30:00,0.71212,0.71237,0.71195,0.71234
2026-08-20 23:45:00,0.7123,0.71239,0.71162,0.71167
2026-08-21 00:00:00,0.71171,0.71203,0.71155,0.7119
2026-08-21 00:15:00,0.71189,0.71217,0.71155,0.71182
2026-08-21 00:30:00,0.71183,0.71238,0.71183,0.71236
2026-08-21 00:45:00,0.71233,0.71252,0.71214,0.71215
2026-08-21 01:00:00,0.71218,0.7132,0.71199,0.71216
2026-08-21 01:15:00,0.71207,0.71251,0.71197,0.71247
2026-08-21 01:30:00,0.71235,0.71267,0.71144,0.71148
2026-08-21 01:45:00,0.71155,0.71195,0.71146,0.71193
2026-08-21 02:00:00,0.71189,0.71196,0.7116,0.71161
2026-08-21 02:15:00,0.71164,0.71169,0.71132,0.71134
2026-08-21 02:30:00,0.71135,0.71138,0.71112,0.71113
2026-08-21 02:45:00,0.71115,0.7114,0.71111,0.71127
2026-08-21 03:00:00,0.71126,0.71135,0.71105,0.71111
2026-08-21 03:15:00,0.71108,0.7112,0.71102,0.71119
2026-08-21 03:30:00,0.71116,0.71134,0.71103,0.71116
2026-08-21 03:45:00,0.71112,0.71131,0.71112,0.71128
2026-08-21 04:00:00,0.71126,0.7114,0.71079,0.71079
2026-08-21 04:15:00,0.7108,0.71089,0.71065,0.71072
2026-08-21 04:30:00,0.71072,0.71102,0.71072,0.711
2026-08-21 04:45:00,0.71099,0.71112,0.71088,0.71107
2026-08-21 05:00:00,0.71107,0.71118,0.71096,0.71116
2026-08-21 05:15:00,0.71112,0.71124,0.71105,0.7112
2026-08-21 05:30:00,0.71119,0.71123,0.71096,0.71119
2026-08-21 05:45:00,0.71117,0.71132,0.71109,0.71121
2026-08-21 06:00:00,0.71122,0.71135,0.71121,0.71128
2026-08-21 06:15:00,0.71128,0.7113,0.71118,0.71119
2026-08-21 06:30:00,0.71119,0.71137,0.71119,0.71136
2026-08-21 06:45:00,0.71133,0.7114,0.7113,0.71138
2026-08-21 07:00:00,0.71137,0.71173,0.71114,0.71115
2026-08-21 07:15:00,0.71118,0.71122,0.71103,0.71121
2026-08-21 07:30:00,0.71118,0.71125,0.71098,0.71099
2026-08-21 07:45:00,0.711,0.71111,0.71089,0.71104
2026-08-21 08:00:00,0.71099,0.71137,0.71099,0.71135
2026-08-21 08:15:00,0.71132,0.71151,0.71128,0.7115
2026-08-21 08:30:00,0.7115,0.71153,0.71143,0.71149
2026-08-21 08:45:00,0.71147,0.71163,0.71142,0.71155
2026-08-21 09:00:00,0.71154,0.71174,0.71153,0.71162
2026-08-21 09:15:00,0.71163,0.71176,0.71163,0.71175
2026-08-21 09:30:00,0.71172,0.71182,0.71167,0.71173
2026-08-21 09:45:00,0.71173,0.71196,0.71173,0.71195
2026-08-21 10:00:00,0.71193,0.71248,0.71189,0.71245
2026-08-21 10:15:00,0.71241,0.71257,0.71222,0.71224
2026-08-21 10:30:00,0.71228,0.71249,0.71225,0.71229
2026-08-21 10:45:00,0.7123,0.71243,0.71215,0.71218
2026-08-21 11:00:00,0.71217,0.71247,0.71213,0.71245
2026-08-21 11:15:00,0.71241,0.71302,0.71238,0.71298
2026-08-21 11:30:00,0.71292,0.71314,0.71279,0.71291
2026-08-21 11:45:00,0.71287,0.71338,0.71287,0.71336
2026-08-21 12:00:00,0.71334,0.71354,0.71321,0.71343
2026-08-21 12:15:00,0.71345,0.71401,0.71345,0.71387
2026-08-21 12:30:00,0.71389,0.71408,0.71376,0.7139
2026-08-21 12:45:00,0.71389,0.71437,0.71384,0.71397
2026-08-21 13:00:00,0.71401,0.71417,0.71393,0.71412
2026-08-21 13:15:00,0.71412,0.71426,0.71408,0.71411
2026-08-21 13:30:00,0.71412,0.7142,0.71388,0.71416
2026-08-21 13:45:00,0.71408,0.71425,0.71403,0.71413
2026-08-21 14:00:00,0.71411,0.71425,0.714,0.71418
2026-08-21 14:15:00,0.71416,0.71422,0.71399,0.71401
2026-08-21 14:30:00,0.71401,0.71401,0.71386,0.71398
2026-08-21 14:45:00,0.71396,0.71413,0.71396,0.71406
2026-08-21 15:00:00,0.71401,0.71415,0.71385,0.71397
2026-08-21 15:15:00,0.71396,0.71409,0.71388,0.71394
2026-08-21 15:30:00,0.71394,0.71439,0.71382,0.71436
2026-08-21 15:45:00,0.71431,0.71461,0.71418,0.71456
2026-08-21 16:00:00,0.71453,0.71459,0.7142,0.71435
2026-08-21 16:15:00,0.71433,0.71459,0.71408,0.71447
2026-08-21 16:30:00,0.71445,0.71484,0.71436,0.71444
2026-08-21 16:45:00,0.71445,0.71459,0.71431,0.71452
2026-08-21 17:00:00,0.7145,0.71484,0.71445,0.71461
2026-08-21 17:15:00,0.71458,0.71477,0.71454,0.71464
2026-08-21 17:30:00,0.71462,0.7151,0.71457,0.71487
2026-08-21 17:45:00,0.71493,0.7151,0.71465,0.71503
2026-08-21 18:00:00,0.71499,0.71534,0.7149,0.71534
2026-08-21 18:15:00,0.7153,0.716,0.7153,0.71599
2026-08-21 18:30:00,0.71598,0.71628,0.71573,0.71625
2026-08-21 18:45:00,0.71619,0.71628,0.71593,0.71608
2026-08-21 19:00:00,0.71604,0.71656,0.71604,0.7165
2026-08-21 19:15:00,0.71646,0.71655,0.71578,0.71579
2026-08-21 19:30:00,0.71581,0.71623,0.71569,0.71601
2026-08-21 19:45:00,0.71603,0.71627,0.71593,0.71598
2026-08-21 20:00:00,0.71607,0.7163,0.71584,0.71602
2026-08-21 20:15:00,0.71602,0.71641,0.71599,0.7164
2026-08-21 20:30:00,0.71639,0.71644,0.71626,0.71629
2026-08-21 20:45:00,0.7163,0.71635,0.71582,0.71588
2026-08-21 21:00:00,0.7159,0.71615,0.71586,0.7161
2026-08-21 21:15:00,0.71609,0.71662,0.71607,0.71654
2026-08-21 21:30:00,0.71654,0.71668,0.71612,0.71645
2026-08-21 21:45:00,0.71646,0.71648,0.71622,0.71638
2026-08-21 22:00:00,0.71638,0.71693,0.71635,0.71681
2026-08-21 22:15:00,0.7168,0.71694,0.71662,0.71688
2026-08-21 22:30:00,0.71686,0.71686,0.71608,0.71647
2026-08-21 22:45:00,0.71644,0.71663,0.7164,0.7166
2026-08-21 23:00:00,0.71656,0.71679,0.71643,0.7166
2026-08-21 23:15:00,0.71657,0.7167,0.7163,0.71651
2026-08-21 23:30:00,0.71648,0.71657,0.71605,0.71642
2026-08-21 23:45:00,0.71639,0.7173,0.71639,0.71711
2026-08-22 00:00:00,0.71713,0.71713,0.71659,0.71676
2026-08-22 00:15:00,0.71673,0.71684,0.71659,0.71682
2026-08-22 00:30:00,0.7168,0.71683,0.71609,0.71631
2026-08-22 00:45:00,0.71627,0.71658,0.7161,0.71646
2026-08-22 01:00:00,0.71643,0.71688,0.71635,0.71663
2026-08-22 01:15:00,0.71667,0.7171,0.71654,0.71709
2026-08-22 01:30:00,0.71703,0.71765,0.71702,0.71763
2026-08-22 01:45:00,0.71758,0.71767,0.71734,0.7175
2026-08-22 02:00:00,0.71753,0.71768,0.71726,0.71742
2026-08-22 02:15:00,0.71741,0.71752,0.71683,0.71721
2026-08-22 02:30:00,0.71719,0.71733,0.71714,0.71718
2026-08-22 02:45:00,0.7172,0.71732,0.71709,0.71725
2026-08-22 03:00:00,0.71721,0.71752,0.71716,0.71735
2026-08-22 03:15:00,0.71738,0.71758,0.71737,0.71756
2026-08-22 03:30:00,0.71749,0.71787,0.71749,0.71774
2026-08-22 03:45:00,0.71773,0.7178,0.7176,0.71779
2026-08-22 04:00:00,0.71777,0.71802,0.71773,0.7179
2026-08-22 04:15:00,0.71789,0.71792,0.71765,0.71791
2026-08-22 04:30:00,0.71789,0.71789,0.71774,0.71777
2026-08-22 04:45:00,0.71776,0.71783,0.71774,0.71782
2026-08-22 05:00:00,0.71779,0.7179,0.71756,0.71762
2026-08-22 05:15:00,0.7176,0.71761,0.71739,0.71741
2026-08-22 05:30:00,0.7174,0.71745,0.7173,0.71734
2026-08-22 05:45:00,0.71732,0.71761,0.71728,0.7173
2026-08-22 06:00:00,0.7173,0.71737,0.71717,0.71726
2026-08-22 06:15:00,0.71728,0.71734,0.71725,0.7173
2026-08-22 06:30:00,0.71729,0.71729,0.71706,0.71714
2026-08-22 06:45:00,0.71712,0.71713,0.71697,0.71708
2026-08-22 07:00:00,0.71705,0.71709,0.71668,0.71694
2026-08-22 07:15:00,0.71694,0.71697,0.71686,0.71695
2026-08-22 07:30:00,0.71694,0.71705,0.71683,0.71685
2026-08-22 07:45:00,0.71685,0.71707,0.71685,0.71695
2026-08-22 08:00:00,0.71694,0.71707,0.71646,0.71694
2026-08-22 08:15:00,0.71694,0.71697,0.71691,0.71694
2026-08-22 08:30:00,0.71693,0.71702,0.71688,0.71694
2026-08-22 08:45:00,0.71692,0.71696,0.71687,0.71695
2026-08-22 09:00:00,0.71694,0.71702,0.71664,0.71691
2026-08-22 09:15:00,0.71692,0.71696,0.71687,0.71693
2026-08-22 09:30:00,0.71692,0.71698,0.71689,0.71691
2026-08-22 09:45:00,0.71691,0.71696,0.71689,0.71695
2026-08-22 10:00:00,0.71693,0.71707,0.7169,0.71704
2026-08-22 10:15:00,0.71704,0.71708,0.717,0.71704
2026-08-22 10:30:00,0.71704,0.71707,0.71703,0.71706
2026-08-22 10:45:00,0.71705,0.71708,0.71699,0.71706
2026-08-22 11:00:00,0.71705,0.71708,0.71703,0.71704
2026-08-22 11:15:00,0.71704,0.71708,0.71699,0.71704
2026-08-22 11:30:00,0.71704,0.7171,0.71692,0.71704
2026-08-22 11:45:00,0.71702,0.71707,0.71702,0.71706
2026-08-22 12:00:00,0.71704,0.71708,0.71699,0.71706
2026-08-22 12:15:00,0.71704,0.71708,0.71704,0.71704
2026-08-22 12:30:00,0.71704,0.71708,0.717,0.71705
2026-08-22 12:45:00,0.71705,0.71708,0.71699,0.71705
2026-08-22 13:00:00,0.71704,0.71708,0.71703,0.71705
2026-08-22 13:15:00,0.71705,0.71713,0.71692,0.71704
2026-08-22 13:30:00,0.71704,0.71708,0.71703,0.71705
2026-08-22 13:45:00,0.71705,0.71708,0.717,0.71706
2026-08-22 14:00:00,0.71704,0.71708,0.71699,0.71705
2026-08-22 14:15:00,0.71704,0.71709,0.71701,0.71701
2026-08-22 14:30:00,0.71702,0.71705,0.71697,0.71701
2026-08-22 14:45:00,0.71701,0.71704,0.717,0.71703
2026-08-22 15:00:00,0.71702,0.7171,0.71689,0.71702
2026-08-22 15:15:00,0.71701,0.71705,0.71697,0.71702
2026-08-22 15:30:00,0.71701,0.71705,0.717,0.71701
2026-08-22 15:45:00,0.71701,0.71704,0.71696,0.71703
2026-08-22 16:00:00,0.71702,0.71706,0.71701,0.71704
2026-08-22 16:15:00,0.71702,0.71706,0.71697,0.71702
2026-08-22 16:30:00,0.71702,0.71706,0.71695,0.71704
2026-08-22 16:45:00,0.71701,0.71706,0.71701,0.71704
2026-08-22 17:00:00,0.71702,0.71707,0.71697,0.71705
2026-08-22 17:15:00,0.71703,0.71706,0.71701,0.71702
2026-08-22 17:30:00,0.71703,0.71706,0.71698,0.71702
2026-08-22 17:45:00,0.71703,0.71705,0.71696,0.71702
2026-08-22 18:00:00,0.71701,0.71705,0.717,0.71703
2026-08-22 18:15:00,0.71702,0.71705,0.7169,0.71703
2026-08-22 18:30:00,0.71703,0.71705,0.71701,0.71701
2026-08-22 18:45:00,0.71702,0.71705,0.71696,0.71703
2026-08-22 19:00:00,0.71702,0.71705,0.71696,0.71701
2026-08-22 19:15:00,0.71699,0.71706,0.71699,0.71703
2026-08-22 19:30:00,0.71703,0.71705,0.71694,0.71702
2026-08-22 19:45:00,0.71702,0.71706,0.71701,0.71705
2026-08-22 20:00:00,0.71703,0.71706,0.71681,0.71704
2026-08-22 20:15:00,0.71703,0.71707,0.71696,0.71703
2026-08-22 20:30:00,0.71701,0.71706,0.71701,0.71702
2026-08-22 20:45:00,0.71703,0.71706,0.71697,0.71703
2026-08-22 21:00:00,0.71703,0.71706,0.71702,0.71704
2026-08-22 21:15:00,0.71703,0.71706,0.71696,0.71704
2026-08-22 21:30:00,0.71703,0.71712,0.71678,0.71681
2026-08-22 21:45:00,0.71688,0.71706,0.71688,0.71703
2026-08-22 22:00:00,0.71703,0.71707,0.71694,0.71698
2026-08-22 22:15:00,0.71697,0.71703,0.71694,0.71702
2026-08-22 22:30:00,0.71699,0.71707,0.71693,0.71704
2026-08-22 22:45:00,0.71705,0.7171,0.71696,0.71697
2026-08-22 23:00:00,0.71699,0.71708,0.71699,0.71706
2026-08-22 23:15:00,0.71705,0.71708,0.71678,0.71704
2026-08-22 23:30:00,0.71702,0.71707,0.71702,0.71704
2026-08-22 23:45:00,0.71704,0.71707,0.71694,0.71704
2026-08-23 00:00:00,0.71704,0.71708,0.71696,0.71697
2026-08-23 00:15:00,0.71699,0.71708,0.71699,0.71706
2026-08-23 00:30:00,0.71704,0.71711,0.71696,0.71704
2026-08-23 00:45:00,0.71703,0.71708,0.71703,0.71704
2026-08-23 01:00:00,0.71705,0.71708,0.71678,0.71706
2026-08-23 01:15:00,0.71704,0.71708,0.71695,0.71697
2026-08-23 01:30:00,0.71698,0.71707,0.71697,0.71704
2026-08-23 01:45:00,0.71704,0.71709,0.71694,0.717
2026-08-23 02:00:00,0.717,0.71708,0.71691,0.71705
2026-08-23 02:15:00,0.71705,0.71709,0.71697,0.71706
2026-08-23 02:30:00,0.71705,0.71708,0.71679,0.71682
2026-08-23 02:45:00,0.71686,0.71707,0.71684,0.71703
2026-08-23 03:00:00,0.71703,0.71705,0.7169,0.71702
2026-08-23 03:15:00,0.717,0.71707,0.717,0.71705
2026-08-23 03:30:00,0.71704,0.71709,0.71694,0.71701
2026-08-23 03:45:00,0.717,0.71705,0.71697,0.71698
2026-08-23 04:00:00,0.717,0.71701,0.71678,0.71695
2026-08-23 04:15:00,0.71695,0.71712,0.71671,0.7168
2026-08-23 04:30:00,0.71678,0.717,0.71671,0.71698
2026-08-23 04:45:00,0.71696,0.71702,0.71691,0.71698
2026-08-23 05:00:00,0.71698,0.71703,0.71685,0.71689
2026-08-23 05:15:00,0.71689,0.71689,0.71684,0.71687
2026-08-23 05:30:00,0.71686,0.71689,0.71681,0.71684
2026-08-23 05:45:00,0.71682,0.71702,0.71676,0.71701
2026-08-23 06:00:00,0.71699,0.71716,0.71678,0.71702
2026-08-23 06:15:00,0.71702,0.71706,0.71699,0.71703
2026-08-23 06:30:00,0.71703,0.71705,0.71696,0.71704
2026-08-23 06:45:00,0.71702,0.71707,0.71694,0.71702
2026-08-23 07:00:00,0.71702,0.71708,0.71689,0.71707
2026-08-23 07:15:00,0.71704,0.71708,0.71694,0.71702
2026-08-23 07:30:00,0.71702,0.71723,0.71686,0.71717
2026-08-23 07:45:00,0.71709,0.71709,0.71677,0.71704
2026-08-23 08:00:00,0.71703,0.71709,0.71689,0.71702
2026-08-23 08:15:00,0.71703,0.71707,0.71702,0.71706
2026-08-23 08:30:00,0.71705,0.7171,0.71696,0.71706
2026-08-23 08:45:00,0.71704,0.71708,0.71703,0.71705
2026-08-23 09:00:00,0.71704,0.71707,0.71687,0.71704
2026-08-23 09:15:00,0.71704,0.71707,0.71679,0.71703
2026-08-23 09:30:00,0.717,0.71708,0.717,0.71706
2026-08-23 09:45:00,0.71705,0.71708,0.71697,0.71706
2026-08-23 10:00:00,0.71705,0.71711,0.71703,0.71704
2026-08-23 10:15:00,0.71705,0.71709,0.71696,0.71704
2026-08-23 10:30:00,0.71705,0.71708,0.71696,0.71703
2026-08-23 10:45:00,0.71701,0.71707,0.717,0.71705
2026-08-23 11:00:00,0.71703,0.71706,0.71673,0.717
2026-08-23 11:15:00,0.717,0.71704,0.71699,0.717
2026-08-23 11:30:00,0.717,0.71706,0.71691,0.71699
2026-08-23 11:45:00,0.71698,0.71701,0.7169,0.71694
2026-08-23 12:00:00,0.71693,0.71696,0.71692,0.71693
2026-08-23 12:15:00,0.71693,0.71696,0.71686,0.71688
2026-08-23 12:30:00,0.71688,0.71707,0.71686,0.71705
2026-08-23 12:45:00,0.71703,0.71707,0.71678,0.71705
2026-08-23 13:00:00,0.71704,0.7171,0.71696,0.71703
2026-08-23 13:15:00,0.71702,0.71707,0.71702,0.71704
2026-08-23 13:30:00,0.71704,0.71707,0.71696,0.71705
2026-08-23 13:45:00,0.71704,0.71707,0.71703,0.71705
2026-08-23 14:00:00,0.71704,0.7171,0.71696,0.71705
2026-08-23 14:15:00,0.71704,0.71707,0.71684,0.71702
2026-08-23 14:30:00,0.717,0.71708,0.717,0.71704
2026-08-23 14:45:00,0.71704,0.71707,0.71695,0.71705
2026-08-23 15:00:00,0.71704,0.71708,0.71703,0.71706
2026-08-23 15:15:00,0.71705,0.71707,0.71696,0.71703
2026-08-23 15:30:00,0.71703,0.71712,0.71694,0.71697
2026-08-23 15:45:00,0.71698,0.71704,0.71698,0.71703
2026-08-23 16:00:00,0.71702,0.71708,0.71686,0.71706
2026-08-23 16:15:00,0.71705,0.71708,0.71704,0.71705
2026-08-23 16:30:00,0.71705,0.71707,0.71696,0.71704
2026-08-23 16:45:00,0.71704,0.71708,0.71696,0.71703
2026-08-23 17:00:00,0.71702,0.71708,0.71702,0.71706
2026-08-23 17:15:00,0.71705,0.7171,0.71697,0.71706
2026-08-23 17:30:00,0.71705,0.71708,0.71704,0.71704
2026-08-23 17:45:00,0.71705,0.71706,0.71674,0.71684
2026-08-23 18:00:00,0.71683,0.71694,0.71681,0.71688
2026-08-23 18:15:00,0.71687,0.7169,0.71686,0.71687
2026-08-23 18:30:00,0.71687,0.7169,0.71682,0.71683
2026-08-23 18:45:00,0.71683,0.71686,0.71682,0.71685
2026-08-23 19:00:00,0.71683,0.71684,0.71679,0.71682
2026-08-23 19:15:00,0.71681,0.71684,0.71677,0.71679
2026-08-23 19:30:00,0.71678,0.71682,0.71677,0.71678
2026-08-23 19:45:00,0.71678,0.71682,0.71676,0.71677
2026-08-23 20:00:00,0.71677,0.7168,0.71676,0.71678
2026-08-23 20:15:00,0.71677,0.7168,0.71676,0.71678
2026-08-23 20:30:00,0.71677,0.7168,0.71676,0.71676
2026-08-23 20:45:00,0.71677,0.7168,0.71676,0.71677
2026-08-23 21:00:00,0.71677,0.7168,0.71676,0.71678
2026-08-23 21:15:00,0.71677,0.7168,0.71676,0.71678
2026-08-23 21:30:00,0.71677,0.7168,0.71656,0.71663
2026-08-23 21:45:00,0.71663,0.71666,0.71662,0.71663
2026-08-23 22:00:00,0.71663,0.71666,0.71662,0.71664
2026-08-23 22:15:00,0.71663,0.71666,0.71662,0.71664
2026-08-23 22:30:00,0.71663,0.71666,0.71662,0.71663
2026-08-23 22:45:00,0.71663,0.71666,0.71662,0.71662
2026-08-23 23:00:00,0.71663,0.71666,0.71662,0.71664
2026-08-23 23:15:00,0.71663,0.71666,0.7165,0.71655
2026-08-23 23:30:00,0.71654,0.71657,0.71653,0.71654
2026-08-23 23:45:00,0.71654,0.71674,0.71652,0.71667
2026-08-24 00:00:00,0.71667,0.71703,0.71652,0.71693
2026-08-24 00:15:00,0.71691,0.71708,0.71685,0.71706
2026-08-24 00:30:00,0.71705,0.71708,0.71703,0.71705
2026-08-24 00:45:00,0.71704,0.71707,0.71703,0.71704
2026-08-24 01:00:00,0.71705,0.71708,0.71682,0.71705
2026-08-24 01:15:00,0.71705,0.71708,0.71703,0.71707
2026-08-24 01:30:00,0.71705,0.71708,0.71703,0.71705
2026-08-24 01:45:00,0.71704,0.71707,0.71703,0.71703
2026-08-24 02:00:00,0.71704,0.71711,0.71699,0.71705
2026-08-24 02:15:00,0.71704,0.71708,0.71703,0.71706
2026-08-24 02:30:00,0.71705,0.71725,0.71675,0.71695
2026-08-24 02:45:00,0.71691,0.71726,0.71687,0.71708
2026-08-24 03:00:00,0.71709,0.71709,0.71693,0.71705
2026-08-24 03:15:00,0.71705,0.71729,0.717,0.71724
2026-08-24 03:30:00,0.71724,0.71734,0.71706,0.71708
2026-08-24 03:45:00,0.71707,0.71717,0.71703,0.71705
2026-08-24 04:00:00,0.71705,0.71729,0.71689,0.71703
2026-08-24 04:15:00,0.71704,0.71718,0.71676,0.71703
2026-08-24 04:30:00,0.71701,0.71712,0.71697,0.71703
2026-08-24 04:45:00,0.71702,0.71705,0.71701,0.71702
2026-08-24 05:00:00,0.71701,0.7173,0.71654,0.71659
2026-08-24 05:15:00,0.71667,0.71688,0.71621,0.71662
2026-08-24 05:30:00,0.71662,0.71699,0.71651,0.71658
2026-08-24 05:45:00,0.71656,0.7168,0.71642,0.71678
2026-08-24 06:00:00,0.71675,0.71715,0.71639,0.7164
2026-08-24 06:15:00,0.71643,0.71716,0.71639,0.71661
2026-08-24 06:30:00,0.71664,0.71689,0.71646,0.71654
2026-08-24 06:45:00,0.71652,0.71674,0.71578,0.71666
2026-08-24 07:00:00,0.7166,0.71661,0.71612,0.71637
2026-08-24 07:15:00,0.71629,0.7166,0.71629,0.71651
2026-08-24 07:30:00,0.71651,0.71667,0.71645,0.71651
2026-08-24 07:45:00,0.71654,0.71666,0.71626,0.71653
2026-08-24 08:00:00,0.71651,0.71702,0.71641,0.71701
2026-08-24 08:15:00,0.71699,0.71703,0.71694,0.71697
2026-08-24 08:30:00,0.71696,0.71712,0.71694,0.71706
2026-08-24 08:45:00,0.71704,0.71707,0.71692,0.71694
2026-08-24 09:00:00,0.71693,0.71699,0.71675,0.71689
2026-08-24 09:15:00,0.71689,0.71693,0.71681,0.71682
2026-08-24 09:30:00,0.71682,0.71701,0.71678,0.71679
2026-08-24 09:45:00,0.7168,0.71715,0.71675,0.71714
2026-08-24 10:00:00,0.71711,0.71754,0.71711,0.7175
2026-08-24 10:15:00,0.71748,0.71748,0.71699,0.71716
2026-08-24 10:30:00,0.71712,0.71734,0.71707,0.71709
2026-08-24 10:45:00,0.71708,0.71746,0.71703,0.71743
2026-08-24 11:00:00,0.71734,0.71769,0.7173,0.71743
2026-08-24 11:15:00,0.7175,0.7175,0.71685,0.71686
2026-08-24 11:30:00,0.71687,0.71691,0.71668,0.71678
2026-08-24 11:45:00,0.71677,0.71695,0.71655,0.71683
2026-08-24 12:00:00,0.71681,0.71706,0.7166,0.71703
2026-08-24 12:15:00,0.71698,0.71717,0.71692,0.71692
2026-08-24 12:30:00,0.71694,0.71702,0.7167,0.71679
2026-08-24 12:45:00,0.71677,0.71684,0.71638,0.71659
2026-08-24 13:00:00,0.71661,0.71664,0.71625,0.71644
2026-08-24 13:15:00,0.71639,0.71667,0.71639,0.71657
2026-08-24 13:30:00,0.71658,0.71663,0.71646,0.71647
2026-08-24 13:45:00,0.71647,0.71652,0.71636,0.71651
2026-08-24 14:00:00,0.71648,0.71658,0.71617,0.71646
2026-08-24 14:15:00,0.71644,0.71657,0.7163,0.71652
2026-08-24 14:30:00,0.71645,0.71673,0.71645,0.71671
2026-08-24 14:45:00,0.71667,0.71676,0.71667,0.71672
2026-08-24 15:00:00,0.7167,0.71683,0.71667,0.71677
2026-08-24 15:15:00,0.71676,0.71696,0.71672,0.7168
2026-08-24 15:30:00,0.71679,0.71683,0.7165,0.71659
2026-08-24 15:45:00,0.71661,0.71696,0.71661,0.71696
2026-08-24 16:00:00,0.71695,0.717,0.71667,0.7167
2026-08-24 16:15:00,0.71669,0.71682,0.71634,0.71638
2026-08-24 16:30:00,0.71639,0.71684,0.71636,0.7168
2026-08-24 16:45:00,0.71678,0.71715,0.71664,0.71692
2026-08-24 17:00:00,0.71691,0.71714,0.71676,0.71677
2026-08-24 17:15:00,0.71678,0.71692,0.71648,0.7166
2026-08-24 17:30:00,0.7166,0.71672,0.71632,0.71633
2026-08-24 17:45:00,0.71635,0.71656,0.71623,0.71653
2026-08-24 18:00:00,0.71652,0.71652,0.71626,0.71633
2026-08-24 18:15:00,0.71631,0.71631,0.71588,0.71599
2026-08-24 18:30:00,0.71598,0.71626,0.71586,0.7162
2026-08-24 18:45:00,0.71621,0.71642,0.71607,0.71608
2026-08-24 19:00:00,0.7161,0.71633,0.71605,0.71618
2026-08-24 19:15:00,0.71617,0.71623,0.71608,0.71619
2026-08-24 19:30:00,0.71617,0.7163,0.71608,0.71622
2026-08-24 19:45:00,0.71619,0.71644,0.71619,0.71629
2026-08-24 20:00:00,0.7163,0.71652,0.7163,0.71651
2026-08-24 20:15:00,0.7165,0.71655,0.71644,0.71647
2026-08-24 20:30:00,0.71647,0.71652,0.71614,0.71615
2026-08-24 20:45:00,0.71615,0.71615,0.71597,0.71608
2026-08-24 21:00:00,0.71607,0.71607,0.71578,0.71591
2026-08-24 21:15:00,0.71589,0.71618,0.71577,0.71611
2026-08-24 21:30:00,0.71609,0.71683,0.7159,0.71652
2026-08-24 21:45:00,0.71658,0.71658,0.71629,0.71649
2026-08-24 22:00:00,0.71649,0.71653,0.71602,0.71618
2026-08-24 22:15:00,0.7162,0.71665,0.71612,0.71663
2026-08-24 22:30:00,0.71657,0.71674,0.71611,0.71635
2026-08-24 22:45:00,0.71639,0.71642,0.71618,0.71621
2026-08-24 23:00:00,0.71623,0.71661,0.71621,0.7165
2026-08-24 23:15:00,0.71652,0.71677,0.7165,0.71675
2026-08-24 23:30:00,0.71671,0.71676,0.71637,0.71643
2026-08-24 23:45:00,0.71651,0.71664,0.71607,0.71625
2026-08-25 00:00:00,0.71619,0.71643,0.71596,0.71613
2026-08-25 00:15:00,0.71613,0.71627,0.71586,0.71626
2026-08-25 00:30:00,0.71623,0.71629,0.71577,0.71577
2026-08-25 00:45:00,0.71578,0.71593,0.71546,0.71547
2026-08-25 01:00:00,0.71548,0.7156,0.71531,0.7154
2026-08-25 01:15:00,0.71539,0.7156,0.71517,0.71544
2026-08-25 01:30:00,0.71541,0.71569,0.71526,0.71548
2026-08-25 01:45:00,0.71547,0.71549,0.71497,0.71498
2026-08-25 02:00:00,0.715,0.71531,0.7149,0.71518
2026-08-25 02:15:00,0.71517,0.71524,0.71505,0.71521
2026-08-25 02:30:00,0.71521,0.71521,0.71497,0.71502
2026-08-25 02:45:00,0.71501,0.71515,0.71492,0.71502
2026-08-25 03:00:00,0.71501,0.71518,0.71475,0.71494
2026-08-25 03:15:00,0.71496,0.715,0.71437,0.71446
2026-08-25 03:30:00,0.7144,0.71462,0.71435,0.71444
2026-08-25 03:45:00,0.71441,0.71441,0.71407,0.71428
2026-08-25 04:00:00,0.71428,0.71453,0.71426,0.71451
2026-08-25 04:15:00,0.71449,0.71502,0.71444,0.71502
2026-08-25 04:30:00,0.715,0.71508,0.7147,0.71492
2026-08-25 04:45:00,0.7149,0.71493,0.71466,0.71477
2026-08-25 05:00:00,0.71472,0.71487,0.71465,0.71477
2026-08-25 05:15:00,0.71475,0.71482,0.71465,0.71466
2026-08-25 05:30:00,0.71467,0.71479,0.71465,0.71477
2026-08-25 05:45:00,0.71476,0.71492,0.71476,0.71477
2026-08-25 06:00:00,0.71478,0.71497,0.71478,0.71495
2026-08-25 06:15:00,0.71491,0.71496,0.71486,0.7149
2026-08-25 06:30:00,0.71488,0.71496,0.71481,0.71491
2026-08-25 06:45:00,0.71489,0.71504,0.71487,0.71503
2026-08-25 07:00:00,0.71502,0.71503,0.7147,0.71478
2026-08-25 07:15:00,0.7148,0.7152,0.71479,0.71513
2026-08-25 07:30:00,0.71511,0.71512,0.715,0.71504
2026-08-25 07:45:00,0.71503,0.71503,0.71486,0.71495
2026-08-25 08:00:00,0.71494,0.71505,0.71488,0.71498
2026-08-25 08:15:00,0.71494,0.71505,0.71494,0.715
2026-08-25 08:30:00,0.715,0.71509,0.71496,0.71503
2026-08-25 08:45:00,0.715,0.71508,0.71499,0.71503
2026-08-25 09:00:00,0.71502,0.7151,0.7149,0.71494
2026-08-25 09:15:00,0.71494,0.71503,0.71493,0.71493
2026-08-25 09:30:00,0.71494,0.71512,0.7149,0.71512
2026-08-25 09:45:00,0.7151,0.71554,0.71508,0.71552
2026-08-25 10:00:00,0.71549,0.71576,0.71534,0.71575
2026-08-25 10:15:00,0.71572,0.71575,0.71549,0.71568
2026-08-25 10:30:00,0.71564,0.71593,0.71559,0.71592
2026-08-25 10:45:00,0.7159,0.7159,0.71543,0.71576
2026-08-25 11:00:00,0.71568,0.71589,0.71551,0.71584
2026-08-25 11:15:00,0.71576,0.71595,0.71531,0.71564
2026-08-25 11:30:00,0.71559,0.7157,0.71527,0.71559
2026-08-25 11:45:00,0.71562,0.71562,0.71518,0.7152
2026-08-25 12:00:00,0.71524,0.71543,0.71515,0.71542
2026-08-25 12:15:00,0.71541,0.71554,0.7153,0.71553
2026-08-25 12:30:00,0.7155,0.71568,0.71517,0.71561
2026-08-25 12:45:00,0.71564,0.71564,0.7152,0.71521
2026-08-25 13:00:00,0.71521,0.71578,0.71516,0.71545
2026-08-25 13:15:00,0.71548,0.71565,0.71543,0.71549
2026-08-25 13:30:00,0.71551,0.71556,0.71533,0.71549
2026-08-25 13:45:00,0.71547,0.71547,0.7151,0.71513
2026-08-25 14:00:00,0.71518,0.71519,0.71477,0.71494
2026-08-25 14:15:00,0.71488,0.715,0.71462,0.71463
2026-08-25 14:30:00,0.71464,0.71493,0.71461,0.7148
2026-08-25 14:45:00,0.71481,0.71491,0.71472,0.7149
2026-08-25 15:00:00,0.71488,0.71519,0.71485,0.71506
2026-08-25 15:15:00,0.71508,0.71532,0.71503,0.71531
2026-08-25 15:30:00,0.7153,0.71534,0.71514,0.71516
2026-08-25 15:45:00,0.71518,0.7152,0.71475,0.71477
2026-08-25 16:00:00,0.7148,0.71514,0.71476,0.71504
2026-08-25 16:15:00,0.71501,0.71502,0.71473,0.71481
2026-08-25 16:30:00,0.71481,0.71508,0.71452,0.71457
2026-08-25 16:45:00,0.71459,0.71459,0.71428,0.71435
2026-08-25 17:00:00,0.71434,0.71464,0.71434,0.71461
2026-08-25 17:15:00,0.71459,0.7148,0.71449,0.71468
2026-08-25 17:30:00,0.71469,0.71474,0.71433,0.71434
2026-08-25 17:45:00,0.71435,0.71454,0.71431,0.71447
2026-08-25 18:00:00,0.71445,0.71454,0.71383,0.71399
2026-08-25 18:15:00,0.71396,0.71502,0.71387,0.71461
2026-08-25 18:30:00,0.71464,0.71468,0.71432,0.71447
2026-08-25 18:45:00,0.71454,0.71488,0.71454,0.71485
2026-08-25 19:00:00,0.71479,0.71517,0.71479,0.71508
2026-08-25 19:15:00,0.7151,0.7152,0.71489,0.7149
2026-08-25 19:30:00,0.71492,0.7155,0.71486,0.71528
2026-08-25 19:45:00,0.7153,0.71569,0.71527,0.71553
2026-08-25 20:00:00,0.71553,0.71553,0.71511,0.71519
2026-08-25 20:15:00,0.71521,0.71523,0.71496,0.71513
2026-08-25 20:30:00,0.71511,0.71531,0.71504,0.71525
2026-08-25 20:45:00,0.71526,0.71532,0.71518,0.71529
2026-08-25 21:00:00,0.71529,0.71534,0.71515,0.71531
2026-08-25 21:15:00,0.71528,0.71544,0.71515,0.71536
2026-08-25 21:30:00,0.71534,0.71559,0.71533,0.71547
2026-08-25 21:45:00,0.71548,0.71578,0.71537,0.71542
2026-08-25 22:00:00,0.7154,0.71553,0.71526,0.71535
2026-08-25 22:15:00,0.71535,0.71545,0.71517,0.7153
2026-08-25 22:30:00,0.71528,0.71534,0.71496,0.71526
2026-08-25 22:45:00,0.71524,0.7155,0.71516,0.71548
2026-08-25 23:00:00,0.71546,0.71625,0.7153,0.71615
2026-08-25 23:15:00,0.71615,0.71615,0.71564,0.71581
2026-08-25 23:30:00,0.71578,0.71597,0.7155,0.71551
2026-08-25 23:45:00,0.71552,0.7158,0.7154,0.71562
2026-08-26 00:00:00,0.71565,0.71583,0.71556,0.71582
2026-08-26 00:15:00,0.71581,0.71584,0.71557,0.71572
2026-08-26 00:30:00,0.71567,0.71606,0.7156,0.71576
2026-08-26 00:45:00,0.71576,0.71634,0.7155,0.7158
2026-08-26 01:00:00,0.71575,0.71578,0.71543,0.71545
2026-08-26 01:15:00,0.71549,0.71565,0.71532,0.71554
2026-08-26 01:30:00,0.71551,0.71615,0.71551,0.71586
2026-08-26 01:45:00,0.71593,0.71595,0.71568,0.7159
2026-08-26 02:00:00,0.71588,0.71599,0.71567,0.71574
2026-08-26 02:15:00,0.71572,0.71574,0.71554,0.71561
2026-08-26 02:30:00,0.7156,0.71573,0.71554,0.71561
2026-08-26 02:45:00,0.7156,0.71566,0.7154,0.71541
2026-08-26 03:00:00,0.71544,0.71556,0.71537,0.71543
2026-08-26 03:15:00,0.71541,0.7156,0.71539,0.71552
2026-08-26 03:30:00,0.7155,0.71572,0.71544,0.71564
2026-08-26 03:45:00,0.71564,0.71581,0.71562,0.7158
2026-08-26 04:00:00,0.71577,0.71584,0.71564,0.71578
2026-08-26 04:15:00,0.71579,0.71583,0.71568,0.71579
2026-08-26 04:30:00,0.71579,0.71591,0.71578,0.71589
2026-08-26 04:45:00,0.71587,0.71598,0.71586,0.71597
2026-08-26 05:00:00,0.71596,0.71616,0.71587,0.7161
2026-08-26 05:15:00,0.7161,0.71623,0.71607,0.71611
2026-08-26 05:30:00,0.71609,0.71612,0.71596,0.71611
2026-08-26 05:45:00,0.71609,0.71662,0.71607,0.7166
2026-08-26 06:00:00,0.71656,0.71674,0.7164,0.71667
2026-08-26 06:15:00,0.71668,0.71687,0.71663,0.71665
2026-08-26 06:30:00,0.71668,0.7168,0.71648,0.71652
2026-08-26 06:45:00,0.71651,0.71661,0.71641,0.71645
2026-08-26 07:00:00,0.71651,0.71651,0.71612,0.71614
2026-08-26 07:15:00,0.71621,0.71635,0.71618,0.71621
2026-08-26 07:30:00,0.71622,0.71627,0.71615,0.71626
2026-08-26 07:45:00,0.71623,0.7164,0.71609,0.71638
2026-08-26 08:00:00,0.71634,0.71647,0.7162,0.71632
2026-08-26 08:15:00,0.71629,0.71638,0.71629,0.71633
2026-08-26 08:30:00,0.71632,0.7164,0.71627,0.71636
2026-08-26 08:45:00,0.71634,0.71653,0.71634,0.71651
2026-08-26 09:00:00,0.7165,0.71658,0.71637,0.71647
2026-08-26 09:15:00,0.71648,0.71657,0.71645,0.71646
2026-08-26 09:30:00,0.71647,0.71653,0.71641,0.71644
2026-08-26 09:45:00,0.71641,0.71662,0.7164,0.71652
2026-08-26 10:00:00,0.71651,0.71671,0.71632,0.71663
2026-08-26 10:15:00,0.71665,0.71691,0.71651,0.71652
2026-08-26 10:30:00,0.71652,0.71659,0.71628,0.7165
2026-08-26 10:45:00,0.71647,0.71671,0.71627,0.71629
2026-08-26 11:00:00,0.71631,0.71638,0.71607,0.71608
2026-08-26 11:15:00,0.71611,0.71638,0.71604,0.71607
2026-08-26 11:30:00,0.71607,0.7175,0.71589,0.71715
2026-08-26 11:45:00,0.71714,0.71815,0.7171,0.71768
2026-08-26 12:00:00,0.71766,0.71812,0.71763,0.71805
2026-08-26 12:15:00,0.71803,0.7181,0.7178,0.71794
2026-08-26 12:30:00,0.71789,0.7185,0.71789,0.71839
2026-08-26 12:45:00,0.71838,0.71838,0.71776,0.71787
2026-08-26 13:00:00,0.71782,0.71805,0.71779,0.71784
2026-08-26 13:15:00,0.71783,0.71841,0.71783,0.71832
2026-08-26 13:30:00,0.71833,0.71866,0.71815,0.71865
2026-08-26 13:45:00,0.71863,0.71864,0.71815,0.71816
2026-08-26 14:00:00,0.71817,0.71832,0.71801,0.71807
2026-08-26 14:15:00,0.71807,0.71814,0.71797,0.71798
2026-08-26 14:30:00,0.71799,0.71803,0.71766,0.71775
2026-08-26 14:45:00,0.71773,0.71774,0.71753,0.71773
2026-08-26 15:00:00,0.71771,0.71798,0.7177,0.71782
2026-08-26 15:15:00,0.71781,0.71807,0.71779,0.71805
2026-08-26 15:30:00,0.71801,0.71838,0.71799,0.71822
2026-08-26 15:45:00,0.71826,0.7184,0.71824,0.71835
2026-08-26 16:00:00,0.71834,0.71849,0.71807,0.71839
2026-08-26 16:15:00,0.71841,0.71846,0.71801,0.71803
2026-08-26 16:30:00,0.71805,0.7181,0.71741,0.71764
2026-08-26 16:45:00,0.71765,0.718,0.71765,0.71799
2026-08-26 17:00:00,0.71796,0.71808,0.71785,0.71806
2026-08-26 17:15:00,0.71804,0.7181,0.71767,0.7178
2026-08-26 17:30:00,0.71779,0.71794,0.71773,0.71789
2026-08-26 17:45:00,0.7179,0.7181,0.71781,0.71799
2026-08-26 18:00:00,0.718,0.71849,0.71798,0.71848
2026-08-26 18:15:00,0.71843,0.71858,0.71823,0.71836
2026-08-26 18:30:00,0.71835,0.71839,0.71806,0.71816
2026-08-26 18:45:00,0.71813,0.71827,0.71801,0.71803
2026-08-26 19:00:00,0.71804,0.71821,0.71793,0.71809
2026-08-26 19:15:00,0.71807,0.71826,0.71784,0.71791
2026-08-26 19:30:00,0.7179,0.71809,0.71788,0.71797
2026-08-26 19:45:00,0.71799,0.71823,0.71795,0.7182
2026-08-26 20:00:00,0.71817,0.71822,0.71811,0.71818
2026-08-26 20:15:00,0.71817,0.71826,0.71798,0.71801
2026-08-26 20:30:00,0.71802,0.71823,0.71802,0.71807
2026-08-26 20:45:00,0.71808,0.71813,0.71794,0.71795
2026-08-26 21:00:00,0.71799,0.71823,0.71799,0.71818
2026-08-26 21:15:00,0.71815,0.71822,0.71797,0.71821
2026-08-26 21:30:00,0.71819,0.71825,0.71811,0.71822
2026-08-26 21:45:00,0.71822,0.71849,0.71818,0.71847
2026-08-26 22:00:00,0.71844,0.71864,0.71844,0.71857
2026-08-26 22:15:00,0.71852,0.71882,0.71852,0.71872
2026-08-26 22:30:00,0.7187,0.71874,0.71795,0.7181
2026-08-26 22:45:00,0.71805,0.71815,0.71776,0.71787
2026-08-26 23:00:00,0.71783,0.71783,0.71739,0.71769
2026-08-26 23:15:00,0.71765,0.71777,0.71744,0.71757
2026-08-26 23:30:00,0.71754,0.71776,0.71741,0.7177
2026-08-26 23:45:00,0.71768,0.71803,0.71762,0.71764
2026-08-27 00:00:00,0.71768,0.71777,0.71716,0.71745
2026-08-27 00:15:00,0.71744,0.71744,0.71687,0.71694
2026-08-27 00:30:00,0.71692,0.71731,0.71686,0.71721
2026-08-27 00:45:00,0.7172,0.7172,0.71659,0.7166
2026-08-27 01:00:00,0.71661,0.71687,0.71656,0.71674
2026-08-27 01:15:00,0.71672,0.71672,0.71646,0.7167
2026-08-27 01:30:00,0.71668,0.71703,0.71668,0.71701
2026-08-27 01:45:00,0.717,0.7171,0.71665,0.71681
2026-08-27 02:00:00,0.71683,0.7171,0.71673,0.71692
2026-08-27 02:15:00,0.71693,0.71725,0.71693,0.7171
2026-08-27 02:30:00,0.71709,0.71721,0.71688,0.71698
2026-08-27 02:45:00,0.71695,0.717,0.71676,0.71691
2026-08-27 03:00:00,0.71689,0.71699,0.71684,0.71696
2026-08-27 03:15:00,0.71692,0.71735,0.71692,0.71734
2026-08-27 03:30:00,0.7173,0.71747,0.71728,0.71731
2026-08-27 03:45:00,0.71729,0.71733,0.7172,0.71727
2026-08-27 04:00:00,0.71727,0.71747,0.71727,0.71743
2026-08-27 04:15:00,0.71743,0.71744,0.71721,0.71722
2026-08-27 04:30:00,0.71723,0.71724,0.71713,0.71722
2026-08-27 04:45:00,0.7172,0.71726,0.71714,0.71715
2026-08-27 05:00:00,0.71716,0.71731,0.71716,0.71728
2026-08-27 05:15:00,0.71728,0.71734,0.7172,0.71731
2026-08-27 05:30:00,0.7173,0.71736,0.7172,0.71724
2026-08-27 05:45:00,0.71723,0.7173,0.71699,0.71725
2026-08-27 06:00:00,0.71726,0.71742,0.71726,0.71736
2026-08-27 06:15:00,0.71737,0.71742,0.71727,0.71735
2026-08-27 06:30:00,0.71736,0.71751,0.71732,0.71746
2026-08-27 06:45:00,0.71744,0.71745,0.7173,0.71742
2026-08-27 07:00:00,0.7174,0.7174,0.71667,0.71696
2026-08-27 07:15:00,0.71692,0.71745,0.71688,0.71722
2026-08-27 07:30:00,0.71733,0.71733,0.71702,0.71717
2026-08-27 07:45:00,0.71716,0.71763,0.71698,0.71761
2026-08-27 08:00:00,0.7176,0.71776,0.71755,0.71761
2026-08-27 08:15:00,0.7176,0.7178,0.71757,0.71767
2026-08-27 08:30:00,0.71768,0.7179,0.71766,0.71789
2026-08-27 08:45:00,0.71788,0.71805,0.71784,0.71796
2026-08-27 09:00:00,0.71798,0.71832,0.71792,0.71827
2026-08-27 09:15:00,0.71828,0.71832,0.71816,0.71817
2026-08-27 09:30:00,0.71817,0.71833,0.71803,0.71832
2026-08-27 09:45:00,0.7183,0.71851,0.71809,0.7181
2026-08-27 10:00:00,0.71812,0.71819,0.71756,0.71757
2026-08-27 10:15:00,0.71758,0.71799,0.71758,0.71796
2026-08-27 10:30:00,0.71793,0.71807,0.71771,0.71779
2026-08-27 10:45:00,0.71779,0.7181,0.71767,0.71809
2026-08-27 11:00:00,0.71807,0.71837,0.71801,0.71812
2026-08-27 11:15:00,0.71811,0.71852,0.71794,0.71837
2026-08-27 11:30:00,0.71838,0.71852,0.71809,0.71815
2026-08-27 11:45:00,0.71813,0.71836,0.71798,0.71835
2026-08-27 12:00:00,0.71833,0.71854,0.71826,0.71842
2026-08-27 12:15:00,0.71842,0.7185,0.71833,0.7184
2026-08-27 12:30:00,0.71842,0.71853,0.71827,0.71828
2026-08-27 12:45:00,0.7183,0.71856,0.71816,0.71831
2026-08-27 13:00:00,0.71829,0.71832,0.71813,0.71822
2026-08-27 13:15:00,0.71821,0.71844,0.71821,0.71831
2026-08-27 13:30:00,0.71832,0.71836,0.7182,0.71827
2026-08-27 13:45:00,0.71826,0.71832,0.71823,0.71828
2026-08-27 14:00:00,0.71825,0.71852,0.71825,0.7185
2026-08-27 14:15:00,0.71849,0.71857,0.71839,0.71842
2026-08-27 14:30:00,0.71843,0.71846,0.71803,0.71819
2026-08-27 14:45:00,0.7182,0.7186,0.7182,0.71858
2026-08-27 15:00:00,0.71856,0.71856,0.71832,0.71834
2026-08-27 15:15:00,0.71836,0.71841,0.71807,0.71833
2026-08-27 15:30:00,0.71835,0.71842,0.71816,0.7183
2026-08-27 15:45:00,0.71826,0.71842,0.71805,0.71824
2026-08-27 16:00:00,0.71821,0.71845,0.71805,0.71843
2026-08-27 16:15:00,0.71837,0.71862,0.71836,0.71861
2026-08-27 16:30:00,0.71859,0.71862,0.71835,0.7184
2026-08-27 16:45:00,0.71838,0.71855,0.71806,0.71839
2026-08-27 17:00:00,0.71837,0.71863,0.71837,0.71849
2026-08-27 17:15:00,0.71851,0.71855,0.71799,0.71801
2026-08-27 17:30:00,0.71805,0.71828,0.71795,0.71816
2026-08-27 17:45:00,0.71818,0.71836,0.71802,0.71814
2026-08-27 18:00:00,0.71814,0.71865,0.71813,0.71855
2026-08-27 18:15:00,0.71853,0.71873,0.71824,0.71863
2026-08-27 18:30:00,0.71866,0.71866,0.71827,0.71855
2026-08-27 18:45:00,0.71853,0.71854,0.71838,0.71843
2026-08-27 19:00:00,0.71843,0.71843,0.7178,0.71805
2026-08-27 19:15:00,0.7181,0.71811,0.71783,0.718
2026-08-27 19:30:00,0.71802,0.71807,0.71761,0.71769
2026-08-27 19:45:00,0.71769,0.71781,0.71758,0.71762
2026-08-27 20:00:00,0.71764,0.71796,0.71753,0.71788
2026-08-27 20:15:00,0.71788,0.71811,0.71785,0.71792
2026-08-27 20:30:00,0.71792,0.718,0.71771,0.71791
2026-08-27 20:45:00,0.71789,0.71809,0.71788,0.71797
2026-08-27 21:00:00,0.71798,0.71803,0.71788,0.71795
2026-08-27 21:15:00,0.71789,0.71814,0.71788,0.71811
2026-08-27 21:30:00,0.7181,0.71837,0.71805,0.71831
2026-08-27 21:45:00,0.71833,0.71869,0.71808,0.71866
2026-08-27 22:00:00,0.71862,0.71902,0.71861,0.71897
2026-08-27 22:15:00,0.71895,0.71918,0.7189,0.71898
2026-08-27 22:30:00,0.71904,0.71908,0.7187,0.71881
2026-08-27 22:45:00,0.7188,0.7188,0.71847,0.71873
2026-08-27 23:00:00,0.71873,0.71924,0.71865,0.71924
2026-08-27 23:15:00,0.71922,0.71955,0.71905,0.71954
2026-08-27 23:30:00,0.71952,0.71952,0.71911,0.71912
2026-08-27 23:45:00,0.71914,0.71933,0.71868,0.71931
2026-08-28 00:00:00,0.71929,0.71953,0.71904,0.71906
2026-08-28 00:15:00,0.71908,0.71938,0.71901,0.71912
2026-08-28 00:30:00,0.71909,0.7195,0.71903,0.71939
2026-08-28 00:45:00,0.71935,0.71957,0.71892,0.71915
2026-08-28 01:00:00,0.71911,0.71946,0.71908,0.71944
2026-08-28 01:15:00,0.71941,0.71947,0.71925,0.71937
2026-08-28 01:30:00,0.71933,0.71964,0.71933,0.71962
2026-08-28 01:45:00,0.71961,0.71976,0.71947,0.71972
2026-08-28 02:00:00,0.71973,0.71977,0.71949,0.71952
2026-08-28 02:15:00,0.71951,0.71961,0.71939,0.71961
2026-08-28 02:30:00,0.71958,0.71965,0.71954,0.7196
2026-08-28 02:45:00,0.71959,0.71977,0.71956,0.7196
2026-08-28 03:00:00,0.71961,0.71978,0.71961,0.71966
2026-08-28 03:15:00,0.71967,0.71973,0.71962,0.7197
2026-08-28 03:30:00,0.71969,0.71975,0.71968,0.7197
2026-08-28 03:45:00,0.71969,0.71969,0.71954,0.71968
2026-08-28 04:00:00,0.71968,0.71968,0.71947,0.71952
2026-08-28 04:15:00,0.71952,0.71953,0.7193,0.71931
2026-08-28 04:30:00,0.71932,0.71943,0.71925,0.71941
2026-08-28 04:45:00,0.71939,0.71959,0.71939,0.71958
2026-08-28 05:00:00,0.71957,0.71961,0.71944,0.71958
2026-08-28 05:15:00,0.71958,0.71962,0.71947,0.71947
2026-08-28 05:30:00,0.71947,0.71959,0.71945,0.71959
2026-08-28 05:45:00,0.71957,0.71966,0.71947,0.71962
2026-08-28 06:00:00,0.71962,0.71969,0.71953,0.71967
2026-08-28 06:15:00,0.71967,0.71968,0.71951,0.71952
2026-08-28 06:30:00,0.71952,0.71954,0.71947,0.7195
2026-08-28 06:45:00,0.71948,0.71958,0.71947,0.71953
2026-08-28 07:00:00,0.71951,0.71951,0.71902,0.71919
2026-08-28 07:15:00,0.71917,0.71963,0.7191,0.71955
2026-08-28 07:30:00,0.71956,0.71959,0.71947,0.7195
2026-08-28 07:45:00,0.71954,0.71954,0.71937,0.71946
2026-08-28 08:00:00,0.71945,0.71966,0.71941,0.71947
2026-08-28 08:15:00,0.71948,0.71954,0.71946,0.71949
2026-08-28 08:30:00,0.71949,0.71959,0.71947,0.71952
2026-08-28 08:45:00,0.71953,0.71957,0.71941,0.71955
2026-08-28 09:00:00,0.71954,0.71954,0.71941,0.71949
2026-08-28 09:15:00,0.71948,0.71949,0.71934,0.7194
2026-08-28 09:30:00,0.7194,0.7195,0.71936,0.71948
2026-08-28 09:45:00,0.71947,0.71962,0.71942,0.71952
2026-08-28 10:00:00,0.71951,0.71971,0.7195,0.71964
2026-08-28 10:15:00,0.71965,0.71981,0.71951,0.71979
2026-08-28 10:30:00,0.71975,0.71992,0.71975,0.7198
2026-08-28 10:45:00,0.71979,0.71995,0.71955,0.7197
2026-08-28 11:00:00,0.71968,0.72004,0.7196,0.71988
2026-08-28 11:15:00,0.71989,0.72,0.71975,0.71976
2026-08-28 11:30:00,0.71976,0.72,0.71966,0.71991
2026-08-28 11:45:00,0.7199,0.7199,0.71958,0.71971
2026-08-28 12:00:00,0.71968,0.71991,0.71968,0.71988
2026-08-28 12:15:00,0.71985,0.72035,0.71984,0.72008
2026-08-28 12:30:00,0.7201,0.72024,0.72006,0.72007
2026-08-28 12:45:00,0.72009,0.72048,0.71995,0.72045
2026-08-28 13:00:00,0.72044,0.72051,0.72034,0.72049
2026-08-28 13:15:00,0.72048,0.72051,0.72039,0.72042
2026-08-28 13:30:00,0.72045,0.72051,0.72012,0.72013
2026-08-28 13:45:00,0.72014,0.72014,0.71998,0.72009
2026-08-28 14:00:00,0.72008,0.72014,0.72,0.7201
2026-08-28 14:15:00,0.72009,0.72027,0.72008,0.72011
2026-08-28 14:30:00,0.7201,0.7201,0.71994,0.71999
2026-08-28 14:45:00,0.71999,0.72009,0.71981,0.71982
2026-08-28 15:00:00,0.71981,0.71993,0.71946,0.71948
2026-08-28 15:15:00,0.71948,0.71968,0.71944,0.71954
2026-08-28 15:30:00,0.71955,0.71978,0.71932,0.71939
2026-08-28 15:45:00,0.71941,0.71966,0.71941,0.71963
2026-08-28 16:00:00,0.71962,0.71985,0.7195,0.71973
2026-08-28 16:15:00,0.71973,0.72009,0.71972,0.72007
2026-08-28 16:30:00,0.72004,0.7201,0.71938,0.71981
2026-08-28 16:45:00,0.71978,0.72015,0.71978,0.72005
2026-08-28 17:00:00,0.72011,0.72011,0.71951,0.71969
2026-08-28 17:15:00,0.71963,0.71977,0.71927,0.71937
2026-08-28 17:30:00,0.71937,0.71979,0.71937,0.71965
2026-08-28 17:45:00,0.71963,0.71974,0.71956,0.71964
2026-08-28 18:00:00,0.71962,0.71966,0.71937,0.71942
2026-08-28 18:15:00,0.71941,0.71959,0.71934,0.71943
2026-08-28 18:30:00,0.71942,0.71958,0.71937,0.71938
2026-08-28 18:45:00,0.71939,0.71949,0.71932,0.71938
2026-08-28 19:00:00,0.71937,0.71953,0.71926,0.71952
2026-08-28 19:15:00,0.7195,0.71965,0.71948,0.71964
2026-08-28 19:30:00,0.71962,0.71969,0.71951,0.71967
2026-08-28 19:45:00,0.71963,0.71976,0.71961,0.71969
2026-08-28 20:00:00,0.7197,0.71994,0.71964,0.71993
2026-08-28 20:15:00,0.71991,0.71993,0.71975,0.7199
2026-08-28 20:30:00,0.71989,0.72001,0.71986,0.71989
2026-08-28 20:45:00,0.71991,0.72003,0.71976,0.71998
2026-08-28 21:00:00,0.71999,0.72004,0.71981,0.71981
2026-08-28 21:15:00,0.71981,0.71988,0.7196,0.71962
2026-08-28 21:30:00,0.71964,0.71973,0.71957,0.71972
2026-08-28 21:45:00,0.71969,0.71972,0.71937,0.71938
2026-08-28 22:00:00,0.71938,0.71953,0.71934,0.71951
2026-08-28 22:15:00,0.71947,0.7198,0.71947,0.71964
2026-08-28 22:30:00,0.7197,0.7197,0.7193,0.71949
2026-08-28 22:45:00,0.71944,0.72014,0.71944,0.72011
2026-08-28 23:00:00,0.72007,0.7203,0.72007,0.72016
2026-08-28 23:15:00,0.72019,0.72019,0.7197,0.71972
2026-08-28 23:30:00,0.71976,0.71989,0.71964,0.71983
2026-08-28 23:45:00,0.71982,0.71996,0.71953,0.71993
2026-08-29 00:00:00,0.71988,0.72025,0.71743,0.7176
2026-08-29 00:15:00,0.71776,0.71793,0.71646,0.71652
2026-08-29 00:30:00,0.71659,0.71796,0.7162,0.71743
2026-08-29 00:45:00,0.71747,0.71869,0.71736,0.71865
2026-08-29 01:00:00,0.71857,0.71875,0.71744,0.71747
2026-08-29 01:15:00,0.71751,0.71765,0.71723,0.71725
2026-08-29 01:30:00,0.71728,0.7174,0.71658,0.7168
2026-08-29 01:45:00,0.71676,0.71704,0.71642,0.71643
2026-08-29 02:00:00,0.71645,0.71658,0.71623,0.71625
2026-08-29 02:15:00,0.71628,0.71628,0.71565,0.71598
2026-08-29 02:30:00,0.71596,0.7162,0.71577,0.71583
2026-08-29 02:45:00,0.71582,0.7163,0.71569,0.71613
2026-08-29 03:00:00,0.71612,0.71615,0.71579,0.71613
2026-08-29 03:15:00,0.71611,0.71613,0.71593,0.71604
2026-08-29 03:30:00,0.71598,0.71609,0.71566,0.71569
2026-08-29 03:45:00,0.71567,0.71592,0.71566,0.7158
2026-08-29 04:00:00,0.71579,0.71596,0.71559,0.71583
2026-08-29 04:15:00,0.71582,0.71588,0.71559,0.71587
2026-08-29 04:30:00,0.71585,0.71587,0.71561,0.71573
2026-08-29 04:45:00,0.71567,0.71587,0.71567,0.71585
2026-08-29 05:00:00,0.71581,0.71611,0.71581,0.71594
2026-08-29 05:15:00,0.71595,0.71624,0.7159,0.71624
2026-08-29 05:30:00,0.71623,0.7164,0.71617,0.71639
2026-08-29 05:45:00,0.71638,0.71648,0.7162,0.71639
2026-08-29 06:00:00,0.71642,0.71642,0.71618,0.71622
2026-08-29 06:15:00,0.71622,0.71627,0.71605,0.71611
2026-08-29 06:30:00,0.7161,0.7161,0.71584,0.71594
2026-08-29 06:45:00,0.71591,0.71624,0.71591,0.7162
2026-08-29 07:00:00,0.71615,0.71691,0.71597,0.71612
2026-08-29 07:15:00,0.7162,0.7165,0.71602,0.71622
2026-08-29 07:30:00,0.71621,0.7168,0.71611,0.71623
2026-08-29 07:45:00,0.71621,0.71673,0.716,0.7165
2026-08-29 08:00:00,0.71642,0.71674,0.71605,0.71632
2026-08-29 08:15:00,0.71633,0.71643,0.71631,0.7164
2026-08-29 08:30:00,0.7164,0.71645,0.71639,0.7164
2026-08-29 08:45:00,0.7164,0.71646,0.71639,0.71644
2026-08-29 09:00:00,0.71643,0.71709,0.71603,0.7164
2026-08-29 09:15:00,0.7164,0.71661,0.71636,0.71642
2026-08-29 09:30:00,0.71649,0.7166,0.71634,0.7164
2026-08-29 09:45:00,0.7164,0.7166,0.71637,0.71646
2026-08-29 10:00:00,0.71646,0.71657,0.71583,0.71612
2026-08-29 10:15:00,0.71612,0.71625,0.71609,0.71612
2026-08-29 10:30:00,0.71612,0.71615,0.7161,0.71612
2026-08-29 10:45:00,0.71611,0.71622,0.7161,0.71614
2026-08-29 11:00:00,0.71612,0.71615,0.7161,0.71613
2026-08-29 11:15:00,0.71612,0.71622,0.71609,0.71612
2026-08-29 11:30:00,0.71612,0.71636,0.71609,0.71613
2026-08-29 11:45:00,0.71613,0.71616,0.71611,0.71614
2026-08-29 12:00:00,0.71612,0.71622,0.71611,0.71613
2026-08-29 12:15:00,0.71612,0.71616,0.71611,0.71612
2026-08-29 12:30:00,0.71612,0.71623,0.71604,0.71612
2026-08-29 12:45:00,0.71612,0.71622,0.71611,0.71615
2026-08-29 13:00:00,0.71613,0.71615,0.71611,0.71613
2026-08-29 13:15:00,0.71612,0.71652,0.71607,0.71612
2026-08-29 13:30:00,0.71612,0.71616,0.71611,0.71612
2026-08-29 13:45:00,0.71612,0.71623,0.7161,0.71613
2026-08-29 14:00:00,0.71612,0.71623,0.71605,0.71614
2026-08-29 14:15:00,0.71613,0.71615,0.71611,0.71612
2026-08-29 14:30:00,0.71612,0.71622,0.71611,0.71612
2026-08-29 14:45:00,0.71612,0.71615,0.71611,0.71613
2026-08-29 15:00:00,0.71612,0.71637,0.7161,0.71614
2026-08-29 15:15:00,0.71612,0.71622,0.71607,0.71612
2026-08-29 15:30:00,0.71613,0.71615,0.71611,0.71612
2026-08-29 15:45:00,0.71612,0.71622,0.71606,0.71613
2026-08-29 16:00:00,0.71612,0.71615,0.71611,0.71614
2026-08-29 16:15:00,0.71612,0.71622,0.71608,0.71612
2026-08-29 16:30:00,0.71612,0.7164,0.71601,0.71612
2026-08-29 16:45:00,0.71616,0.71616,0.71611,0.71614
2026-08-29 17:00:00,0.71612,0.71622,0.71611,0.71614
2026-08-29 17:15:00,0.71612,0.71616,0.71611,0.71613
2026-08-29 17:30:00,0.71612,0.71621,0.71611,0.71612
2026-08-29 17:45:00,0.71612,0.71622,0.71606,0.71613
2026-08-29 18:00:00,0.71614,0.71615,0.7161,0.71612
2026-08-29 18:15:00,0.71611,0.71639,0.71603,0.71613
2026-08-29 18:30:00,0.71612,0.71614,0.7161,0.7161
2026-08-29 18:45:00,0.71611,0.71625,0.7161,0.71613
2026-08-29 19:00:00,0.71611,0.71623,0.7161,0.71614
2026-08-29 19:15:00,0.71616,0.71616,0.7161,0.71613
2026-08-29 19:30:00,0.71612,0.71626,0.71602,0.71611
2026-08-29 19:45:00,0.71611,0.71615,0.7161,0.71611
2026-08-29 20:00:00,0.71611,0.71634,0.7161,0.71613
2026-08-29 20:15:00,0.71612,0.71622,0.71611,0.71613
2026-08-29 20:30:00,0.71615,0.71615,0.71611,0.71612
2026-08-29 20:45:00,0.71612,0.71622,0.7161,0.71612
2026-08-29 21:00:00,0.71612,0.71615,0.71611,0.71613
2026-08-29 21:15:00,0.71612,0.71624,0.71605,0.71613
2026-08-29 21:30:00,0.71612,0.71639,0.71608,0.71636
2026-08-29 21:45:00,0.7163,0.7163,0.71611,0.71612
2026-08-29 22:00:00,0.71612,0.71625,0.71604,0.71613
2026-08-29 22:15:00,0.71612,0.71615,0.71611,0.71613
2026-08-29 22:30:00,0.71612,0.71623,0.71611,0.71612
2026-08-29 22:45:00,0.71612,0.71624,0.7161,0.71622
2026-08-29 23:00:00,0.71619,0.71619,0.7161,0.71611
2026-08-29 23:15:00,0.71611,0.71643,0.71596,0.71614
2026-08-29 23:30:00,0.71613,0.71614,0.71609,0.7161
2026-08-29 23:45:00,0.7161,0.71624,0.71603,0.71609
2026-08-30 00:00:00,0.7161,0.71625,0.71609,0.71623
2026-08-30 00:15:00,0.71619,0.71619,0.71609,0.71611
2026-08-30 00:30:00,0.7161,0.71625,0.71608,0.71613
2026-08-30 00:45:00,0.71614,0.71614,0.7161,0.7161
2026-08-30 01:00:00,0.7161,0.71651,0.71585,0.71615
2026-08-30 01:15:00,0.71615,0.7163,0.71608,0.71629
2026-08-30 01:30:00,0.71624,0.71627,0.71613,0.71616
2026-08-30 01:45:00,0.71614,0.71631,0.71613,0.71625
2026-08-30 02:00:00,0.71626,0.71661,0.71613,0.71614
2026-08-30 02:15:00,0.71614,0.71628,0.71613,0.71615
2026-08-30 02:30:00,0.71614,0.71645,0.71591,0.71642
2026-08-30 02:45:00,0.71636,0.71636,0.71614,0.71615
2026-08-30 03:00:00,0.71615,0.71671,0.71581,0.7162
2026-08-30 03:15:00,0.71622,0.71625,0.71614,0.71616
2026-08-30 03:30:00,0.71615,0.71631,0.71603,0.71621
2026-08-30 03:45:00,0.71619,0.71628,0.71614,0.71616
2026-08-30 04:00:00,0.71617,0.71632,0.71611,0.71611
2026-08-30 04:15:00,0.71612,0.71644,0.71605,0.71613
2026-08-30 04:30:00,0.71614,0.71614,0.7161,0.71612
2026-08-30 04:45:00,0.71611,0.71628,0.71608,0.71623
2026-08-30 05:00:00,0.71623,0.71687,0.71619,0.71668
2026-08-30 05:15:00,0.71669,0.71672,0.71668,0.71671
2026-08-30 05:30:00,0.71669,0.71672,0.71668,0.71671
2026-08-30 05:45:00,0.71669,0.71673,0.71628,0.71635
2026-08-30 06:00:00,0.71634,0.71657,0.71629,0.71635
2026-08-30 06:15:00,0.71635,0.71637,0.71619,0.71625
2026-08-30 06:30:00,0.71625,0.71638,0.71625,0.71635
2026-08-30 06:45:00,0.71634,0.71652,0.71622,0.71634
2026-08-30 07:00:00,0.7163,0.7163,0.7161,0.7161
2026-08-30 07:15:00,0.7161,0.71624,0.71609,0.7161
2026-08-30 07:30:00,0.7161,0.7162,0.7161,0.71618
2026-08-30 07:45:00,0.71611,0.71623,0.71611,0.71614
2026-08-30 08:00:00,0.71612,0.7166,0.71606,0.71612
2026-08-30 08:15:00,0.71613,0.71615,0.71611,0.71612
2026-08-30 08:30:00,0.71612,0.71622,0.71611,0.71616
2026-08-30 08:45:00,0.71615,0.71617,0.71611,0.71613
2026-08-30 09:00:00,0.71612,0.71627,0.71603,0.71617
2026-08-30 09:15:00,0.71617,0.7163,0.71611,0.71625
2026-08-30 09:30:00,0.71626,0.71629,0.71625,0.71627
2026-08-30 09:45:00,0.71626,0.71636,0.71625,0.71634
2026-08-30 10:00:00,0.71633,0.71633,0.71611,0.71616
2026-08-30 10:15:00,0.71616,0.71629,0.71615,0.71619
2026-08-30 10:30:00,0.71619,0.71631,0.7161,0.71629
2026-08-30 10:45:00,0.71627,0.7163,0.71626,0.71629
2026-08-30 11:00:00,0.71627,0.71632,0.71618,0.7163
2026-08-30 11:15:00,0.71628,0.71628,0.71619,0.7162
2026-08-30 11:30:00,0.71621,0.71632,0.71619,0.7163
2026-08-30 11:45:00,0.71628,0.71637,0.71627,0.71636
2026-08-30 12:00:00,0.71635,0.71638,0.71634,0.71636
2026-08-30 12:15:00,0.71635,0.71643,0.71629,0.71639
2026-08-30 12:30:00,0.7164,0.71645,0.7161,0.71612
2026-08-30 12:45:00,0.71612,0.71627,0.71612,0.71616
2026-08-30 13:00:00,0.71614,0.71625,0.71613,0.71617
2026-08-30 13:15:00,0.71616,0.71618,0.71613,0.71614
2026-08-30 13:30:00,0.71614,0.71626,0.71613,0.71616
2026-08-30 13:45:00,0.71616,0.71617,0.71613,0.71615
2026-08-30 14:00:00,0.71614,0.71625,0.71613,0.71618
2026-08-30 14:15:00,0.71617,0.7163,0.7161,0.71625
2026-08-30 14:30:00,0.71625,0.71629,0.71619,0.7162
2026-08-30 14:45:00,0.7162,0.71631,0.71611,0.71628
2026-08-30 15:00:00,0.71627,0.7163,0.7162,0.71624
2026-08-30 15:15:00,0.71622,0.7163,0.71615,0.71626
2026-08-30 15:30:00,0.71626,0.71634,0.71622,0.7163
2026-08-30 15:45:00,0.71631,0.71634,0.7163,0.71632
2026-08-30 16:00:00,0.71631,0.71635,0.71607,0.71616
2026-08-30 16:15:00,0.71614,0.71618,0.71614,0.71615
2026-08-30 16:30:00,0.71615,0.71628,0.71611,0.71614
2026-08-30 16:45:00,0.71615,0.71628,0.71613,0.71622
2026-08-30 17:00:00,0.7162,0.71622,0.71615,0.71618
2026-08-30 17:15:00,0.71616,0.71626,0.71615,0.71623
2026-08-30 17:30:00,0.71622,0.71625,0.71614,0.71615
2026-08-30 17:45:00,0.71616,0.7163,0.71605,0.71626
2026-08-30 18:00:00,0.71626,0.71635,0.71625,0.71634
2026-08-30 18:15:00,0.71632,0.71636,0.71631,0.71633
2026-08-30 18:30:00,0.71632,0.71641,0.71631,0.71638
2026-08-30 18:45:00,0.71638,0.71641,0.71637,0.71638
2026-08-30 19:00:00,0.71638,0.71646,0.71637,0.71644
2026-08-30 19:15:00,0.71642,0.71649,0.71641,0.71647
2026-08-30 19:30:00,0.71646,0.71649,0.71645,0.71646
2026-08-30 19:45:00,0.71646,0.71651,0.71637,0.71644
2026-08-30 20:00:00,0.71644,0.71647,0.71643,0.71645
2026-08-30 20:15:00,0.71644,0.71647,0.71643,0.71646
2026-08-30 20:30:00,0.71644,0.71647,0.71637,0.71639
2026-08-30 20:45:00,0.71639,0.71642,0.71638,0.71639
2026-08-30 21:00:00,0.71639,0.71642,0.71638,0.7164
2026-08-30 21:15:00,0.71639,0.71642,0.71638,0.7164
2026-08-30 21:30:00,0.71639,0.7165,0.71633,0.71646
2026-08-30 21:45:00,0.71646,0.71649,0.71645,0.71645
2026-08-30 22:00:00,0.71646,0.71649,0.71645,0.71647
2026-08-30 22:15:00,0.71646,0.71649,0.71614,0.71617
2026-08-30 22:30:00,0.71615,0.71618,0.71613,0.71615
2026-08-30 22:45:00,0.71614,0.71667,0.7161,0.71626
2026-08-30 23:00:00,0.71627,0.71627,0.71617,0.71618
2026-08-30 23:15:00,0.71618,0.71679,0.71569,0.71659
2026-08-30 23:30:00,0.71657,0.71661,0.71656,0.71658
2026-08-30 23:45:00,0.71657,0.71695,0.71654,0.71683
2026-08-31 00:00:00,0.71684,0.71685,0.71575,0.71613
2026-08-31 00:15:00,0.7161,0.71618,0.7161,0.71617
2026-08-31 00:30:00,0.71615,0.71655,0.71612,0.71618
2026-08-31 00:45:00,0.71617,0.71618,0.71614,0.71615
2026-08-31 01:00:00,0.71615,0.71665,0.71577,0.71614
2026-08-31 01:15:00,0.71614,0.71657,0.71613,0.71629
2026-08-31 01:30:00,0.71634,0.71634,0.71614,0.71616
2026-08-31 01:45:00,0.71615,0.71656,0.71584,0.71621
2026-08-31 02:00:00,0.71622,0.71668,0.71588,0.71614
2026-08-31 02:15:00,0.71614,0.71656,0.71613,0.71615
2026-08-31 02:30:00,0.71614,0.71665,0.71607,0.71632
2026-08-31 02:45:00,0.71638,0.71638,0.71613,0.71614
2026-08-31 03:00:00,0.71614,0.71656,0.7158,0.71615
2026-08-31 03:15:00,0.71615,0.71618,0.7161,0.71614
2026-08-31 03:30:00,0.71613,0.71656,0.71588,0.71616
2026-08-31 03:45:00,0.71614,0.71649,0.71611,0.71619
2026-08-31 04:00:00,0.71623,0.71657,0.71601,0.71613
2026-08-31 04:15:00,0.71613,0.71655,0.71609,0.71614
2026-08-31 04:30:00,0.71612,0.71617,0.7161,0.71612
2026-08-31 04:45:00,0.7161,0.71646,0.71596,0.71615
2026-08-31 05:00:00,0.71615,0.71686,0.71511,0.7152
2026-08-31 05:15:00,0.71534,0.71604,0.71385,0.71533
2026-08-31 05:30:00,0.71514,0.71637,0.71434,0.71525
2026-08-31 05:45:00,0.71537,0.71621,0.71474,0.71611
2026-08-31 06:00:00,0.71601,0.71629,0.71472,0.71625
2026-08-31 06:15:00,0.71591,0.71639,0.71396,0.71613
2026-08-31 06:30:00,0.7161,0.71699,0.71352,0.71604
2026-08-31 06:45:00,0.71595,0.71611,0.71535,0.71575
2026-08-31 07:00:00,0.71576,0.71606,0.71559,0.71562
2026-08-31 07:15:00,0.71571,0.71603,0.71564,0.7157
2026-08-31 07:30:00,0.71571,0.71596,0.71563,0.71593
2026-08-31 07:45:00,0.7159,0.7161,0.7158,0.71606
2026-08-31 08:00:00,0.71604,0.71612,0.71573,0.71601
2026-08-31 08:15:00,0.716,0.71617,0.71597,0.71608
2026-08-31 08:30:00,0.71608,0.71622,0.71606,0.71611
2026-08-31 08:45:00,0.71613,0.71615,0.71598,0.71606
2026-08-31 09:00:00,0.71603,0.71622,0.71602,0.71619
2026-08-31 09:15:00,0.71618,0.71618,0.71605,0.71614
2026-08-31 09:30:00,0.71615,0.71626,0.71607,0.71608
2026-08-31 09:45:00,0.71609,0.71613,0.71585,0.71607
2026-08-31 10:00:00,0.71602,0.71615,0.71587,0.71612
2026-08-31 10:15:00,0.71609,0.71617,0.71548,0.71549
2026-08-31 10:30:00,0.71551,0.71632,0.71546,0.71622
2026-08-31 10:45:00,0.71622,0.71644,0.71613,0.7164
2026-08-31 11:00:00,0.71638,0.7164,0.7159,0.71607
2026-08-31 11:15:00,0.71601,0.71626,0.71601,0.71618
2026-08-31 11:30:00,0.71614,0.71672,0.7161,0.71669
2026-08-31 11:45:00,0.71663,0.71681,0.71659,0.71666
2026-08-31 12:00:00,0.71664,0.71677,0.71648,0.71649
2026-08-31 12:15:00,0.71651,0.71673,0.71627,0.71672
2026-08-31 12:30:00,0.71669,0.71673,0.71613,0.71621
2026-08-31 12:45:00,0.71619,0.71661,0.71618,0.71661
2026-08-31 13:00:00,0.71659,0.71699,0.71652,0.71698
2026-08-31 13:15:00,0.71695,0.71705,0.71687,0.71694
2026-08-31 13:30:00,0.71695,0.71695,0.71654,0.71675
2026-08-31 13:45:00,0.71674,0.71679,0.7166,0.71672
2026-08-31 14:00:00,0.7167,0.71677,0.71656,0.71672
2026-08-31 14:15:00,0.71671,0.71677,0.71642,0.71643
2026-08-31 14:30:00,0.71645,0.7166,0.71645,0.71652
2026-08-31 14:45:00,0.7165,0.71665,0.71649,0.71664
2026-08-31 15:00:00,0.71662,0.71665,0.71627,0.71638
2026-08-31 15:15:00,0.71632,0.71663,0.71632,0.71663
2026-08-31 15:30:00,0.71662,0.71663,0.71629,0.71659
2026-08-31 15:45:00,0.71656,0.71661,0.71648,0.7166
2026-08-31 16:00:00,0.71656,0.71662,0.71625,0.71638
2026-08-31 16:15:00,0.71629,0.71679,0.71629,0.71646
2026-08-31 16:30:00,0.71645,0.71653,0.71618,0.7162
2026-08-31 16:45:00,0.71624,0.71635,0.71599,0.716
2026-08-31 17:00:00,0.71603,0.71627,0.71587,0.71613
2026-08-31 17:15:00,0.71618,0.71647,0.71604,0.7163
2026-08-31 17:30:00,0.71637,0.71637,0.71584,0.71596
2026-08-31 17:45:00,0.71591,0.7161,0.71591,0.71608
2026-08-31 18:00:00,0.71605,0.71648,0.71597,0.71603
2026-08-31 18:15:00,0.71601,0.71604,0.71579,0.71589
2026-08-31 18:30:00,0.71588,0.71595,0.71582,0.71587
2026-08-31 18:45:00,0.71587,0.71591,0.71567,0.71588
2026-08-31 19:00:00,0.71586,0.71599,0.71579,0.71599
2026-08-31 19:15:00,0.71596,0.7161,0.71593,0.71598
2026-08-31 19:30:00,0.71597,0.71607,0.71591,0.71606
2026-08-31 19:45:00,0.71603,0.71615,0.71599,0.71603
2026-08-31 20:00:00,0.71604,0.71626,0.71604,0.71617
2026-08-31 20:15:00,0.71616,0.71623,0.71599,0.7161
2026-08-31 20:30:00,0.71609,0.71609,0.71573,0.71574
2026-08-31 20:45:00,0.71575,0.71589,0.71569,0.71571
2026-08-31 21:00:00,0.71571,0.71578,0.71552,0.71574
2026-08-31 21:15:00,0.71573,0.71634,0.71562,0.71632
2026-08-31 21:30:00,0.71625,0.71644,0.71615,0.71626
2026-08-31 21:45:00,0.71627,0.71628,0.71598,0.71607
2026-08-31 22:00:00,0.71608,0.71633,0.716,0.71632
2026-08-31 22:15:00,0.71629,0.71656,0.71604,0.71631
2026-08-31 22:30:00,0.71627,0.71627,0.71565,0.7158
2026-08-31 22:45:00,0.71578,0.71592,0.71547,0.7159
2026-08-31 23:00:00,0.71589,0.71617,0.71587,0.71611
2026-08-31 23:15:00,0.71609,0.71643,0.71606,0.71642
2026-08-31 23:30:00,0.71637,0.71651,0.71618,0.71624
2026-08-31 23:45:00,0.7163,0.7163,0.71605,0.71613
2026-09-01 00:00:00,0.71614,0.71636,0.71602,0.71621
2026-09-01 00:15:00,0.71619,0.71667,0.71616,0.71666
2026-09-01 00:30:00,0.71663,0.71671,0.71632,0.71661
2026-09-01 00:45:00,0.71663,0.71698,0.71642,0.71686
2026-09-01 01:00:00,0.71679,0.71679,0.71614,0.71647
2026-09-01 01:15:00,0.71645,0.71645,0.71606,0.71636
2026-09-01 01:30:00,0.71632,0.71662,0.71632,0.71662
2026-09-01 01:45:00,0.7166,0.71675,0.71655,0.71659
2026-09-01 02:00:00,0.7166,0.7168,0.71655,0.71675
2026-09-01 02:15:00,0.71675,0.7169,0.71668,0.71679
2026-09-01 02:30:00,0.71678,0.71682,0.71655,0.71662
2026-09-01 02:45:00,0.71663,0.71674,0.7166,0.71672
2026-09-01 03:00:00,0.71671,0.71679,0.71657,0.71668
2026-09-01 03:15:00,0.71665,0.71671,0.71651,0.71653
2026-09-01 03:30:00,0.71653,0.71668,0.71645,0.71667
2026-09-01 03:45:00,0.71662,0.71682,0.7166,0.71661
2026-09-01 04:00:00,0.71662,0.71663,0.71651,0.71661
2026-09-01 04:15:00,0.71659,0.71663,0.71647,0.71653
2026-09-01 04:30:00,0.7165,0.71656,0.71638,0.71644
2026-09-01 04:45:00,0.71641,0.71661,0.7164,0.71648
2026-09-01 05:00:00,0.7165,0.7165,0.71634,0.71638
2026-09-01 05:15:00,0.7164,0.71656,0.71635,0.71648
2026-09-01 05:30:00,0.71648,0.71654,0.71642,0.71646
2026-09-01 05:45:00,0.71645,0.71678,0.71643,0.7166
2026-09-01 06:00:00,0.71662,0.71672,0.71657,0.71657
2026-09-01 06:15:00,0.71658,0.71658,0.71646,0.71648
2026-09-01 06:30:00,0.71649,0.71662,0.71645,0.71662
2026-09-01 06:45:00,0.71659,0.71672,0.71658,0.71669
2026-09-01 07:00:00,0.71666,0.71672,0.71656,0.71662
2026-09-01 07:15:00,0.71663,0.71663,0.71642,0.71653
2026-09-01 07:30:00,0.71649,0.71681,0.71649,0.71675
2026-09-01 07:45:00,0.71671,0.71678,0.71663,0.71676
2026-09-01 08:00:00,0.71672,0.71672,0.71657,0.71658
2026-09-01 08:15:00,0.71659,0.7166,0.7165,0.71651
2026-09-01 08:30:00,0.71652,0.71663,0.71649,0.7165
2026-09-01 08:45:00,0.71652,0.71662,0.71649,0.7166
2026-09-01 09:00:00,0.71658,0.71675,0.71657,0.71672
2026-09-01 09:15:00,0.71672,0.71677,0.71662,0.71667
2026-09-01 09:30:00,0.71671,0.71691,0.71669,0.71678
2026-09-01 09:45:00,0.71672,0.71708,0.71672,0.71707
2026-09-01 10:00:00,0.71704,0.71769,0.71704,0.71753
2026-09-01 10:15:00,0.71755,0.71807,0.71751,0.71801
2026-09-01 10:30:00,0.718,0.718,0.71749,0.71756
2026-09-01 10:45:00,0.71755,0.71755,0.71705,0.71707
2026-09-01 11:00:00,0.71709,0.71709,0.71674,0.71684
2026-09-01 11:15:00,0.71687,0.71701,0.7167,0.71685
2026-09-01 11:30:00,0.71681,0.71749,0.71665,0.71745
2026-09-01 11:45:00,0.71738,0.7175,0.71698,0.71727
2026-09-01 12:00:00,0.71722,0.71732,0.71692,0.71728
2026-09-01 12:15:00,0.71724,0.71739,0.71715,0.71719
2026-09-01 12:30:00,0.71717,0.7172,0.71691,0.71697
2026-09-01 12:45:00,0.71701,0.71726,0.71701,0.71726
2026-09-01 13:00:00,0.71723,0.71739,0.71689,0.71699
2026-09-01 13:15:00,0.71698,0.71698,0.71665,0.71683
2026-09-01 13:30:00,0.71682,0.71702,0.71667,0.71688
2026-09-01 13:45:00,0.7169,0.71711,0.71672,0.71674
2026-09-01 14:00:00,0.71678,0.7168,0.71661,0.71679
2026-09-01 14:15:00,0.71675,0.7169,0.71668,0.71669
2026-09-01 14:30:00,0.7167,0.71692,0.71666,0.7169
2026-09-01 14:45:00,0.71686,0.71694,0.71668,0.71674
2026-09-01 15:00:00,0.71672,0.71715,0.71671,0.71713
2026-09-01 15:15:00,0.71709,0.71709,0.71679,0.71698
2026-09-01 15:30:00,0.71695,0.71712,0.71685,0.71708
2026-09-01 15:45:00,0.71707,0.71712,0.71693,0.717
2026-09-01 16:00:00,0.71702,0.71713,0.71687,0.71696
2026-09-01 16:15:00,0.71694,0.71703,0.71659,0.71663
2026-09-01 16:30:00,0.7167,0.7167,0.71625,0.71647
2026-09-01 16:45:00,0.71645,0.71658,0.7163,0.71641
2026-09-01 17:00:00,0.71642,0.71662,0.71623,0.71624
2026-09-01 17:15:00,0.71623,0.71644,0.71608,0.71618
2026-09-01 17:30:00,0.71618,0.71618,0.71539,0.71546
2026-09-01 17:45:00,0.71545,0.7156,0.71534,0.71544
2026-09-01 18:00:00,0.71544,0.71563,0.71515,0.71539
2026-09-01 18:15:00,0.71533,0.71553,0.71512,0.71513
2026-09-01 18:30:00,0.71514,0.71517,0.71462,0.7147
2026-09-01 18:45:00,0.71473,0.71474,0.71432,0.71441
2026-09-01 19:00:00,0.71439,0.71451,0.7142,0.71444
2026-09-01 19:15:00,0.71442,0.71442,0.714,0.71408
2026-09-01 19:30:00,0.7141,0.71453,0.71398,0.71447
2026-09-01 19:45:00,0.71447,0.71472,0.71432,0.71441
2026-09-01 20:00:00,0.71444,0.71455,0.71426,0.71451
2026-09-01 20:15:00,0.7145,0.71464,0.71442,0.71456
2026-09-01 20:30:00,0.71454,0.71469,0.71435,0.71441
2026-09-01 20:45:00,0.7144,0.71452,0.71422,0.71441
2026-09-01 21:00:00,0.71437,0.71451,0.71406,0.71451
2026-09-01 21:15:00,0.7145,0.71464,0.71434,0.71453
2026-09-01 21:30:00,0.71447,0.71466,0.71437,0.71457
2026-09-01 21:45:00,0.71456,0.71472,0.71446,0.71448
2026-09-01 22:00:00,0.71448,0.71448,0.71413,0.71427
2026-09-01 22:15:00,0.71425,0.71475,0.71424,0.71474
2026-09-01 22:30:00,0.71472,0.71478,0.7144,0.71467
2026-09-01 22:45:00,0.71468,0.71535,0.71468,0.71533
2026-09-01 23:00:00,0.71531,0.71534,0.71475,0.71477
2026-09-01 23:15:00,0.7148,0.71499,0.7147,0.71479
2026-09-01 23:30:00,0.71478,0.71537,0.71478,0.71532
2026-09-01 23:45:00,0.7152,0.71545,0.7152,0.71529
2026-09-02 00:00:00,0.71536,0.71601,0.71536,0.71571
2026-09-02 00:15:00,0.71572,0.71601,0.71552,0.71568
2026-09-02 00:30:00,0.71573,0.71587,0.71544,0.71556
2026-09-02 00:45:00,0.71554,0.71576,0.71509,0.71545
2026-09-02 01:00:00,0.7154,0.71562,0.71525,0.71549
2026-09-02 01:15:00,0.71549,0.71562,0.7154,0.71556
2026-09-02 01:30:00,0.71548,0.71586,0.71541,0.71581
2026-09-02 01:45:00,0.71579,0.71603,0.71575,0.71577
2026-09-02 02:00:00,0.71579,0.71588,0.71575,0.71575
2026-09-02 02:15:00,0.71575,0.71576,0.71525,0.71526
2026-09-02 02:30:00,0.71528,0.71532,0.715,0.71509
2026-09-02 02:45:00,0.71512,0.71522,0.715,0.71509
2026-09-02 03:00:00,0.71508,0.71513,0.71489,0.71503
2026-09-02 03:15:00,0.715,0.71509,0.71484,0.71494
2026-09-02 03:30:00,0.71485,0.7152,0.71468,0.7147
2026-09-02 03:45:00,0.71474,0.71474,0.71463,0.71468
2026-09-02 04:00:00,0.71467,0.71479,0.71459,0.71463
2026-09-02 04:15:00,0.71461,0.71472,0.71457,0.71461
2026-09-02 04:30:00,0.71461,0.71461,0.71434,0.71441
2026-09-02 04:45:00,0.71439,0.71476,0.71427,0.71472
2026-09-02 05:00:00,0.71471,0.7148,0.71454,0.7147
2026-09-02 05:15:00,0.7147,0.71478,0.71455,0.71458
2026-09-02 05:30:00,0.71457,0.71462,0.71449,0.7145
2026-09-02 05:45:00,0.71451,0.71455,0.71432,0.71433
2026-09-02 06:00:00,0.71433,0.71438,0.71423,0.71431
2026-09-02 06:15:00,0.7143,0.71437,0.71427,0.71433
2026-09-02 06:30:00,0.71433,0.71453,0.7143,0.71453
2026-09-02 06:45:00,0.71452,0.71455,0.71444,0.71448
2026-09-02 07:00:00,0.71445,0.71505,0.71445,0.71476
2026-09-02 07:15:00,0.71474,0.7148,0.71457,0.71479
2026-09-02 07:30:00,0.71477,0.71481,0.71436,0.71437
2026-09-02 07:45:00,0.71438,0.71459,0.71432,0.71458
2026-09-02 08:00:00,0.71455,0.71471,0.71439,0.71466
2026-09-02 08:15:00,0.71467,0.71476,0.71464,0.71465
2026-09-02 08:30:00,0.71466,0.71476,0.71457,0.71461
2026-09-02 08:45:00,0.7146,0.71477,0.71459,0.71475
2026-09-02 09:00:00,0.71474,0.71481,0.71467,0.71468
2026-09-02 09:15:00,0.71469,0.71469,0.71448,0.71454
2026-09-02 09:30:00,0.71451,0.7147,0.71451,0.71463
2026-09-02 09:45:00,0.71463,0.71478,0.71457,0.71476
2026-09-02 10:00:00,0.71472,0.71472,0.71432,0.71437
2026-09-02 10:15:00,0.71434,0.71455,0.71416,0.71422
2026-09-02 10:30:00,0.71423,0.71435,0.71416,0.71433
2026-09-02 10:45:00,0.71428,0.71436,0.71409,0.71417
2026-09-02 11:00:00,0.71415,0.71422,0.71397,0.71418
2026-09-02 11:15:00,0.71415,0.71469,0.71405,0.71467
2026-09-02 11:30:00,0.71463,0.71521,0.71461,0.71498
2026-09-02 11:45:00,0.71499,0.71501,0.71467,0.71468
2026-09-02 12:00:00,0.71467,0.71485,0.71407,0.71428
2026-09-02 12:15:00,0.71425,0.71469,0.71406,0.7142
2026-09-02 12:30:00,0.7142,0.71445,0.71388,0.71436
2026-09-02 12:45:00,0.71436,0.7144,0.7142,0.71426
2026-09-02 13:00:00,0.71428,0.71456,0.71418,0.71455
2026-09-02 13:15:00,0.71453,0.71453,0.71426,0.71429
2026-09-02 13:30:00,0.71429,0.71434,0.7139,0.71391
2026-09-02 13:45:00,0.71393,0.71409,0.71387,0.71407
2026-09-02 14:00:00,0.71401,0.71412,0.71342,0.71351
2026-09-02 14:15:00,0.7135,0.71372,0.71334,0.71336
2026-09-02 14:30:00,0.7134,0.71354,0.71328,0.71337
2026-09-02 14:45:00,0.71336,0.71352,0.71325,0.71326
2026-09-02 15:00:00,0.71328,0.71373,0.71309,0.71372
2026-09-02 15:15:00,0.7137,0.71408,0.71362,0.71402
2026-09-02 15:30:00,0.71402,0.71428,0.71402,0.71412
2026-09-02 15:45:00,0.71414,0.71436,0.71411,0.71433
2026-09-02 16:00:00,0.71432,0.71489,0.71414,0.71487
2026-09-02 16:15:00,0.71482,0.71482,0.71435,0.71449
2026-09-02 16:30:00,0.71453,0.7146,0.71428,0.71452
2026-09-02 16:45:00,0.71453,0.71462,0.71391,0.71401
2026-09-02 17:00:00,0.71407,0.71439,0.71388,0.71438
2026-09-02 17:15:00,0.71437,0.71438,0.71415,0.71424
2026-09-02 17:30:00,0.71423,0.71491,0.71419,0.71471
2026-09-02 17:45:00,0.71473,0.71473,0.71434,0.71435
2026-09-02 18:00:00,0.71439,0.71465,0.71401,0.71403
2026-09-02 18:15:00,0.71407,0.71407,0.71339,0.71355
2026-09-02 18:30:00,0.7135,0.71356,0.71321,0.71335
2026-09-02 18:45:00,0.71336,0.71345,0.71268,0.71286
2026-09-02 19:00:00,0.71284,0.71309,0.71273,0.71278
2026-09-02 19:15:00,0.71287,0.71287,0.71227,0.71235
2026-09-02 19:30:00,0.71231,0.71251,0.71231,0.7125
2026-09-02 19:45:00,0.71249,0.71261,0.7123,0.71232
2026-09-02 20:00:00,0.71235,0.71246,0.71223,0.71234
2026-09-02 20:15:00,0.71233,0.71264,0.7123,0.71263
2026-09-02 20:30:00,0.7126,0.7126,0.71237,0.71259
2026-09-02 20:45:00,0.71258,0.71319,0.71258,0.71315
2026-09-02 21:00:00,0.7131,0.71357,0.7131,0.71352
2026-09-02 21:15:00,0.71343,0.71381,0.71343,0.71381
2026-09-02 21:30:00,0.71378,0.71416,0.71369,0.71412
2026-09-02 21:45:00,0.7141,0.71454,0.714,0.71438
2026-09-02 22:00:00,0.71442,0.71493,0.71442,0.71471
2026-09-02 22:15:00,0.71464,0.71539,0.71417,0.71503
2026-09-02 22:30:00,0.71504,0.71523,0.71444,0.7146
2026-09-02 22:45:00,0.71458,0.71493,0.7144,0.71479
2026-09-02 23:00:00,0.71481,0.71536,0.71481,0.71518
2026-09-02 23:15:00,0.71521,0.71675,0.71496,0.71631
2026-09-02 23:30:00,0.71646,0.71654,0.71592,0.71652
2026-09-02 23:45:00,0.71645,0.71733,0.71645,0.71695
2026-09-03 00:00:00,0.71703,0.71733,0.71669,0.71673
2026-09-03 00:15:00,0.7168,0.7168,0.71645,0.71647
2026-09-03 00:30:00,0.71646,0.71677,0.71629,0.71675
2026-09-03 00:45:00,0.71671,0.71707,0.71657,0.71701
2026-09-03 01:00:00,0.71692,0.71735,0.71674,0.71704
2026-09-03 01:15:00,0.71708,0.71732,0.717,0.71731
2026-09-03 01:30:00,0.71726,0.71755,0.71687,0.71693
2026-09-03 01:45:00,0.71692,0.71699,0.71671,0.71698
2026-09-03 02:00:00,0.71696,0.71715,0.71676,0.71701
2026-09-03 02:15:00,0.71697,0.71706,0.71675,0.71676
2026-09-03 02:30:00,0.71678,0.71692,0.71665,0.7169
2026-09-03 02:45:00,0.71686,0.71703,0.71678,0.71689
2026-09-03 03:00:00,0.71689,0.71691,0.71662,0.71672
2026-09-03 03:15:00,0.71669,0.71676,0.71646,0.71674
2026-09-03 03:30:00,0.7167,0.71691,0.71657,0.71688
2026-09-03 03:45:00,0.71686,0.71715,0.71668,0.71693
2026-09-03 04:00:00,0.71695,0.71703,0.71674,0.71687
2026-09-03 04:15:00,0.71689,0.71713,0.71672,0.71679
2026-09-03 04:30:00,0.71678,0.71695,0.71674,0.71683
2026-09-03 04:45:00,0.71687,0.71694,0.71678,0.71684
2026-09-03 05:00:00,0.71682,0.71685,0.71669,0.71681
2026-09-03 05:15:00,0.7168,0.71694,0.71676,0.71682
2026-09-03 05:30:00,0.71683,0.71689,0.71679,0.71688
2026-09-03 05:45:00,0.71685,0.71704,0.71685,0.71703
2026-09-03 06:00:00,0.717,0.71724,0.71692,0.71708
2026-09-03 06:15:00,0.7171,0.71712,0.71698,0.717
2026-09-03 06:30:00,0.71701,0.71712,0.717,0.71712
2026-09-03 06:45:00,0.71711,0.71712,0.71697,0.71701
2026-09-03 07:00:00,0.71699,0.71712,0.71631,0.71648
2026-09-03 07:15:00,0.71648,0.71676,0.71636,0.71671
2026-09-03 07:30:00,0.71671,0.71683,0.71671,0.71679
2026-09-03 07:45:00,0.71678,0.71702,0.71673,0.71698
2026-09-03 08:00:00,0.71688,0.71719,0.71675,0.71695
2026-09-03 08:15:00,0.71696,0.71696,0.71679,0.71683
2026-09-03 08:30:00,0.71688,0.71695,0.71676,0.7168
2026-09-03 08:45:00,0.71681,0.71683,0.71672,0.71679
2026-09-03 09:00:00,0.71677,0.71686,0.7165,0.71651
2026-09-03 09:15:00,0.71653,0.71661,0.71638,0.7166
2026-09-03 09:30:00,0.71658,0.71665,0.7165,0.71658
2026-09-03 09:45:00,0.71659,0.71666,0.71635,0.71636
2026-09-03 10:00:00,0.71636,0.71651,0.71623,0.71649
2026-09-03 10:15:00,0.71646,0.71676,0.71635,0.71671
2026-09-03 10:30:00,0.71671,0.71681,0.71639,0.71644
2026-09-03 10:45:00,0.71648,0.71671,0.7163,0.71667
2026-09-03 11:00:00,0.71665,0.71666,0.71651,0.71658
2026-09-03 11:15:00,0.71659,0.71684,0.71645,0.7167
2026-09-03 11:30:00,0.71664,0.71699,0.71657,0.71667
2026-09-03 11:45:00,0.71669,0.71679,0.71649,0.7165
2026-09-03 12:00:00,0.7165,0.71664,0.71626,0.71627
2026-09-03 12:15:00,0.71626,0.71661,0.71625,0.71652
2026-09-03 12:30:00,0.71649,0.71697,0.71642,0.71654
2026-09-03 12:45:00,0.71656,0.71669,0.71622,0.71625
2026-09-03 13:00:00,0.7163,0.71659,0.71618,0.71654
2026-09-03 13:15:00,0.71652,0.71677,0.71631,0.71668
2026-09-03 13:30:00,0.7167,0.71702,0.71652,0.71694
2026-09-03 13:45:00,0.71695,0.71703,0.71682,0.71693
2026-09-03 14:00:00,0.71693,0.71711,0.71693,0.71707
2026-09-03 14:15:00,0.71705,0.71712,0.71697,0.71703
2026-09-03 14:30:00,0.71704,0.71727,0.71701,0.71723
2026-09-03 14:45:00,0.7172,0.71722,0.71677,0.71678
2026-09-03 15:00:00,0.71678,0.71686,0.71647,0.71662
2026-09-03 15:15:00,0.71659,0.71666,0.7161,0.71614
2026-09-03 15:30:00,0.71615,0.71628,0.71595,0.71613
2026-09-03 15:45:00,0.71609,0.71632,0.71596,0.71631
2026-09-03 16:00:00,0.71629,0.71635,0.71591,0.71596
2026-09-03 16:15:00,0.71593,0.71635,0.71588,0.71626
2026-09-03 16:30:00,0.71629,0.71678,0.71624,0.71673
2026-09-03 16:45:00,0.7167,0.71692,0.71661,0.71663
2026-09-03 17:00:00,0.71667,0.71718,0.71646,0.71689
2026-09-03 17:15:00,0.71692,0.71749,0.71675,0.71723
2026-09-03 17:30:00,0.7172,0.71733,0.7168,0.71731
2026-09-03 17:45:00,0.71727,0.71758,0.71698,0.71757
2026-09-03 18:00:00,0.71754,0.71842,0.7173,0.71801
2026-09-03 18:15:00,0.71797,0.71811,0.71764,0.71806
2026-09-03 18:30:00,0.71804,0.71843,0.71802,0.71828
2026-09-03 18:45:00,0.71832,0.71851,0.71821,0.7183
2026-09-03 19:00:00,0.71829,0.7185,0.7182,0.7185
2026-09-03 19:15:00,0.71849,0.71873,0.71846,0.71867
2026-09-03 19:30:00,0.71865,0.71882,0.71835,0.71849
2026-09-03 19:45:00,0.71847,0.71858,0.71841,0.7185
2026-09-03 20:00:00,0.71848,0.71857,0.71811,0.71812
2026-09-03 20:15:00,0.71814,0.71825,0.71798,0.71824
2026-09-03 20:30:00,0.7182,0.71827,0.71788,0.71826
2026-09-03 20:45:00,0.71823,0.71904,0.71822,0.71891
2026-09-03 21:00:00,0.71896,0.71925,0.71881,0.71923
2026-09-03 21:15:00,0.71919,0.71965,0.71908,0.71927
2026-09-03 21:30:00,0.71928,0.7196,0.71904,0.71918
2026-09-03 21:45:00,0.71919,0.71945,0.7191,0.71926
2026-09-03 22:00:00,0.71924,0.71938,0.71903,0.71917
2026-09-03 22:15:00,0.71918,0.71929,0.71889,0.71891
2026-09-03 22:30:00,0.71891,0.72039,0.71852,0.71992
2026-09-03 22:45:00,0.71992,0.72062,0.71977,0.72056
2026-09-03 23:00:00,0.72052,0.72068,0.71993,0.72045
2026-09-03 23:15:00,0.72039,0.7205,0.71958,0.71978
2026-09-03 23:30:00,0.71977,0.71996,0.71909,0.71932
2026-09-03 23:45:00,0.71924,0.71967,0.71892,0.71926
2026-09-04 00:00:00,0.71932,0.71948,0.71879,0.71907
2026-09-04 00:15:00,0.71902,0.71905,0.71877,0.71901
2026-09-04 00:30:00,0.71899,0.71909,0.71874,0.71886
2026-09-04 00:45:00,0.71881,0.71939,0.71869,0.71935
2026-09-04 01:00:00,0.71929,0.71973,0.71909,0.71939
2026-09-04 01:15:00,0.71943,0.71981,0.71943,0.71969
2026-09-04 01:30:00,0.71969,0.71988,0.71955,0.71958
2026-09-04 01:45:00,0.71956,0.71981,0.71937,0.71976
2026-09-04 02:00:00,0.71969,0.72017,0.71963,0.72014
2026-09-04 02:15:00,0.7201,0.72048,0.7201,0.72044
2026-09-04 02:30:00,0.72041,0.7205,0.7203,0.72041
2026-09-04 02:45:00,0.72038,0.72068,0.72036,0.72067
2026-09-04 03:00:00,0.72066,0.72066,0.72033,0.72042
2026-09-04 03:15:00,0.72039,0.72059,0.72036,0.72056
2026-09-04 03:30:00,0.72049,0.72075,0.72049,0.72066
2026-09-04 03:45:00,0.72064,0.72076,0.72047,0.72049
2026-09-04 04:00:00,0.72049,0.72074,0.72046,0.7207
2026-09-04 04:15:00,0.72071,0.72081,0.72059,0.72079
2026-09-04 04:30:00,0.72078,0.72078,0.72056,0.72061
2026-09-04 04:45:00,0.7206,0.72069,0.72055,0.7206
2026-09-04 05:00:00,0.72059,0.7206,0.72034,0.72036
2026-09-04 05:15:00,0.72039,0.72039,0.7201,0.72018
2026-09-04 05:30:00,0.72016,0.72029,0.72007,0.72029
2026-09-04 05:45:00,0.72027,0.72042,0.7202,0.72035
2026-09-04 06:00:00,0.72033,0.72034,0.72016,0.72026
2026-09-04 06:15:00,0.72027,0.72027,0.72011,0.72023
2026-09-04 06:30:00,0.7202,0.72025,0.72011,0.72014
2026-09-04 06:45:00,0.72013,0.72018,0.72006,0.72007
2026-09-04 07:00:00,0.72008,0.7204,0.71978,0.72037
2026-09-04 07:15:00,0.72032,0.72052,0.72004,0.72012
2026-09-04 07:30:00,0.72008,0.72022,0.71984,0.72019
2026-09-04 07:45:00,0.72017,0.72033,0.7196,0.71994
2026-09-04 08:00:00,0.71989,0.72011,0.71984,0.7201
2026-09-04 08:15:00,0.7201,0.72015,0.71999,0.72002
2026-09-04 08:30:00,0.72003,0.72005,0.71997,0.72002
2026-09-04 08:45:00,0.72,0.72004,0.71997,0.71999
2026-09-04 09:00:00,0.71998,0.72007,0.71987,0.71999
2026-09-04 09:15:00,0.71999,0.7202,0.71997,0.72014
2026-09-04 09:30:00,0.72015,0.72022,0.72006,0.72007
2026-09-04 09:45:00,0.72007,0.72021,0.72005,0.7202
2026-09-04 10:00:00,0.72016,0.72023,0.71999,0.72012
2026-09-04 10:15:00,0.72008,0.72044,0.72008,0.72034
2026-09-04 10:30:00,0.72032,0.7204,0.72011,0.72038
2026-09-04 10:45:00,0.72034,0.72072,0.72032,0.72071
2026-09-04 11:00:00,0.72069,0.72069,0.72034,0.72051
2026-09-04 11:15:00,0.72055,0.72137,0.72047,0.72109
2026-09-04 11:30:00,0.72107,0.72143,0.721,0.7213
2026-09-04 11:45:00,0.72134,0.72141,0.72108,0.72128
2026-09-04 12:00:00,0.72126,0.72147,0.72088,0.72092
2026-09-04 12:15:00,0.72089,0.72101,0.72068,0.72073
2026-09-04 12:30:00,0.72071,0.72096,0.7207,0.72094
2026-09-04 12:45:00,0.72092,0.72101,0.7208,0.72085
2026-09-04 13:00:00,0.72083,0.72104,0.72067,0.72077
2026-09-04 13:15:00,0.72073,0.72095,0.72073,0.72078
2026-09-04 13:30:00,0.72079,0.72079,0.72058,0.72058
2026-09-04 13:45:00,0.72059,0.72085,0.72045,0.72082
2026-09-04 14:00:00,0.72081,0.72112,0.72073,0.7211
2026-09-04 14:15:00,0.72108,0.72116,0.72099,0.72113
2026-09-04 14:30:00,0.72107,0.72138,0.72098,0.72101
2026-09-04 14:45:00,0.72102,0.72107,0.72089,0.72098
2026-09-04 15:00:00,0.72098,0.72102,0.72084,0.72095
2026-09-04 15:15:00,0.72089,0.7211,0.72078,0.72079
2026-09-04 15:30:00,0.7208,0.72111,0.72078,0.72096
2026-09-04 15:45:00,0.72097,0.72104,0.72074,0.72099
2026-09-04 16:00:00,0.72096,0.72114,0.72084,0.7211
2026-09-04 16:15:00,0.72099,0.72121,0.72063,0.72078
2026-09-04 16:30:00,0.72076,0.72088,0.72052,0.72062
2026-09-04 16:45:00,0.72063,0.72074,0.72045,0.72045
2026-09-04 17:00:00,0.72046,0.7205,0.72026,0.72044
2026-09-04 17:15:00,0.72041,0.72047,0.72018,0.72046
2026-09-04 17:30:00,0.72043,0.72053,0.7203,0.72052
2026-09-04 17:45:00,0.72051,0.72056,0.71997,0.71998
2026-09-04 18:00:00,0.72002,0.72026,0.71988,0.72008
2026-09-04 18:15:00,0.72006,0.72018,0.71999,0.72015
2026-09-04 18:30:00,0.72013,0.72024,0.72008,0.72023
2026-09-04 18:45:00,0.72022,0.72029,0.72008,0.72015
2026-09-04 19:00:00,0.72017,0.72017,0.71995,0.71996
2026-09-04 19:15:00,0.71996,0.72004,0.71989,0.71991
2026-09-04 19:30:00,0.7199,0.72001,0.71973,0.71993
2026-09-04 19:45:00,0.71993,0.72021,0.7199,0.71994
2026-09-04 20:00:00,0.71998,0.72012,0.71997,0.71998
2026-09-04 20:15:00,0.71998,0.72022,0.71982,0.71999
2026-09-04 20:30:00,0.71995,0.7202,0.71995,0.72019
2026-09-04 20:45:00,0.72016,0.72036,0.72009,0.72012
2026-09-04 21:00:00,0.72011,0.72015,0.71996,0.72013
2026-09-04 21:15:00,0.72011,0.7203,0.72008,0.72021
2026-09-04 21:30:00,0.7202,0.72041,0.72009,0.72032
2026-09-04 21:45:00,0.72033,0.72055,0.72033,0.72046
2026-09-04 22:00:00,0.72047,0.72047,0.72022,0.72024
2026-09-04 22:15:00,0.72027,0.72101,0.72027,0.72098
2026-09-04 22:30:00,0.72087,0.72108,0.71785,0.71894
2026-09-04 22:45:00,0.71896,0.71961,0.71842,0.71922
2026-09-04 23:00:00,0.71917,0.7193,0.71861,0.71916
2026-09-04 23:15:00,0.71912,0.72055,0.719,0.72039
2026-09-04 23:30:00,0.72039,0.72083,0.71997,0.72043
2026-09-04 23:45:00,0.72038,0.72086,0.71991,0.71994
2026-09-05 00:00:00,0.71998,0.72015,0.71973,0.72008
2026-09-05 00:15:00,0.71996,0.72032,0.71996,0.7203
2026-09-05 00:30:00,0.72028,0.72074,0.72016,0.72068
2026-09-05 00:45:00,0.72067,0.72073,0.72019,0.7202
2026-09-05 01:00:00,0.72024,0.72093,0.72016,0.72091
2026-09-05 01:15:00,0.72087,0.72095,0.72075,0.72083
2026-09-05 01:30:00,0.72082,0.72107,0.72077,0.72098
2026-09-05 01:45:00,0.72098,0.72112,0.72089,0.7209
2026-09-05 02:00:00,0.72092,0.7211,0.72078,0.72101
2026-09-05 02:15:00,0.72094,0.72123,0.72094,0.721
2026-09-05 02:30:00,0.721,0.72112,0.72094,0.721
2026-09-05 02:45:00,0.72099,0.72115,0.72096,0.72102
2026-09-05 03:00:00,0.72102,0.72102,0.72069,0.72083
2026-09-05 03:15:00,0.7208,0.72092,0.72067,0.72071
2026-09-05 03:30:00,0.72071,0.72071,0.7205,0.7206
2026-09-05 03:45:00,0.72057,0.72057,0.72037,0.7204
2026-09-05 04:00:00,0.72039,0.7204,0.72026,0.72029
2026-09-05 04:15:00,0.7203,0.72043,0.72022,0.72033
2026-09-05 04:30:00,0.72034,0.72036,0.72021,0.72023
2026-09-05 04:45:00,0.72022,0.72033,0.72019,0.72032
2026-09-05 05:00:00,0.7203,0.72051,0.7203,0.72047
2026-09-05 05:15:00,0.72047,0.72067,0.72045,0.72067
2026-09-05 05:30:00,0.72066,0.72078,0.72061,0.72078
2026-09-05 05:45:00,0.72075,0.72085,0.72066,0.72071
2026-09-05 06:00:00,0.7207,0.72074,0.72058,0.72058
2026-09-05 06:15:00,0.7206,0.72065,0.72046,0.72047
2026-09-05 06:30:00,0.72048,0.72053,0.72047,0.72051
2026-09-05 06:45:00,0.72049,0.72059,0.72039,0.72042
2026-09-05 07:00:00,0.72049,0.72049,0.71975,0.72016
2026-09-05 07:15:00,0.72017,0.72024,0.72012,0.72016
2026-09-05 07:30:00,0.72019,0.72025,0.72008,0.72018
2026-09-05 07:45:00,0.72014,0.72022,0.72009,0.72011
2026-09-05 08:00:00,0.72013,0.72027,0.72002,0.72018
2026-09-05 08:15:00,0.72018,0.72021,0.72017,0.72018
2026-09-05 08:30:00,0.72018,0.72022,0.72016,0.72019
2026-09-05 08:45:00,0.72018,0.72021,0.72015,0.72018
2026-09-05 09:00:00,0.72016,0.72026,0.72003,0.72012
2026-09-05 09:15:00,0.72013,0.7202,0.72003,0.72013
2026-09-05 09:30:00,0.72011,0.72024,0.7199,0.72021
2026-09-05 09:45:00,0.72016,0.72018,0.72002,0.72016
2026-09-05 10:00:00,0.72013,0.72043,0.72,0.72041
2026-09-05 10:15:00,0.7204,0.72044,0.72032,0.72042
2026-09-05 10:30:00,0.7204,0.72044,0.7204,0.72041
2026-09-05 10:45:00,0.72041,0.72044,0.72034,0.72043
2026-09-05 11:00:00,0.72041,0.72044,0.7204,0.72042
2026-09-05 11:15:00,0.72041,0.72045,0.72034,0.72041
2026-09-05 11:30:00,0.72041,0.72059,0.72011,0.72042
2026-09-05 11:45:00,0.72039,0.72044,0.72039,0.72043
2026-09-05 12:00:00,0.72041,0.72045,0.72033,0.72042
2026-09-05 12:15:00,0.72041,0.72044,0.7204,0.72041
2026-09-05 12:30:00,0.72041,0.72044,0.72034,0.72041
2026-09-05 12:45:00,0.72041,0.72045,0.72034,0.72042
2026-09-05 13:00:00,0.72041,0.72044,0.7204,0.72043
2026-09-05 13:15:00,0.72041,0.72062,0.72003,0.72041
2026-09-05 13:30:00,0.72041,0.72044,0.72038,0.72043
2026-09-05 13:45:00,0.72041,0.72044,0.72034,0.72042
2026-09-05 14:00:00,0.72041,0.72044,0.72032,0.72042
2026-09-05 14:15:00,0.7204,0.72044,0.72038,0.72041
2026-09-05 14:30:00,0.7204,0.72046,0.72033,0.72041
2026-09-05 14:45:00,0.72041,0.72044,0.7204,0.72042
2026-09-05 15:00:00,0.72041,0.72054,0.71996,0.72042
2026-09-05 15:15:00,0.7204,0.72044,0.72031,0.72041
2026-09-05 15:30:00,0.7204,0.72044,0.7204,0.72041
2026-09-05 15:45:00,0.72041,0.72045,0.72031,0.72042
2026-09-05 16:00:00,0.7204,0.72044,0.7204,0.72043
2026-09-05 16:15:00,0.72041,0.72044,0.72033,0.72042
2026-09-05 16:30:00,0.72041,0.72044,0.72008,0.7204
2026-09-05 16:45:00,0.72036,0.72044,0.72036,0.72041
2026-09-05 17:00:00,0.72041,0.72047,0.72031,0.72042
2026-09-05 17:15:00,0.72041,0.72044,0.7204,0.72042
2026-09-05 17:30:00,0.72041,0.72044,0.72033,0.72041
2026-09-05 17:45:00,0.72041,0.72044,0.72033,0.72042
2026-09-05 18:00:00,0.7204,0.72045,0.7204,0.72043
2026-09-05 18:15:00,0.72042,0.72047,0.72003,0.72042
2026-09-05 18:30:00,0.72041,0.72045,0.7204,0.72041
2026-09-05 18:45:00,0.72042,0.7205,0.72028,0.72041
2026-09-05 19:00:00,0.72042,0.72044,0.72032,0.7204
2026-09-05 19:15:00,0.72038,0.72044,0.72037,0.72042
2026-09-05 19:30:00,0.7204,0.72044,0.72031,0.72041
2026-09-05 19:45:00,0.72041,0.72045,0.7204,0.72041
2026-09-05 20:00:00,0.72041,0.72055,0.72009,0.72042
2026-09-05 20:15:00,0.7204,0.72046,0.72031,0.72041
2026-09-05 20:30:00,0.72039,0.72044,0.72039,0.72042
2026-09-05 20:45:00,0.72041,0.72044,0.72032,0.72043
2026-09-05 21:00:00,0.72041,0.72044,0.7204,0.72043
2026-09-05 21:15:00,0.72041,0.72047,0.7203,0.72042
2026-09-05 21:30:00,0.7204,0.72044,0.71999,0.72004
2026-09-05 21:45:00,0.72013,0.72044,0.72013,0.72041
2026-09-05 22:00:00,0.72041,0.72044,0.72032,0.72043
2026-09-05 22:15:00,0.72041,0.72045,0.7204,0.72043
2026-09-05 22:30:00,0.72041,0.72047,0.72031,0.72042
2026-09-05 22:45:00,0.72041,0.72044,0.72029,0.7203
2026-09-05 23:00:00,0.72033,0.72044,0.72032,0.7204
2026-09-05 23:15:00,0.7204,0.72044,0.71992,0.72034
2026-09-05 23:30:00,0.72033,0.72036,0.7203,0.72034
2026-09-05 23:45:00,0.72031,0.72037,0.72027,0.7203
2026-09-06 00:00:00,0.7203,0.72038,0.72025,0.72026
2026-09-06 00:15:00,0.7203,0.72039,0.7203,0.72036
2026-09-06 00:30:00,0.72034,0.72039,0.72027,0.72032
2026-09-06 00:45:00,0.7203,0.72034,0.72029,0.7203
2026-09-06 01:00:00,0.7203,0.72033,0.71992,0.72019
2026-09-06 01:15:00,0.72019,0.7203,0.72018,0.72028
2026-09-06 01:30:00,0.72021,0.72032,0.72021,0.72031
2026-09-06 01:45:00,0.72029,0.72046,0.72021,0.72031
2026-09-06 02:00:00,0.72031,0.72042,0.72028,0.72038
2026-09-06 02:15:00,0.72039,0.72043,0.72025,0.7204
2026-09-06 02:30:00,0.72038,0.72075,0.72006,0.72063
2026-09-06 02:45:00,0.72047,0.72047,0.71993,0.7204
2026-09-06 03:00:00,0.72035,0.72039,0.72027,0.7203
2026-09-06 03:15:00,0.7203,0.7204,0.72026,0.72037
2026-09-06 03:30:00,0.72037,0.7204,0.72028,0.72039
2026-09-06 03:45:00,0.72037,0.72044,0.72029,0.72042
2026-09-06 04:00:00,0.72039,0.72039,0.72024,0.72028
2026-09-06 04:15:00,0.72029,0.72072,0.71981,0.72015
2026-09-06 04:30:00,0.72015,0.7202,0.72014,0.72018
2026-09-06 04:45:00,0.72017,0.72027,0.72003,0.72023
2026-09-06 05:00:00,0.72022,0.72027,0.72019,0.7202
2026-09-06 05:15:00,0.72023,0.72023,0.72014,0.72019
2026-09-06 05:30:00,0.72019,0.72024,0.7201,0.7202
2026-09-06 05:45:00,0.72011,0.72045,0.72011,0.72043
2026-09-06 06:00:00,0.72042,0.72057,0.71993,0.7202
2026-09-06 06:15:00,0.7202,0.72023,0.72017,0.7202
2026-09-06 06:30:00,0.72019,0.72019,0.72011,0.72015
2026-09-06 06:45:00,0.72014,0.72027,0.72007,0.72025
2026-09-06 07:00:00,0.7202,0.72032,0.7202,0.72029
2026-09-06 07:15:00,0.72029,0.72037,0.72018,0.72021
2026-09-06 07:30:00,0.72021,0.72038,0.7202,0.72038
2026-09-06 07:45:00,0.72037,0.72037,0.7198,0.72021
2026-09-06 08:00:00,0.7202,0.72029,0.72012,0.72016
2026-09-06 08:15:00,0.72015,0.72041,0.71997,0.72033
2026-09-06 08:30:00,0.72034,0.72037,0.72021,0.72026
2026-09-06 08:45:00,0.72025,0.72028,0.72024,0.72027
2026-09-06 09:00:00,0.72025,0.72025,0.72015,0.72021
2026-09-06 09:15:00,0.7202,0.72024,0.71978,0.7199
2026-09-06 09:30:00,0.7199,0.71994,0.71989,0.71992
2026-09-06 09:45:00,0.7199,0.72025,0.71987,0.7202
2026-09-06 10:00:00,0.72018,0.72038,0.72004,0.72032
2026-09-06 10:15:00,0.72032,0.72039,0.72026,0.72036
2026-09-06 10:30:00,0.72036,0.72039,0.72022,0.72027
2026-09-06 10:45:00,0.72027,0.7203,0.72026,0.72028
2026-09-06 11:00:00,0.72027,0.72046,0.71978,0.71995
2026-09-06 11:15:00,0.71994,0.71997,0.71993,0.71994
2026-09-06 11:30:00,0.71994,0.71996,0.71992,0.71993
2026-09-06 11:45:00,0.71993,0.72039,0.7199,0.72038
2026-09-06 12:00:00,0.72035,0.72045,0.72035,0.72043
2026-09-06 12:15:00,0.72041,0.72044,0.72029,0.72041
2026-09-06 12:30:00,0.72041,0.72044,0.7204,0.72041
2026-09-06 12:45:00,0.72041,0.72071,0.71994,0.72042
2026-09-06 13:00:00,0.72041,0.72044,0.7203,0.72039
2026-09-06 13:15:00,0.72038,0.72044,0.72038,0.72041
2026-09-06 13:30:00,0.72041,0.72048,0.72028,0.7204
2026-09-06 13:45:00,0.72041,0.72044,0.7204,0.72041
2026-09-06 14:00:00,0.7204,0.72045,0.72028,0.72042
2026-09-06 14:15:00,0.72041,0.72044,0.71993,0.72031
2026-09-06 14:30:00,0.72028,0.72044,0.72028,0.72041
2026-09-06 14:45:00,0.72041,0.72044,0.72028,0.72041
2026-09-06 15:00:00,0.7204,0.72043,0.72039,0.72042
2026-09-06 15:15:00,0.7204,0.72049,0.72028,0.72041
2026-09-06 15:30:00,0.7204,0.72043,0.72028,0.72039
2026-09-06 15:45:00,0.72037,0.72044,0.72037,0.72041
2026-09-06 16:00:00,0.72041,0.72043,0.71999,0.72042
2026-09-06 16:15:00,0.7204,0.72044,0.7204,0.72042
2026-09-06 16:30:00,0.72041,0.72044,0.72029,0.72041
2026-09-06 16:45:00,0.72041,0.72051,0.72025,0.72034
2026-09-06 17:00:00,0.72034,0.72043,0.72034,0.72042
2026-09-06 17:15:00,0.7204,0.72044,0.72024,0.7203
2026-09-06 17:30:00,0.72029,0.72039,0.72025,0.72036
2026-09-06 17:45:00,0.72036,0.72038,0.7198,0.71998
2026-09-06 18:00:00,0.71999,0.72002,0.71996,0.71998
2026-09-06 18:15:00,0.71997,0.72,0.71996,0.71998
2026-09-06 18:30:00,0.71997,0.7202,0.71987,0.72008
2026-09-06 18:45:00,0.72008,0.72011,0.72007,0.72008
2026-09-06 19:00:00,0.72008,0.72011,0.72003,0.72006
2026-09-06 19:15:00,0.72005,0.72008,0.72,0.72003
2026-09-06 19:30:00,0.72002,0.72005,0.72001,0.72002
2026-09-06 19:45:00,0.72002,0.72005,0.71998,0.71999
2026-09-06 20:00:00,0.71999,0.72003,0.71998,0.72001
2026-09-06 20:15:00,0.71999,0.72003,0.71998,0.72001
2026-09-06 20:30:00,0.71999,0.72003,0.71998,0.72
2026-09-06 20:45:00,0.71999,0.72003,0.71998,0.71999
2026-09-06 21:00:00,0.71999,0.72003,0.71998,0.72001
2026-09-06 21:15:00,0.71999,0.72003,0.71998,0.72001
2026-09-06 21:30:00,0.71999,0.7205,0.71962,0.72035
2026-09-06 21:45:00,0.72034,0.72037,0.72033,0.72033
2026-09-06 22:00:00,0.72034,0.72037,0.72033,0.72034
2026-09-06 22:15:00,0.72034,0.72042,0.72031,0.72041
2026-09-06 22:30:00,0.7204,0.72044,0.72039,0.72042
2026-09-06 22:45:00,0.72041,0.72044,0.7204,0.7204
2026-09-06 23:00:00,0.72041,0.72044,0.72039,0.7204
2026-09-06 23:15:00,0.7204,0.7207,0.7202,0.72062
2026-09-06 23:30:00,0.7206,0.72064,0.72059,0.72062
2026-09-06 23:45:00,0.7206,0.72064,0.72059,0.7206
2026-09-07 00:00:00,0.7206,0.72072,0.72028,0.72042
2026-09-07 00:15:00,0.7204,0.72044,0.72039,0.72042
2026-09-07 00:30:00,0.72041,0.72044,0.72039,0.72042
2026-09-07 00:45:00,0.7204,0.72044,0.72024,0.72032
2026-09-07 01:00:00,0.7203,0.72052,0.72012,0.7204
2026-09-07 01:15:00,0.72041,0.72044,0.7204,0.72042
2026-09-07 01:30:00,0.72041,0.72044,0.7204,0.72042
2026-09-07 01:45:00,0.72041,0.72047,0.72026,0.72031
2026-09-07 02:00:00,0.72031,0.72044,0.7202,0.7203
2026-09-07 02:15:00,0.7203,0.72044,0.72026,0.72043
2026-09-07 02:30:00,0.72041,0.72065,0.72038,0.72049
2026-09-07 02:45:00,0.72052,0.72052,0.7204,0.72042
2026-09-07 03:00:00,0.72041,0.72044,0.7204,0.7204
2026-09-07 03:15:00,0.72041,0.72044,0.7204,0.72041
2026-09-07 03:30:00,0.72041,0.72044,0.7204,0.72043
2026-09-07 03:45:00,0.72041,0.72044,0.7204,0.72042
2026-09-07 04:00:00,0.72041,0.72044,0.7204,0.7204
2026-09-07 04:15:00,0.72041,0.72042,0.72012,0.72012
2026-09-07 04:30:00,0.72012,0.72018,0.7201,0.72018
2026-09-07 04:45:00,0.72016,0.72021,0.72012,0.72019
2026-09-07 05:00:00,0.72017,0.72136,0.72017,0.72028
2026-09-07 05:15:00,0.72037,0.72154,0.71907,0.71987
2026-09-07 05:30:00,0.71982,0.7204,0.71963,0.72034
2026-09-07 05:45:00,0.72031,0.72031,0.72004,0.72014
2026-09-07 06:00:00,0.72014,0.72075,0.71981,0.72029
2026-09-07 06:15:00,0.72012,0.72052,0.71969,0.72
2026-09-07 06:30:00,0.72005,0.72046,0.71983,0.72021
2026-09-07 06:45:00,0.72018,0.72027,0.71988,0.72003
2026-09-07 07:00:00,0.72001,0.72034,0.71979,0.71993
2026-09-07 07:15:00,0.71996,0.72007,0.7198,0.72005
2026-09-07 07:30:00,0.72002,0.72022,0.71994,0.72006
2026-09-07 07:45:00,0.72008,0.72041,0.72008,0.7204
2026-09-07 08:00:00,0.72036,0.7206,0.72025,0.72057
2026-09-07 08:15:00,0.72056,0.7206,0.72056,0.72059
2026-09-07 08:30:00,0.72057,0.7206,0.72048,0.72052
2026-09-07 08:45:00,0.72051,0.72063,0.72049,0.72059
2026-09-07 09:00:00,0.72057,0.72081,0.72053,0.7208
2026-09-07 09:15:00,0.72077,0.72083,0.72067,0.72069
2026-09-07 09:30:00,0.7207,0.72084,0.72068,0.72078
2026-09-07 09:45:00,0.72079,0.72086,0.7206,0.72061
2026-09-07 10:00:00,0.72062,0.72085,0.72055,0.7208
2026-09-07 10:15:00,0.7208,0.72086,0.72058,0.72076
2026-09-07 10:30:00,0.7208,0.72114,0.72058,0.72113
2026-09-07 10:45:00,0.7211,0.72118,0.72063,0.72072
2026-09-07 11:00:00,0.72068,0.72089,0.72051,0.72072
2026-09-07 11:15:00,0.7207,0.72073,0.72036,0.72068
2026-09-07 11:30:00,0.72064,0.72073,0.72026,0.72038
2026-09-07 11:45:00,0.72036,0.72053,0.72026,0.7204
2026-09-07 12:00:00,0.72039,0.72039,0.71995,0.72002
2026-09-07 12:15:00,0.72001,0.72015,0.71981,0.72014
2026-09-07 12:30:00,0.72012,0.72029,0.71997,0.71998
2026-09-07 12:45:00,0.72,0.72007,0.71979,0.71989
2026-09-07 13:00:00,0.71984,0.72022,0.71984,0.71995
2026-09-07 13:15:00,0.71993,0.72025,0.71991,0.72023
2026-09-07 13:30:00,0.7202,0.72035,0.72008,0.72018
2026-09-07 13:45:00,0.7202,0.72047,0.7202,0.72045
2026-09-07 14:00:00,0.7204,0.7205,0.72025,0.72041
2026-09-07 14:15:00,0.72039,0.72045,0.72019,0.7203
2026-09-07 14:30:00,0.72029,0.72034,0.72008,0.72021
2026-09-07 14:45:00,0.72019,0.7206,0.72017,0.72058
2026-09-07 15:00:00,0.72053,0.72062,0.72044,0.72046
2026-09-07 15:15:00,0.72046,0.72066,0.72043,0.72063
2026-09-07 15:30:00,0.72056,0.72087,0.72056,0.72078
2026-09-07 15:45:00,0.72079,0.72105,0.7207,0.72104
2026-09-07 16:00:00,0.72101,0.72107,0.72075,0.72099
2026-09-07 16:15:00,0.72097,0.72123,0.72083,0.72117
2026-09-07 16:30:00,0.72115,0.72175,0.72115,0.72162
2026-09-07 16:45:00,0.72163,0.72172,0.72138,0.72148
2026-09-07 17:00:00,0.72145,0.72158,0.72129,0.72142
2026-09-07 17:15:00,0.72134,0.72186,0.72134,0.72184
2026-09-07 17:30:00,0.72183,0.722,0.72158,0.72165
2026-09-07 17:45:00,0.72167,0.72245,0.72167,0.72212
2026-09-07 18:00:00,0.72216,0.72234,0.72211,0.72215
