time,open,high,low,close
2026-07-17 16:15:00,113.41591,113.49911,113.41591,113.46518
2026-07-17 16:30:00,113.47018,113.49683,113.4432,113.4905
2026-07-17 16:45:00,113.48349,113.48349,113.29927,113.3646
2026-07-17 17:00:00,113.35637,113.38931,113.33367,113.33569
2026-07-17 17:15:00,113.34042,113.36762,113.30637,113.35452
2026-07-17 17:30:00,113.35598,113.38285,113.32955,113.3335
2026-07-17 17:45:00,113.33414,113.36768,113.33126,113.33338
2026-07-17 18:00:00,113.33578,113.39806,113.33363,113.35934
2026-07-17 18:15:00,113.36226,113.37673,113.25346,113.32295
2026-07-17 18:30:00,113.32432,113.32436,113.21528,113.21775
2026-07-17 18:45:00,113.21707,113.26276,113.21707,113.24263
2026-07-17 19:00:00,113.24774,113.25198,113.15887,113.21821
2026-07-17 19:15:00,113.213,113.30081,113.213,113.28369
2026-07-17 19:30:00,113.28953,113.29984,113.21864,113.22266
2026-07-17 19:45:00,113.22946,113.22946,113.1988,113.21089
2026-07-17 20:00:00,113.20617,113.21295,113.17521,113.21014
2026-07-17 20:15:00,113.20554,113.23463,113.19363,113.22068
2026-07-17 20:30:00,113.21659,113.23115,113.21182,113.22745
2026-07-17 20:45:00,113.22553,113.23632,113.17702,113.18134
2026-07-17 21:00:00,113.18847,113.18847,113.11381,113.16172
2026-07-17 21:15:00,113.15789,113.15789,113.12096,113.14336
2026-07-17 21:30:00,113.14612,113.23776,113.1458,113.21578
2026-07-17 21:45:00,113.2192,113.28138,113.21078,113.25712
2026-07-17 22:00:00,113.25397,113.2613,113.22411,113.22646
2026-07-17 22:15:00,113.23008,113.23845,113.19968,113.22002
2026-07-17 22:30:00,113.22402,113.2386,113.19935,113.20546
2026-07-17 22:45:00,113.2071,113.22752,113.18603,113.19104
2026-07-17 23:00:00,113.199,113.22218,113.16553,113.21964
2026-07-17 23:15:00,113.21333,113.26885,113.19498,113.22491
2026-07-17 23:30:00,113.22754,113.25575,113.17919,113.18646
2026-07-17 23:45:00,113.19787,113.30882,113.1626,113.28818
2026-07-18 00:00:00,113.27256,113.35034,113.27256,113.3102
2026-07-18 00:15:00,113.3049,113.35851,113.28282,113.33738
2026-07-18 00:30:00,113.33939,113.38077,113.30292,113.37686
2026-07-18 00:45:00,113.37016,113.38787,113.35568,113.3868
2026-07-18 01:00:00,113.38375,113.41865,113.35191,113.36138
2026-07-18 01:15:00,113.37365,113.39808,113.34292,113.39318
2026-07-18 01:30:00,113.3869,113.4476,113.35413,113.39095
2026-07-18 01:45:00,113.39295,113.44637,113.39276,113.44395
2026-07-18 02:00:00,113.43597,113.4911,113.40438,113.48733
2026-07-18 02:15:00,113.47641,113.54701,113.47641,113.52501
2026-07-18 02:30:00,113.51962,113.51962,113.46608,113.49573
2026-07-18 02:45:00,113.48778,113.50349,113.46197,113.46802
2026-07-18 03:00:00,113.46476,113.47096,113.42897,113.44246
2026-07-18 03:15:00,113.44472,113.48087,113.44305,113.46884
2026-07-18 03:30:00,113.47121,113.47884,113.44569,113.44714
2026-07-18 03:45:00,113.4487,113.4705,113.4231,113.42474
2026-07-18 04:00:00,113.42502,113.44828,113.39627,113.43064
2026-07-18 04:15:00,113.42396,113.45097,113.41657,113.43182
2026-07-18 04:30:00,113.42637,113.45392,113.39523,113.39731
2026-07-18 04:45:00,113.40327,113.43488,113.40327,113.43323
2026-07-18 05:00:00,113.4311,113.43326,113.39618,113.40611
2026-07-18 05:15:00,113.40734,113.44516,113.3926,113.43081
2026-07-18 05:30:00,113.42682,113.46879,113.41922,113.46561
2026-07-18 05:45:00,113.46123,113.47469,113.42755,113.43272
2026-07-18 06:00:00,113.44145,113.44145,113.40023,113.40945
2026-07-18 06:15:00,113.40654,113.42669,113.39008,113.4045
2026-07-18 06:30:00,113.40188,113.40865,113.36819,113.36875
2026-07-18 06:45:00,113.37095,113.4009,113.36372,113.38105
2026-07-18 07:00:00,113.38377,113.44967,113.38126,113.41984
2026-07-18 07:15:00,113.41772,113.43386,113.39227,113.42615
2026-07-18 07:30:00,113.42402,113.42913,113.41733,113.41868
2026-07-18 07:45:00,113.41964,113.42931,113.41229,113.41673
2026-07-18 08:00:00,113.41782,113.44284,113.38438,113.43093
2026-07-18 08:15:00,113.42948,113.4487,113.41526,113.42559
2026-07-18 08:30:00,113.42546,113.44772,113.38914,113.41777
2026-07-18 08:45:00,113.41595,113.42085,113.40536,113.40704
2026-07-18 09:00:00,113.41165,113.43011,113.37772,113.41512
2026-07-18 09:15:00,113.41351,113.42312,113.40361,113.41378
2026-07-18 09:30:00,113.40978,113.42059,113.40543,113.41496
2026-07-18 09:45:00,113.41354,113.42481,113.40658,113.40926
2026-07-18 10:00:00,113.41282,113.42137,113.38057,113.39098
2026-07-18 10:15:00,113.38991,113.39673,113.3859,113.39127
2026-07-18 10:30:00,113.38892,113.42169,113.36622,113.39159
2026-07-18 10:45:00,113.39342,113.3989,113.38234,113.38811
2026-07-18 11:00:00,113.38871,113.39318,113.36775,113.39042
2026-07-18 11:15:00,113.38818,113.39527,113.38647,113.3917
2026-07-18 11:30:00,113.38945,113.40506,113.37814,113.38952
2026-07-18 11:45:00,113.3895,113.39276,113.38615,113.38717
2026-07-18 12:00:00,113.38782,113.39279,113.3663,113.3899
2026-07-18 12:15:00,113.387,113.39218,113.38441,113.38883
2026-07-18 12:30:00,113.38635,113.39431,113.385,113.38796
2026-07-18 12:45:00,113.38619,113.39899,113.38499,113.38634
2026-07-18 13:00:00,113.38737,113.39073,113.36235,113.38853
2026-07-18 13:15:00,113.38588,113.40116,113.37653,113.38801
2026-07-18 13:30:00,113.38586,113.39066,113.38347,113.38757
2026-07-18 13:45:00,113.38563,113.39427,113.38431,113.38508
2026-07-18 14:00:00,113.38544,113.39866,113.36594,113.38881
2026-07-18 14:15:00,113.38892,113.39328,113.38513,113.39202
2026-07-18 14:30:00,113.39054,113.39554,113.38093,113.38893
2026-07-18 14:45:00,113.38677,113.39241,113.38516,113.38518
2026-07-18 15:00:00,113.38516,113.43149,113.35989,113.39855
2026-07-18 15:15:00,113.39549,113.39909,113.3858,113.38762
2026-07-18 15:30:00,113.38834,113.39436,113.38437,113.38923
2026-07-18 15:45:00,113.38674,113.39388,113.38297,113.38973
2026-07-18 16:00:00,113.38919,113.39441,113.36661,113.38841
2026-07-18 16:15:00,113.38926,113.3942,113.38615,113.39133
2026-07-18 16:30:00,113.38937,113.39823,113.38718,113.39734
2026-07-18 16:45:00,113.39451,113.39494,113.38798,113.39029
2026-07-18 17:00:00,113.38935,113.39702,113.37335,113.38871
2026-07-18 17:15:00,113.38953,113.39444,113.38652,113.39103
2026-07-18 17:30:00,113.38931,113.39504,113.38656,113.39329
2026-07-18 17:45:00,113.39096,113.39584,113.38681,113.39214
2026-07-18 18:00:00,113.39038,113.39351,113.38609,113.38751
2026-07-18 18:15:00,113.38809,113.3961,113.38455,113.38747
2026-07-18 18:30:00,113.38775,113.39271,113.38657,113.39056
2026-07-18 18:45:00,113.38833,113.3932,113.38493,113.38944
2026-07-18 19:00:00,113.38759,113.3928,113.38451,113.38976
2026-07-18 19:15:00,113.38802,113.39512,113.38618,113.38735
2026-07-18 19:30:00,113.38799,113.39262,113.38475,113.39028
2026-07-18 19:45:00,113.38832,113.39327,113.38492,113.38977
2026-07-18 20:00:00,113.38756,113.39755,113.38638,113.3885
2026-07-18 20:15:00,113.3887,113.39413,113.38475,113.38739
2026-07-18 20:30:00,113.38912,113.39278,113.38665,113.39001
2026-07-18 20:45:00,113.38841,113.39382,113.38511,113.39006
2026-07-18 21:00:00,113.38773,113.39325,113.3859,113.38928
2026-07-18 21:15:00,113.3883,113.39346,113.38525,113.3871
2026-07-18 21:30:00,113.38795,113.4156,113.38167,113.4104
2026-07-18 21:45:00,113.39963,113.39999,113.38759,113.39179
2026-07-18 22:00:00,113.38927,113.3943,113.38457,113.39012
2026-07-18 22:15:00,113.38918,113.39434,113.38762,113.38841
2026-07-18 22:30:00,113.38926,113.39413,113.38505,113.39125
2026-07-18 22:45:00,113.38914,113.39422,113.38466,113.39161
2026-07-18 23:00:00,113.38892,113.39429,113.38757,113.39034
2026-07-18 23:15:00,113.38926,113.40115,113.38504,113.38882
2026-07-18 23:30:00,113.38961,113.39444,113.38757,113.39171
2026-07-18 23:45:00,113.38926,113.39428,113.38582,113.39175
2026-07-19 00:00:00,113.3893,113.39435,113.38757,113.39077
2026-07-19 00:15:00,113.38926,113.39429,113.38758,113.38859
2026-07-19 00:30:00,113.38926,113.39432,113.38499,113.38628
2026-07-19 00:45:00,113.38638,113.39072,113.38402,113.38795
2026-07-19 01:00:00,113.3857,113.39796,113.38189,113.38534
2026-07-19 01:15:00,113.38344,113.393,113.38171,113.38578
2026-07-19 01:30:00,113.38848,113.39087,113.38262,113.38391
2026-07-19 01:45:00,113.38428,113.389,113.38004,113.38211
2026-07-19 02:00:00,113.38019,113.39042,113.36277,113.38754
2026-07-19 02:15:00,113.38533,113.3902,113.38241,113.38339
2026-07-19 02:30:00,113.38468,113.39486,113.38293,113.39289
2026-07-19 02:45:00,113.38958,113.39051,113.38358,113.3881
2026-07-19 03:00:00,113.38637,113.39486,113.37233,113.38933
2026-07-19 03:15:00,113.3869,113.39232,113.3856,113.38587
2026-07-19 03:30:00,113.38601,113.39345,113.38435,113.38501
2026-07-19 03:45:00,113.38577,113.39061,113.38385,113.38712
2026-07-19 04:00:00,113.38575,113.39147,113.36934,113.38701
2026-07-19 04:15:00,113.38441,113.39461,113.38133,113.39
2026-07-19 04:30:00,113.38905,113.39425,113.38753,113.38841
2026-07-19 04:45:00,113.38926,113.39448,113.38559,113.39119
2026-07-19 05:00:00,113.3889,113.39854,113.37392,113.39086
2026-07-19 05:15:00,113.38831,113.39448,113.3841,113.39054
2026-07-19 05:30:00,113.38932,113.39514,113.38655,113.38942
2026-07-19 05:45:00,113.39028,113.39523,113.3873,113.38823
2026-07-19 06:00:00,113.38838,113.4016,113.37085,113.39048
2026-07-19 06:15:00,113.38811,113.3928,113.38489,113.38821
2026-07-19 06:30:00,113.3865,113.39503,113.38281,113.38661
2026-07-19 06:45:00,113.3879,113.42368,113.38588,113.40038
2026-07-19 07:00:00,113.4005,113.40397,113.37325,113.38511
2026-07-19 07:15:00,113.38292,113.38904,113.38029,113.38602
2026-07-19 07:30:00,113.384,113.39492,113.38266,113.38373
2026-07-19 07:45:00,113.38652,113.40053,113.38321,113.38884
2026-07-19 08:00:00,113.38929,113.39214,113.37192,113.38749
2026-07-19 08:15:00,113.38568,113.39056,113.38355,113.38776
2026-07-19 08:30:00,113.38548,113.39031,113.38302,113.38842
2026-07-19 08:45:00,113.38736,113.3905,113.38358,113.3845
2026-07-19 09:00:00,113.38521,113.39156,113.36924,113.38653
2026-07-19 09:15:00,113.385,113.39702,113.38208,113.38546
2026-07-19 09:30:00,113.38282,113.38943,113.3815,113.38539
2026-07-19 09:45:00,113.38432,113.38944,113.38041,113.38116
2026-07-19 10:00:00,113.38199,113.38701,113.38026,113.38384
2026-07-19 10:15:00,113.38189,113.38584,113.37626,113.38036
2026-07-19 10:30:00,113.37781,113.38864,113.37627,113.38302
2026-07-19 10:45:00,113.38209,113.38924,113.37941,113.38727
2026-07-19 11:00:00,113.38444,113.39797,113.37847,113.38157
2026-07-19 11:15:00,113.37922,113.39033,113.37922,113.38892
2026-07-19 11:30:00,113.38642,113.39537,113.38221,113.39231
2026-07-19 11:45:00,113.39095,113.39543,113.38502,113.38528
2026-07-19 12:00:00,113.38682,113.39337,113.38664,113.39099
2026-07-19 12:15:00,113.38834,113.39441,113.38368,113.39042
2026-07-19 12:30:00,113.38809,113.39359,113.38545,113.38935
2026-07-19 12:45:00,113.38759,113.40078,113.3835,113.38676
2026-07-19 13:00:00,113.38726,113.39241,113.38495,113.38607
2026-07-19 13:15:00,113.38664,113.39087,113.38408,113.38849
2026-07-19 13:30:00,113.38636,113.39227,113.38362,113.38736
2026-07-19 13:45:00,113.38524,113.39021,113.38351,113.38488
2026-07-19 14:00:00,113.38521,113.39057,113.38266,113.38492
2026-07-19 14:15:00,113.3855,113.39758,113.38371,113.39113
2026-07-19 14:30:00,113.38804,113.39238,113.38431,113.38835
2026-07-19 14:45:00,113.38597,113.39067,113.38068,113.38444
2026-07-19 15:00:00,113.38317,113.38975,113.38217,113.38358
2026-07-19 15:15:00,113.3844,113.38865,113.3785,113.38173
2026-07-19 15:30:00,113.38007,113.38511,113.37574,113.38055
2026-07-19 15:45:00,113.37815,113.38459,113.37445,113.38044
2026-07-19 16:00:00,113.37952,113.39948,113.37715,113.38489
2026-07-19 16:15:00,113.38569,113.39037,113.38371,113.38733
2026-07-19 16:30:00,113.38525,113.38854,113.38119,113.38584
2026-07-19 16:45:00,113.3833,113.38907,113.38025,113.38434
2026-07-19 17:00:00,113.38327,113.38667,113.37992,113.38072
2026-07-19 17:15:00,113.38154,113.38662,113.37628,113.38013
2026-07-19 17:30:00,113.37771,113.38394,113.37578,113.38274
2026-07-19 17:45:00,113.38029,113.39429,113.37303,113.38195
2026-07-19 18:00:00,113.38002,113.38566,113.37768,113.38037
2026-07-19 18:15:00,113.38076,113.38362,113.37567,113.37711
2026-07-19 18:30:00,113.37713,113.38403,113.37476,113.37817
2026-07-19 18:45:00,113.37593,113.38042,113.37244,113.37605
2026-07-19 19:00:00,113.37413,113.3799,113.3732,113.3744
2026-07-19 19:15:00,113.37462,113.38071,113.36959,113.37528
2026-07-19 19:30:00,113.37566,113.38074,113.37236,113.37532
2026-07-19 19:45:00,113.37339,113.38127,113.37169,113.37839
2026-07-19 20:00:00,113.37617,113.38114,113.37447,113.37611
2026-07-19 20:15:00,113.37617,113.38126,113.37449,113.37553
2026-07-19 20:30:00,113.37617,113.38123,113.37451,113.37773
2026-07-19 20:45:00,113.37617,113.38781,113.37422,113.38332
2026-07-19 21:00:00,113.38088,113.39093,113.37581,113.38705
2026-07-19 21:15:00,113.38583,113.39093,113.38413,113.38503
2026-07-19 21:30:00,113.38583,113.40462,113.35879,113.38082
2026-07-19 21:45:00,113.37901,113.3941,113.36902,113.39279
2026-07-19 22:00:00,113.38944,113.39453,113.38775,113.39024
2026-07-19 22:15:00,113.38944,113.42259,113.38781,113.41649
2026-07-19 22:30:00,113.4174,113.42325,113.41612,113.42031
2026-07-19 22:45:00,113.41815,113.42317,113.38667,113.39213
2026-07-19 23:00:00,113.38992,113.39207,113.38451,113.38737
2026-07-19 23:15:00,113.38614,113.39999,113.35287,113.37976
2026-07-19 23:30:00,113.38054,113.38564,113.37884,113.3831
2026-07-19 23:45:00,113.38054,113.38563,113.37893,113.38293
2026-07-20 00:00:00,113.38054,113.4189,113.35755,113.37907
2026-07-20 00:15:00,113.3775,113.37952,113.37265,113.37517
2026-07-20 00:30:00,113.37574,113.38063,113.37297,113.3743
2026-07-20 00:45:00,113.37451,113.42991,113.36361,113.42096
2026-07-20 01:00:00,113.41779,113.43721,113.39638,113.42085
2026-07-20 01:15:00,113.42358,113.42536,113.41176,113.41306
2026-07-20 01:30:00,113.41562,113.41795,113.41075,113.412
2026-07-20 01:45:00,113.41243,113.41752,113.41083,113.41431
2026-07-20 02:00:00,113.41244,113.42639,113.38465,113.38831
2026-07-20 02:15:00,113.38558,113.39427,113.38348,113.38652
2026-07-20 02:30:00,113.38667,113.40195,113.35368,113.38676
2026-07-20 02:45:00,113.38255,113.3898,113.37769,113.3871
2026-07-20 03:00:00,113.38551,113.41967,113.38108,113.39085
2026-07-20 03:15:00,113.3881,113.39663,113.38598,113.39315
2026-07-20 03:30:00,113.39184,113.39642,113.38332,113.39077
2026-07-20 03:45:00,113.39155,113.39752,113.38999,113.39404
2026-07-20 04:00:00,113.39189,113.41933,113.38952,113.40647
2026-07-20 04:15:00,113.40375,113.47157,113.38218,113.40276
2026-07-20 04:30:00,113.404,113.61596,113.24831,113.40501
2026-07-20 04:45:00,113.40585,113.42073,113.36634,113.37595
2026-07-20 05:00:00,113.38485,113.42662,113.28359,113.30412
2026-07-20 05:15:00,113.35017,113.37177,113.2057,113.24052
2026-07-20 05:30:00,113.27678,113.39918,113.1765,113.20036
2026-07-20 05:45:00,113.26219,113.38358,113.20231,113.36621
2026-07-20 06:00:00,113.33101,113.41183,113.15601,113.20549
2026-07-20 06:15:00,113.215,113.31453,113.10986,113.1565
2026-07-20 06:30:00,113.15351,113.24197,113.12321,113.22784
2026-07-20 06:45:00,113.21595,113.36728,113.15033,113.25852
2026-07-20 07:00:00,113.24107,113.25364,113.13272,113.16263
2026-07-20 07:15:00,113.15895,113.26042,113.12842,113.1754
2026-07-20 07:30:00,113.17473,113.20487,113.10618,113.1801
2026-07-20 07:45:00,113.14042,113.23395,113.13905,113.20939
2026-07-20 08:00:00,113.20048,113.35885,113.15839,113.32231
2026-07-20 08:15:00,113.31672,113.3396,113.26585,113.33723
2026-07-20 08:30:00,113.32904,113.38835,113.32904,113.37692
2026-07-20 08:45:00,113.37878,113.39931,113.35297,113.36281
2026-07-20 09:00:00,113.35992,113.40843,113.34863,113.40175
2026-07-20 09:15:00,113.40295,113.40295,113.37291,113.40024
2026-07-20 09:30:00,113.39659,113.4169,113.35027,113.41319
2026-07-20 09:45:00,113.40588,113.42111,113.38162,113.41777
2026-07-20 10:00:00,113.41314,113.47289,113.36909,113.46226
2026-07-20 10:15:00,113.46278,113.50135,113.46278,113.47959
2026-07-20 10:30:00,113.47524,113.49267,113.43469,113.45737
2026-07-20 10:45:00,113.45526,113.45716,113.37202,113.37931
2026-07-20 11:00:00,113.38353,113.46376,113.38167,113.42094
2026-07-20 11:15:00,113.42716,113.476,113.40202,113.45973
2026-07-20 11:30:00,113.46744,113.47882,113.4264,113.43442
2026-07-20 11:45:00,113.44934,113.48602,113.41804,113.46259
2026-07-20 12:00:00,113.4565,113.51245,113.4565,113.49978
2026-07-20 12:15:00,113.50244,113.50291,113.44288,113.47388
2026-07-20 12:30:00,113.46673,113.56791,113.46095,113.56676
2026-07-20 12:45:00,113.56306,113.56601,113.53209,113.54215
2026-07-20 13:00:00,113.54414,113.55842,113.48725,113.5071
2026-07-20 13:15:00,113.50049,113.54293,113.50049,113.54107
2026-07-20 13:30:00,113.53431,113.56632,113.52382,113.56443
2026-07-20 13:45:00,113.55946,113.58189,113.54953,113.5605
2026-07-20 14:00:00,113.55808,113.58802,113.55524,113.58588
2026-07-20 14:15:00,113.58332,113.62646,113.57556,113.62586
2026-07-20 14:30:00,113.62262,113.63824,113.6059,113.63536
2026-07-20 14:45:00,113.6334,113.63573,113.58616,113.58751
2026-07-20 15:00:00,113.58987,113.59664,113.50232,113.50686
2026-07-20 15:15:00,113.51832,113.55182,113.51657,113.54293
2026-07-20 15:30:00,113.54191,113.54191,113.50716,113.50944
2026-07-20 15:45:00,113.5101,113.54472,113.50749,113.51879
2026-07-20 16:00:00,113.52244,113.52687,113.47537,113.49013
2026-07-20 16:15:00,113.48678,113.49993,113.44865,113.47086
2026-07-20 16:30:00,113.46959,113.52148,113.44622,113.5203
2026-07-20 16:45:00,113.5167,113.55237,113.50502,113.53247
2026-07-20 17:00:00,113.53775,113.56869,113.52423,113.54299
2026-07-20 17:15:00,113.54526,113.63932,113.54011,113.62949
2026-07-20 17:30:00,113.63071,113.72041,113.62751,113.70178
2026-07-20 17:45:00,113.69529,113.70787,113.65956,113.68794
2026-07-20 18:00:00,113.6827,113.70585,113.65902,113.68618
2026-07-20 18:15:00,113.68244,113.68876,113.62915,113.65184
2026-07-20 18:30:00,113.65294,113.66882,113.62426,113.66639
2026-07-20 18:45:00,113.66153,113.66237,113.63414,113.6596
2026-07-20 19:00:00,113.65737,113.66837,113.61934,113.63556
2026-07-20 19:15:00,113.63718,113.66664,113.63699,113.64471
2026-07-20 19:30:00,113.64859,113.68233,113.64602,113.68201
2026-07-20 19:45:00,113.67869,113.68625,113.65011,113.66698
2026-07-20 20:00:00,113.66342,113.72612,113.66129,113.71259
2026-07-20 20:15:00,113.71642,113.80214,113.7111,113.79601
2026-07-20 20:30:00,113.796,113.80938,113.77138,113.79554
2026-07-20 20:45:00,113.79834,113.80621,113.78502,113.80264
2026-07-20 21:00:00,113.80066,113.81626,113.77079,113.79215
2026-07-20 21:15:00,113.78779,113.82464,113.78518,113.82018
2026-07-20 21:30:00,113.81726,113.87162,113.8031,113.81677
2026-07-20 21:45:00,113.8207,113.83675,113.79653,113.79983
2026-07-20 22:00:00,113.80412,113.80701,113.76302,113.77379
2026-07-20 22:15:00,113.78299,113.78299,113.70946,113.75163
2026-07-20 22:30:00,113.74837,113.76875,113.7251,113.74889
2026-07-20 22:45:00,113.74758,113.77377,113.7218,113.7729
2026-07-20 23:00:00,113.76966,113.78155,113.74712,113.77935
2026-07-20 23:15:00,113.77801,113.80851,113.76067,113.79733
2026-07-20 23:30:00,113.79377,113.86426,113.79248,113.841
2026-07-20 23:45:00,113.84605,113.90915,113.79996,113.90517
2026-07-21 00:00:00,113.89313,113.95865,113.88122,113.94431
2026-07-21 00:15:00,113.94737,114.01479,113.94737,114.01086
2026-07-21 00:30:00,114.00549,114.02123,113.90944,113.9384
2026-07-21 00:45:00,113.9366,113.94306,113.76535,113.77046
2026-07-21 01:00:00,113.77783,113.82061,113.76761,113.78991
2026-07-21 01:15:00,113.79175,113.83097,113.76441,113.82962
2026-07-21 01:30:00,113.8276,113.85815,113.80065,113.80126
2026-07-21 01:45:00,113.80228,113.85357,113.78814,113.85198
2026-07-21 02:00:00,113.85014,113.89245,113.83413,113.88935
2026-07-21 02:15:00,113.88742,113.90905,113.86129,113.86406
2026-07-21 02:30:00,113.86522,113.88528,113.8111,113.83381
2026-07-21 02:45:00,113.83238,113.8421,113.81383,113.84147
2026-07-21 03:00:00,113.83924,113.83924,113.79263,113.80286
2026-07-21 03:15:00,113.79964,113.82403,113.78464,113.80224
2026-07-21 03:30:00,113.80457,113.81747,113.78146,113.78194
2026-07-21 03:45:00,113.78287,113.80601,113.77765,113.79713
2026-07-21 04:00:00,113.795,113.81627,113.78849,113.81028
2026-07-21 04:15:00,113.80752,113.83525,113.79557,113.79731
2026-07-21 04:30:00,113.79788,113.79788,113.7629,113.77097
2026-07-21 04:45:00,113.77118,113.79854,113.76427,113.79291
2026-07-21 05:00:00,113.79011,113.80272,113.74285,113.74691
2026-07-21 05:15:00,113.75337,113.75337,113.72989,113.74692
2026-07-21 05:30:00,113.74019,113.77503,113.73608,113.75387
2026-07-21 05:45:00,113.75995,113.7735,113.72946,113.75909
2026-07-21 06:00:00,113.75476,113.77155,113.71443,113.72073
2026-07-21 06:15:00,113.71792,113.73337,113.71228,113.72557
2026-07-21 06:30:00,113.72413,113.73675,113.72288,113.72677
2026-07-21 06:45:00,113.72959,113.74345,113.71405,113.74212
2026-07-21 07:00:00,113.7409,113.76986,113.71713,113.744
2026-07-21 07:15:00,113.74386,113.76872,113.66647,113.70528
2026-07-21 07:30:00,113.69965,113.79033,113.68628,113.68782
2026-07-21 07:45:00,113.69039,113.69039,113.6618,113.68104
2026-07-21 08:00:00,113.67683,113.70771,113.65336,113.66249
2026-07-21 08:15:00,113.66398,113.67537,113.63911,113.64854
2026-07-21 08:30:00,113.64598,113.66828,113.64132,113.66751
2026-07-21 08:45:00,113.66557,113.67437,113.65167,113.67042
2026-07-21 09:00:00,113.66466,113.73262,113.66466,113.72105
2026-07-21 09:15:00,113.71709,113.74508,113.71709,113.72938
2026-07-21 09:30:00,113.72499,113.75471,113.71996,113.75369
2026-07-21 09:45:00,113.75194,113.76341,113.72956,113.76025
2026-07-21 10:00:00,113.75572,113.77009,113.67941,113.7365
2026-07-21 10:15:00,113.72901,113.76245,113.71826,113.76113
2026-07-21 10:30:00,113.75571,113.81334,113.75571,113.81138
2026-07-21 10:45:00,113.80744,113.86156,113.80111,113.82794
2026-07-21 11:00:00,113.82954,113.85624,113.78509,113.83938
2026-07-21 11:15:00,113.84142,113.86585,113.82098,113.8254
2026-07-21 11:30:00,113.83274,113.87156,113.80448,113.86717
2026-07-21 11:45:00,113.86633,113.87241,113.83875,113.8447
2026-07-21 12:00:00,113.84893,113.9238,113.84802,113.90175
2026-07-21 12:15:00,113.90213,113.90889,113.84617,113.85192
2026-07-21 12:30:00,113.86256,113.90412,113.82723,113.8732
2026-07-21 12:45:00,113.87399,113.88914,113.85075,113.86296
2026-07-21 13:00:00,113.86596,113.86829,113.83176,113.8519
2026-07-21 13:15:00,113.85203,113.85742,113.83339,113.83508
2026-07-21 13:30:00,113.83482,113.86348,113.82041,113.84855
2026-07-21 13:45:00,113.84042,113.84906,113.81103,113.81815
2026-07-21 14:00:00,113.81688,113.84918,113.80775,113.84646
2026-07-21 14:15:00,113.84201,113.85345,113.80376,113.81606
2026-07-21 14:30:00,113.81407,113.87046,113.79945,113.86114
2026-07-21 14:45:00,113.85771,113.87561,113.85155,113.86999
2026-07-21 15:00:00,113.86575,113.90848,113.86546,113.87765
2026-07-21 15:15:00,113.87946,113.9079,113.87214,113.90133
2026-07-21 15:30:00,113.9015,113.91177,113.89282,113.89521
2026-07-21 15:45:00,113.89598,113.91104,113.89015,113.90277
2026-07-21 16:00:00,113.89814,113.94542,113.89135,113.93941
2026-07-21 16:15:00,113.93341,113.98585,113.92005,113.96121
2026-07-21 16:30:00,113.9596,114.01423,113.95588,114.00953
2026-07-21 16:45:00,114.00029,114.07712,114.00029,114.07216
2026-07-21 17:00:00,114.07074,114.14418,114.05833,114.09705
2026-07-21 17:15:00,114.10065,114.11955,114.09726,114.10211
2026-07-21 17:30:00,114.10315,114.12263,114.08413,114.11473
2026-07-21 17:45:00,114.10944,114.15143,114.09485,114.14959
2026-07-21 18:00:00,114.14808,114.20174,114.12685,114.19491
2026-07-21 18:15:00,114.18574,114.23214,114.18574,114.22016
2026-07-21 18:30:00,114.21857,114.23422,114.19441,114.23029
2026-07-21 18:45:00,114.22755,114.25137,114.21969,114.24796
2026-07-21 19:00:00,114.24644,114.26082,114.2331,114.25644
2026-07-21 19:15:00,114.25052,114.29249,114.24655,114.24806
2026-07-21 19:30:00,114.2501,114.29085,114.24288,114.25561
2026-07-21 19:45:00,114.25583,114.28381,114.25571,114.26759
2026-07-21 20:00:00,114.26542,114.30086,114.25917,114.27772
2026-07-21 20:15:00,114.27997,114.30361,114.27284,114.29126
2026-07-21 20:30:00,114.28937,114.30026,114.2399,114.24854
2026-07-21 20:45:00,114.24628,114.25679,114.18817,114.19052
2026-07-21 21:00:00,114.19272,114.20537,114.15719,114.17953
2026-07-21 21:15:00,114.17522,114.21159,114.17234,114.18859
2026-07-21 21:30:00,114.18698,114.2327,114.1806,114.21322
2026-07-21 21:45:00,114.212,114.23032,114.17939,114.20588
2026-07-21 22:00:00,114.20306,114.21972,114.16535,114.16804
2026-07-21 22:15:00,114.16846,114.18179,114.13636,114.15079
2026-07-21 22:30:00,114.15235,114.19337,114.14238,114.16429
2026-07-21 22:45:00,114.17357,114.22163,114.14987,114.17901
2026-07-21 23:00:00,114.17689,114.19873,114.1497,114.19658
2026-07-21 23:15:00,114.19278,114.20691,114.10788,114.11122
2026-07-21 23:30:00,114.1127,114.13656,114.02292,114.04142
2026-07-21 23:45:00,114.03983,114.12566,114.01876,114.10255
2026-07-22 00:00:00,114.09996,114.23101,114.08514,114.22423
2026-07-22 00:15:00,114.21183,114.24289,114.18168,114.22476
2026-07-22 00:30:00,114.22158,114.24026,114.17727,114.2034
2026-07-22 00:45:00,114.19658,114.20712,114.14526,114.17176
2026-07-22 01:00:00,114.17284,114.19767,114.15693,114.19521
2026-07-22 01:15:00,114.19307,114.25043,114.17581,114.24818
2026-07-22 01:30:00,114.24499,114.28862,114.23516,114.27462
2026-07-22 01:45:00,114.26991,114.26991,114.22504,114.25002
2026-07-22 02:00:00,114.24654,114.24799,114.21864,114.22767
2026-07-22 02:15:00,114.22578,114.23255,114.17737,114.18332
2026-07-22 02:30:00,114.18166,114.18547,114.15705,114.17679
2026-07-22 02:45:00,114.178,114.22878,114.16845,114.22825
2026-07-22 03:00:00,114.22559,114.23115,114.20129,114.22634
2026-07-22 03:15:00,114.22423,114.2264,114.1993,114.20626
2026-07-22 03:30:00,114.20778,114.22648,114.18815,114.19054
2026-07-22 03:45:00,114.19633,114.21956,114.1937,114.21819
2026-07-22 04:00:00,114.21399,114.31135,114.19434,114.26587
2026-07-22 04:15:00,114.26887,114.29212,114.25526,114.28874
2026-07-22 04:30:00,114.28354,114.33989,114.27582,114.33576
2026-07-22 04:45:00,114.32956,114.34636,114.31669,114.31997
2026-07-22 05:00:00,114.32517,114.34754,114.30782,114.34594
2026-07-22 05:15:00,114.34308,114.35066,114.29882,114.30078
2026-07-22 05:30:00,114.30483,114.31495,114.26057,114.26153
2026-07-22 05:45:00,114.26463,114.29413,114.25518,114.29164
2026-07-22 06:00:00,114.28524,114.30665,114.25284,114.26413
2026-07-22 06:15:00,114.26185,114.26879,114.22473,114.2617
2026-07-22 06:30:00,114.25707,114.26673,114.22903,114.2343
2026-07-22 06:45:00,114.23409,114.24848,114.20671,114.2183
2026-07-22 07:00:00,114.21998,114.25968,114.18972,114.23156
2026-07-22 07:15:00,114.23591,114.2667,114.2234,114.26236
2026-07-22 07:30:00,114.26107,114.26726,114.22549,114.22874
2026-07-22 07:45:00,114.22855,114.236,114.21382,114.22051
2026-07-22 08:00:00,114.22357,114.22705,114.19718,114.21936
2026-07-22 08:15:00,114.21702,114.2395,114.21251,114.23708
2026-07-22 08:30:00,114.23489,114.23489,114.21416,114.22384
2026-07-22 08:45:00,114.22167,114.22797,114.19769,114.21281
2026-07-22 09:00:00,114.21368,114.22641,114.19139,114.22607
2026-07-22 09:15:00,114.22413,114.23004,114.21023,114.21575
2026-07-22 09:30:00,114.21363,114.23041,114.20499,114.22961
2026-07-22 09:45:00,114.22831,114.24992,114.21702,114.24045
2026-07-22 10:00:00,114.24134,114.27407,114.20192,114.2331
2026-07-22 10:15:00,114.22833,114.24729,114.19345,114.24371
2026-07-22 10:30:00,114.23675,114.25184,114.20573,114.21703
2026-07-22 10:45:00,114.22046,114.35232,114.21377,114.34561
2026-07-22 11:00:00,114.33589,114.40344,114.33589,114.3822
2026-07-22 11:15:00,114.38084,114.38573,114.32176,114.32411
2026-07-22 11:30:00,114.32419,114.3259,114.28704,114.30349
2026-07-22 11:45:00,114.29989,114.33735,114.29989,114.32243
2026-07-22 12:00:00,114.31919,114.32589,114.21989,114.27601
2026-07-22 12:15:00,114.27513,114.29437,114.25156,114.28424
2026-07-22 12:30:00,114.27531,114.29843,114.22488,114.24564
2026-07-22 12:45:00,114.24342,114.28408,114.24255,114.24357
2026-07-22 13:00:00,114.24694,114.2862,114.20971,114.21186
2026-07-22 13:15:00,114.21534,114.29382,114.21534,114.28888
2026-07-22 13:30:00,114.28527,114.29601,114.21439,114.21702
2026-07-22 13:45:00,114.22092,114.23492,114.18987,114.20428
2026-07-22 14:00:00,114.20002,114.21596,114.17411,114.20045
2026-07-22 14:15:00,114.19292,114.21718,114.19119,114.21436
2026-07-22 14:30:00,114.21144,114.22015,114.19806,114.21812
2026-07-22 14:45:00,114.21489,114.22168,114.18907,114.20796
2026-07-22 15:00:00,114.20209,114.2153,114.18953,114.19435
2026-07-22 15:15:00,114.19606,114.22347,114.18672,114.19202
2026-07-22 15:30:00,114.19885,114.19885,114.12119,114.12368
2026-07-22 15:45:00,114.1259,114.181,114.09517,114.09678
2026-07-22 16:00:00,114.10164,114.16688,114.09722,114.13544
2026-07-22 16:15:00,114.1323,114.14146,114.04534,114.06866
2026-07-22 16:30:00,114.06769,114.11676,114.02809,114.10877
2026-07-22 16:45:00,114.10576,114.11899,114.08188,114.10212
2026-07-22 17:00:00,114.10359,114.1338,114.09424,114.12934
2026-07-22 17:15:00,114.12314,114.22333,114.12314,114.22223
2026-07-22 17:30:00,114.21871,114.22378,113.96337,114.0005
2026-07-22 17:45:00,113.99702,114.02821,113.96775,114.01467
2026-07-22 18:00:00,114.0181,114.0398,113.96905,114.03566
2026-07-22 18:15:00,114.03003,114.08671,114.01809,114.08144
2026-07-22 18:30:00,114.07113,114.11427,114.06216,114.07645
2026-07-22 18:45:00,114.08058,114.10095,114.0374,114.04174
2026-07-22 19:00:00,114.04906,114.06484,114.03316,114.04565
2026-07-22 19:15:00,114.05016,114.06573,114.03978,114.04716
2026-07-22 19:30:00,114.04814,114.07599,114.01135,114.02778
2026-07-22 19:45:00,114.02045,114.03468,113.98974,114.02727
2026-07-22 20:00:00,114.02904,114.04317,114.00925,114.03352
2026-07-22 20:15:00,114.02725,114.06735,114.0267,114.04295
2026-07-22 20:30:00,114.04527,114.04563,114.00615,114.02787
2026-07-22 20:45:00,114.0231,114.06089,114.00432,114.00953
2026-07-22 21:00:00,114.01879,114.02039,113.98722,114.0094
2026-07-22 21:15:00,114.01008,114.02027,113.98318,113.99287
2026-07-22 21:30:00,113.99733,114.02538,113.97706,113.98191
2026-07-22 21:45:00,113.98976,114.05771,113.97832,114.05544
2026-07-22 22:00:00,114.05177,114.07807,114.04259,114.05724
2026-07-22 22:15:00,114.05302,114.05951,114.0269,114.02918
2026-07-22 22:30:00,114.03536,114.05802,114.00421,114.00696
2026-07-22 22:45:00,114.01121,114.01121,113.88566,113.95908
2026-07-22 23:00:00,113.94455,114.01564,113.93232,113.99948
2026-07-22 23:15:00,114.00154,114.08791,113.98698,114.05987
2026-07-22 23:30:00,114.06303,114.1233,114.03805,114.09412
2026-07-22 23:45:00,114.08511,114.10518,114.05262,114.07379
2026-07-23 00:00:00,114.0714,114.08316,114.05352,114.07555
2026-07-23 00:15:00,114.06717,114.09694,114.0438,114.05682
2026-07-23 00:30:00,114.05463,114.09278,114.0402,114.09048
2026-07-23 00:45:00,114.08623,114.13305,114.07571,114.11695
2026-07-23 01:00:00,114.10617,114.13827,114.10617,114.12023
2026-07-23 01:15:00,114.12072,114.15241,114.09896,114.14363
2026-07-23 01:30:00,114.14586,114.16306,114.13468,114.14781
2026-07-23 01:45:00,114.14836,114.15956,114.13546,114.15516
2026-07-23 02:00:00,114.14853,114.171,114.12252,114.13143
2026-07-23 02:15:00,114.12767,114.13623,114.08927,114.09799
2026-07-23 02:30:00,114.09546,114.10478,114.08139,114.08267
2026-07-23 02:45:00,114.08339,114.10507,114.06754,114.10472
2026-07-23 03:00:00,114.10147,114.13066,114.09621,114.12959
2026-07-23 03:15:00,114.12627,114.13334,114.11136,114.13205
2026-07-23 03:30:00,114.12933,114.13185,114.09758,114.10492
2026-07-23 03:45:00,114.10588,114.12719,114.08419,114.09609
2026-07-23 04:00:00,114.09318,114.10244,114.07033,114.08441
2026-07-23 04:15:00,114.08,114.09986,114.06523,114.09897
2026-07-23 04:30:00,114.09722,114.10009,114.07443,114.09078
2026-07-23 04:45:00,114.09105,114.11578,114.08267,114.11405
2026-07-23 05:00:00,114.11293,114.11525,114.09265,114.10806
2026-07-23 05:15:00,114.10387,114.12388,114.09186,114.12185
2026-07-23 05:30:00,114.12067,114.12821,114.10019,114.12544
2026-07-23 05:45:00,114.12154,114.13693,114.10253,114.13412
2026-07-23 06:00:00,114.12786,114.16904,114.12697,114.16789
2026-07-23 06:15:00,114.16171,114.17974,114.15918,114.16956
2026-07-23 06:30:00,114.16691,114.17363,114.14543,114.15351
2026-07-23 06:45:00,114.15348,114.17977,114.14607,114.1785
2026-07-23 07:00:00,114.1754,114.1754,114.09415,114.13474
2026-07-23 07:15:00,114.12796,114.17122,114.07238,114.08035
2026-07-23 07:30:00,114.08358,114.13807,114.0504,114.06483
2026-07-23 07:45:00,114.06501,114.07209,113.98915,114.06266
2026-07-23 08:00:00,114.05741,114.07314,113.98745,114.00148
2026-07-23 08:15:00,113.99714,114.00159,113.9761,113.98067
2026-07-23 08:30:00,113.98846,114.00491,113.97131,113.98944
2026-07-23 08:45:00,113.98982,114.0018,113.97906,113.99639
2026-07-23 09:00:00,113.99195,114.0172,113.98314,114.01433
2026-07-23 09:15:00,114.00593,114.02266,114.00117,114.01863
2026-07-23 09:30:00,114.01662,114.03033,113.99815,113.99892
2026-07-23 09:45:00,114.00072,114.00895,113.9827,114.00096
2026-07-23 10:00:00,113.99609,114.01784,113.99144,113.99942
2026-07-23 10:15:00,114.0025,114.05558,113.98381,114.05235
2026-07-23 10:30:00,114.04588,114.04588,114.01927,114.02954
2026-07-23 10:45:00,114.02609,114.06291,114.01908,114.05913
2026-07-23 11:00:00,114.05125,114.10079,114.03107,114.09692
2026-07-23 11:15:00,114.08809,114.12644,114.08809,114.09486
2026-07-23 11:30:00,114.10316,114.45045,113.93496,114.40173
2026-07-23 11:45:00,114.4094,114.4094,114.31926,114.3229
2026-07-23 12:00:00,114.33232,114.42842,114.32866,114.37659
2026-07-23 12:15:00,114.37359,114.37788,114.31361,114.32636
2026-07-23 12:30:00,114.31584,114.41165,114.31584,114.40751
2026-07-23 12:45:00,114.39944,114.43977,114.39319,114.4134
2026-07-23 13:00:00,114.41041,114.4129,114.35059,114.35227
2026-07-23 13:15:00,114.35471,114.41902,114.35471,114.38786
2026-07-23 13:30:00,114.38849,114.43077,114.38849,114.41412
2026-07-23 13:45:00,114.41512,114.4507,114.40473,114.43275
2026-07-23 14:00:00,114.42796,114.48469,114.42136,114.48273
2026-07-23 14:15:00,114.47846,114.48169,114.4331,114.45033
2026-07-23 14:30:00,114.44806,114.468,114.41392,114.41602
2026-07-23 14:45:00,114.4187,114.43811,114.37887,114.39764
2026-07-23 15:00:00,114.39416,114.44155,114.39231,114.40375
2026-07-23 15:15:00,114.40519,114.41354,114.37248,114.40634
2026-07-23 15:30:00,114.39925,114.4219,114.3604,114.3836
2026-07-23 15:45:00,114.37985,114.39165,114.35082,114.3865
2026-07-23 16:00:00,114.38706,114.41308,114.34419,114.34799
2026-07-23 16:15:00,114.35716,114.41977,114.35716,114.36841
2026-07-23 16:30:00,114.37153,114.38368,114.34453,114.35385
2026-07-23 16:45:00,114.34729,114.374,114.28936,114.29376
2026-07-23 17:00:00,114.30055,114.30055,114.23785,114.26797
2026-07-23 17:15:00,114.28186,114.36675,114.28186,114.33389
2026-07-23 17:30:00,114.33843,114.34118,114.25124,114.26214
2026-07-23 17:45:00,114.27998,114.39239,114.26785,114.37606
2026-07-23 18:00:00,114.37188,114.42141,114.3602,114.39693
2026-07-23 18:15:00,114.40003,114.40192,114.34632,114.37348
2026-07-23 18:30:00,114.36242,114.41472,114.35716,114.41289
2026-07-23 18:45:00,114.40836,114.40836,114.3424,114.37756
2026-07-23 19:00:00,114.38547,114.41433,114.35285,114.37831
2026-07-23 19:15:00,114.3812,114.3898,114.35901,114.35966
2026-07-23 19:30:00,114.36025,114.36362,114.33408,114.35912
2026-07-23 19:45:00,114.35283,114.37501,114.33892,114.34239
2026-07-23 20:00:00,114.34794,114.35026,114.29417,114.30701
2026-07-23 20:15:00,114.30851,114.32878,114.2846,114.32594
2026-07-23 20:30:00,114.32092,114.34145,114.30986,114.32576
2026-07-23 20:45:00,114.32765,114.36718,114.29603,114.32948
2026-07-23 21:00:00,114.33357,114.335,114.30123,114.32676
2026-07-23 21:15:00,114.32501,114.33093,114.29873,114.31163
2026-07-23 21:30:00,114.31761,114.3322,114.25319,114.29917
2026-07-23 21:45:00,114.29661,114.34792,114.23379,114.3279
2026-07-23 22:00:00,114.32068,114.34516,114.29801,114.31056
2026-07-23 22:15:00,114.3158,114.3158,114.19785,114.24855
2026-07-23 22:30:00,114.2427,114.26325,114.19206,114.21452
2026-07-23 22:45:00,114.22256,114.23909,114.19548,114.23807
2026-07-23 23:00:00,114.23488,114.26145,114.14325,114.16925
2026-07-23 23:15:00,114.17219,114.2162,114.1565,114.2118
2026-07-23 23:30:00,114.20575,114.36646,114.20382,114.3634
2026-07-23 23:45:00,114.35614,114.37608,114.29579,114.35626
2026-07-24 00:00:00,114.35071,114.38147,114.2573,114.32643
2026-07-24 00:15:00,114.31595,114.36638,114.29562,114.36506
2026-07-24 00:30:00,114.36231,114.40916,114.33201,114.33629
2026-07-24 00:45:00,114.34338,114.35344,114.28066,114.33483
2026-07-24 01:00:00,114.32873,114.32873,114.2448,114.24795
2026-07-24 01:15:00,114.25239,114.32278,114.18008,114.21134
2026-07-24 01:30:00,114.20828,114.26036,114.16064,114.23603
2026-07-24 01:45:00,114.23948,114.27297,114.22233,114.24362
2026-07-24 02:00:00,114.24481,114.30471,114.22006,114.29951
2026-07-24 02:15:00,114.2981,114.29826,114.25098,114.25186
2026-07-24 02:30:00,114.25418,114.27242,114.23131,114.26422
2026-07-24 02:45:00,114.25895,114.28364,114.24888,114.28312
2026-07-24 03:00:00,114.28098,114.29181,114.22299,114.23734
2026-07-24 03:15:00,114.23325,114.25138,114.21996,114.23537
2026-07-24 03:30:00,114.23671,114.24413,114.1737,114.19171
2026-07-24 03:45:00,114.193,114.2165,114.18744,114.19697
2026-07-24 04:00:00,114.19397,114.20868,114.1629,114.18272
2026-07-24 04:15:00,114.17654,114.17654,114.11637,114.13374
2026-07-24 04:30:00,114.13091,114.14565,114.11532,114.12162
2026-07-24 04:45:00,114.11923,114.13328,114.08986,114.09199
2026-07-24 05:00:00,114.09421,114.13616,114.07617,114.08079
2026-07-24 05:15:00,114.07785,114.10225,114.06681,114.09345
2026-07-24 05:30:00,114.09673,114.11412,114.07793,114.0931
2026-07-24 05:45:00,114.09611,114.12679,114.08697,114.12469
2026-07-24 06:00:00,114.12001,114.17558,114.12001,114.13869
2026-07-24 06:15:00,114.1414,114.16335,114.12738,114.16223
2026-07-24 06:30:00,114.15939,114.18428,114.15468,114.17848
2026-07-24 06:45:00,114.17592,114.18948,114.1619,114.18326
2026-07-24 07:00:00,114.17498,114.24746,114.11436,114.18698
2026-07-24 07:15:00,114.18185,114.22393,114.17449,114.21134
2026-07-24 07:30:00,114.20207,114.22607,114.12914,114.13092
2026-07-24 07:45:00,114.13315,114.1897,114.09304,114.18901
2026-07-24 08:00:00,114.18719,114.18719,114.12738,114.15125
2026-07-24 08:15:00,114.15169,114.1739,114.15013,114.1668
2026-07-24 08:30:00,114.16499,114.17317,114.15444,114.16004
2026-07-24 08:45:00,114.15848,114.189,114.155,114.18642
2026-07-24 09:00:00,114.18227,114.19832,114.15999,114.16155
2026-07-24 09:15:00,114.16212,114.17663,114.1525,114.16096
2026-07-24 09:30:00,114.15839,114.1889,114.14808,114.16166
2026-07-24 09:45:00,114.1567,114.18655,114.14575,114.1662
2026-07-24 10:00:00,114.16282,114.22106,114.13065,114.2072
2026-07-24 10:15:00,114.20404,114.21424,114.15922,114.19195
2026-07-24 10:30:00,114.1919,114.27994,114.1919,114.27799
2026-07-24 10:45:00,114.27446,114.32504,114.26999,114.32119
2026-07-24 11:00:00,114.31311,114.32094,114.25788,114.28396
2026-07-24 11:15:00,114.28147,114.28494,114.22473,114.24784
2026-07-24 11:30:00,114.24518,114.28084,114.22009,114.27664
2026-07-24 11:45:00,114.26867,114.29772,114.23629,114.23799
2026-07-24 12:00:00,114.24234,114.27474,114.21104,114.26933
2026-07-24 12:15:00,114.25827,114.3177,114.25827,114.31417
2026-07-24 12:30:00,114.30745,114.31947,114.26318,114.26754
2026-07-24 12:45:00,114.26651,114.27044,114.22238,114.23605
2026-07-24 13:00:00,114.2314,114.29909,114.19614,114.29166
2026-07-24 13:15:00,114.27812,114.31646,114.24564,114.31176
2026-07-24 13:30:00,114.30385,114.30385,114.24856,114.25109
2026-07-24 13:45:00,114.25467,114.2608,114.24154,114.25049
2026-07-24 14:00:00,114.24727,114.30485,114.2405,114.26963
2026-07-24 14:15:00,114.27065,114.3004,114.27065,114.29223
2026-07-24 14:30:00,114.28995,114.29721,114.21869,114.23134
2026-07-24 14:45:00,114.22882,114.25017,114.21771,114.23779
2026-07-24 15:00:00,114.24016,114.30725,114.2133,114.29757
2026-07-24 15:15:00,114.29842,114.32019,114.29483,114.30474
2026-07-24 15:30:00,114.30641,114.34835,114.29169,114.29499
2026-07-24 15:45:00,114.29963,114.3063,114.26791,114.26938
2026-07-24 16:00:00,114.27143,114.2904,114.24371,114.28152
2026-07-24 16:15:00,114.27527,114.32804,114.26919,114.31406
2026-07-24 16:30:00,114.31503,114.35825,114.31177,114.32947
2026-07-24 16:45:00,114.33963,114.36423,114.31078,114.352
2026-07-24 17:00:00,114.35378,114.3975,114.35363,114.35832
2026-07-24 17:15:00,114.36547,114.41742,114.36103,114.40082
2026-07-24 17:30:00,114.40253,114.41142,114.35663,114.36944
2026-07-24 17:45:00,114.36095,114.39979,114.36095,114.39059
2026-07-24 18:00:00,114.39105,114.42553,114.37391,114.42251
2026-07-24 18:15:00,114.41826,114.4345,114.3953,114.42802
2026-07-24 18:30:00,114.42405,114.44698,114.41361,114.44405
2026-07-24 18:45:00,114.44138,114.4532,114.42266,114.42556
2026-07-24 19:00:00,114.43008,114.45524,114.41733,114.41847
2026-07-24 19:15:00,114.41994,114.44512,114.40064,114.44336
2026-07-24 19:30:00,114.43955,114.45095,114.4156,114.42896
2026-07-24 19:45:00,114.42506,114.44137,114.41408,114.43908
2026-07-24 20:00:00,114.43328,114.48518,114.43235,114.48151
2026-07-24 20:15:00,114.4821,114.52817,114.47416,114.52573
2026-07-24 20:30:00,114.52296,114.5347,114.51359,114.51531
2026-07-24 20:45:00,114.51541,114.5258,114.50163,114.52463
2026-07-24 21:00:00,114.52074,114.53937,114.51455,114.52391
2026-07-24 21:15:00,114.52428,114.53696,114.48673,114.49737
2026-07-24 21:30:00,114.49406,114.49604,114.46884,114.48185
2026-07-24 21:45:00,114.47975,114.49323,114.44751,114.47696
2026-07-24 22:00:00,114.45627,114.51129,114.44424,114.46477
2026-07-24 22:15:00,114.46802,114.47183,114.41359,114.41481
2026-07-24 22:30:00,114.41692,114.42652,114.29274,114.29507
2026-07-24 22:45:00,114.29779,114.32145,114.28561,114.3087
2026-07-24 23:00:00,114.30823,114.33133,114.29413,114.32322
2026-07-24 23:15:00,114.31947,114.33119,114.30824,114.32965
2026-07-24 23:30:00,114.32724,114.32737,114.26578,114.29871
2026-07-24 23:45:00,114.29943,114.31724,114.27266,114.28666
2026-07-25 00:00:00,114.28174,114.36833,114.27451,114.36252
2026-07-25 00:15:00,114.35133,114.40581,114.32146,114.36523
2026-07-25 00:30:00,114.36989,114.37839,114.34706,114.37016
2026-07-25 00:45:00,114.36237,114.43481,114.35686,114.41363
2026-07-25 01:00:00,114.41262,114.53609,114.41262,114.48946
2026-07-25 01:15:00,114.49067,114.56873,114.46533,114.48959
2026-07-25 01:30:00,114.48645,114.50879,114.45807,114.47056
2026-07-25 01:45:00,114.47599,114.52697,114.46148,114.5247
2026-07-25 02:00:00,114.51592,114.55203,114.50455,114.52494
2026-07-25 02:15:00,114.5236,114.52724,114.49856,114.51449
2026-07-25 02:30:00,114.51839,114.53087,114.47744,114.4792
2026-07-25 02:45:00,114.48062,114.50189,114.45029,114.50141
2026-07-25 03:00:00,114.49833,114.51182,114.43466,114.45957
2026-07-25 03:15:00,114.45511,114.46617,114.44036,114.46187
2026-07-25 03:30:00,114.46069,114.48254,114.44294,114.44908
2026-07-25 03:45:00,114.44584,114.46085,114.43092,114.4435
2026-07-25 04:00:00,114.44381,114.44888,114.43615,114.44648
2026-07-25 04:15:00,114.44339,114.44456,114.41165,114.41635
2026-07-25 04:30:00,114.41737,114.42604,114.3962,114.40098
2026-07-25 04:45:00,114.39867,114.4192,114.38056,114.40547
2026-07-25 05:00:00,114.40555,114.4114,114.36577,114.38707
2026-07-25 05:15:00,114.3823,114.38982,114.35684,114.36241
2026-07-25 05:30:00,114.36353,114.39725,114.36353,114.3897
2026-07-25 05:45:00,114.38582,114.38962,114.35245,114.37615
2026-07-25 06:00:00,114.37269,114.37954,114.34778,114.36184
2026-07-25 06:15:00,114.35814,114.38853,114.35814,114.38582
2026-07-25 06:30:00,114.38487,114.39607,114.3687,114.3728
2026-07-25 06:45:00,114.37724,114.43381,114.37309,114.43132
2026-07-25 07:00:00,114.42594,114.42719,114.26648,114.3443
2026-07-25 07:15:00,114.3385,114.35263,114.32119,114.32567
2026-07-25 07:30:00,114.33253,114.3578,114.32169,114.34868
2026-07-25 07:45:00,114.34268,114.37539,114.3133,114.33813
2026-07-25 08:00:00,114.3292,114.35931,114.32813,114.34393
2026-07-25 08:15:00,114.34156,114.34668,114.33987,114.34333
2026-07-25 08:30:00,114.34157,114.34671,114.33997,114.34103
2026-07-25 08:45:00,114.34157,114.34835,114.33972,114.3411
2026-07-25 09:00:00,114.34133,114.38301,114.30681,114.34828
2026-07-25 09:15:00,114.34386,114.35405,114.30831,114.32064
2026-07-25 09:30:00,114.3185,114.34668,114.3177,114.3411
2026-07-25 09:45:00,114.34133,114.34647,114.33962,114.34079
2026-07-25 10:00:00,114.34133,114.42374,114.327,114.42244
2026-07-25 10:15:00,114.41757,114.44886,114.40946,114.42834
2026-07-25 10:30:00,114.42582,114.43304,114.4256,114.42721
2026-07-25 10:45:00,114.42724,114.43737,114.40718,114.4264
2026-07-25 11:00:00,114.42711,114.43661,114.41296,114.42866
2026-07-25 11:15:00,114.42717,114.43242,114.41548,114.42967
2026-07-25 11:30:00,114.42718,114.43232,114.3456,114.42092
2026-07-25 11:45:00,114.41625,114.43376,114.41625,114.42659
2026-07-25 12:00:00,114.42753,114.43477,114.41303,114.42925
2026-07-25 12:15:00,114.42744,114.43331,114.42606,114.43021
2026-07-25 12:30:00,114.42754,114.4362,114.41206,114.42916
2026-07-25 12:45:00,114.42826,114.43345,114.4105,114.42965
2026-07-25 13:00:00,114.42658,114.43927,114.41067,114.42901
2026-07-25 13:15:00,114.42672,114.43226,114.34622,114.42803
2026-07-25 13:30:00,114.42537,114.43322,114.42393,114.42866
2026-07-25 13:45:00,114.42732,114.43256,114.4145,114.42677
2026-07-25 14:00:00,114.42762,114.43884,114.41345,114.42908
2026-07-25 14:15:00,114.42532,114.43323,114.42532,114.43005
2026-07-25 14:30:00,114.4276,114.43338,114.41368,114.43019
2026-07-25 14:45:00,114.42843,114.43283,114.42588,114.42698
2026-07-25 15:00:00,114.42761,114.43303,114.33763,114.4307
2026-07-25 15:15:00,114.42811,114.4328,114.41615,114.42804
2026-07-25 15:30:00,114.42571,114.43262,114.41852,114.42927
2026-07-25 15:45:00,114.42716,114.43223,114.41365,114.42695
2026-07-25 16:00:00,114.42731,114.43801,114.41333,114.4277
2026-07-25 16:15:00,114.42826,114.43289,114.41686,114.4302
2026-07-25 16:30:00,114.42844,114.48477,114.33748,114.41379
2026-07-25 16:45:00,114.40113,114.43352,114.40113,114.42985
2026-07-25 17:00:00,114.42844,114.43355,114.41415,114.42762
2026-07-25 17:15:00,114.42838,114.43285,114.42625,114.4296
2026-07-25 17:30:00,114.42829,114.43239,114.41608,114.43004
2026-07-25 17:45:00,114.42755,114.4332,114.41606,114.42627
2026-07-25 18:00:00,114.42417,114.43269,114.42417,114.42632
2026-07-25 18:15:00,114.42718,114.45718,114.3412,114.42871
2026-07-25 18:30:00,114.42644,114.43214,114.42543,114.42969
2026-07-25 18:45:00,114.42714,114.43252,114.41367,114.42818
2026-07-25 19:00:00,114.42713,114.43173,114.41292,114.42494
2026-07-25 19:15:00,114.42114,114.43196,114.42114,114.42935
2026-07-25 19:30:00,114.4269,114.43852,114.41046,114.43052
2026-07-25 19:45:00,114.42798,114.43359,114.4267,114.42993
2026-07-25 20:00:00,114.42844,114.44339,114.34887,114.37175
2026-07-25 20:15:00,114.3724,114.37766,114.37071,114.37247
2026-07-25 20:30:00,114.37253,114.43189,114.37079,114.43121
2026-07-25 20:45:00,114.42882,114.43485,114.41763,114.43064
2026-07-25 21:00:00,114.42875,114.43805,114.41831,114.4284
2026-07-25 21:15:00,114.42893,114.43455,114.41683,114.43258
2026-07-25 21:30:00,114.42961,114.4349,114.31279,114.3262
2026-07-25 21:45:00,114.3492,114.35435,114.34749,114.35149
2026-07-25 22:00:00,114.3492,114.35857,114.34829,114.35352
2026-07-25 22:15:00,114.35352,114.35864,114.35185,114.35284
2026-07-25 22:30:00,114.35352,114.36205,114.35216,114.35849
2026-07-25 22:45:00,114.35697,114.36474,114.35406,114.36222
2026-07-25 23:00:00,114.35974,114.36488,114.35816,114.36089
2026-07-25 23:15:00,114.35974,114.3795,114.29431,114.31254
2026-07-25 23:30:00,114.31338,114.37147,114.30646,114.3541
2026-07-25 23:45:00,114.35219,114.36463,114.35146,114.36234
2026-07-26 00:00:00,114.35977,114.43499,114.35374,114.41502
2026-07-26 00:15:00,114.41824,114.43352,114.41743,114.42767
2026-07-26 00:30:00,114.42853,114.43352,114.40464,114.41175
2026-07-26 00:45:00,114.40951,114.42137,114.40788,114.41972
2026-07-26 01:00:00,114.41716,114.47369,114.30931,114.34992
2026-07-26 01:15:00,114.34859,114.43523,114.34602,114.41703
2026-07-26 01:30:00,114.42047,114.43495,114.42047,114.43253
2026-07-26 01:45:00,114.42997,114.43514,114.41529,114.43152
2026-07-26 02:00:00,114.42901,114.43485,114.40828,114.4315
2026-07-26 02:15:00,114.42987,114.4372,114.41446,114.42884
2026-07-26 02:30:00,114.4295,114.43445,114.36755,114.4295
2026-07-26 02:45:00,114.42141,114.43238,114.33034,114.43184
2026-07-26 03:00:00,114.42974,114.43364,114.4096,114.42539
2026-07-26 03:15:00,114.42307,114.43441,114.42307,114.42945
2026-07-26 03:30:00,114.4298,114.44169,114.41206,114.42715
2026-07-26 03:45:00,114.42759,114.4345,114.41375,114.42687
2026-07-26 04:00:00,114.425,114.43541,114.38722,114.43256
2026-07-26 04:15:00,114.43026,114.436,114.3295,114.36884
2026-07-26 04:30:00,114.36737,114.39713,114.34545,114.38827
2026-07-26 04:45:00,114.38899,114.39414,114.38409,114.38801
2026-07-26 05:00:00,114.38646,114.40647,114.36302,114.39867
2026-07-26 05:15:00,114.39532,114.40404,114.38476,114.40264
2026-07-26 05:30:00,114.39954,114.41154,114.39329,114.40559
2026-07-26 05:45:00,114.40643,114.42359,114.40166,114.4204
2026-07-26 06:00:00,114.41847,114.43455,114.29833,114.43251
2026-07-26 06:15:00,114.42994,114.43511,114.42093,114.43243
2026-07-26 06:30:00,114.42996,114.43389,114.4143,114.42434
2026-07-26 06:45:00,114.42597,114.44191,114.41215,114.42041
2026-07-26 07:00:00,114.41808,114.43599,114.40141,114.43409
2026-07-26 07:15:00,114.43155,114.43672,114.40881,114.41352
2026-07-26 07:30:00,114.41216,114.4354,114.41091,114.4295
2026-07-26 07:45:00,114.43035,114.49033,114.33801,114.42982
2026-07-26 08:00:00,114.4302,114.43429,114.41097,114.43171
2026-07-26 08:15:00,114.4292,114.43559,114.42858,114.43192
2026-07-26 08:30:00,114.43018,114.43359,114.4153,114.42916
2026-07-26 08:45:00,114.42972,114.43431,114.42625,114.42762
2026-07-26 09:00:00,114.42783,114.43813,114.40479,114.43166
2026-07-26 09:15:00,114.42952,114.49093,114.31405,114.41329
2026-07-26 09:30:00,114.40871,114.43249,114.40387,114.43037
2026-07-26 09:45:00,114.42877,114.43348,114.41374,114.43002
2026-07-26 10:00:00,114.42697,114.43289,114.42538,114.4317
2026-07-26 10:15:00,114.42993,114.42993,114.41218,114.4247
2026-07-26 10:30:00,114.42232,114.43256,114.40733,114.41334
2026-07-26 10:45:00,114.41194,114.42613,114.40717,114.41584
2026-07-26 11:00:00,114.41659,114.4423,114.312,114.3454
2026-07-26 11:15:00,114.34364,114.34876,114.34197,114.3462
2026-07-26 11:30:00,114.34364,114.35418,114.33773,114.34993
2026-07-26 11:45:00,114.34907,114.35991,114.34732,114.35405
2026-07-26 12:00:00,114.35491,114.36006,114.3532,114.35707
2026-07-26 12:15:00,114.35491,114.36313,114.35397,114.36065
2026-07-26 12:30:00,114.35809,114.43567,114.34844,114.43064
2026-07-26 12:45:00,114.42961,114.43413,114.34721,114.42853
2026-07-26 13:00:00,114.42936,114.43799,114.41679,114.43103
2026-07-26 13:15:00,114.42813,114.43453,114.42778,114.43188
2026-07-26 13:30:00,114.42938,114.43568,114.41768,114.43211
2026-07-26 13:45:00,114.43063,114.43571,114.42894,114.42995
2026-07-26 14:00:00,114.43065,114.43576,114.41853,114.43339
2026-07-26 14:15:00,114.43065,114.43837,114.35009,114.41782
2026-07-26 14:30:00,114.41243,114.43492,114.41243,114.43033
2026-07-26 14:45:00,114.4284,114.43819,114.41528,114.43101
2026-07-26 15:00:00,114.42887,114.43458,114.41943,114.42828
2026-07-26 15:15:00,114.42539,114.43001,114.40901,114.42781
2026-07-26 15:30:00,114.4258,114.43086,114.40967,114.41807
2026-07-26 15:45:00,114.41383,114.43095,114.41383,114.42584
2026-07-26 16:00:00,114.42596,114.46983,114.3481,114.43175
2026-07-26 16:15:00,114.42838,114.43483,114.42723,114.43101
2026-07-26 16:30:00,114.42914,114.43636,114.41772,114.43241
2026-07-26 16:45:00,114.42998,114.43512,114.41607,114.42859
2026-07-26 17:00:00,114.42658,114.43511,114.42658,114.42916
2026-07-26 17:15:00,114.42996,114.43454,114.41584,114.4278
2026-07-26 17:30:00,114.42604,114.43407,114.4257,114.43186
2026-07-26 17:45:00,114.42931,114.5077,114.31362,114.38434
2026-07-26 18:00:00,114.38352,114.3888,114.38085,114.38162
2026-07-26 18:15:00,114.38237,114.3866,114.37958,114.38336
2026-07-26 18:30:00,114.38111,114.40731,114.37783,114.39427
2026-07-26 18:45:00,114.39172,114.39682,114.38881,114.3917
2026-07-26 19:00:00,114.39045,114.39294,114.38544,114.38637
2026-07-26 19:15:00,114.38715,114.3923,114.30013,114.33099
2026-07-26 19:30:00,114.32833,114.37832,114.3241,114.36465
2026-07-26 19:45:00,114.36225,114.37471,114.36057,114.37132
2026-07-26 20:00:00,114.36962,114.37476,114.368,114.36905
2026-07-26 20:15:00,114.36962,114.39965,114.34768,114.39018
2026-07-26 20:30:00,114.39033,114.39534,114.38861,114.3935
2026-07-26 20:45:00,114.39132,114.39646,114.38963,114.39336
2026-07-26 21:00:00,114.39132,114.39643,114.38965,114.39102
2026-07-26 21:15:00,114.39132,114.39645,114.38962,114.39085
2026-07-26 21:30:00,114.39132,114.47755,114.18801,114.25901
2026-07-26 21:45:00,114.25736,114.26246,114.25567,114.25979
2026-07-26 22:00:00,114.25736,114.2625,114.25575,114.25865
2026-07-26 22:15:00,114.25736,114.2813,114.25565,114.27519
2026-07-26 22:30:00,114.276,114.28089,114.27329,114.27759
2026-07-26 22:45:00,114.27566,114.28014,114.27233,114.27658
2026-07-26 23:00:00,114.27404,114.27909,114.2723,114.27487
2026-07-26 23:15:00,114.27399,114.51779,114.18758,114.24487
2026-07-26 23:30:00,114.24572,114.25365,114.2433,114.25069
2026-07-26 23:45:00,114.24851,114.25356,114.2468,114.25106
2026-07-27 00:00:00,114.24851,114.4336,114.24768,114.41779
2026-07-27 00:15:00,114.41689,114.42168,114.41376,114.41379
2026-07-27 00:30:00,114.4146,114.42045,114.41255,114.41844
2026-07-27 00:45:00,114.41599,114.43135,114.40374,114.42368
2026-07-27 01:00:00,114.42037,114.43398,114.2318,114.41866
2026-07-27 01:15:00,114.41447,114.42903,114.41447,114.42207
2026-07-27 01:30:00,114.42278,114.43175,114.42222,114.4296
2026-07-27 01:45:00,114.42672,114.43115,114.42437,114.42795
2026-07-27 02:00:00,114.42557,114.44039,114.4076,114.40977
2026-07-27 02:15:00,114.41239,114.43302,114.40569,114.42708
2026-07-27 02:30:00,114.42778,114.4347,114.24696,114.37315
2026-07-27 02:45:00,114.35563,114.43367,114.35563,114.42338
2026-07-27 03:00:00,114.41985,114.44986,114.39013,114.43192
2026-07-27 03:15:00,114.42982,114.43411,114.41439,114.43118
2026-07-27 03:30:00,114.42914,114.43776,114.41919,114.4203
2026-07-27 03:45:00,114.42331,114.43539,114.42331,114.43208
2026-07-27 04:00:00,114.4303,114.44745,114.39966,114.43303
2026-07-27 04:15:00,114.43067,114.43541,114.2561,114.40926
2026-07-27 04:30:00,114.41355,114.43143,114.40432,114.42576
2026-07-27 04:45:00,114.42308,114.45373,114.17482,114.41971
2026-07-27 05:00:00,114.44146,114.65706,114.31853,114.51191
2026-07-27 05:15:00,114.48027,114.50528,114.36572,114.42602
2026-07-27 05:30:00,114.39743,114.64307,114.35863,114.43735
2026-07-27 05:45:00,114.43842,114.67976,114.37374,114.50997
2026-07-27 06:00:00,114.49774,114.56936,114.38993,114.49459
2026-07-27 06:15:00,114.4648,114.58514,114.3657,114.54637
2026-07-27 06:30:00,114.52196,114.56114,114.37204,114.49526
2026-07-27 06:45:00,114.5078,114.59257,114.41669,114.42608
2026-07-27 07:00:00,114.44392,114.58535,114.43567,114.5724
2026-07-27 07:15:00,114.55805,114.71168,114.55805,114.59407
2026-07-27 07:30:00,114.6181,114.64442,114.49322,114.6331
2026-07-27 07:45:00,114.60568,114.64503,114.53209,114.58906
2026-07-27 08:00:00,114.57905,114.63929,114.51703,114.54132
2026-07-27 08:15:00,114.53437,114.5639,114.51215,114.5342
2026-07-27 08:30:00,114.5393,114.5393,114.45986,114.46187
2026-07-27 08:45:00,114.4677,114.48191,114.44327,114.45176
2026-07-27 09:00:00,114.45338,114.48367,114.44585,114.45969
2026-07-27 09:15:00,114.46019,114.47078,114.43204,114.43778
2026-07-27 09:30:00,114.43507,114.4964,114.43073,114.49352
2026-07-27 09:45:00,114.48787,114.49367,114.43973,114.44223
2026-07-27 10:00:00,114.448,114.49473,114.43967,114.47904
2026-07-27 10:15:00,114.47032,114.50131,114.44851,114.49211
2026-07-27 10:30:00,114.49249,114.5085,114.45063,114.45167
2026-07-27 10:45:00,114.45311,114.50665,114.44058,114.46123
2026-07-27 11:00:00,114.46502,114.4678,114.43639,114.46564
2026-07-27 11:15:00,114.46013,114.48682,114.44345,114.45229
2026-07-27 11:30:00,114.44961,114.47608,114.40509,114.4585
2026-07-27 11:45:00,114.45601,114.52428,114.43652,114.5148
2026-07-27 12:00:00,114.50226,114.5405,114.48893,114.50371
2026-07-27 12:15:00,114.50711,114.51626,114.46236,114.49259
2026-07-27 12:30:00,114.48945,114.50026,114.46971,114.49582
2026-07-27 12:45:00,114.49481,114.49481,114.46457,114.48984
2026-07-27 13:00:00,114.48539,114.49885,114.46369,114.47835
2026-07-27 13:15:00,114.47367,114.50183,114.47367,114.47957
2026-07-27 13:30:00,114.48661,114.48661,114.42955,114.46502
2026-07-27 13:45:00,114.45972,114.48445,114.45972,114.47792
2026-07-27 14:00:00,114.47664,114.49534,114.44697,114.45689
2026-07-27 14:15:00,114.45536,114.46727,114.4217,114.42313
2026-07-27 14:30:00,114.42323,114.47915,114.41326,114.47661
2026-07-27 14:45:00,114.47123,114.47123,114.44466,114.46202
2026-07-27 15:00:00,114.46045,114.50932,114.44302,114.50437
2026-07-27 15:15:00,114.50209,114.52979,114.49906,114.52163
2026-07-27 15:30:00,114.51841,114.54586,114.50418,114.54074
2026-07-27 15:45:00,114.53842,114.57945,114.53156,114.55983
2026-07-27 16:00:00,114.5615,114.58363,114.5399,114.55546
2026-07-27 16:15:00,114.559,114.59585,114.52172,114.59249
2026-07-27 16:30:00,114.58339,114.66145,114.58339,114.63645
2026-07-27 16:45:00,114.63892,114.64051,114.571,114.59234
2026-07-27 17:00:00,114.58561,114.58735,114.52814,114.58209
2026-07-27 17:15:00,114.57885,114.59669,114.46798,114.47628
2026-07-27 17:30:00,114.49135,114.49135,114.41183,114.43741
2026-07-27 17:45:00,114.44295,114.49531,114.44295,114.49256
2026-07-27 18:00:00,114.48939,114.51698,114.47612,114.48564
2026-07-27 18:15:00,114.48947,114.50733,114.47345,114.50633
2026-07-27 18:30:00,114.50366,114.5167,114.48378,114.49004
2026-07-27 18:45:00,114.50189,114.5268,114.47697,114.52459
2026-07-27 19:00:00,114.52258,114.53193,114.48348,114.50969
2026-07-27 19:15:00,114.51267,114.53634,114.50947,114.53425
2026-07-27 19:30:00,114.53154,114.54646,114.5181,114.53381
2026-07-27 19:45:00,114.5286,114.54966,114.50042,114.51808
2026-07-27 20:00:00,114.51525,114.54949,114.50367,114.52376
2026-07-27 20:15:00,114.51859,114.55025,114.51529,114.52288
2026-07-27 20:30:00,114.52363,114.58217,114.52242,114.58028
2026-07-27 20:45:00,114.57504,114.58616,114.54291,114.55517
2026-07-27 21:00:00,114.55337,114.57639,114.54464,114.57244
2026-07-27 21:15:00,114.56664,114.59086,114.56398,114.58841
2026-07-27 21:30:00,114.58446,114.615,114.53203,114.53587
2026-07-27 21:45:00,114.54226,114.54226,114.50643,114.52191
2026-07-27 22:00:00,114.51483,114.57176,114.50676,114.50903
2026-07-27 22:15:00,114.51255,114.51255,114.49128,114.50134
2026-07-27 22:30:00,114.49981,114.51134,114.47893,114.50428
2026-07-27 22:45:00,114.48815,114.54979,114.48815,114.54752
2026-07-27 23:00:00,114.54526,114.54526,114.49802,114.52344
2026-07-27 23:15:00,114.5267,114.53108,114.50332,114.5178
2026-07-27 23:30:00,114.52002,114.60619,114.51262,114.56908
2026-07-27 23:45:00,114.57464,114.62228,114.54328,114.56006
2026-07-28 00:00:00,114.55381,114.57135,114.51753,114.54226
2026-07-28 00:15:00,114.53549,114.56433,114.47234,114.47425
2026-07-28 00:30:00,114.47724,114.50184,114.40002,114.40308
2026-07-28 00:45:00,114.40889,114.4914,114.40889,114.48901
2026-07-28 01:00:00,114.482,114.49393,114.4596,114.46557
2026-07-28 01:15:00,114.46613,114.50558,114.45044,114.45157
2026-07-28 01:30:00,114.45527,114.47436,114.4156,114.43804
2026-07-28 01:45:00,114.43629,114.49073,114.42775,114.49015
2026-07-28 02:00:00,114.48764,114.49219,114.44891,114.48595
2026-07-28 02:15:00,114.47839,114.51312,114.45383,114.49976
2026-07-28 02:30:00,114.49755,114.50875,114.4867,114.48925
2026-07-28 02:45:00,114.49124,114.50488,114.45808,114.47357
2026-07-28 03:00:00,114.47004,114.48308,114.40795,114.43402
2026-07-28 03:15:00,114.43113,114.43803,114.39994,114.40173
2026-07-28 03:30:00,114.40351,114.43243,114.38708,114.40385
2026-07-28 03:45:00,114.40676,114.43755,114.40676,114.43406
2026-07-28 04:00:00,114.42491,114.44324,114.41297,114.42126
2026-07-28 04:15:00,114.41836,114.42538,114.4008,114.42442
2026-07-28 04:30:00,114.4225,114.43052,114.39065,114.41392
2026-07-28 04:45:00,114.41986,114.45899,114.40231,114.4555
2026-07-28 05:00:00,114.44728,114.47473,114.44535,114.45982
2026-07-28 05:15:00,114.46398,114.47746,114.45355,114.47273
2026-07-28 05:30:00,114.46968,114.49371,114.46389,114.48787
2026-07-28 05:45:00,114.4853,114.49808,114.46004,114.49569
2026-07-28 06:00:00,114.49034,114.5043,114.46974,114.4789
2026-07-28 06:15:00,114.4764,114.48733,114.45068,114.45973
2026-07-28 06:30:00,114.45846,114.46871,114.44913,114.46506
2026-07-28 06:45:00,114.46529,114.46752,114.44467,114.45951
2026-07-28 07:00:00,114.4577,114.53088,114.39081,114.45301
2026-07-28 07:15:00,114.45041,114.46344,114.43117,114.45275
2026-07-28 07:30:00,114.45097,114.47493,114.41257,114.44006
2026-07-28 07:45:00,114.43483,114.48905,114.42285,114.48633
2026-07-28 08:00:00,114.48162,114.49475,114.4195,114.43724
2026-07-28 08:15:00,114.43505,114.44901,114.43219,114.44593
2026-07-28 08:30:00,114.44397,114.44721,114.42675,114.42757
2026-07-28 08:45:00,114.42897,114.43319,114.42378,114.43014
2026-07-28 09:00:00,114.42756,114.43268,114.38221,114.39238
2026-07-28 09:15:00,114.38661,114.40854,114.38661,114.40387
2026-07-28 09:30:00,114.39871,114.40967,114.39337,114.39666
2026-07-28 09:45:00,114.39567,114.437,114.38065,114.42031
2026-07-28 10:00:00,114.42643,114.43971,114.37854,114.38904
2026-07-28 10:15:00,114.39267,114.39679,114.36094,114.38626
2026-07-28 10:30:00,114.3812,114.47627,114.37557,114.47522
2026-07-28 10:45:00,114.47245,114.47245,114.40292,114.45441
2026-07-28 11:00:00,114.4585,114.49327,114.43897,114.44723
2026-07-28 11:15:00,114.45035,114.48637,114.41265,114.48084
2026-07-28 11:30:00,114.46405,114.54926,114.46405,114.49648
2026-07-28 11:45:00,114.49992,114.50165,114.45238,114.47486
2026-07-28 12:00:00,114.47645,114.54847,114.4711,114.54605
2026-07-28 12:15:00,114.54407,114.56728,114.50502,114.50828
2026-07-28 12:30:00,114.51159,114.53581,114.49228,114.49608
2026-07-28 12:45:00,114.50234,114.51003,114.47211,114.49394
2026-07-28 13:00:00,114.49722,114.514,114.36887,114.41807
2026-07-28 13:15:00,114.4172,114.47237,114.39795,114.44374
2026-07-28 13:30:00,114.44488,114.51646,114.32652,114.37051
2026-07-28 13:45:00,114.36405,114.40586,114.32136,114.33254
2026-07-28 14:00:00,114.32764,114.34684,114.20252,114.21669
2026-07-28 14:15:00,114.21316,114.23601,114.15084,114.18595
2026-07-28 14:30:00,114.18186,114.21475,114.164,114.18262
2026-07-28 14:45:00,114.17749,114.20287,114.15096,114.1617
2026-07-28 15:00:00,114.15923,114.17748,114.0885,114.09176
2026-07-28 15:15:00,114.09399,114.10097,114.03974,114.05425
2026-07-28 15:30:00,114.05032,114.12539,114.0492,114.12147
2026-07-28 15:45:00,114.11004,114.12738,114.07066,114.07668
2026-07-28 16:00:00,114.07766,114.08255,114.02537,114.0751
2026-07-28 16:15:00,114.06902,114.13197,114.05655,114.12677
2026-07-28 16:30:00,114.11621,114.16167,114.11554,114.13628
2026-07-28 16:45:00,114.1336,114.17684,114.11903,114.1381
2026-07-28 17:00:00,114.14573,114.18866,114.11251,114.16066
2026-07-28 17:15:00,114.16641,114.23719,114.16608,114.19502
2026-07-28 17:30:00,114.19865,114.19865,114.15658,114.17102
2026-07-28 17:45:00,114.16702,114.16702,114.11165,114.14266
2026-07-28 18:00:00,114.143,114.19973,114.09594,114.10319
2026-07-28 18:15:00,114.12228,114.22101,114.12228,114.20792
2026-07-28 18:30:00,114.20445,114.22192,114.18868,114.21922
2026-07-28 18:45:00,114.20996,114.23843,114.19548,114.23603
2026-07-28 19:00:00,114.23318,114.26227,114.21701,114.21986
2026-07-28 19:15:00,114.22188,114.25797,114.22188,114.24941
2026-07-28 19:30:00,114.25023,114.25801,114.21443,114.22358
2026-07-28 19:45:00,114.23457,114.23457,114.14567,114.15128
2026-07-28 20:00:00,114.16144,114.16144,114.13233,114.15237
2026-07-28 20:15:00,114.14631,114.1888,114.14526,114.18598
2026-07-28 20:30:00,114.18173,114.21025,114.16354,114.16801
2026-07-28 20:45:00,114.17283,114.20471,114.15796,114.19235
2026-07-28 21:00:00,114.1982,114.199,114.15615,114.16841
2026-07-28 21:15:00,114.17193,114.20353,114.15489,114.15718
2026-07-28 21:30:00,114.16111,114.20022,114.14954,114.18388
2026-07-28 21:45:00,114.18165,114.20706,114.16128,114.19596
2026-07-28 22:00:00,114.1993,114.23726,114.17557,114.22392
2026-07-28 22:15:00,114.22028,114.22549,114.20335,114.21413
2026-07-28 22:30:00,114.21506,114.21948,114.18307,114.21817
2026-07-28 22:45:00,114.21487,114.24118,114.21422,114.22524
2026-07-28 23:00:00,114.22765,114.26634,114.20666,114.25094
2026-07-28 23:15:00,114.25355,114.27312,114.24318,114.25253
2026-07-28 23:30:00,114.24979,114.25887,114.16955,114.18016
2026-07-28 23:45:00,114.18211,114.21521,114.13886,114.1901
2026-07-29 00:00:00,114.18988,114.2595,114.18146,114.22041
2026-07-29 00:15:00,114.23063,114.23063,114.10366,114.19135
2026-07-29 00:30:00,114.19385,114.21192,114.18069,114.20733
2026-07-29 00:45:00,114.1997,114.2182,114.17295,114.17568
2026-07-29 01:00:00,114.17935,114.23407,114.13026,114.22856
2026-07-29 01:15:00,114.21487,114.26301,114.19565,114.24358
2026-07-29 01:30:00,114.24884,114.30237,114.22354,114.26075
2026-07-29 01:45:00,114.24732,114.28956,114.24732,114.2865
2026-07-29 02:00:00,114.2801,114.33104,114.27219,114.32803
2026-07-29 02:15:00,114.32579,114.34782,114.32333,114.34605
2026-07-29 02:30:00,114.34325,114.35103,114.29972,114.30302
2026-07-29 02:45:00,114.30777,114.34848,114.30436,114.34019
2026-07-29 03:00:00,114.33905,114.3462,114.28233,114.2875
2026-07-29 03:15:00,114.28758,114.35165,114.2841,114.29831
2026-07-29 03:30:00,114.29981,114.30502,114.26082,114.2621
2026-07-29 03:45:00,114.26429,114.27361,114.25545,114.25771
2026-07-29 04:00:00,114.26042,114.27985,114.2406,114.25653
2026-07-29 04:15:00,114.24509,114.28183,114.24509,114.25633
2026-07-29 04:30:00,114.25516,114.28487,114.2498,114.27161
2026-07-29 04:45:00,114.27608,114.296,114.27317,114.29426
2026-07-29 05:00:00,114.29018,114.32393,114.29018,114.29518
2026-07-29 05:15:00,114.29431,114.33811,114.29431,114.31563
2026-07-29 05:30:00,114.31583,114.32497,114.29365,114.29464
2026-07-29 05:45:00,114.298,114.31482,114.28504,114.29839
2026-07-29 06:00:00,114.29299,114.30265,114.28382,114.29872
2026-07-29 06:15:00,114.2961,114.29915,114.2664,114.276
2026-07-29 06:30:00,114.27518,114.2998,114.27518,114.29114
2026-07-29 06:45:00,114.29348,114.30174,114.26754,114.28281
2026-07-29 07:00:00,114.27711,114.34235,114.22876,114.34035
2026-07-29 07:15:00,114.33366,114.3415,114.24855,114.25441
2026-07-29 07:30:00,114.26507,114.30139,114.24393,114.27766
2026-07-29 07:45:00,114.27365,114.31903,114.23641,114.28978
2026-07-29 08:00:00,114.29603,114.29603,114.27198,114.28654
2026-07-29 08:15:00,114.28478,114.29166,114.22932,114.24326
2026-07-29 08:30:00,114.24011,114.27096,114.23065,114.24344
2026-07-29 08:45:00,114.24179,114.26969,114.23432,114.25966
2026-07-29 09:00:00,114.25567,114.28638,114.24389,114.28294
2026-07-29 09:15:00,114.27411,114.31772,114.27411,114.3151
2026-07-29 09:30:00,114.31257,114.32111,114.29779,114.30199
2026-07-29 09:45:00,114.30319,114.33772,114.28067,114.28336
2026-07-29 10:00:00,114.28496,114.31091,114.24734,114.26719
2026-07-29 10:15:00,114.26624,114.2753,114.22345,114.25816
2026-07-29 10:30:00,114.25599,114.26141,114.19672,114.19969
2026-07-29 10:45:00,114.20423,114.23911,114.10267,114.10571
2026-07-29 11:00:00,114.1107,114.1575,114.08709,114.10098
2026-07-29 11:15:00,114.0999,114.17218,114.08537,114.15167
2026-07-29 11:30:00,114.15561,114.15561,113.63132,113.79262
2026-07-29 11:45:00,113.77542,113.81219,113.71378,113.71575
2026-07-29 12:00:00,113.72152,113.78791,113.7077,113.76033
2026-07-29 12:15:00,113.77153,113.87444,113.75033,113.84093
2026-07-29 12:30:00,113.84447,113.84953,113.75832,113.76038
2026-07-29 12:45:00,113.76193,113.76669,113.71595,113.76409
2026-07-29 13:00:00,113.76166,113.80036,113.7331,113.7651
2026-07-29 13:15:00,113.77147,113.77147,113.68345,113.68597
2026-07-29 13:30:00,113.6894,113.71853,113.66451,113.69753
2026-07-29 13:45:00,113.7078,113.7078,113.65017,113.67252
2026-07-29 14:00:00,113.67106,113.67106,113.5943,113.60658
2026-07-29 14:15:00,113.60335,113.61956,113.53623,113.56207
2026-07-29 14:30:00,113.55888,113.56607,113.46108,113.47323
2026-07-29 14:45:00,113.46998,113.65973,113.4392,113.61792
2026-07-29 15:00:00,113.6203,113.67255,113.61145,113.66359
2026-07-29 15:15:00,113.66428,113.6811,113.57988,113.61597
2026-07-29 15:30:00,113.61444,113.71226,113.60339,113.6932
2026-07-29 15:45:00,113.68924,113.72005,113.67085,113.71612
2026-07-29 16:00:00,113.70649,113.7966,113.70649,113.7742
2026-07-29 16:15:00,113.78045,113.80159,113.70789,113.73702
2026-07-29 16:30:00,113.72788,113.76767,113.70286,113.71581
2026-07-29 16:45:00,113.71362,113.72785,113.68354,113.68561
2026-07-29 17:00:00,113.68723,113.76659,113.67871,113.73151
2026-07-29 17:15:00,113.73646,113.76624,113.68223,113.75995
2026-07-29 17:30:00,113.75022,113.78796,113.70812,113.72864
2026-07-29 17:45:00,113.71797,113.76673,113.6898,113.76101
2026-07-29 18:00:00,113.75103,113.75103,113.65757,113.66044
2026-07-29 18:15:00,113.66475,113.67732,113.59324,113.61154
2026-07-29 18:30:00,113.60666,113.61492,113.57371,113.60559
2026-07-29 18:45:00,113.59749,113.61551,113.58243,113.58623
2026-07-29 19:00:00,113.59209,113.60026,113.5609,113.56189
2026-07-29 19:15:00,113.56341,113.57694,113.53414,113.5715
2026-07-29 19:30:00,113.56415,113.57822,113.52871,113.56913
2026-07-29 19:45:00,113.56103,113.61781,113.56103,113.583
2026-07-29 20:00:00,113.58842,113.61089,113.5653,113.60139
2026-07-29 20:15:00,113.60255,113.63935,113.58283,113.63078
2026-07-29 20:30:00,113.63148,113.63611,113.60132,113.62027
2026-07-29 20:45:00,113.61747,113.62242,113.585,113.59715
2026-07-29 21:00:00,113.59797,113.64364,113.59338,113.64145
2026-07-29 21:15:00,113.6393,113.66778,113.63776,113.66654
2026-07-29 21:30:00,113.66468,113.6715,113.59925,113.60037
2026-07-29 21:45:00,113.60212,113.62332,113.5855,113.62218
2026-07-29 22:00:00,113.61653,113.65196,113.60548,113.61242
2026-07-29 22:15:00,113.60988,113.65274,113.57006,113.65121
2026-07-29 22:30:00,113.64893,113.67931,113.61897,113.66358
2026-07-29 22:45:00,113.66498,113.70735,113.65507,113.70056
2026-07-29 23:00:00,113.68223,113.73711,113.68177,113.69566
2026-07-29 23:15:00,113.69074,113.74461,113.68518,113.73212
2026-07-29 23:30:00,113.73391,113.76187,113.6938,113.69542
2026-07-29 23:45:00,113.69961,113.79226,113.69961,113.79105
2026-07-30 00:00:00,113.78718,113.82925,113.75155,113.75609
2026-07-30 00:15:00,113.76363,113.79383,113.721,113.75866
2026-07-30 00:30:00,113.75311,113.76499,113.68729,113.69354
2026-07-30 00:45:00,113.70194,113.70194,113.47371,113.47842
2026-07-30 01:00:00,113.4862,113.53775,113.46856,113.52444
2026-07-30 01:15:00,113.52476,113.5498,113.48641,113.50612
2026-07-30 01:30:00,113.49919,113.54674,113.48173,113.52908
2026-07-30 01:45:00,113.52773,113.56406,113.52202,113.54526
2026-07-30 02:00:00,113.53799,113.55412,113.47512,113.47837
2026-07-30 02:15:00,113.48295,113.52918,113.4582,113.5278
2026-07-30 02:30:00,113.52391,113.53122,113.4634,113.48483
2026-07-30 02:45:00,113.48342,113.56218,113.47521,113.55957
2026-07-30 03:00:00,113.55698,113.58976,113.54447,113.58813
2026-07-30 03:15:00,113.58415,113.61156,113.57135,113.58221
2026-07-30 03:30:00,113.58736,113.61218,113.56624,113.60959
2026-07-30 03:45:00,113.60593,113.62012,113.56973,113.58604
2026-07-30 04:00:00,113.58363,113.93751,113.57494,113.77036
2026-07-30 04:15:00,113.75693,113.8066,113.68183,113.72649
2026-07-30 04:30:00,113.7192,113.93496,113.59208,113.91849
2026-07-30 04:45:00,113.89646,114.06481,113.89646,114.05737
2026-07-30 05:00:00,114.04431,114.10805,113.95831,114.05707
2026-07-30 05:15:00,114.043,114.13516,113.82414,113.82969
2026-07-30 05:30:00,113.83566,113.87277,113.70538,113.70997
2026-07-30 05:45:00,113.71662,113.72544,113.58983,113.62391
2026-07-30 06:00:00,113.62073,113.70578,113.59638,113.69762
2026-07-30 06:15:00,113.68137,113.68137,113.59259,113.61902
2026-07-30 06:30:00,113.59866,113.66225,113.59866,113.6221
2026-07-30 06:45:00,113.62438,113.67956,113.61573,113.67174
2026-07-30 07:00:00,113.67279,113.70811,113.61162,113.62943
2026-07-30 07:15:00,113.62571,113.64964,113.58876,113.60132
2026-07-30 07:30:00,113.59833,113.64941,113.54485,113.63918
2026-07-30 07:45:00,113.64255,113.64637,113.54398,113.55222
2026-07-30 08:00:00,113.55835,113.72123,113.55282,113.68947
2026-07-30 08:15:00,113.69203,113.70995,113.67516,113.7039
2026-07-30 08:30:00,113.7009,113.72574,113.69385,113.70085
2026-07-30 08:45:00,113.70191,113.71373,113.69025,113.69318
2026-07-30 09:00:00,113.69525,113.74536,113.67601,113.70497
2026-07-30 09:15:00,113.70769,113.70994,113.68314,113.68463
2026-07-30 09:30:00,113.68493,113.70001,113.67765,113.67876
2026-07-30 09:45:00,113.67892,113.7131,113.64279,113.66603
2026-07-30 10:00:00,113.66946,113.72484,113.589,113.72111
2026-07-30 10:15:00,113.71395,113.77314,113.6607,113.76352
2026-07-30 10:30:00,113.74214,113.76072,113.62811,113.63265
2026-07-30 10:45:00,113.64038,113.73484,113.62353,113.72806
2026-07-30 11:00:00,113.71837,113.78827,113.70365,113.70707
2026-07-30 11:15:00,113.71512,113.79233,113.71512,113.79065
2026-07-30 11:30:00,113.78728,113.83659,113.75373,113.83529
2026-07-30 11:45:00,113.831,113.83911,113.78044,113.78742
2026-07-30 12:00:00,113.7842,113.81059,113.77568,113.79394
2026-07-30 12:15:00,113.79126,113.84218,113.76187,113.82046
2026-07-30 12:30:00,113.81758,113.82272,113.74639,113.74906
2026-07-30 12:45:00,113.74991,113.76651,113.69786,113.70148
2026-07-30 13:00:00,113.7076,113.75368,113.69505,113.69751
2026-07-30 13:15:00,113.70179,113.71205,113.6515,113.69422
2026-07-30 13:30:00,113.69071,113.74116,113.6823,113.71187
2026-07-30 13:45:00,113.70962,113.71474,113.65178,113.65622
2026-07-30 14:00:00,113.66358,113.69662,113.64405,113.66393
2026-07-30 14:15:00,113.66521,113.68661,113.64569,113.68507
2026-07-30 14:30:00,113.68147,113.68428,113.64355,113.65278
2026-07-30 14:45:00,113.64808,113.67834,113.63818,113.63992
2026-07-30 15:00:00,113.64206,113.66203,113.60689,113.65954
2026-07-30 15:15:00,113.65586,113.69907,113.65013,113.69602
2026-07-30 15:30:00,113.69038,113.72993,113.69038,113.70366
2026-07-30 15:45:00,113.70073,113.72961,113.64155,113.66164
2026-07-30 16:00:00,113.66484,113.6989,113.64814,113.65074
2026-07-30 16:15:00,113.6558,113.71814,113.6467,113.69975
2026-07-30 16:30:00,113.70184,113.73723,113.68853,113.69124
2026-07-30 16:45:00,113.6936,113.81687,113.69215,113.78843
2026-07-30 17:00:00,113.78867,113.8982,113.78062,113.88537
2026-07-30 17:15:00,113.88326,113.88902,113.81456,113.81753
2026-07-30 17:30:00,113.82155,113.85397,113.77818,113.85036
2026-07-30 17:45:00,113.83977,113.86784,113.81577,113.82429
2026-07-30 18:00:00,113.82161,113.86172,113.80224,113.8223
2026-07-30 18:15:00,113.82673,113.91948,113.82673,113.90239
2026-07-30 18:30:00,113.9048,113.9386,113.87967,113.90187
2026-07-30 18:45:00,113.89947,113.91449,113.8838,113.90474
2026-07-30 19:00:00,113.90253,113.94523,113.88392,113.94077
2026-07-30 19:15:00,113.93346,113.96687,113.92187,113.9478
2026-07-30 19:30:00,113.95437,113.9591,113.89153,113.89642
2026-07-30 19:45:00,113.89719,113.94105,113.86633,113.87104
2026-07-30 20:00:00,113.87906,113.88367,113.76696,113.7743
2026-07-30 20:15:00,113.78693,113.78693,113.518,113.59307
2026-07-30 20:30:00,113.58188,113.61672,113.54654,113.58707
2026-07-30 20:45:00,113.58122,113.65814,113.55669,113.6191
2026-07-30 21:00:00,113.61583,113.63619,113.55154,113.58676
2026-07-30 21:15:00,113.57886,113.69718,113.56938,113.69365
2026-07-30 21:30:00,113.68878,113.75905,113.68637,113.71782
2026-07-30 21:45:00,113.7249,113.74651,113.67787,113.72154
2026-07-30 22:00:00,113.72538,113.78604,113.72538,113.76435
2026-07-30 22:15:00,113.75031,113.7648,113.70683,113.72137
2026-07-30 22:30:00,113.72563,113.73114,113.62687,113.6296
2026-07-30 22:45:00,113.63131,113.67728,113.59746,113.65923
2026-07-30 23:00:00,113.66275,113.68847,113.63429,113.67407
2026-07-30 23:15:00,113.66442,113.69186,113.61215,113.65692
2026-07-30 23:30:00,113.65179,113.73727,112.37308,112.41765
2026-07-30 23:45:00,112.48061,112.85788,112.21843,112.24056
2026-07-31 00:00:00,112.2713,112.28047,111.43466,111.57366
2026-07-31 00:15:00,111.55781,111.6876,110.82849,111.53493
2026-07-31 00:30:00,111.50559,111.95153,111.50559,111.94459
2026-07-31 00:45:00,111.9301,111.94703,111.57375,111.58222
2026-07-31 01:00:00,111.59806,111.78159,111.4562,111.72111
2026-07-31 01:15:00,111.73625,111.7995,111.69035,111.76957
2026-07-31 01:30:00,111.76676,111.8683,111.7595,111.84227
2026-07-31 01:45:00,111.83848,111.99152,111.83047,111.95818
2026-07-31 02:00:00,111.96488,112.05832,111.95688,112.02493
2026-07-31 02:15:00,112.02184,112.06349,112.00771,112.02796
2026-07-31 02:30:00,112.03378,112.12172,112.01972,112.11786
2026-07-31 02:45:00,112.10962,112.17201,112.10064,112.1394
2026-07-31 03:00:00,112.14293,112.20238,112.12631,112.1631
2026-07-31 03:15:00,112.16779,112.28589,112.16432,112.2307
2026-07-31 03:30:00,112.24647,112.24672,111.41027,111.86809
2026-07-31 03:45:00,111.81911,111.82812,111.60144,111.81227
2026-07-31 04:00:00,111.80606,111.83062,111.70943,111.75597
2026-07-31 04:15:00,111.74906,111.81108,111.72048,111.7769
2026-07-31 04:30:00,111.78307,111.80545,111.74962,111.78105
2026-07-31 04:45:00,111.77297,111.80428,111.73192,111.78424
2026-07-31 05:00:00,111.77614,111.92731,111.70607,111.90818
2026-07-31 05:15:00,111.90314,112.02106,111.87562,112.0174
2026-07-31 05:30:00,112.00759,112.10153,112.00759,112.07492
2026-07-31 05:45:00,112.07787,112.11186,111.99128,112.03564
2026-07-31 06:00:00,112.01935,112.10687,112.01727,112.10286
2026-07-31 06:15:00,112.09527,112.15821,112.0863,112.13494
2026-07-31 06:30:00,112.14575,112.16738,112.11078,112.13154
2026-07-31 06:45:00,112.12682,112.19153,112.10502,112.15563
2026-07-31 07:00:00,112.17513,112.17513,111.90691,112.03342
2026-07-31 07:15:00,112.02593,112.05417,112.00453,112.03423
2026-07-31 07:30:00,112.03632,112.11431,112.03632,112.11308
2026-07-31 07:45:00,112.10693,112.14925,112.09459,112.12603
2026-07-31 08:00:00,112.12837,112.24437,112.11693,112.19818
2026-07-31 08:15:00,112.20517,112.29536,112.20235,112.26632
2026-07-31 08:30:00,112.26653,112.29038,112.08821,112.21677
2026-07-31 08:45:00,112.20973,112.25948,112.17235,112.2564
2026-07-31 09:00:00,112.25357,112.32605,112.15242,112.32137
2026-07-31 09:15:00,112.31403,112.36063,112.27615,112.35674
2026-07-31 09:30:00,112.35099,112.52734,112.34848,112.52055
2026-07-31 09:45:00,112.50075,112.55775,112.47783,112.55322
2026-07-31 10:00:00,112.54918,112.69211,112.53842,112.64598
2026-07-31 10:15:00,112.63343,112.67762,112.57626,112.65824
2026-07-31 10:30:00,112.64795,112.87104,112.64795,112.85195
2026-07-31 10:45:00,112.84825,112.9975,112.79807,112.84093
2026-07-31 11:00:00,112.82782,112.96602,112.82782,112.88693
2026-07-31 11:15:00,112.87532,112.90136,112.73721,112.76475
2026-07-31 11:30:00,112.75352,112.83729,112.74995,112.82494
2026-07-31 11:45:00,112.82184,112.90346,112.8028,112.89989
2026-07-31 12:00:00,112.89136,112.90898,112.77222,112.77493
2026-07-31 12:15:00,112.77839,112.78571,112.71022,112.74717
2026-07-31 12:30:00,112.76017,112.83843,112.73427,112.8274
2026-07-31 12:45:00,112.82567,112.86391,112.71816,112.77786
2026-07-31 13:00:00,112.77037,112.98202,112.73916,112.85074
2026-07-31 13:15:00,112.8672,112.95846,112.8425,112.92032
2026-07-31 13:30:00,112.92942,112.97479,112.86641,112.89502
2026-07-31 13:45:00,112.90372,112.90372,112.79652,112.82593
2026-07-31 14:00:00,112.82808,112.91808,112.81732,112.90887
2026-07-31 14:15:00,112.90608,112.99275,112.90402,112.98975
2026-07-31 14:30:00,112.98449,112.99876,112.92753,112.93756
2026-07-31 14:45:00,112.94088,113.00202,112.91338,112.91523
2026-07-31 15:00:00,112.91459,112.9333,112.86366,112.92559
2026-07-31 15:15:00,112.913,112.97098,112.88519,112.9652
2026-07-31 15:30:00,112.9571,112.98015,112.88647,112.95793
2026-07-31 15:45:00,112.9592,112.96343,112.87882,112.90418
2026-07-31 16:00:00,112.8946,112.90384,112.78531,112.84683
2026-07-31 16:15:00,112.8372,112.9186,112.77703,112.82542
2026-07-31 16:30:00,112.8175,112.93181,112.76063,112.86979
2026-07-31 16:45:00,112.85981,112.85981,112.575,112.71075
2026-07-31 17:00:00,112.70582,112.81433,112.67127,112.78696
2026-07-31 17:15:00,112.78239,112.87664,112.71792,112.87275
2026-07-31 17:30:00,112.86745,112.9639,112.86374,112.95552
2026-07-31 17:45:00,112.94006,112.9697,112.68367,112.70594
2026-07-31 18:00:00,112.75556,112.76649,112.65606,112.71109
2026-07-31 18:15:00,112.73605,112.73605,112.62131,112.68582
2026-07-31 18:30:00,112.66962,112.70349,112.48546,112.49325
2026-07-31 18:45:00,112.51073,112.92001,111.68191,111.72444
2026-07-31 19:00:00,111.80104,112.28018,111.71771,112.26283
2026-07-31 19:15:00,112.21804,112.4415,112.21804,112.43182
2026-07-31 19:30:00,112.42492,112.47169,112.30445,112.39691
2026-07-31 19:45:00,112.40051,112.58791,112.37035,112.57994
2026-07-31 20:00:00,112.56316,112.58152,112.48337,112.52504
2026-07-31 20:15:00,112.52183,112.61626,112.48569,112.53084
2026-07-31 20:30:00,112.52441,112.53759,112.46339,112.49717
2026-07-31 20:45:00,112.49308,112.52149,112.4646,112.49339
2026-07-31 21:00:00,112.48428,112.54414,112.47991,112.49868
2026-07-31 21:15:00,112.5035,112.53945,112.45002,112.5085
2026-07-31 21:30:00,112.49926,112.54345,112.45597,112.46274
2026-07-31 21:45:00,112.46783,112.50261,112.4374,112.45317
2026-07-31 22:00:00,112.4483,112.46561,112.4208,112.45416
2026-07-31 22:15:00,112.44805,112.5363,112.42827,112.48647
2026-07-31 22:30:00,112.49059,112.50852,112.44498,112.47483
2026-07-31 22:45:00,112.46458,112.49263,112.44429,112.44689
2026-07-31 23:00:00,112.45119,112.51745,112.42954,112.50761
2026-07-31 23:15:00,112.50391,112.62911,112.03929,112.0693
2026-07-31 23:30:00,112.06772,112.14772,111.71476,111.80563
2026-07-31 23:45:00,111.76386,112.135,111.69645,111.7019
2026-08-01 00:00:00,111.71278,111.88902,111.25582,111.48993
2026-08-01 00:15:00,111.48289,111.63768,111.43479,111.5313
2026-08-01 00:30:00,111.51897,111.86526,111.51854,111.79635
2026-08-01 00:45:00,111.80135,111.96111,111.75012,111.86074
2026-08-01 01:00:00,111.85076,111.9915,111.4799,111.78818
2026-08-01 01:15:00,111.7588,111.83772,111.73427,111.83211
2026-08-01 01:30:00,111.81534,111.90244,111.8095,111.82581
2026-08-01 01:45:00,111.8294,111.86279,111.77472,111.7906
2026-08-01 02:00:00,111.79503,111.87991,111.78329,111.87602
2026-08-01 02:15:00,111.86907,111.88729,111.84225,111.8795
2026-08-01 02:30:00,111.87605,111.91251,111.84739,111.90566
2026-08-01 02:45:00,111.90301,111.95943,111.88682,111.95359
2026-08-01 03:00:00,111.94552,112.09753,111.94552,112.08038
2026-08-01 03:15:00,112.08498,112.14262,111.58876,111.64112
2026-08-01 03:30:00,111.73847,111.7445,111.32564,111.33313
2026-08-01 03:45:00,111.3468,111.86333,111.29506,111.49942
2026-08-01 04:00:00,111.46431,111.72519,111.41315,111.59833
2026-08-01 04:15:00,111.60488,111.73415,111.58933,111.7194
2026-08-01 04:30:00,111.68655,111.78274,111.68655,111.78152
2026-08-01 04:45:00,111.77661,111.92309,111.74698,111.83188
2026-08-01 05:00:00,111.84307,111.90792,111.81782,111.90161
2026-08-01 05:15:00,111.89428,111.97817,111.89362,111.96577
2026-08-01 05:30:00,111.96023,112.06466,111.94776,112.01222
2026-08-01 05:45:00,111.99105,112.03362,111.94959,111.97604
2026-08-01 06:00:00,111.96539,112.01836,111.55917,111.74071
2026-08-01 06:15:00,111.77578,112.02172,111.2259,111.46578
2026-08-01 06:30:00,111.40143,111.41681,110.98826,110.99684
2026-08-01 06:45:00,111.01136,111.14124,110.58311,110.64897
2026-08-01 07:00:00,110.80178,110.80178,110.46199,110.61552
2026-08-01 07:15:00,110.61246,110.64917,110.52769,110.57387
2026-08-01 07:30:00,110.56589,110.66301,110.45881,110.47545
2026-08-01 07:45:00,110.50001,110.6492,110.43228,110.60737
2026-08-01 08:00:00,110.60474,111.13481,110.52006,110.5666
2026-08-01 08:15:00,110.57675,110.68619,110.46757,110.60135
2026-08-01 08:30:00,110.5953,110.6721,110.44854,110.56827
2026-08-01 08:45:00,110.57602,110.63763,110.50074,110.62132
2026-08-01 09:00:00,110.59881,111.04447,110.17321,110.59339
2026-08-01 09:15:00,110.60086,110.68763,110.46334,110.6003
2026-08-01 09:30:00,110.57905,110.64602,110.48635,110.57813
2026-08-01 09:45:00,110.59073,110.64514,110.51061,110.61433
2026-08-01 10:00:00,110.59744,111.14763,110.49617,110.86725
2026-08-01 10:15:00,110.86754,110.89626,110.7709,110.8696
2026-08-01 10:30:00,110.8675,110.87457,110.77193,110.86815
2026-08-01 10:45:00,110.86831,110.89717,110.75342,110.87202
2026-08-01 11:00:00,110.87001,111.30939,110.81428,110.87039
2026-08-01 11:15:00,110.86863,110.88663,110.78092,110.8687
2026-08-01 11:30:00,110.86885,111.06936,110.54234,110.83754
2026-08-01 11:45:00,110.81821,110.87382,110.77893,110.86924
2026-08-01 12:00:00,110.86744,111.01409,110.75881,110.86738
2026-08-01 12:15:00,110.865,110.87438,110.77967,110.86892
2026-08-01 12:30:00,110.86938,110.87575,110.78741,110.87068
2026-08-01 12:45:00,110.87094,110.90397,110.8011,110.86626
2026-08-01 13:00:00,110.86175,111.24027,110.60866,110.8729
2026-08-01 13:15:00,110.8708,110.99644,110.60186,110.87049
2026-08-01 13:30:00,110.86822,110.87556,110.86754,110.869
2026-08-01 13:45:00,110.86956,110.87093,110.78733,110.86969
2026-08-01 14:00:00,110.8683,111.26451,110.65025,110.85851
2026-08-01 14:15:00,110.85237,110.87748,110.85237,110.87374
2026-08-01 14:30:00,110.87265,110.92691,110.79267,110.87217
2026-08-01 14:45:00,110.87302,110.87801,110.87047,110.87498
2026-08-01 15:00:00,110.87273,111.01258,110.84071,110.8746
2026-08-01 15:15:00,110.87227,110.87726,110.79519,110.86102
2026-08-01 15:30:00,110.85584,110.87494,110.85584,110.86916
2026-08-01 15:45:00,110.87004,110.87532,110.77815,110.8723
2026-08-01 16:00:00,110.87018,111.30786,110.83634,110.87563
2026-08-01 16:15:00,110.87326,110.92763,110.79362,110.8746
2026-08-01 16:30:00,110.87308,110.87835,110.66184,110.83873
2026-08-01 16:45:00,110.81718,110.87817,110.81718,110.87288
2026-08-01 17:00:00,110.87314,111.30655,110.78604,110.87421
2026-08-01 17:15:00,110.87197,110.87813,110.86924,110.87515
2026-08-01 17:30:00,110.87349,110.87692,110.80822,110.87232
2026-08-01 17:45:00,110.87277,110.87799,110.7945,110.8625
2026-08-01 18:00:00,110.85592,110.8754,110.85592,110.87166
2026-08-01 18:15:00,110.86971,110.91645,110.63279,110.86873
2026-08-01 18:30:00,110.86629,110.87557,110.86453,110.86974
2026-08-01 18:45:00,110.87013,110.94745,110.74703,110.8742
2026-08-01 19:00:00,110.87176,110.87741,110.80052,110.84158
2026-08-01 19:15:00,110.82172,110.87664,110.82172,110.87417
2026-08-01 19:30:00,110.87178,110.87707,110.76679,110.86661
2026-08-01 19:45:00,110.86547,110.87756,110.86508,110.87179
2026-08-01 20:00:00,110.87258,110.98555,110.66359,110.87396
2026-08-01 20:15:00,110.87215,110.91326,110.78308,110.86118
2026-08-01 20:30:00,110.84955,110.877,110.84955,110.87296
2026-08-01 20:45:00,110.87216,110.8771,110.80248,110.87092
2026-08-01 21:00:00,110.87178,110.88043,110.83042,110.87427
2026-08-01 21:15:00,110.872,110.87611,110.7972,110.8746
2026-08-01 21:30:00,110.87213,111.052,110.6065,110.80889
2026-08-01 21:45:00,110.77832,110.87421,110.77832,110.87223
2026-08-01 22:00:00,110.86939,110.8754,110.77602,110.87019
2026-08-01 22:15:00,110.86653,110.87453,110.86653,110.87283
2026-08-01 22:30:00,110.87047,110.93474,110.77531,110.87051
2026-08-01 22:45:00,110.86885,110.89491,110.77805,110.78658
2026-08-01 23:00:00,110.80676,110.87367,110.80676,110.86853
2026-08-01 23:15:00,110.86871,110.87352,110.5932,110.84389
2026-08-01 23:30:00,110.83355,110.87475,110.83355,110.87181
2026-08-01 23:45:00,110.8698,110.87344,110.78437,110.85962
2026-08-02 00:00:00,110.8577,110.94618,110.76763,110.77527
2026-08-02 00:15:00,110.79153,110.85152,110.79153,110.84851
2026-08-02 00:30:00,110.84679,110.85172,110.74958,110.8008
2026-08-02 00:45:00,110.7983,110.80613,110.7983,110.8025
2026-08-02 01:00:00,110.80118,110.83923,110.53701,110.7547
2026-08-02 01:15:00,110.75552,110.82177,110.71881,110.72546
2026-08-02 01:30:00,110.73629,110.76645,110.73629,110.7643
2026-08-02 01:45:00,110.76182,110.86155,110.71689,110.76347
2026-08-02 02:00:00,110.76202,111.02831,110.74422,110.87254
2026-08-02 02:15:00,110.87331,110.87758,110.7933,110.87248
2026-08-02 02:30:00,110.87048,110.87739,110.61887,110.64525
2026-08-02 02:45:00,110.67392,110.8776,110.67392,110.87395
2026-08-02 03:00:00,110.873,111.12454,110.79097,110.87072
2026-08-02 03:15:00,110.8673,110.87695,110.8673,110.87135
2026-08-02 03:30:00,110.87114,110.87382,110.7868,110.86532
2026-08-02 03:45:00,110.8622,110.92285,110.79613,110.90575
2026-08-02 04:00:00,110.87858,111.08628,110.76582,110.86035
2026-08-02 04:15:00,110.86096,111.04687,110.54493,110.68332
2026-08-02 04:30:00,110.68969,110.82488,110.68969,110.80934
2026-08-02 04:45:00,110.80714,110.8334,110.71612,110.82979
2026-08-02 05:00:00,110.82796,111.10632,110.78096,110.84875
2026-08-02 05:15:00,110.83586,110.8614,110.75929,110.85487
2026-08-02 05:30:00,110.85585,110.93996,110.75262,110.8274
2026-08-02 05:45:00,110.82524,110.96233,110.65108,110.76235
2026-08-02 06:00:00,110.74603,111.08792,110.57136,110.7441
2026-08-02 06:15:00,110.74259,110.74766,110.69202,110.70955
2026-08-02 06:30:00,110.73249,110.73249,110.66916,110.70689
2026-08-02 06:45:00,110.70539,110.71495,110.64432,110.67672
2026-08-02 07:00:00,110.67428,110.99697,110.42542,110.70661
2026-08-02 07:15:00,110.70678,110.75101,110.64823,110.6861
2026-08-02 07:30:00,110.68695,110.87947,110.67404,110.87385
2026-08-02 07:45:00,110.87453,110.88068,110.61194,110.86414
2026-08-02 08:00:00,110.85977,111.10487,110.68636,110.86861
2026-08-02 08:15:00,110.86626,110.87761,110.86626,110.87191
2026-08-02 08:30:00,110.87274,110.89375,110.77663,110.86023
2026-08-02 08:45:00,110.85372,110.87699,110.85372,110.87379
2026-08-02 09:00:00,110.87131,111.07963,110.77468,110.87424
2026-08-02 09:15:00,110.87315,110.91708,110.589,110.79703
2026-08-02 09:30:00,110.77763,110.87724,110.77763,110.87208
2026-08-02 09:45:00,110.87199,110.94818,110.76816,110.87009
2026-08-02 10:00:00,110.86759,110.87675,110.86668,110.87373
2026-08-02 10:15:00,110.8722,110.87324,110.78248,110.86676
2026-08-02 10:30:00,110.86801,110.87546,110.77302,110.83014
2026-08-02 10:45:00,110.81628,110.8668,110.81628,110.86606
2026-08-02 11:00:00,110.86389,111.02804,110.53751,110.73212
2026-08-02 11:15:00,110.68054,110.79799,110.68054,110.7379
2026-08-02 11:30:00,110.73811,110.78443,110.66302,110.76149
2026-08-02 11:45:00,110.762,110.77409,110.74346,110.75485
2026-08-02 12:00:00,110.75313,110.7695,110.75143,110.76682
2026-08-02 12:15:00,110.76454,110.7691,110.67972,110.7298
2026-08-02 12:30:00,110.72227,110.8766,110.67558,110.87039
2026-08-02 12:45:00,110.87115,111.06637,110.59085,110.87365
2026-08-02 13:00:00,110.87212,110.8995,110.78545,110.85913
2026-08-02 13:15:00,110.8541,110.87667,110.8541,110.87376
2026-08-02 13:30:00,110.87257,110.87751,110.77911,110.87427
2026-08-02 13:45:00,110.871,110.87758,110.87039,110.87426
2026-08-02 14:00:00,110.87237,110.8761,110.76839,110.85603
2026-08-02 14:15:00,110.84956,110.87746,110.59046,110.80937
2026-08-02 14:30:00,110.7895,110.87669,110.7895,110.87107
2026-08-02 14:45:00,110.8719,110.87693,110.71878,110.8151
2026-08-02 15:00:00,110.81165,110.87199,110.81165,110.87048
2026-08-02 15:15:00,110.86768,110.95966,110.76475,110.83998
2026-08-02 15:30:00,110.83869,110.85703,110.66957,110.73035
2026-08-02 15:45:00,110.71928,110.81975,110.71928,110.81109
2026-08-02 16:00:00,110.80849,110.87465,110.61239,110.86713
2026-08-02 16:15:00,110.86429,110.87894,110.86429,110.87417
2026-08-02 16:30:00,110.87257,110.88784,110.76946,110.87185
2026-08-02 16:45:00,110.87243,110.94725,110.77443,110.84593
2026-08-02 17:00:00,110.83579,110.87631,110.83579,110.87366
2026-08-02 17:15:00,110.8715,110.87741,110.75762,110.84082
2026-08-02 17:30:00,110.83872,110.84498,110.83843,110.83986
2026-08-02 17:45:00,110.84009,110.84233,110.54442,110.77128
2026-08-02 18:00:00,110.75249,110.80113,110.67359,110.70519
2026-08-02 18:15:00,110.6951,110.72531,110.6951,110.7228
2026-08-02 18:30:00,110.72042,110.76405,110.65968,110.73653
2026-08-02 18:45:00,110.73532,110.763,110.72807,110.75726
2026-08-02 19:00:00,110.75802,110.76023,110.67887,110.69959
2026-08-02 19:15:00,110.6978,110.72567,110.49932,110.55549
2026-08-02 19:30:00,110.55301,110.55798,110.55136,110.55404
2026-08-02 19:45:00,110.55301,110.55795,110.52571,110.53306
2026-08-02 20:00:00,110.53385,110.53881,110.5322,110.53625
2026-08-02 20:15:00,110.53385,110.53883,110.53234,110.53625
2026-08-02 20:30:00,110.53385,110.54402,110.51916,110.53448
2026-08-02 20:45:00,110.533,110.53791,110.53136,110.53235
2026-08-02 21:00:00,110.533,110.53795,110.53137,110.53298
2026-08-02 21:15:00,110.533,110.53787,110.53134,110.53519
2026-08-02 21:30:00,110.533,110.99748,110.19284,110.8623
2026-08-02 21:45:00,110.86091,110.86579,110.85925,110.86021
2026-08-02 22:00:00,110.86091,110.86588,110.85928,110.86354
2026-08-02 22:15:00,110.86091,110.93609,110.8321,110.93521
2026-08-02 22:30:00,110.93276,110.93958,110.93276,110.93642
2026-08-02 22:45:00,110.93474,110.93907,110.93242,110.93342
2026-08-02 23:00:00,110.93402,110.93921,110.93251,110.93384
2026-08-02 23:15:00,110.93404,111.1837,110.69415,111.09449
2026-08-02 23:30:00,111.09226,111.09726,111.09059,111.09409
2026-08-02 23:45:00,111.09226,111.09726,111.09071,111.09183
2026-08-03 00:00:00,111.09226,111.09718,110.71233,110.7943
2026-08-03 00:15:00,110.79068,110.80385,110.79068,110.80051
2026-08-03 00:30:00,110.79898,110.80431,110.79728,110.80131
2026-08-03 00:45:00,110.79893,110.93381,110.5327,110.75116
2026-08-03 01:00:00,110.74887,111.0741,110.49819,110.92344
2026-08-03 01:15:00,110.92416,110.9285,110.92199,110.92497
2026-08-03 01:30:00,110.9237,110.92709,110.92034,110.92445
2026-08-03 01:45:00,110.92199,110.9269,110.92031,110.92288
2026-08-03 02:00:00,110.92192,111.2016,110.82513,110.8645
2026-08-03 02:15:00,110.85928,110.87651,110.85928,110.87388
2026-08-03 02:30:00,110.87153,111.11435,110.84257,110.95424
2026-08-03 02:45:00,110.98749,110.98749,110.82436,110.85459
2026-08-03 03:00:00,110.8484,111.01664,110.84652,110.86504
2026-08-03 03:15:00,110.86576,110.87906,110.86197,110.86752
2026-08-03 03:30:00,110.86513,110.8774,110.86495,110.87512
2026-08-03 03:45:00,110.87273,110.87753,110.86345,110.86655
2026-08-03 04:00:00,110.86503,111.11828,110.77968,110.78855
2026-08-03 04:15:00,110.80949,111.09298,110.80949,110.84568
2026-08-03 04:30:00,110.85284,110.87495,110.78208,110.86613
2026-08-03 04:45:00,110.86142,110.88044,110.71927,110.7385
2026-08-03 05:00:00,110.74128,110.92941,110.62292,110.90382
2026-08-03 05:15:00,110.8854,110.94113,110.7018,110.90156
2026-08-03 05:30:00,110.87123,110.94765,110.69217,110.71307
2026-08-03 05:45:00,110.7414,110.87924,110.57507,110.70639
2026-08-03 06:00:00,110.68007,110.86195,110.60436,110.80843
2026-08-03 06:15:00,110.79338,110.79338,110.61079,110.75852
2026-08-03 06:30:00,110.73093,110.82544,110.62438,110.75535
2026-08-03 06:45:00,110.75187,110.80669,110.59935,110.69038
2026-08-03 07:00:00,110.69944,110.93936,110.62582,110.92803
2026-08-03 07:15:00,110.90888,111.03166,110.89364,110.9226
2026-08-03 07:30:00,110.92822,110.9533,110.87619,110.90494
2026-08-03 07:45:00,110.90903,110.98198,110.88469,110.95336
2026-08-03 08:00:00,110.9356,111.10367,110.60523,110.66613
2026-08-03 08:15:00,110.66863,110.96876,110.64369,110.95739
2026-08-03 08:30:00,110.93882,110.93882,110.80315,110.8446
2026-08-03 08:45:00,110.83262,110.85164,110.73257,110.82697
2026-08-03 09:00:00,110.81297,111.0008,110.74308,110.99039
2026-08-03 09:15:00,110.96935,111.18035,110.96935,111.11878
2026-08-03 09:30:00,111.13982,111.19452,111.02785,111.19158
2026-08-03 09:45:00,111.18533,111.19595,111.0322,111.0367
2026-08-03 10:00:00,111.04264,111.14394,111.01474,111.13684
2026-08-03 10:15:00,111.12157,111.37096,110.39921,110.47933
2026-08-03 10:30:00,110.60583,110.60583,109.57925,109.60587
2026-08-03 10:45:00,109.64086,109.99271,109.29211,109.97651
2026-08-03 11:00:00,109.9458,110.14475,109.47286,109.89815
2026-08-03 11:15:00,109.87582,109.96953,109.76569,109.95603
2026-08-03 11:30:00,109.94727,110.05902,109.88934,109.98973
2026-08-03 11:45:00,109.99849,110.04816,109.92519,109.98646
2026-08-03 12:00:00,109.98246,110.12559,109.97998,110.06311
2026-08-03 12:15:00,110.07071,110.07074,109.96636,110.03112
2026-08-03 12:30:00,110.02214,110.04845,109.89729,109.96755
2026-08-03 12:45:00,109.95495,110.06044,109.95495,109.99585
2026-08-03 13:00:00,110.0028,110.13314,109.99949,110.05296
2026-08-03 13:15:00,110.06501,110.07433,109.98781,110.05082
2026-08-03 13:30:00,110.04595,110.0673,109.98851,110.0299
2026-08-03 13:45:00,110.03278,110.0789,110.02345,110.02558
2026-08-03 14:00:00,110.02833,110.04312,109.96001,110.03899
2026-08-03 14:15:00,110.02823,110.06345,109.98658,110.0451
2026-08-03 14:30:00,110.04477,110.08808,109.96275,110.00051
2026-08-03 14:45:00,110.00397,110.07305,109.9653,110.01501
2026-08-03 15:00:00,110.01673,110.04517,109.95887,110.0441
2026-08-03 15:15:00,110.0411,110.0411,109.9735,110.03875
2026-08-03 15:30:00,110.03534,110.03745,109.9863,110.0184
2026-08-03 15:45:00,110.02666,110.06411,109.99719,110.03902
2026-08-03 16:00:00,110.0398,110.08609,110.02781,110.06588
2026-08-03 16:15:00,110.06982,110.22072,110.05246,110.17556
2026-08-03 16:30:00,110.18125,110.23112,110.14,110.19511
2026-08-03 16:45:00,110.19408,110.23101,110.17427,110.19308
2026-08-03 17:00:00,110.19471,110.20469,110.02478,110.03065
2026-08-03 17:15:00,110.04082,110.06743,109.95992,109.99101
2026-08-03 17:30:00,109.99839,110.01487,109.9221,109.99792
2026-08-03 17:45:00,109.99217,110.03817,109.96779,110.03648
2026-08-03 18:00:00,110.03017,110.03017,109.92045,109.96756
2026-08-03 18:15:00,109.95583,110.00751,109.91711,109.96668
2026-08-03 18:30:00,109.9626,110.02128,109.89291,110.01853
2026-08-03 18:45:00,110.01102,110.05257,109.96117,110.04033
2026-08-03 19:00:00,110.03157,110.06945,109.98634,110.02991
2026-08-03 19:15:00,110.03782,110.03782,109.95505,109.98568
2026-08-03 19:30:00,109.98878,110.11453,109.98878,110.11133
2026-08-03 19:45:00,110.10504,110.10504,109.95994,110.0464
2026-08-03 20:00:00,110.03178,110.03775,109.91549,109.94904
2026-08-03 20:15:00,109.94174,109.95141,109.86352,109.87991
2026-08-03 20:30:00,109.87867,109.8897,109.83418,109.86494
2026-08-03 20:45:00,109.86755,109.90651,109.76099,109.79293
2026-08-03 21:00:00,109.79607,109.83162,109.76199,109.79873
2026-08-03 21:15:00,109.7959,109.86828,109.75639,109.86434
2026-08-03 21:30:00,109.85539,109.95067,109.85539,109.9366
2026-08-03 21:45:00,109.92443,109.96541,109.78122,109.8149
2026-08-03 22:00:00,109.82933,109.83431,109.72866,109.73113
2026-08-03 22:15:00,109.7381,109.76482,109.69966,109.74778
2026-08-03 22:30:00,109.74314,109.79301,109.71686,109.7886
2026-08-03 22:45:00,109.77792,109.79736,109.71891,109.72045
2026-08-03 23:00:00,109.7209,109.77857,109.69215,109.70161
2026-08-03 23:15:00,109.71406,109.71406,109.45433,109.51507
2026-08-03 23:30:00,109.51155,109.51546,109.29143,109.31071
2026-08-03 23:45:00,109.30819,109.4153,109.24433,109.40997
2026-08-04 00:00:00,109.39503,109.51357,109.39503,109.50172
2026-08-04 00:15:00,109.49638,109.51563,109.3613,109.46093
2026-08-04 00:30:00,109.46239,109.57352,109.43914,109.56557
2026-08-04 00:45:00,109.54659,109.63516,109.53277,109.57642
2026-08-04 01:00:00,109.55696,109.70983,109.55696,109.67508
2026-08-04 01:15:00,109.67005,109.761,109.67005,109.70656
2026-08-04 01:30:00,109.71324,109.75821,109.68106,109.73481
2026-08-04 01:45:00,109.73608,109.91613,109.73608,109.89103
2026-08-04 02:00:00,109.88739,109.88739,109.81749,109.83918
2026-08-04 02:15:00,109.83575,109.83647,109.7654,109.77641
2026-08-04 02:30:00,109.7796,109.85532,109.77767,109.81126
2026-08-04 02:45:00,109.81035,109.81035,109.77368,109.77546
2026-08-04 03:00:00,109.77656,109.8024,109.75216,109.77875
2026-08-04 03:15:00,109.78187,109.80373,109.77437,109.79116
2026-08-04 03:30:00,109.78702,109.8115,109.7628,109.77801
2026-08-04 03:45:00,109.77604,109.8061,109.76339,109.80394
2026-08-04 04:00:00,109.7998,109.82474,109.76742,109.76954
2026-08-04 04:15:00,109.77249,109.78948,109.74475,109.77146
2026-08-04 04:30:00,109.76866,109.77626,109.72007,109.72536
2026-08-04 04:45:00,109.73539,109.7865,109.69051,109.69641
2026-08-04 05:00:00,109.70755,109.78566,109.63688,109.78304
2026-08-04 05:15:00,109.77617,109.80227,109.77469,109.79058
2026-08-04 05:30:00,109.79211,109.83184,109.7821,109.83088
2026-08-04 05:45:00,109.82877,109.87862,109.8231,109.86707
2026-08-04 06:00:00,109.8678,109.91756,109.86722,109.91549
2026-08-04 06:15:00,109.91034,110.01811,109.90835,110.0126
2026-08-04 06:30:00,110.00369,110.01665,109.94875,110.00362
2026-08-04 06:45:00,109.99771,110.04898,109.99771,110.04811
2026-08-04 07:00:00,110.04442,110.11657,110.00813,110.06739
2026-08-04 07:15:00,110.06751,110.07457,110.03352,110.03729
2026-08-04 07:30:00,110.04249,110.04249,110.00727,110.03645
2026-08-04 07:45:00,110.03425,110.05957,110.02992,110.03162
2026-08-04 08:00:00,110.03247,110.1959,109.99141,110.15344
2026-08-04 08:15:00,110.14471,110.16895,110.13319,110.14715
2026-08-04 08:30:00,110.14971,110.16721,110.1023,110.16498
2026-08-04 08:45:00,110.16095,110.16558,110.13765,110.15066
2026-08-04 09:00:00,110.14903,110.14903,110.10386,110.12962
2026-08-04 09:15:00,110.12665,110.14527,110.09286,110.13685
2026-08-04 09:30:00,110.13584,110.22984,110.12243,110.2194
2026-08-04 09:45:00,110.22237,110.3232,110.18391,110.24939
2026-08-04 10:00:00,110.25837,110.27094,110.1909,110.19932
2026-08-04 10:15:00,110.20423,110.23253,110.1086,110.18345
2026-08-04 10:30:00,110.17981,110.29244,110.179,110.28718
2026-08-04 10:45:00,110.27996,110.30971,110.22529,110.25821
2026-08-04 11:00:00,110.25618,110.3165,110.23762,110.31516
2026-08-04 11:15:00,110.31063,110.31186,110.2383,110.27534
2026-08-04 11:30:00,110.27046,110.35365,110.26472,110.32498
2026-08-04 11:45:00,110.33691,110.53052,110.33691,110.52868
2026-08-04 12:00:00,110.52398,110.63779,110.52398,110.63344
2026-08-04 12:15:00,110.6219,110.65428,110.58036,110.63004
2026-08-04 12:30:00,110.63515,110.65909,110.61326,110.65627
2026-08-04 12:45:00,110.65245,110.68695,110.60983,110.66004
2026-08-04 13:00:00,110.66289,110.66829,110.61884,110.62292
2026-08-04 13:15:00,110.6276,110.67154,110.58792,110.66816
2026-08-04 13:30:00,110.66305,110.69848,110.60339,110.60722
2026-08-04 13:45:00,110.61752,110.66985,110.61359,110.66671
2026-08-04 14:00:00,110.66036,110.66689,110.60876,110.62581
2026-08-04 14:15:00,110.62919,110.67444,110.60473,110.65165
2026-08-04 14:30:00,110.65016,110.66385,110.54067,110.54147
2026-08-04 14:45:00,110.54409,110.59951,110.53466,110.58664
2026-08-04 15:00:00,110.58929,110.60209,110.54339,110.58017
2026-08-04 15:15:00,110.58335,110.63391,110.57818,110.619
2026-08-04 15:30:00,110.61596,110.65332,110.6103,110.64937
2026-08-04 15:45:00,110.64363,110.69598,110.63398,110.6911
2026-08-04 16:00:00,110.68351,110.69644,110.62922,110.6374
2026-08-04 16:15:00,110.65352,110.67278,110.58017,110.6663
2026-08-04 16:30:00,110.65471,110.6898,110.59852,110.64903
2026-08-04 16:45:00,110.64168,110.66846,110.58023,110.6066
2026-08-04 17:00:00,110.60159,110.71337,110.5974,110.70125
2026-08-04 17:15:00,110.70215,110.73579,110.67098,110.69231
2026-08-04 17:30:00,110.69709,110.78509,110.6383,110.78206
2026-08-04 17:45:00,110.77546,110.7827,110.73071,110.75952
2026-08-04 18:00:00,110.76054,110.81356,110.74096,110.7831
2026-08-04 18:15:00,110.78347,110.80755,110.74783,110.78887
2026-08-04 18:30:00,110.78098,110.81709,110.78096,110.80282
2026-08-04 18:45:00,110.80456,110.83069,110.79392,110.81475
2026-08-04 19:00:00,110.81791,110.89796,110.80973,110.89692
2026-08-04 19:15:00,110.8942,110.92402,110.84709,110.92216
2026-08-04 19:30:00,110.9185,110.95416,110.91557,110.95162
2026-08-04 19:45:00,110.94624,110.99162,110.93405,110.9594
2026-08-04 20:00:00,110.95109,111.02107,110.94353,111.01152
2026-08-04 20:15:00,111.00645,111.01687,110.97589,110.97947
2026-08-04 20:30:00,110.98478,110.98478,110.94528,110.96621
2026-08-04 20:45:00,110.9603,111.04528,110.94343,110.99363
2026-08-04 21:00:00,110.99082,111.00033,110.95188,110.95408
2026-08-04 21:15:00,110.95782,110.97517,110.92085,110.95864
2026-08-04 21:30:00,110.947,110.99437,110.85868,110.88277
2026-08-04 21:45:00,110.8791,110.90037,110.74731,110.76574
2026-08-04 22:00:00,110.77456,110.78194,110.64508,110.67535
2026-08-04 22:15:00,110.67915,110.80331,110.67915,110.76814
2026-08-04 22:30:00,110.75812,110.80738,110.75399,110.7977
2026-08-04 22:45:00,110.79517,110.79583,110.74793,110.7805
2026-08-04 23:00:00,110.7732,110.81175,110.74928,110.79514
2026-08-04 23:15:00,110.78766,110.81983,110.73543,110.7427
2026-08-04 23:30:00,110.75647,110.75647,110.62418,110.67856
2026-08-04 23:45:00,110.6708,110.77353,110.66,110.76296
2026-08-05 00:00:00,110.76696,110.79873,110.71648,110.79439
2026-08-05 00:15:00,110.78833,110.87453,110.78511,110.86315
2026-08-05 00:30:00,110.86412,110.92024,110.85918,110.87835
2026-08-05 00:45:00,110.88152,110.93805,110.87615,110.93046
2026-08-05 01:00:00,110.92218,110.9264,110.83293,110.84184
2026-08-05 01:15:00,110.83635,110.84102,110.80712,110.82917
2026-08-05 01:30:00,110.82974,110.83559,110.74275,110.76337
2026-08-05 01:45:00,110.75744,110.7968,110.71593,110.79433
2026-08-05 02:00:00,110.78998,110.84607,110.78804,110.84303
2026-08-05 02:15:00,110.83679,110.8448,110.78785,110.84352
2026-08-05 02:30:00,110.8405,110.91294,110.82159,110.90888
2026-08-05 02:45:00,110.89588,110.94587,110.89588,110.91679
2026-08-05 03:00:00,110.92919,110.95125,110.88739,110.94397
2026-08-05 03:15:00,110.94079,110.98654,110.92145,110.96213
2026-08-05 03:30:00,110.96479,110.97959,110.94634,110.97794
2026-08-05 03:45:00,110.97325,110.98559,110.95364,110.96163
2026-08-05 04:00:00,110.95927,110.98994,110.94116,110.9864
2026-08-05 04:15:00,110.9814,111.00414,110.9752,110.99942
2026-08-05 04:30:00,110.99357,111.01252,110.98872,111.01125
2026-08-05 04:45:00,111.00575,111.09594,111.00575,111.07814
2026-08-05 05:00:00,111.07622,111.1828,111.06901,111.16317
2026-08-05 05:15:00,111.16991,111.21175,111.16437,111.20365
2026-08-05 05:30:00,111.19763,111.21172,111.18809,111.21136
2026-08-05 05:45:00,111.20845,111.22415,111.1535,111.15813
2026-08-05 06:00:00,111.1638,111.1872,111.14569,111.16993
2026-08-05 06:15:00,111.17096,111.17776,111.12411,111.15201
2026-08-05 06:30:00,111.14907,111.15736,111.13687,111.14987
2026-08-05 06:45:00,111.15115,111.16409,111.1431,111.1516
2026-08-05 07:00:00,111.15308,111.16236,111.08256,111.14051
2026-08-05 07:15:00,111.13815,111.14893,111.062,111.09378
2026-08-05 07:30:00,111.0917,111.14131,111.08768,111.13889
2026-08-05 07:45:00,111.13288,111.18216,111.12152,111.1425
2026-08-05 08:00:00,111.13934,111.159,111.09784,111.14218
2026-08-05 08:15:00,111.13756,111.17643,111.13756,111.1613
2026-08-05 08:30:00,111.16683,111.19675,111.16683,111.17966
2026-08-05 08:45:00,111.18352,111.18602,111.14965,111.185
2026-08-05 09:00:00,111.18013,111.2208,111.15809,111.21856
2026-08-05 09:15:00,111.21342,111.22272,111.20139,111.21497
2026-08-05 09:30:00,111.21264,111.22827,111.1926,111.20439
2026-08-05 09:45:00,111.205,111.205,111.14239,111.15001
2026-08-05 10:00:00,111.16521,111.17488,111.10201,111.12481
2026-08-05 10:15:00,111.12309,111.17151,111.11348,111.14997
2026-08-05 10:30:00,111.15814,111.21477,111.10573,111.1162
2026-08-05 10:45:00,111.11201,111.11201,110.94193,110.97731
2026-08-05 11:00:00,110.96359,111.02819,110.96359,111.02266
2026-08-05 11:15:00,111.01299,111.01871,110.96847,110.98355
2026-08-05 11:30:00,110.98755,111.04096,110.97219,111.03895
2026-08-05 11:45:00,111.03479,111.04267,110.9889,111.03951
2026-08-05 12:00:00,111.03572,111.10714,110.96972,110.98218
2026-08-05 12:15:00,111.00848,111.00848,110.85441,110.91041
2026-08-05 12:30:00,110.89559,110.96536,110.88499,110.91015
2026-08-05 12:45:00,110.9149,110.97688,110.91419,110.97228
2026-08-05 13:00:00,110.97077,110.99578,110.95608,110.99332
2026-08-05 13:15:00,110.99088,111.00771,110.96647,110.98667
2026-08-05 13:30:00,110.98333,111.04208,110.98262,111.03117
2026-08-05 13:45:00,111.03317,111.04127,110.98006,110.98327
2026-08-05 14:00:00,110.98841,111.00971,110.96599,111.00768
2026-08-05 14:15:00,110.99945,111.07218,110.99471,111.03929
2026-08-05 14:30:00,111.04274,111.11196,111.03985,111.08621
2026-08-05 14:45:00,111.0889,111.15911,111.07272,111.11992
2026-08-05 15:00:00,111.11051,111.12899,111.08723,111.09248
2026-08-05 15:15:00,111.09454,111.11135,111.07268,111.08623
2026-08-05 15:30:00,111.08035,111.11232,111.07574,111.08418
2026-08-05 15:45:00,111.08859,111.11448,111.07133,111.1108
2026-08-05 16:00:00,111.10824,111.16082,111.08559,111.15373
2026-08-05 16:15:00,111.15126,111.17213,111.08243,111.09291
2026-08-05 16:30:00,111.08776,111.10338,111.01402,111.07322
2026-08-05 16:45:00,111.07727,111.13545,111.07051,111.11963
2026-08-05 17:00:00,111.1219,111.13122,111.07094,111.09671
2026-08-05 17:15:00,111.09418,111.09946,110.99496,111.01202
2026-08-05 17:30:00,111.0039,111.08489,111.0039,111.08295
2026-08-05 17:45:00,111.0799,111.15796,111.0799,111.15506
2026-08-05 18:00:00,111.15053,111.1991,111.14509,111.15685
2026-08-05 18:15:00,111.15821,111.19196,111.14735,111.19038
2026-08-05 18:30:00,111.1839,111.2325,111.1839,111.2014
2026-08-05 18:45:00,111.19556,111.19556,111.16089,111.16159
2026-08-05 19:00:00,111.16272,111.21525,111.14528,111.20899
2026-08-05 19:15:00,111.20842,111.20842,111.12267,111.15425
2026-08-05 19:30:00,111.14632,111.18255,111.12452,111.14602
2026-08-05 19:45:00,111.14993,111.18022,111.13037,111.16587
2026-08-05 20:00:00,111.15986,111.17896,111.14227,111.15485
2026-08-05 20:15:00,111.14969,111.1742,111.09372,111.10304
2026-08-05 20:30:00,111.09906,111.10961,111.077,111.09724
2026-08-05 20:45:00,111.09383,111.10055,111.05541,111.0687
2026-08-05 21:00:00,111.07116,111.09031,111.0338,111.04846
2026-08-05 21:15:00,111.04523,111.04523,110.97878,111.03058
2026-08-05 21:30:00,111.02312,111.09508,111.02023,111.06761
2026-08-05 21:45:00,111.07305,111.1057,111.05856,111.08093
2026-08-05 22:00:00,111.08242,111.14601,111.06828,111.09966
2026-08-05 22:15:00,111.10292,111.11649,111.04453,111.07721
2026-08-05 22:30:00,111.07261,111.11481,111.06435,111.10731
2026-08-05 22:45:00,111.09417,111.12559,111.08452,111.0944
2026-08-05 23:00:00,111.09519,111.09968,111.04754,111.05081
2026-08-05 23:15:00,111.05859,111.1078,111.03833,111.07741
2026-08-05 23:30:00,111.08445,111.10407,110.99411,111.0283
2026-08-05 23:45:00,111.03204,111.13755,111.01579,111.11641
2026-08-06 00:00:00,111.12148,111.18929,111.07957,111.11598
2026-08-06 00:15:00,111.12181,111.20153,111.11351,111.17479
2026-08-06 00:30:00,111.18332,111.22205,111.16277,111.21867
2026-08-06 00:45:00,111.21033,111.25915,111.14571,111.15111
2026-08-06 01:00:00,111.16167,111.21025,111.11875,111.207
2026-08-06 01:15:00,111.20039,111.20716,111.15138,111.1663
2026-08-06 01:30:00,111.18024,111.18741,111.14475,111.17581
2026-08-06 01:45:00,111.17237,111.19043,111.14041,111.15517
2026-08-06 02:00:00,111.14998,111.17211,111.13571,111.13871
2026-08-06 02:15:00,111.14684,111.19304,111.14684,111.18008
2026-08-06 02:30:00,111.18113,111.21455,111.18113,111.21369
2026-08-06 02:45:00,111.21093,111.24383,111.18226,111.23844
2026-08-06 03:00:00,111.23656,111.26498,111.22419,111.26283
2026-08-06 03:15:00,111.26089,111.26089,111.22926,111.23202
2026-08-06 03:30:00,111.2367,111.28322,111.23327,111.28099
2026-08-06 03:45:00,111.27238,111.3405,111.27238,111.33896
2026-08-06 04:00:00,111.33632,111.35454,111.32545,111.337
2026-08-06 04:15:00,111.33531,111.36414,111.32786,111.33336
2026-08-06 04:30:00,111.33626,111.34127,111.31601,111.31837
2026-08-06 04:45:00,111.31996,111.34161,111.31835,111.3315
2026-08-06 05:00:00,111.3299,111.36031,111.32033,111.33667
2026-08-06 05:15:00,111.3387,111.34977,111.32995,111.33179
2026-08-06 05:30:00,111.33597,111.34442,111.30408,111.32124
2026-08-06 05:45:00,111.31805,111.33434,111.28973,111.2935
2026-08-06 06:00:00,111.29946,111.32572,111.26492,111.30715
2026-08-06 06:15:00,111.31248,111.35287,111.31248,111.34076
2026-08-06 06:30:00,111.34442,111.35904,111.33744,111.33904
2026-08-06 06:45:00,111.34022,111.35226,111.32853,111.34799
2026-08-06 07:00:00,111.34596,111.34596,111.2645,111.28951
2026-08-06 07:15:00,111.29556,111.33614,111.29556,111.31839
2026-08-06 07:30:00,111.31739,111.32384,111.26064,111.26774
2026-08-06 07:45:00,111.28082,111.28082,111.2238,111.22601
2026-08-06 08:00:00,111.22483,111.3011,111.20866,111.29918
2026-08-06 08:15:00,111.29806,111.30419,111.28707,111.29072
2026-08-06 08:30:00,111.29173,111.31786,111.28784,111.31513
2026-08-06 08:45:00,111.30897,111.31992,111.27991,111.28823
2026-08-06 09:00:00,111.2845,111.29524,111.25054,111.26172
2026-08-06 09:15:00,111.25669,111.27474,111.23799,111.27286
2026-08-06 09:30:00,111.27016,111.27812,111.23577,111.24594
2026-08-06 09:45:00,111.2422,111.24906,111.20271,111.22596
2026-08-06 10:00:00,111.22768,111.32039,111.20837,111.28841
2026-08-06 10:15:00,111.28605,111.31242,111.25715,111.25932
2026-08-06 10:30:00,111.26391,111.31026,111.25053,111.29887
2026-08-06 10:45:00,111.30143,111.34859,111.29929,111.31484
2026-08-06 11:00:00,111.31707,111.34376,111.27231,111.2924
2026-08-06 11:15:00,111.28165,111.32486,111.23522,111.23896
2026-08-06 11:30:00,111.24536,111.26173,111.22544,111.24809
2026-08-06 11:45:00,111.25201,111.28733,111.23432,111.26624
2026-08-06 12:00:00,111.26197,111.30815,111.24329,111.24829
2026-08-06 12:15:00,111.25712,111.27197,111.23236,111.26267
2026-08-06 12:30:00,111.25732,111.28164,111.25171,111.27844
2026-08-06 12:45:00,111.27369,111.28921,111.24935,111.25965
2026-08-06 13:00:00,111.25507,111.27147,111.23337,111.23556
2026-08-06 13:15:00,111.23768,111.24647,111.17859,111.18086
2026-08-06 13:30:00,111.18192,111.19542,111.16812,111.17365
2026-08-06 13:45:00,111.17386,111.18028,111.13573,111.15778
2026-08-06 14:00:00,111.15528,111.16885,111.14263,111.16751
2026-08-06 14:15:00,111.16371,111.16371,111.12507,111.13854
2026-08-06 14:30:00,111.13709,111.16164,111.10996,111.12032
2026-08-06 14:45:00,111.12638,111.17115,111.12638,111.16248
2026-08-06 15:00:00,111.16363,111.18713,111.13189,111.13456
2026-08-06 15:15:00,111.13784,111.14376,111.1215,111.13598
2026-08-06 15:30:00,111.13448,111.16259,111.10135,111.14436
2026-08-06 15:45:00,111.14663,111.20239,111.13397,111.17984
2026-08-06 16:00:00,111.181,111.18847,111.13142,111.14505
2026-08-06 16:15:00,111.14286,111.1735,111.12536,111.15253
2026-08-06 16:30:00,111.15525,111.16298,111.10248,111.13148
2026-08-06 16:45:00,111.12551,111.15494,111.11478,111.13736
2026-08-06 17:00:00,111.13342,111.15014,111.10875,111.12476
2026-08-06 17:15:00,111.12396,111.15084,111.10305,111.1155
2026-08-06 17:30:00,111.11764,111.13282,111.08513,111.10964
2026-08-06 17:45:00,111.11091,111.12093,111.09455,111.11119
2026-08-06 18:00:00,111.10694,111.12279,111.08759,111.12081
2026-08-06 18:15:00,111.11485,111.15681,111.11315,111.11827
2026-08-06 18:30:00,111.12737,111.16398,111.10935,111.15358
2026-08-06 18:45:00,111.15223,111.19046,111.12109,111.18249
2026-08-06 19:00:00,111.18368,111.19089,111.14447,111.1731
2026-08-06 19:15:00,111.17023,111.1819,111.16024,111.17311
2026-08-06 19:30:00,111.16659,111.18162,111.13756,111.1382
2026-08-06 19:45:00,111.13856,111.18662,111.1361,111.17323
2026-08-06 20:00:00,111.17568,111.17651,111.14036,111.1429
2026-08-06 20:15:00,111.14673,111.17507,111.13756,111.16475
2026-08-06 20:30:00,111.16524,111.17649,111.14326,111.15691
2026-08-06 20:45:00,111.15531,111.18941,111.15305,111.17804
2026-08-06 21:00:00,111.17989,111.2265,111.16338,111.21406
2026-08-06 21:15:00,111.21531,111.21628,111.16746,111.16994
2026-08-06 21:30:00,111.17282,111.17535,111.12175,111.15096
2026-08-06 21:45:00,111.1495,111.18746,111.11869,111.17075
2026-08-06 22:00:00,111.17675,111.19719,111.14476,111.16552
2026-08-06 22:15:00,111.16171,111.1914,111.14644,111.19051
2026-08-06 22:30:00,111.18773,111.20738,111.16449,111.20217
2026-08-06 22:45:00,111.1973,111.1973,111.11991,111.13883
2026-08-06 23:00:00,111.14195,111.14972,111.08108,111.09254
2026-08-06 23:15:00,111.08886,111.12217,111.08164,111.10408
2026-08-06 23:30:00,111.09785,111.17064,111.08098,111.16909
2026-08-06 23:45:00,111.16348,111.18989,111.13623,111.15281
2026-08-07 00:00:00,111.14701,111.37186,111.14701,111.33292
2026-08-07 00:15:00,111.34149,111.37703,111.29912,111.37518
2026-08-07 00:30:00,111.37268,111.40843,111.31971,111.39028
2026-08-07 00:45:00,111.38651,111.42009,111.35861,111.4162
2026-08-07 01:00:00,111.40885,111.4947,111.40179,111.48081
2026-08-07 01:15:00,111.47395,111.50671,111.43041,111.43861
2026-08-07 01:30:00,111.44294,111.45691,111.37093,111.37536
2026-08-07 01:45:00,111.37173,111.4179,111.35088,111.38075
2026-08-07 02:00:00,111.37459,111.40002,111.34651,111.37178
2026-08-07 02:15:00,111.37382,111.37501,111.29799,111.36419
2026-08-07 02:30:00,111.36035,111.43683,111.36035,111.3988
2026-08-07 02:45:00,111.40479,111.45624,111.38712,111.45434
2026-08-07 03:00:00,111.45291,111.46515,111.41465,111.41613
2026-08-07 03:15:00,111.41769,111.43133,111.39358,111.39997
2026-08-07 03:30:00,111.39666,111.41686,111.39216,111.40523
2026-08-07 03:45:00,111.40504,111.42184,111.3895,111.41854
2026-08-07 04:00:00,111.41694,111.43199,111.40573,111.41921
2026-08-07 04:15:00,111.42347,111.44071,111.40157,111.41554
2026-08-07 04:30:00,111.41435,111.41435,111.38898,111.39054
2026-08-07 04:45:00,111.39072,111.40346,111.34863,111.35995
2026-08-07 05:00:00,111.35955,111.40798,111.35953,111.40661
2026-08-07 05:15:00,111.40457,111.4405,111.36832,111.43718
2026-08-07 05:30:00,111.43322,111.43983,111.38859,111.40059
2026-08-07 05:45:00,111.39818,111.44076,111.38152,111.40996
2026-08-07 06:00:00,111.41097,111.4449,111.39245,111.43363
2026-08-07 06:15:00,111.43409,111.45237,111.42312,111.42413
2026-08-07 06:30:00,111.42521,111.42521,111.40174,111.40647
2026-08-07 06:45:00,111.405,111.44203,111.39647,111.44104
2026-08-07 07:00:00,111.43756,111.43777,111.37112,111.42286
2026-08-07 07:15:00,111.41794,111.47949,111.41456,111.42882
2026-08-07 07:30:00,111.43232,111.4333,111.36255,111.37346
2026-08-07 07:45:00,111.37233,111.39845,111.35669,111.38739
2026-08-07 08:00:00,111.38308,111.45325,111.36201,111.43384
2026-08-07 08:15:00,111.43679,111.44596,111.41651,111.4253
2026-08-07 08:30:00,111.42378,111.42378,111.40083,111.40738
2026-08-07 08:45:00,111.40749,111.41575,111.38912,111.41048
2026-08-07 09:00:00,111.4083,111.42243,111.38062,111.38429
2026-08-07 09:15:00,111.38325,111.39225,111.36629,111.38797
2026-08-07 09:30:00,111.38854,111.40487,111.37602,111.3898
2026-08-07 09:45:00,111.39521,111.42143,111.39521,111.42066
2026-08-07 10:00:00,111.41562,111.45118,111.40857,111.42123
2026-08-07 10:15:00,111.42444,111.44122,111.38611,111.41764
2026-08-07 10:30:00,111.41608,111.44769,111.40002,111.41591
2026-08-07 10:45:00,111.41159,111.44743,111.3781,111.41091
2026-08-07 11:00:00,111.40256,111.45403,111.37823,111.38619
2026-08-07 11:15:00,111.40143,111.40143,111.30855,111.35523
2026-08-07 11:30:00,111.35186,111.3598,111.21295,111.25003
2026-08-07 11:45:00,111.24019,111.30187,111.24019,111.30051
2026-08-07 12:00:00,111.29597,111.32578,111.26658,111.2709
2026-08-07 12:15:00,111.27815,111.28154,111.24282,111.24913
2026-08-07 12:30:00,111.24983,111.25626,111.21376,111.21466
2026-08-07 12:45:00,111.21648,111.28695,111.20258,111.24997
2026-08-07 13:00:00,111.24639,111.28153,111.24023,111.27905
2026-08-07 13:15:00,111.27638,111.28375,111.25518,111.26209
2026-08-07 13:30:00,111.26243,111.29954,111.25322,111.28236
2026-08-07 13:45:00,111.28755,111.31095,111.26413,111.29076
2026-08-07 14:00:00,111.28522,111.31739,111.26099,111.31464
2026-08-07 14:15:00,111.30895,111.33339,111.29421,111.32071
2026-08-07 14:30:00,111.31642,111.34449,111.29891,111.30806
2026-08-07 14:45:00,111.30919,111.32169,111.28355,111.2971
2026-08-07 15:00:00,111.29793,111.31067,111.28409,111.29849
2026-08-07 15:15:00,111.29599,111.3134,111.2703,111.27834
2026-08-07 15:30:00,111.27707,111.30582,111.27707,111.30031
2026-08-07 15:45:00,111.29805,111.33191,111.28074,111.29781
2026-08-07 16:00:00,111.3003,111.32278,111.26362,111.29064
2026-08-07 16:15:00,111.29655,111.32487,111.28043,111.32187
2026-08-07 16:30:00,111.32013,111.37052,111.31272,111.33144
2026-08-07 16:45:00,111.336,111.38213,111.32901,111.37747
2026-08-07 17:00:00,111.36978,111.43056,111.36418,111.40947
2026-08-07 17:15:00,111.41419,111.42321,111.37615,111.42108
2026-08-07 17:30:00,111.41816,111.44128,111.40795,111.42407
2026-08-07 17:45:00,111.42645,111.48739,111.4246,111.46754
2026-08-07 18:00:00,111.47248,111.49476,111.44607,111.49215
2026-08-07 18:15:00,111.48388,111.52121,111.46604,111.47039
2026-08-07 18:30:00,111.46843,111.49827,111.42886,111.46189
2026-08-07 18:45:00,111.45898,111.48109,111.44232,111.45365
2026-08-07 19:00:00,111.45916,111.493,111.44863,111.47449
2026-08-07 19:15:00,111.47003,111.52072,111.4677,111.48517
2026-08-07 19:30:00,111.4872,111.49486,111.4682,111.49148
2026-08-07 19:45:00,111.4886,111.51269,111.48729,111.50609
2026-08-07 20:00:00,111.50117,111.52876,111.49352,111.49614
2026-08-07 20:15:00,111.50015,111.50938,111.48574,111.49043
2026-08-07 20:30:00,111.48806,111.50242,111.37029,111.3939
2026-08-07 20:45:00,111.3903,111.41646,111.38467,111.40438
2026-08-07 21:00:00,111.40541,111.42671,111.38148,111.41488
2026-08-07 21:15:00,111.4096,111.43683,111.4096,111.43568
2026-08-07 21:30:00,111.42961,111.48185,111.42961,111.47802
2026-08-07 21:45:00,111.47184,111.48699,111.45408,111.4848
2026-08-07 22:00:00,111.48208,111.50461,111.45782,111.49348
2026-08-07 22:15:00,111.48938,111.51891,111.45569,111.46705
2026-08-07 22:30:00,111.46433,111.89303,110.81571,111.18599
2026-08-07 22:45:00,111.16473,111.27469,111.15175,111.23198
2026-08-07 23:00:00,111.21501,111.27834,111.16687,111.18233
2026-08-07 23:15:00,111.19199,111.22991,111.15181,111.22612
2026-08-07 23:30:00,111.21634,111.36994,111.21634,111.36829
2026-08-07 23:45:00,111.3649,111.40946,111.33927,111.37797
2026-08-08 00:00:00,111.36482,111.40741,111.33716,111.34133
2026-08-08 00:15:00,111.35144,111.51354,111.35144,111.51108
2026-08-08 00:30:00,111.50878,111.51007,111.42875,111.45441
2026-08-08 00:45:00,111.44195,111.52282,111.43341,111.52011
2026-08-08 01:00:00,111.51626,111.51687,111.44312,111.48222
2026-08-08 01:15:00,111.4727,111.49307,111.37853,111.38397
2026-08-08 01:30:00,111.38466,111.39462,111.2103,111.21315
2026-08-08 01:45:00,111.20867,111.30343,111.20867,111.28387
2026-08-08 02:00:00,111.27712,111.31575,111.22184,111.27675
2026-08-08 02:15:00,111.28332,111.30099,111.14622,111.17025
2026-08-08 02:30:00,111.1584,111.23058,111.1584,111.22967
2026-08-08 02:45:00,111.22721,111.26072,111.20017,111.23823
2026-08-08 03:00:00,111.24446,111.2966,111.23253,111.24064
2026-08-08 03:15:00,111.24704,111.2582,111.21748,111.23831
2026-08-08 03:30:00,111.24171,111.29755,111.21776,111.29701
2026-08-08 03:45:00,111.29366,111.30587,111.27334,111.29169
2026-08-08 04:00:00,111.29295,111.36507,111.27864,111.36159
2026-08-08 04:15:00,111.35675,111.38277,111.33358,111.36293
2026-08-08 04:30:00,111.36803,111.38159,111.34307,111.35542
2026-08-08 04:45:00,111.34953,111.36986,111.34193,111.35255
2026-08-08 05:00:00,111.35047,111.44292,111.3419,111.44011
2026-08-08 05:15:00,111.43556,111.45879,111.41664,111.42739
2026-08-08 05:30:00,111.43197,111.43832,111.39532,111.40787
2026-08-08 05:45:00,111.40584,111.40851,111.36307,111.39503
2026-08-08 06:00:00,111.3892,111.43784,111.3687,111.43523
2026-08-08 06:15:00,111.43119,111.49709,111.42798,111.46477
2026-08-08 06:30:00,111.4654,111.53518,111.43829,111.49577
2026-08-08 06:45:00,111.50144,111.53452,111.47264,111.51622
2026-08-08 07:00:00,111.51784,111.61588,111.42539,111.51576
2026-08-08 07:15:00,111.51956,111.52702,111.51039,111.51228
2026-08-08 07:30:00,111.51746,111.52938,111.50993,111.52138
2026-08-08 07:45:00,111.51762,111.52458,111.50705,111.52033
2026-08-08 08:00:00,111.51792,111.58745,111.40176,111.51719
2026-08-08 08:15:00,111.5187,111.52529,111.51556,111.52189
2026-08-08 08:30:00,111.51979,111.52536,111.51585,111.51789
2026-08-08 08:45:00,111.51798,111.52482,111.5159,111.52281
2026-08-08 09:00:00,111.52075,111.63887,111.35105,111.51719
2026-08-08 09:15:00,111.51751,111.52506,111.51533,111.52149
2026-08-08 09:30:00,111.5198,111.52504,111.51534,111.51697
2026-08-08 09:45:00,111.51758,111.52426,111.51628,111.52277
2026-08-08 10:00:00,111.52079,111.64468,111.50513,111.53529
2026-08-08 10:15:00,111.53405,111.53853,111.52879,111.53587
2026-08-08 10:30:00,111.53329,111.53886,111.5319,111.53369
2026-08-08 10:45:00,111.53358,111.53779,111.52837,111.53628
2026-08-08 11:00:00,111.53401,111.62138,111.47823,111.53517
2026-08-08 11:15:00,111.53348,111.53892,111.52896,111.53338
2026-08-08 11:30:00,111.53389,111.54508,111.51573,111.53473
2026-08-08 11:45:00,111.53084,111.53869,111.53084,111.53607
2026-08-08 12:00:00,111.53402,111.61517,111.48723,111.5356
2026-08-08 12:15:00,111.53355,111.53892,111.53198,111.53368
2026-08-08 12:30:00,111.53391,111.53885,111.5283,111.5331
2026-08-08 12:45:00,111.53363,111.53866,111.52845,111.53518
2026-08-08 13:00:00,111.53344,111.61467,111.49861,111.53634
2026-08-08 13:15:00,111.53395,111.54243,111.51663,111.53544
2026-08-08 13:30:00,111.53418,111.53888,111.532,111.53288
2026-08-08 13:45:00,111.53364,111.53851,111.529,111.53538
2026-08-08 14:00:00,111.53403,111.63212,111.52222,111.53538
2026-08-08 14:15:00,111.5328,111.5387,111.53178,111.53477
2026-08-08 14:30:00,111.53395,111.53849,111.52833,111.53275
2026-08-08 14:45:00,111.53356,111.54169,111.53082,111.53494
2026-08-08 15:00:00,111.53542,111.60951,111.47969,111.53614
2026-08-08 15:15:00,111.53365,111.53883,111.52826,111.53353
2026-08-08 15:30:00,111.53257,111.53892,111.53204,111.53276
2026-08-08 15:45:00,111.53371,111.53887,111.52954,111.53616
2026-08-08 16:00:00,111.53406,111.62189,111.52892,111.53644
2026-08-08 16:15:00,111.534,111.53899,111.52872,111.53525
2026-08-08 16:30:00,111.53386,111.53888,111.52037,111.53269
2026-08-08 16:45:00,111.52854,111.53895,111.52854,111.53661
2026-08-08 17:00:00,111.53397,111.62766,111.52228,111.53589
2026-08-08 17:15:00,111.53356,111.54468,111.5304,111.53903
2026-08-08 17:30:00,111.53725,111.54218,111.53439,111.53675
2026-08-08 17:45:00,111.53723,111.54443,111.53456,111.53987
2026-08-08 18:00:00,111.53715,111.54365,111.53323,111.54006
2026-08-08 18:15:00,111.53809,111.543,111.51292,111.53971
2026-08-08 18:30:00,111.53755,111.54294,111.5361,111.53961
2026-08-08 18:45:00,111.538,111.54295,111.53396,111.53723
2026-08-08 19:00:00,111.53784,111.54288,111.53504,111.53832
2026-08-08 19:15:00,111.53662,111.54309,111.53626,111.54012
2026-08-08 19:30:00,111.53773,111.54247,111.5347,111.53916
2026-08-08 19:45:00,111.53798,111.54306,111.53625,111.53701
2026-08-08 20:00:00,111.53782,111.54871,111.51239,111.5389
2026-08-08 20:15:00,111.53723,111.54224,111.53338,111.5388
2026-08-08 20:30:00,111.53624,111.5422,111.5356,111.53813
2026-08-08 20:45:00,111.53724,111.5421,111.53384,111.53634
2026-08-08 21:00:00,111.53718,111.54204,111.53526,111.53883
2026-08-08 21:15:00,111.53677,111.54175,111.53356,111.53974
2026-08-08 21:30:00,111.53724,111.54246,111.50985,111.51315
2026-08-08 21:45:00,111.51778,111.5422,111.51778,111.53702
2026-08-08 22:00:00,111.53773,111.54283,111.53464,111.53663
2026-08-08 22:15:00,111.53686,111.54323,111.53606,111.54015
2026-08-08 22:30:00,111.53788,111.54307,111.53446,111.53964
2026-08-08 22:45:00,111.53812,111.54199,111.53327,111.53455
2026-08-08 23:00:00,111.53534,111.54312,111.53427,111.53811
2026-08-08 23:15:00,111.53815,111.54311,111.50594,111.53883
2026-08-08 23:30:00,111.53653,111.54297,111.53613,111.53996
2026-08-08 23:45:00,111.53807,111.54186,111.53394,111.53972
2026-08-09 00:00:00,111.53758,111.54311,111.53394,111.53486
2026-08-09 00:15:00,111.53563,111.54159,111.53458,111.53928
2026-08-09 00:30:00,111.53738,111.54268,111.53373,111.53865
2026-08-09 00:45:00,111.53645,111.54199,111.53542,111.53935
2026-08-09 01:00:00,111.53776,111.54177,111.51139,111.53815
2026-08-09 01:15:00,111.53546,111.54108,111.53259,111.5334
2026-08-09 01:30:00,111.53336,111.54,111.52929,111.53522
2026-08-09 01:45:00,111.53281,111.54442,111.53185,111.53642
2026-08-09 02:00:00,111.53532,111.55871,111.52811,111.53653
2026-08-09 02:15:00,111.53731,111.54188,111.53141,111.53897
2026-08-09 02:30:00,111.53715,111.55776,111.51653,111.55145
2026-08-09 02:45:00,111.54104,111.54255,111.50403,111.5385
2026-08-09 03:00:00,111.5374,111.5552,111.53109,111.53634
2026-08-09 03:15:00,111.53716,111.54264,111.53605,111.53991
2026-08-09 03:30:00,111.53815,111.54225,111.53465,111.54033
2026-08-09 03:45:00,111.53795,111.5432,111.5354,111.53905
2026-08-09 04:00:00,111.53787,111.55926,111.52709,111.53963
2026-08-09 04:15:00,111.54039,111.56012,111.50689,111.54308
2026-08-09 04:30:00,111.54026,111.54606,111.53946,111.54339
2026-08-09 04:45:00,111.54104,111.54601,111.53596,111.53978
2026-08-09 05:00:00,111.53813,111.56057,111.53184,111.54626
2026-08-09 05:15:00,111.54631,111.54789,111.54028,111.54272
2026-08-09 05:30:00,111.54287,111.54777,111.53724,111.54156
2026-08-09 05:45:00,111.53945,111.54447,111.53774,111.54102
2026-08-09 06:00:00,111.53902,111.55597,111.51105,111.5398
2026-08-09 06:15:00,111.54009,111.54513,111.53747,111.53866
2026-08-09 06:30:00,111.53859,111.53979,111.53008,111.53303
2026-08-09 06:45:00,111.53127,111.54186,111.53018,111.53912
2026-08-09 07:00:00,111.53682,111.55485,111.53083,111.53875
2026-08-09 07:15:00,111.53731,111.54221,111.5332,111.53649
2026-08-09 07:30:00,111.5372,111.54199,111.53538,111.53874
2026-08-09 07:45:00,111.53723,111.54193,111.51047,111.53956
2026-08-09 08:00:00,111.53716,111.55471,111.53256,111.5379
2026-08-09 08:15:00,111.53677,111.54217,111.53548,111.53595
2026-08-09 08:30:00,111.53677,111.54202,111.53383,111.53912
2026-08-09 08:45:00,111.53717,111.5422,111.53544,111.53973
2026-08-09 09:00:00,111.53722,111.55002,111.53404,111.53821
2026-08-09 09:15:00,111.53727,111.54219,111.50465,111.53125
2026-08-09 09:30:00,111.52809,111.53967,111.52809,111.53722
2026-08-09 09:45:00,111.53491,111.53968,111.53126,111.53755
2026-08-09 10:00:00,111.53509,111.54003,111.53253,111.53624
2026-08-09 10:15:00,111.53486,111.53905,111.53143,111.53357
2026-08-09 10:30:00,111.53428,111.53929,111.53127,111.53644
2026-08-09 10:45:00,111.53369,111.53915,111.53255,111.53648
2026-08-09 11:00:00,111.5342,111.54849,111.50136,111.52117
2026-08-09 11:15:00,111.51937,111.52465,111.51811,111.51917
2026-08-09 11:30:00,111.51964,111.52748,111.51893,111.52219
2026-08-09 11:45:00,111.52248,111.5335,111.52045,111.53313
2026-08-09 12:00:00,111.5304,111.54044,111.52954,111.53754
2026-08-09 12:15:00,111.53543,111.54217,111.53381,111.53751
2026-08-09 12:30:00,111.53768,111.54768,111.53525,111.5422
2026-08-09 12:45:00,111.54276,111.56557,111.5062,111.54444
2026-08-09 13:00:00,111.54276,111.54779,111.53714,111.54321
2026-08-09 13:15:00,111.54074,111.54781,111.54074,111.54416
2026-08-09 13:30:00,111.54284,111.54775,111.53784,111.54135
2026-08-09 13:45:00,111.54216,111.54763,111.54087,111.54441
2026-08-09 14:00:00,111.54274,111.54678,111.53747,111.54454
2026-08-09 14:15:00,111.54206,111.54706,111.50189,111.52085
2026-08-09 14:30:00,111.51894,111.53981,111.51894,111.53407
2026-08-09 14:45:00,111.5349,111.53971,111.5315,111.53671
2026-08-09 15:00:00,111.53461,111.5396,111.53303,111.53721
2026-08-09 15:15:00,111.5347,111.53971,111.53093,111.5356
2026-08-09 15:30:00,111.53451,111.5395,111.53156,111.53278
2026-08-09 15:45:00,111.53364,111.5393,111.53247,111.53683
2026-08-09 16:00:00,111.5344,111.54196,111.50907,111.54079
2026-08-09 16:15:00,111.53834,111.54382,111.53681,111.54051
2026-08-09 16:30:00,111.539,111.54379,111.53492,111.53786
2026-08-09 16:45:00,111.53856,111.54397,111.5346,111.54068
2026-08-09 17:00:00,111.53792,111.5434,111.53576,111.54048
2026-08-09 17:15:00,111.5382,111.54344,111.53303,111.53629
2026-08-09 17:30:00,111.53443,111.54328,111.53395,111.53453
2026-08-09 17:45:00,111.53498,111.53908,111.50945,111.53355
2026-08-09 18:00:00,111.53394,111.53887,111.53082,111.53868
2026-08-09 18:15:00,111.53668,111.54135,111.53238,111.53609
2026-08-09 18:30:00,111.5339,111.53895,111.53123,111.53537
2026-08-09 18:45:00,111.53376,111.53992,111.53226,111.53409
2026-08-09 19:00:00,111.53476,111.53995,111.53191,111.53643
2026-08-09 19:15:00,111.53494,111.53997,111.53108,111.53522
2026-08-09 19:30:00,111.53265,111.53941,111.53238,111.5353
2026-08-09 19:45:00,111.5342,111.54011,111.53232,111.53422
2026-08-09 20:00:00,111.53503,111.54021,111.53351,111.53705
2026-08-09 20:15:00,111.53525,111.54022,111.53361,111.53776
2026-08-09 20:30:00,111.53525,111.54142,111.53385,111.53689
2026-08-09 20:45:00,111.53611,111.54063,111.53393,111.53407
2026-08-09 21:00:00,111.5349,111.54004,111.53323,111.53722
2026-08-09 21:15:00,111.53503,111.54286,111.5321,111.54038
2026-08-09 21:30:00,111.53789,111.54287,111.40091,111.47724
2026-08-09 21:45:00,111.47792,111.54267,111.46989,111.54046
2026-08-09 22:00:00,111.53734,111.54353,111.48956,111.53676
2026-08-09 22:15:00,111.53393,111.5402,111.53363,111.5376
2026-08-09 22:30:00,111.53525,111.56917,111.48956,111.53667
2026-08-09 22:45:00,111.53502,111.54025,111.49192,111.52776
2026-08-09 23:00:00,111.52329,111.53694,111.52329,111.53176
2026-08-09 23:15:00,111.53192,111.54689,111.37237,111.43219
2026-08-09 23:30:00,111.4302,111.43521,111.42856,111.43232
2026-08-09 23:45:00,111.4302,111.43889,111.40841,111.41526
2026-08-10 00:00:00,111.41539,111.55173,111.37374,111.53689
2026-08-10 00:15:00,111.53166,111.53978,111.52061,111.53833
2026-08-10 00:30:00,111.53654,111.54204,111.49166,111.53114
2026-08-10 00:45:00,111.52834,111.54476,111.5205,111.5237
2026-08-10 01:00:00,111.52225,111.60716,111.39212,111.53881
2026-08-10 01:15:00,111.53562,111.54103,111.49093,111.52223
2026-08-10 01:30:00,111.5158,111.54049,111.5158,111.53811
2026-08-10 01:45:00,111.5357,111.54031,111.49093,111.53556
2026-08-10 02:00:00,111.53392,111.56024,111.53042,111.53511
2026-08-10 02:15:00,111.53628,111.55481,111.49698,111.55189
2026-08-10 02:30:00,111.55048,111.60962,111.40414,111.44393
2026-08-10 02:45:00,111.44632,111.54999,111.42403,111.54802
2026-08-10 03:00:00,111.54622,111.56468,111.48371,111.53664
2026-08-10 03:15:00,111.53357,111.54346,111.53287,111.5429
2026-08-10 03:30:00,111.54143,111.54143,111.48947,111.53749
2026-08-10 03:45:00,111.53502,111.56772,111.48956,111.52027
2026-08-10 04:00:00,111.51489,111.54144,111.47851,111.49177
2026-08-10 04:15:00,111.48822,111.56297,111.38696,111.48169
2026-08-10 04:30:00,111.48218,111.56829,111.47406,111.48233
2026-08-10 04:45:00,111.48349,111.48486,111.31871,111.38898
2026-08-10 05:00:00,111.40067,111.54277,111.23848,111.51441
2026-08-10 05:15:00,111.47453,111.57292,111.44619,111.48695
2026-08-10 05:30:00,111.4762,111.51053,111.41972,111.47415
2026-08-10 05:45:00,111.48909,111.68683,111.44116,111.53255
2026-08-10 06:00:00,111.53602,111.66697,111.47392,111.51634
2026-08-10 06:15:00,111.51072,111.56813,111.46034,111.4979
2026-08-10 06:30:00,111.49108,111.54207,111.47767,111.4916
2026-08-10 06:45:00,111.49326,111.53421,111.44246,111.47865
2026-08-10 07:00:00,111.47455,111.52184,111.40761,111.41889
2026-08-10 07:15:00,111.42352,111.48044,111.40087,111.40303
2026-08-10 07:30:00,111.40909,111.44571,111.37298,111.42937
2026-08-10 07:45:00,111.42711,111.49301,111.39795,111.48342
2026-08-10 08:00:00,111.48669,111.58786,111.44752,111.58575
2026-08-10 08:15:00,111.58447,111.58447,111.54846,111.57903
2026-08-10 08:30:00,111.57473,111.60226,111.57473,111.59986
2026-08-10 08:45:00,111.59442,111.60521,111.58066,111.58527
2026-08-10 09:00:00,111.58289,111.59446,111.55433,111.56727
2026-08-10 09:15:00,111.5768,111.58212,111.5441,111.5449
2026-08-10 09:30:00,111.54754,111.55771,111.52724,111.53912
2026-08-10 09:45:00,111.54382,111.56912,111.52509,111.53851
2026-08-10 10:00:00,111.53504,111.61322,111.51507,111.61082
2026-08-10 10:15:00,111.60478,111.62027,111.56497,111.58541
2026-08-10 10:30:00,111.58235,111.60491,111.53287,111.53377
2026-08-10 10:45:00,111.53578,111.57712,111.52941,111.54855
2026-08-10 11:00:00,111.54471,111.63082,111.49287,111.61557
2026-08-10 11:15:00,111.61033,111.7049,111.60458,111.7024
2026-08-10 11:30:00,111.69734,111.7423,111.65013,111.73059
2026-08-10 11:45:00,111.73113,111.81839,111.72777,111.81525
2026-08-10 12:00:00,111.80528,111.83543,111.78152,111.81832
2026-08-10 12:15:00,111.81519,111.82672,111.77802,111.79
2026-08-10 12:30:00,111.78551,111.7965,111.75948,111.76037
2026-08-10 12:45:00,111.76168,111.77028,111.74218,111.75661
2026-08-10 13:00:00,111.75458,111.75458,111.65292,111.65574
2026-08-10 13:15:00,111.65763,111.68581,111.64056,111.64394
2026-08-10 13:30:00,111.64562,111.70454,111.64177,111.70319
2026-08-10 13:45:00,111.70032,111.70032,111.67498,111.68198
2026-08-10 14:00:00,111.6807,111.69716,111.6641,111.69543
2026-08-10 14:15:00,111.69138,111.71924,111.6747,111.694
2026-08-10 14:30:00,111.68715,111.73131,111.68715,111.7255
2026-08-10 14:45:00,111.71766,111.79869,111.71766,111.79128
2026-08-10 15:00:00,111.77576,111.84472,111.77576,111.84327
2026-08-10 15:15:00,111.83712,111.86489,111.82431,111.82675
2026-08-10 15:30:00,111.83045,111.89244,111.81998,111.88973
2026-08-10 15:45:00,111.88594,111.92469,111.88398,111.92351
2026-08-10 16:00:00,111.92042,111.95093,111.91831,111.93984
2026-08-10 16:15:00,111.93964,111.99872,111.92615,111.9974
2026-08-10 16:30:00,111.99489,111.99839,111.94359,111.94634
2026-08-10 16:45:00,111.94963,111.95235,111.90746,111.91654
2026-08-10 17:00:00,111.91317,111.97595,111.91317,111.96401
2026-08-10 17:15:00,111.96157,111.99775,111.94076,111.97568
2026-08-10 17:30:00,111.97606,112.067,111.97606,112.02078
2026-08-10 17:45:00,112.02277,112.07333,112.01523,112.07032
2026-08-10 18:00:00,112.06484,112.10638,112.04266,112.08845
2026-08-10 18:15:00,112.09027,112.11709,112.0853,112.11481
2026-08-10 18:30:00,112.11267,112.14843,112.10185,112.11356
2026-08-10 18:45:00,112.11648,112.201,112.10468,112.18861
2026-08-10 19:00:00,112.19164,112.19675,112.15964,112.17754
2026-08-10 19:15:00,112.17501,112.18883,112.16259,112.18715
2026-08-10 19:30:00,112.18253,112.21506,112.18191,112.20713
2026-08-10 19:45:00,112.19576,112.25324,112.19576,112.22846
2026-08-10 20:00:00,112.23189,112.25227,112.20877,112.23314
2026-08-10 20:15:00,112.23131,112.23605,112.1636,112.20596
2026-08-10 20:30:00,112.19983,112.2153,112.16038,112.20441
2026-08-10 20:45:00,112.20262,112.22153,112.19294,112.20868
2026-08-10 21:00:00,112.21281,112.2319,112.17849,112.19074
2026-08-10 21:15:00,112.19932,112.19932,112.16343,112.17002
2026-08-10 21:30:00,112.16743,112.21512,112.16357,112.21033
2026-08-10 21:45:00,112.20774,112.20774,112.18603,112.18674
2026-08-10 22:00:00,112.18838,112.19042,111.96941,112.08304
2026-08-10 22:15:00,112.07782,112.08192,112.01684,112.06964
2026-08-10 22:30:00,112.06362,112.11822,112.04947,112.11701
2026-08-10 22:45:00,112.11456,112.16727,112.09684,112.16532
2026-08-10 23:00:00,112.16404,112.19669,112.1523,112.17962
2026-08-10 23:15:00,112.18086,112.1883,112.13813,112.17765
2026-08-10 23:30:00,112.17357,112.19879,112.14851,112.18198
2026-08-10 23:45:00,112.18069,112.21129,112.14946,112.20118
2026-08-11 00:00:00,112.18844,112.25756,112.18844,112.24689
2026-08-11 00:15:00,112.2433,112.26343,112.19489,112.24458
2026-08-11 00:30:00,112.24834,112.29498,112.24614,112.27121
2026-08-11 00:45:00,112.2769,112.29878,112.24604,112.29724
2026-08-11 01:00:00,112.29157,112.31185,112.22148,112.30066
2026-08-11 01:15:00,112.29777,112.30797,112.25077,112.26296
2026-08-11 01:30:00,112.26452,112.27584,112.23953,112.26535
2026-08-11 01:45:00,112.26182,112.28649,112.23742,112.28543
2026-08-11 02:00:00,112.28295,112.29404,112.26756,112.28142
2026-08-11 02:15:00,112.28595,112.29468,112.26727,112.29228
2026-08-11 02:30:00,112.29026,112.31228,112.25492,112.28184
2026-08-11 02:45:00,112.27906,112.30789,112.26196,112.30546
2026-08-11 03:00:00,112.30069,112.34866,112.29342,112.3288
2026-08-11 03:15:00,112.32939,112.32984,112.28778,112.28936
2026-08-11 03:30:00,112.29096,112.30121,112.26692,112.27874
2026-08-11 03:45:00,112.27485,112.28966,112.26521,112.27547
2026-08-11 04:00:00,112.27378,112.29361,112.2579,112.29145
2026-08-11 04:15:00,112.28946,112.31254,112.2814,112.30471
2026-08-11 04:30:00,112.30331,112.34361,112.2807,112.34134
2026-08-11 04:45:00,112.33812,112.42093,112.33657,112.38169
2026-08-11 05:00:00,112.38041,112.38352,112.35207,112.36971
2026-08-11 05:15:00,112.36787,112.39485,112.35524,112.38796
2026-08-11 05:30:00,112.38935,112.46315,112.38935,112.41867
2026-08-11 05:45:00,112.42101,112.43359,112.37591,112.37714
2026-08-11 06:00:00,112.37836,112.40122,112.35425,112.39488
2026-08-11 06:15:00,112.3902,112.40103,112.3796,112.39202
2026-08-11 06:30:00,112.39354,112.40018,112.37798,112.38504
2026-08-11 06:45:00,112.3829,112.38778,112.3657,112.381
2026-08-11 07:00:00,112.37901,112.42487,112.27117,112.39292
2026-08-11 07:15:00,112.39709,112.42339,112.34552,112.34679
2026-08-11 07:30:00,112.34902,112.36735,112.32741,112.36494
2026-08-11 07:45:00,112.36153,112.3693,112.33787,112.35171
2026-08-11 08:00:00,112.34966,112.40374,112.34012,112.39993
2026-08-11 08:15:00,112.39442,112.40444,112.36176,112.38307
2026-08-11 08:30:00,112.37915,112.3882,112.36124,112.36727
2026-08-11 08:45:00,112.36866,112.38527,112.35832,112.38275
2026-08-11 09:00:00,112.37979,112.40161,112.368,112.37593
2026-08-11 09:15:00,112.37678,112.39045,112.3614,112.38211
2026-08-11 09:30:00,112.38501,112.38502,112.36688,112.37692
2026-08-11 09:45:00,112.3752,112.37707,112.26714,112.27022
2026-08-11 10:00:00,112.27178,112.30942,112.26463,112.30787
2026-08-11 10:15:00,112.30662,112.35933,112.30398,112.34708
2026-08-11 10:30:00,112.35102,112.3586,112.18711,112.19515
2026-08-11 10:45:00,112.20873,112.29321,112.20873,112.29234
2026-08-11 11:00:00,112.2871,112.31678,112.21546,112.30257
2026-08-11 11:15:00,112.30558,112.35579,112.29107,112.32794
2026-08-11 11:30:00,112.32378,112.35829,112.31859,112.34707
2026-08-11 11:45:00,112.34362,112.36296,112.32649,112.36012
2026-08-11 12:00:00,112.34996,112.40334,112.34616,112.3944
2026-08-11 12:15:00,112.39608,112.41741,112.38063,112.39018
2026-08-11 12:30:00,112.39157,112.42066,112.37902,112.41169
2026-08-11 12:45:00,112.40535,112.41431,112.34197,112.36375
2026-08-11 13:00:00,112.35823,112.37327,112.3303,112.37158
2026-08-11 13:15:00,112.36726,112.37816,112.34179,112.37611
2026-08-11 13:30:00,112.37152,112.37318,112.34221,112.36823
2026-08-11 13:45:00,112.36431,112.37158,112.33543,112.36597
2026-08-11 14:00:00,112.36269,112.37921,112.3499,112.37351
2026-08-11 14:15:00,112.37434,112.39377,112.3606,112.39032
2026-08-11 14:30:00,112.38518,112.45183,112.13807,112.19697
2026-08-11 14:45:00,112.20213,112.24108,112.14187,112.22376
2026-08-11 15:00:00,112.22472,112.23881,112.16338,112.16957
2026-08-11 15:15:00,112.18119,112.18119,112.11038,112.12448
2026-08-11 15:30:00,112.12178,112.23184,112.09793,112.21618
2026-08-11 15:45:00,112.21735,112.363,112.20278,112.33419
2026-08-11 16:00:00,112.34297,112.37426,112.31145,112.36299
2026-08-11 16:15:00,112.3598,112.3633,112.27456,112.30667
2026-08-11 16:30:00,112.30588,112.32668,112.26587,112.29288
2026-08-11 16:45:00,112.29488,112.31021,112.26537,112.27028
2026-08-11 17:00:00,112.27121,112.38218,112.27121,112.37926
2026-08-11 17:15:00,112.36882,112.39809,112.3393,112.35088
2026-08-11 17:30:00,112.35314,112.37636,112.32453,112.32832
2026-08-11 17:45:00,112.33292,112.33292,112.27807,112.3188
2026-08-11 18:00:00,112.31262,112.34494,112.2966,112.32418
2026-08-11 18:15:00,112.32553,112.37421,112.32553,112.34687
2026-08-11 18:30:00,112.35381,112.38143,112.31496,112.37146
2026-08-11 18:45:00,112.37186,112.4066,112.36276,112.37372
2026-08-11 19:00:00,112.37849,112.40406,112.37589,112.38498
2026-08-11 19:15:00,112.38113,112.39311,112.35511,112.3616
2026-08-11 19:30:00,112.35844,112.3854,112.34887,112.38077
2026-08-11 19:45:00,112.38083,112.41134,112.36135,112.40976
2026-08-11 20:00:00,112.40697,112.45689,112.40219,112.45211
2026-08-11 20:15:00,112.44868,112.4681,112.41446,112.4181
2026-08-11 20:30:00,112.42108,112.457,112.41741,112.44294
2026-08-11 20:45:00,112.43868,112.46914,112.42273,112.42615
2026-08-11 21:00:00,112.4322,112.46279,112.39925,112.41442
2026-08-11 21:15:00,112.41157,112.45771,112.37826,112.4549
2026-08-11 21:30:00,112.45204,112.46155,112.41056,112.42534
2026-08-11 21:45:00,112.42083,112.46078,112.41638,112.4583
2026-08-11 22:00:00,112.45462,112.48548,112.44937,112.48115
2026-08-11 22:15:00,112.47057,112.53722,112.47057,112.51726
2026-08-11 22:30:00,112.5199,112.55575,112.50175,112.52126
2026-08-11 22:45:00,112.51566,112.54147,112.50372,112.52309
2026-08-11 23:00:00,112.52103,112.52614,112.47091,112.4972
2026-08-11 23:15:00,112.50052,112.51484,112.476,112.51252
2026-08-11 23:30:00,112.50964,112.54338,112.49258,112.53175
2026-08-11 23:45:00,112.53446,112.55229,112.51229,112.52221
2026-08-12 00:00:00,112.53555,112.56084,112.53488,112.54354
2026-08-12 00:15:00,112.54148,112.57485,112.53857,112.55908
2026-08-12 00:30:00,112.55676,112.56763,112.53971,112.55573
2026-08-12 00:45:00,112.55323,112.55323,112.49543,112.49853
2026-08-12 01:00:00,112.50237,112.50237,112.40492,112.40675
2026-08-12 01:15:00,112.41016,112.44592,112.40184,112.43997
2026-08-12 01:30:00,112.43756,112.45693,112.42592,112.43584
2026-08-12 01:45:00,112.43157,112.46265,112.42994,112.44002
2026-08-12 02:00:00,112.44231,112.45999,112.4316,112.4414
2026-08-12 02:15:00,112.43944,112.46425,112.42506,112.45158
2026-08-12 02:30:00,112.45847,112.46786,112.44191,112.45363
2026-08-12 02:45:00,112.45809,112.47703,112.44648,112.47431
2026-08-12 03:00:00,112.47011,112.48839,112.44841,112.45988
2026-08-12 03:15:00,112.45594,112.47592,112.44585,112.46427
2026-08-12 03:30:00,112.46518,112.48043,112.45721,112.47769
2026-08-12 03:45:00,112.47565,112.47862,112.45817,112.45882
2026-08-12 04:00:00,112.46002,112.47788,112.44376,112.4538
2026-08-12 04:15:00,112.45118,112.45551,112.40945,112.41148
2026-08-12 04:30:00,112.41424,112.4222,112.39508,112.40678
2026-08-12 04:45:00,112.40408,112.42862,112.39786,112.42583
2026-08-12 05:00:00,112.42278,112.44873,112.42145,112.44446
2026-08-12 05:15:00,112.43864,112.47332,112.43864,112.47218
2026-08-12 05:30:00,112.4691,112.47588,112.45689,112.46117
2026-08-12 05:45:00,112.46309,112.48368,112.44931,112.47367
2026-08-12 06:00:00,112.47599,112.49506,112.46739,112.48242
2026-08-12 06:15:00,112.48516,112.49179,112.4768,112.4777
2026-08-12 06:30:00,112.47884,112.53291,112.47786,112.53184
2026-08-12 06:45:00,112.52851,112.53003,112.49478,112.49818
2026-08-12 07:00:00,112.50266,112.51377,112.41882,112.42239
2026-08-12 07:15:00,112.43216,112.4923,112.42808,112.46939
2026-08-12 07:30:00,112.46701,112.48513,112.44806,112.45647
2026-08-12 07:45:00,112.47339,112.47339,112.42771,112.44957
2026-08-12 08:00:00,112.44741,112.50119,112.4322,112.49935
2026-08-12 08:15:00,112.49662,112.51414,112.49406,112.5067
2026-08-12 08:30:00,112.50725,112.52224,112.49558,112.5058
2026-08-12 08:45:00,112.50402,112.5101,112.49606,112.50715
2026-08-12 09:00:00,112.50486,112.52351,112.49719,112.52158
2026-08-12 09:15:00,112.51851,112.54025,112.51814,112.52837
2026-08-12 09:30:00,112.52949,112.53172,112.51066,112.51261
2026-08-12 09:45:00,112.51501,112.52614,112.49583,112.49857
2026-08-12 10:00:00,112.50079,112.52107,112.47279,112.50227
2026-08-12 10:15:00,112.49674,112.5504,112.48698,112.53188
2026-08-12 10:30:00,112.53907,112.57776,112.53515,112.55502
2026-08-12 10:45:00,112.55764,112.58346,112.54112,112.57412
2026-08-12 11:00:00,112.5716,112.58185,112.53795,112.54677
2026-08-12 11:15:00,112.54866,112.55603,112.50582,112.53179
2026-08-12 11:30:00,112.52777,112.53268,112.49732,112.51167
2026-08-12 11:45:00,112.51033,112.51242,112.44683,112.46378
2026-08-12 12:00:00,112.45575,112.47955,112.42023,112.44762
2026-08-12 12:15:00,112.44924,112.51391,112.44924,112.48088
2026-08-12 12:30:00,112.48481,112.53983,112.47409,112.53718
2026-08-12 12:45:00,112.53169,112.53169,112.48878,112.49173
2026-08-12 13:00:00,112.49384,112.54381,112.487,112.54099
2026-08-12 13:15:00,112.53918,112.55896,112.52986,112.55542
2026-08-12 13:30:00,112.5505,112.56405,112.51626,112.51887
2026-08-12 13:45:00,112.52346,112.52888,112.48776,112.50689
2026-08-12 14:00:00,112.50174,112.52272,112.49247,112.51398
2026-08-12 14:15:00,112.50883,112.5267,112.50277,112.51655
2026-08-12 14:30:00,112.51529,112.52442,112.45757,112.45948
2026-08-12 14:45:00,112.46323,112.49994,112.45994,112.49428
2026-08-12 15:00:00,112.49153,112.4952,112.47657,112.47876
2026-08-12 15:15:00,112.48103,112.48186,112.46164,112.47326
2026-08-12 15:30:00,112.4747,112.49906,112.46321,112.4949
2026-08-12 15:45:00,112.48891,112.54546,112.48427,112.54443
2026-08-12 16:00:00,112.54057,112.57026,112.51739,112.53079
2026-08-12 16:15:00,112.5266,112.5266,112.46206,112.49559
2026-08-12 16:30:00,112.49661,112.5131,112.48359,112.50185
2026-08-12 16:45:00,112.50054,112.51604,112.4807,112.49926
2026-08-12 17:00:00,112.50074,112.55744,112.49834,112.54984
2026-08-12 17:15:00,112.54333,112.56939,112.50923,112.53279
2026-08-12 17:30:00,112.52832,112.53683,112.459,112.49048
2026-08-12 17:45:00,112.48387,112.5002,112.47246,112.47425
2026-08-12 18:00:00,112.47712,112.48986,112.45195,112.46357
2026-08-12 18:15:00,112.46062,112.47855,112.44976,112.47331
2026-08-12 18:30:00,112.46923,112.48162,112.43984,112.45973
2026-08-12 18:45:00,112.45624,112.50809,112.44638,112.48525
2026-08-12 19:00:00,112.49367,112.5155,112.46739,112.50726
2026-08-12 19:15:00,112.50403,112.51047,112.25063,112.37906
2026-08-12 19:30:00,112.37136,112.46069,112.35932,112.39701
2026-08-12 19:45:00,112.39446,112.43791,112.38543,112.43578
2026-08-12 20:00:00,112.43222,112.51405,112.43078,112.51379
2026-08-12 20:15:00,112.5114,112.53156,112.47929,112.49676
2026-08-12 20:30:00,112.49199,112.50648,112.44824,112.45188
2026-08-12 20:45:00,112.45712,112.47782,112.42907,112.47386
2026-08-12 21:00:00,112.46795,112.4805,112.41908,112.4238
2026-08-12 21:15:00,112.43216,112.47614,112.39994,112.4724
2026-08-12 21:30:00,112.46864,112.48738,112.45206,112.46854
2026-08-12 21:45:00,112.47044,112.5044,112.44816,112.50245
2026-08-12 22:00:00,112.49844,112.50512,112.45455,112.46246
2026-08-12 22:15:00,112.45866,112.50369,112.45814,112.49788
2026-08-12 22:30:00,112.48689,112.59681,112.37323,112.5656
2026-08-12 22:45:00,112.5545,112.63699,112.54632,112.58059
2026-08-12 23:00:00,112.58386,112.6053,112.51976,112.52922
2026-08-12 23:15:00,112.54585,112.56203,112.47084,112.52678
2026-08-12 23:30:00,112.52458,112.60471,112.51204,112.60032
2026-08-12 23:45:00,112.59157,112.65576,112.59157,112.62093
2026-08-13 00:00:00,112.63405,112.74182,112.63405,112.73342
2026-08-13 00:15:00,112.7296,112.76968,112.68516,112.69766
2026-08-13 00:30:00,112.69485,112.70564,112.64214,112.64584
2026-08-13 00:45:00,112.65141,112.68266,112.57069,112.60756
2026-08-13 01:00:00,112.60308,112.63633,112.55785,112.63176
2026-08-13 01:15:00,112.62347,112.66099,112.62347,112.64132
2026-08-13 01:30:00,112.6445,112.64956,112.58184,112.59953
2026-08-13 01:45:00,112.59445,112.59445,112.54866,112.56781
2026-08-13 02:00:00,112.56906,112.6039,112.5493,112.5837
2026-08-13 02:15:00,112.58162,112.59591,112.56427,112.59325
2026-08-13 02:30:00,112.5906,112.59664,112.56252,112.58786
2026-08-13 02:45:00,112.58565,112.60705,112.57056,112.59071
2026-08-13 03:00:00,112.58691,112.62224,112.57835,112.61297
2026-08-13 03:15:00,112.61358,112.62198,112.60155,112.60536
2026-08-13 03:30:00,112.60629,112.65183,112.59919,112.65071
2026-08-13 03:45:00,112.64752,112.66014,112.62666,112.63922
2026-08-13 04:00:00,112.63776,112.66939,112.63124,112.65041
2026-08-13 04:15:00,112.65376,112.66694,112.62936,112.64313
2026-08-13 04:30:00,112.63947,112.6521,112.63361,112.63903
2026-08-13 04:45:00,112.64092,112.65526,112.62349,112.6264
2026-08-13 05:00:00,112.63104,112.65284,112.62149,112.65074
2026-08-13 05:15:00,112.64767,112.65009,112.628,112.63335
2026-08-13 05:30:00,112.63513,112.64349,112.61166,112.6235
2026-08-13 05:45:00,112.62425,112.66028,112.6126,112.65747
2026-08-13 06:00:00,112.65147,112.67209,112.62738,112.63288
2026-08-13 06:15:00,112.6343,112.64023,112.60295,112.60388
2026-08-13 06:30:00,112.60508,112.61368,112.58579,112.59815
2026-08-13 06:45:00,112.59512,112.61209,112.57757,112.6077
2026-08-13 07:00:00,112.60577,112.60983,112.56382,112.58418
2026-08-13 07:15:00,112.5853,112.5934,112.55694,112.57312
2026-08-13 07:30:00,112.57172,112.57526,112.55299,112.56387
2026-08-13 07:45:00,112.56079,112.58613,112.55286,112.58216
2026-08-13 08:00:00,112.57845,112.59925,112.56561,112.58325
2026-08-13 08:15:00,112.58021,112.59508,112.57798,112.59203
2026-08-13 08:30:00,112.58712,112.59461,112.57665,112.57863
2026-08-13 08:45:00,112.58081,112.58763,112.56386,112.58469
2026-08-13 09:00:00,112.58274,112.58365,112.56293,112.56997
2026-08-13 09:15:00,112.57022,112.57451,112.53004,112.54841
2026-08-13 09:30:00,112.54893,112.58951,112.54218,112.58879
2026-08-13 09:45:00,112.58608,112.5891,112.53707,112.54768
2026-08-13 10:00:00,112.543,112.60247,112.5381,112.60079
2026-08-13 10:15:00,112.5975,112.61354,112.54056,112.54474
2026-08-13 10:30:00,112.54684,112.55665,112.49215,112.49433
2026-08-13 10:45:00,112.49723,112.53872,112.47429,112.51313
2026-08-13 11:00:00,112.50998,112.51731,112.48361,112.48483
2026-08-13 11:15:00,112.48629,112.49044,112.45319,112.454
2026-08-13 11:30:00,112.45646,112.49768,112.45338,112.46324
2026-08-13 11:45:00,112.46131,112.47081,112.43368,112.46711
2026-08-13 12:00:00,112.46505,112.48544,112.44102,112.44575
2026-08-13 12:15:00,112.45147,112.47847,112.43831,112.46664
2026-08-13 12:30:00,112.46693,112.47626,112.4326,112.44132
2026-08-13 12:45:00,112.44386,112.46602,112.44376,112.45877
2026-08-13 13:00:00,112.45665,112.45665,112.37201,112.37467
2026-08-13 13:15:00,112.37783,112.41625,112.37008,112.41259
2026-08-13 13:30:00,112.40733,112.43144,112.38919,112.39144
2026-08-13 13:45:00,112.39439,112.42186,112.37479,112.37854
2026-08-13 14:00:00,112.38472,112.40171,112.36768,112.37821
2026-08-13 14:15:00,112.37636,112.37821,112.35659,112.37625
2026-08-13 14:30:00,112.37307,112.38177,112.35251,112.37109
2026-08-13 14:45:00,112.37411,112.42865,112.22275,112.23055
2026-08-13 15:00:00,112.24306,112.36041,112.24252,112.33833
2026-08-13 15:15:00,112.33425,112.36477,112.30256,112.34438
2026-08-13 15:30:00,112.34753,112.35323,112.29466,112.29658
2026-08-13 15:45:00,112.30122,112.33029,112.27068,112.29845
2026-08-13 16:00:00,112.2956,112.37661,112.29428,112.37492
2026-08-13 16:15:00,112.36914,112.37695,112.34959,112.36214
2026-08-13 16:30:00,112.35866,112.36463,112.30496,112.35287
2026-08-13 16:45:00,112.34816,112.36228,112.32902,112.33394
2026-08-13 17:00:00,112.33725,112.37482,112.31646,112.33005
2026-08-13 17:15:00,112.32364,112.37669,112.31317,112.35995
2026-08-13 17:30:00,112.35881,112.37159,112.31022,112.32672
2026-08-13 17:45:00,112.32939,112.34246,112.31005,112.34122
2026-08-13 18:00:00,112.33865,112.3442,112.31066,112.31462
2026-08-13 18:15:00,112.31395,112.33765,112.30214,112.32698
2026-08-13 18:30:00,112.32813,112.36766,112.32813,112.3596
2026-08-13 18:45:00,112.36038,112.3654,112.35044,112.35543
2026-08-13 19:00:00,112.35607,112.37394,112.3421,112.37115
2026-08-13 19:15:00,112.3684,112.40707,112.35213,112.40403
2026-08-13 19:30:00,112.40179,112.42774,112.39953,112.41634
2026-08-13 19:45:00,112.41696,112.46013,112.39271,112.45197
2026-08-13 20:00:00,112.45382,112.46553,112.43731,112.44098
2026-08-13 20:15:00,112.44701,112.4577,112.41807,112.42961
2026-08-13 20:30:00,112.42683,112.43881,112.40553,112.41739
2026-08-13 20:45:00,112.42037,112.42728,112.40019,112.42616
2026-08-13 21:00:00,112.42333,112.42333,112.37634,112.39195
2026-08-13 21:15:00,112.38614,112.40206,112.36896,112.38108
2026-08-13 21:30:00,112.37729,112.38409,112.35679,112.37012
2026-08-13 21:45:00,112.36696,112.39658,112.35325,112.38608
2026-08-13 22:00:00,112.38024,112.38887,112.35333,112.35562
2026-08-13 22:15:00,112.35884,112.35889,112.33349,112.35137
2026-08-13 22:30:00,112.3409,112.4234,112.31662,112.40218
2026-08-13 22:45:00,112.407,112.46259,112.39445,112.45619
2026-08-13 23:00:00,112.44698,112.48311,112.43067,112.47522
2026-08-13 23:15:00,112.46853,112.485,112.44618,112.45692
2026-08-13 23:30:00,112.45911,112.49014,112.42267,112.47034
2026-08-13 23:45:00,112.46641,112.47772,112.42047,112.42283
2026-08-14 00:00:00,112.42568,112.47816,112.32406,112.35905
2026-08-14 00:15:00,112.34585,112.39858,112.34585,112.39691
2026-08-14 00:30:00,112.39206,112.43881,112.37113,112.43697
2026-08-14 00:45:00,112.43403,112.49412,112.42454,112.45404
2026-08-14 01:00:00,112.45674,112.47923,112.44318,112.4754
2026-08-14 01:15:00,112.46901,112.49954,112.43607,112.4738
2026-08-14 01:30:00,112.48782,112.48991,112.43837,112.46838
2026-08-14 01:45:00,112.47373,112.48085,112.4608,112.46337
2026-08-14 02:00:00,112.46523,112.48205,112.4532,112.46813
2026-08-14 02:15:00,112.4732,112.5136,112.46422,112.51306
2026-08-14 02:30:00,112.50967,112.55156,112.50255,112.54994
2026-08-14 02:45:00,112.54356,112.60129,112.54356,112.59032
2026-08-14 03:00:00,112.59252,112.61293,112.58326,112.60073
2026-08-14 03:15:00,112.59824,112.60459,112.57657,112.57903
2026-08-14 03:30:00,112.58184,112.60441,112.5716,112.58914
2026-08-14 03:45:00,112.58343,112.61227,112.57642,112.57995
2026-08-14 04:00:00,112.58539,112.58539,112.53838,112.5429
2026-08-14 04:15:00,112.55035,112.56758,112.54819,112.56044
2026-08-14 04:30:00,112.55656,112.57836,112.54835,112.56941
2026-08-14 04:45:00,112.56438,112.58515,112.56438,112.57074
2026-08-14 05:00:00,112.57409,112.60788,112.56131,112.60456
2026-08-14 05:15:00,112.59996,112.615,112.59614,112.61365
2026-08-14 05:30:00,112.6127,112.6229,112.59336,112.61967
2026-08-14 05:45:00,112.61508,112.62349,112.60096,112.61484
2026-08-14 06:00:00,112.61527,112.63731,112.60803,112.61115
2026-08-14 06:15:00,112.61215,112.64813,112.60431,112.63464
2026-08-14 06:30:00,112.63672,112.64569,112.62539,112.64347
2026-08-14 06:45:00,112.64068,112.64313,112.6023,112.62128
2026-08-14 07:00:00,112.61982,112.6209,112.54049,112.54429
2026-08-14 07:15:00,112.54604,112.58126,112.53208,112.57121
2026-08-14 07:30:00,112.55506,112.5982,112.55506,112.59283
2026-08-14 07:45:00,112.59098,112.61022,112.56792,112.60838
2026-08-14 08:00:00,112.60549,112.61784,112.57932,112.60367
2026-08-14 08:15:00,112.60537,112.63639,112.59025,112.62666
2026-08-14 08:30:00,112.6291,112.63762,112.62532,112.63188
2026-08-14 08:45:00,112.63038,112.63781,112.61973,112.63145
2026-08-14 09:00:00,112.62858,112.64537,112.61314,112.63096
2026-08-14 09:15:00,112.62942,112.6359,112.62389,112.63092
2026-08-14 09:30:00,112.62977,112.64143,112.60731,112.61011
2026-08-14 09:45:00,112.61356,112.63415,112.61259,112.62391
2026-08-14 10:00:00,112.6201,112.6884,112.6201,112.66024
2026-08-14 10:15:00,112.66188,112.67002,112.61445,112.63462
2026-08-14 10:30:00,112.63674,112.63674,112.57468,112.58514
2026-08-14 10:45:00,112.5832,112.58912,112.53474,112.55488
2026-08-14 11:00:00,112.54883,112.54883,112.49548,112.50325
2026-08-14 11:15:00,112.50413,112.58014,112.50384,112.5774
2026-08-14 11:30:00,112.57303,112.57562,112.52721,112.54724
2026-08-14 11:45:00,112.54461,112.5725,112.52556,112.52967
2026-08-14 12:00:00,112.53462,112.55125,112.51398,112.53841
2026-08-14 12:15:00,112.54156,112.54156,112.49354,112.49562
2026-08-14 12:30:00,112.49829,112.52962,112.481,112.51908
2026-08-14 12:45:00,112.52127,112.53039,112.48646,112.48827
2026-08-14 13:00:00,112.48946,112.50415,112.46609,112.50295
2026-08-14 13:15:00,112.49954,112.51585,112.4843,112.51225
2026-08-14 13:30:00,112.50707,112.53541,112.50543,112.52856
2026-08-14 13:45:00,112.52286,112.5625,112.52286,112.5598
2026-08-14 14:00:00,112.55277,112.55689,112.53061,112.54428
2026-08-14 14:15:00,112.54148,112.5634,112.53235,112.54592
2026-08-14 14:30:00,112.54711,112.56622,112.53506,112.53851
2026-08-14 14:45:00,112.53898,112.55931,112.53634,112.55018
2026-08-14 15:00:00,112.54851,112.55304,112.5143,112.52863
2026-08-14 15:15:00,112.5255,112.5536,112.50463,112.54925
2026-08-14 15:30:00,112.542,112.56763,112.51355,112.53262
2026-08-14 15:45:00,112.52678,112.56875,112.51586,112.5624
2026-08-14 16:00:00,112.56331,112.57113,112.46649,112.48482
2026-08-14 16:15:00,112.47596,112.53103,112.4678,112.50951
2026-08-14 16:30:00,112.51087,112.55652,112.51087,112.54966
2026-08-14 16:45:00,112.54673,112.56668,112.53366,112.56257
2026-08-14 17:00:00,112.56038,112.58015,112.54488,112.57921
2026-08-14 17:15:00,112.57358,112.61622,112.57199,112.58497
2026-08-14 17:30:00,112.5816,112.62352,112.5678,112.60578
2026-08-14 17:45:00,112.60958,112.62878,112.60014,112.60141
2026-08-14 18:00:00,112.60313,112.61584,112.57406,112.57573
2026-08-14 18:15:00,112.57389,112.61287,112.52104,112.5398
2026-08-14 18:30:00,112.53471,112.56942,112.49044,112.55236
2026-08-14 18:45:00,112.55715,112.59373,112.53366,112.59145
2026-08-14 19:00:00,112.5873,112.6009,112.55381,112.58556
2026-08-14 19:15:00,112.58243,112.60586,112.56541,112.60453
2026-08-14 19:30:00,112.60051,112.62439,112.56675,112.57695
2026-08-14 19:45:00,112.57864,112.59452,112.56211,112.59242
2026-08-14 20:00:00,112.5889,112.60819,112.57787,112.60629
2026-08-14 20:15:00,112.59957,112.62753,112.59835,112.62594
2026-08-14 20:30:00,112.62029,112.62959,112.60741,112.61258
2026-08-14 20:45:00,112.61579,112.63657,112.60615,112.63276
2026-08-14 21:00:00,112.62705,112.65356,112.62695,112.64831
2026-08-14 21:15:00,112.64672,112.69185,112.63675,112.67883
2026-08-14 21:30:00,112.68061,112.7149,112.668,112.67007
2026-08-14 21:45:00,112.67115,112.6904,112.65542,112.67553
2026-08-14 22:00:00,112.67626,112.67715,112.58623,112.60117
2026-08-14 22:15:00,112.59655,112.60326,112.50094,112.51006
2026-08-14 22:30:00,112.50861,112.54545,112.43015,112.48785
2026-08-14 22:45:00,112.48975,112.56104,112.48477,112.54025
2026-08-14 23:00:00,112.53301,112.60175,112.52168,112.60107
2026-08-14 23:15:00,112.59965,112.63783,112.58929,112.62666
2026-08-14 23:30:00,112.62287,112.6685,112.59895,112.63359
2026-08-14 23:45:00,112.64621,112.70901,112.61072,112.70138
2026-08-15 00:00:00,112.69127,112.76995,112.69127,112.74588
2026-08-15 00:15:00,112.74809,112.75635,112.71464,112.73219
2026-08-15 00:30:00,112.72805,112.76096,112.68065,112.68284
2026-08-15 00:45:00,112.68548,112.80631,112.67604,112.79978
2026-08-15 01:00:00,112.79002,112.83365,112.74974,112.82932
2026-08-15 01:15:00,112.82213,112.86673,112.81958,112.83975
2026-08-15 01:30:00,112.82952,112.86393,112.82737,112.86152
2026-08-15 01:45:00,112.85937,112.90931,112.85575,112.88062
2026-08-15 02:00:00,112.88428,112.95341,112.87552,112.90838
2026-08-15 02:15:00,112.90934,112.93539,112.89543,112.93062
2026-08-15 02:30:00,112.92751,112.93811,112.89219,112.89991
2026-08-15 02:45:00,112.8995,112.91585,112.88695,112.89572
2026-08-15 03:00:00,112.89637,112.89919,112.85736,112.85807
2026-08-15 03:15:00,112.86001,112.88386,112.85974,112.87587
2026-08-15 03:30:00,112.8742,112.87915,112.84052,112.85002
2026-08-15 03:45:00,112.84703,112.85052,112.82835,112.84234
2026-08-15 04:00:00,112.84308,112.84611,112.8251,112.8263
2026-08-15 04:15:00,112.82982,112.85771,112.82805,112.85345
2026-08-15 04:30:00,112.85222,112.87196,112.84288,112.86909
2026-08-15 04:45:00,112.8666,112.88457,112.84963,112.88344
2026-08-15 05:00:00,112.88091,112.89975,112.8658,112.89244
2026-08-15 05:15:00,112.89403,112.9041,112.87027,112.89613
2026-08-15 05:30:00,112.89661,112.90868,112.87396,112.90369
2026-08-15 05:45:00,112.90128,112.91388,112.89091,112.89704
2026-08-15 06:00:00,112.8956,112.90485,112.86957,112.89471
2026-08-15 06:15:00,112.89009,112.89671,112.8704,112.87144
2026-08-15 06:30:00,112.87259,112.87325,112.84887,112.85309
2026-08-15 06:45:00,112.8499,112.87816,112.84052,112.86996
2026-08-15 07:00:00,112.87033,112.87392,112.76553,112.77183
2026-08-15 07:15:00,112.78835,112.81749,112.78762,112.80416
2026-08-15 07:30:00,112.80152,112.82706,112.72755,112.79797
2026-08-15 07:45:00,112.79044,112.80741,112.7709,112.77639
2026-08-15 08:00:00,112.78624,112.80993,112.75886,112.80188
2026-08-15 08:15:00,112.80379,112.81168,112.79962,112.80766
2026-08-15 08:30:00,112.80634,112.81153,112.79855,112.80237
2026-08-15 08:45:00,112.80211,112.81183,112.79732,112.80956
2026-08-15 09:00:00,112.80725,112.81495,112.75182,112.80253
2026-08-15 09:15:00,112.80392,112.81501,112.77345,112.79757
2026-08-15 09:30:00,112.79162,112.82942,112.75833,112.7993
2026-08-15 09:45:00,112.80377,112.83474,112.74066,112.82129
2026-08-15 10:00:00,112.80071,112.87456,112.72207,112.8725
2026-08-15 10:15:00,112.87067,112.88148,112.8504,112.87312
2026-08-15 10:30:00,112.86962,112.87695,112.86962,112.87291
2026-08-15 10:45:00,112.87147,112.89179,112.85246,112.87479
2026-08-15 11:00:00,112.87695,112.88544,112.85463,112.87317
2026-08-15 11:15:00,112.87176,112.87711,112.85218,112.87042
2026-08-15 11:30:00,112.87128,112.91144,112.80741,112.86995
2026-08-15 11:45:00,112.86493,112.87646,112.86493,112.8734
2026-08-15 12:00:00,112.87082,112.87681,112.84968,112.87299
2026-08-15 12:15:00,112.87213,112.87594,112.86964,112.86978
2026-08-15 12:30:00,112.87069,112.8765,112.85092,112.8736
2026-08-15 12:45:00,112.87181,112.87625,112.85148,112.87085
2026-08-15 13:00:00,112.86801,112.88277,112.85283,112.87294
2026-08-15 13:15:00,112.87164,112.91427,112.81261,112.87003
2026-08-15 13:30:00,112.87083,112.87667,112.86926,112.8739
2026-08-15 13:45:00,112.87171,112.8764,112.8511,112.87373
2026-08-15 14:00:00,112.87134,112.87525,112.85118,112.87006
2026-08-15 14:15:00,112.8682,112.87742,112.8682,112.87067
2026-08-15 14:30:00,112.87145,112.87777,112.85335,112.87571
2026-08-15 14:45:00,112.87292,112.87756,112.86936,112.87393
2026-08-15 15:00:00,112.87175,112.90842,112.81975,112.87358
2026-08-15 15:15:00,112.87156,112.87678,112.85272,112.87231
2026-08-15 15:30:00,112.86993,112.87747,112.86958,112.87097
2026-08-15 15:45:00,112.8715,112.88448,112.85229,112.87308
2026-08-15 16:00:00,112.87132,112.88055,112.8531,112.87429
2026-08-15 16:15:00,112.87194,112.87716,112.85534,112.87353
2026-08-15 16:30:00,112.87208,112.87706,112.8186,112.86567
2026-08-15 16:45:00,112.85756,112.91049,112.85756,112.87316
2026-08-15 17:00:00,112.87171,112.87986,112.85404,112.87467
2026-08-15 17:15:00,112.87211,112.87667,112.87018,112.8731
2026-08-15 17:30:00,112.87209,112.88124,112.85271,112.87041
2026-08-15 17:45:00,112.87129,112.87719,112.85532,112.87219
2026-08-15 18:00:00,112.86871,112.87647,112.86871,112.87425
2026-08-15 18:15:00,112.87181,112.87708,112.81212,112.87157
2026-08-15 18:30:00,112.87048,112.87676,112.86959,112.87068
2026-08-15 18:45:00,112.87152,112.88693,112.8481,112.8711
2026-08-15 19:00:00,112.87125,112.87695,112.85174,112.86625
2026-08-15 19:15:00,112.86222,112.8763,112.86222,112.87268
2026-08-15 19:30:00,112.87119,112.87607,112.84888,112.87364
2026-08-15 19:45:00,112.87128,112.87677,112.86959,112.87095
2026-08-15 20:00:00,112.87128,112.876,112.81785,112.87392
2026-08-15 20:15:00,112.87164,112.88309,112.85388,112.87127
2026-08-15 20:30:00,112.86799,112.8771,112.86799,112.87158
2026-08-15 20:45:00,112.87206,112.87705,112.82488,112.87477
2026-08-15 21:00:00,112.87195,112.87752,112.87086,112.87422
2026-08-15 21:15:00,112.87222,112.89396,112.84277,112.87438
2026-08-15 21:30:00,112.87221,112.87666,112.83688,112.84013
2026-08-15 21:45:00,112.84671,112.87878,112.84671,112.87035
2026-08-15 22:00:00,112.87095,112.8752,112.85123,112.87129
2026-08-15 22:15:00,112.86966,112.87656,112.86884,112.87395
2026-08-15 22:30:00,112.87149,112.87706,112.84415,112.86635
2026-08-15 22:45:00,112.86508,112.88587,112.83979,112.84237
2026-08-15 23:00:00,112.84808,112.86302,112.84152,112.85979
2026-08-15 23:15:00,112.85803,112.86698,112.83028,112.86492
2026-08-15 23:30:00,112.8622,112.86866,112.86195,112.8645
2026-08-15 23:45:00,112.86366,112.86663,112.83833,112.84665
2026-08-16 00:00:00,112.8475,112.85794,112.82637,112.82883
2026-08-16 00:15:00,112.83272,112.83956,112.83272,112.83712
2026-08-16 00:30:00,112.8346,112.85218,112.82193,112.83024
2026-08-16 00:45:00,112.82901,112.83414,112.82748,112.82839
2026-08-16 01:00:00,112.82917,112.8406,112.81708,112.83829
2026-08-16 01:15:00,112.83567,112.84107,112.81802,112.82062
2026-08-16 01:30:00,112.82292,112.83043,112.82292,112.82705
2026-08-16 01:45:00,112.8254,112.83631,112.80904,112.81609
2026-08-16 02:00:00,112.81668,112.87426,112.78771,112.869
2026-08-16 02:15:00,112.86919,112.87569,112.85209,112.87138
2026-08-16 02:30:00,112.86918,112.89162,112.84508,112.88462
2026-08-16 02:45:00,112.87279,112.87395,112.83685,112.86927
2026-08-16 03:00:00,112.86962,112.89548,112.81857,112.87108
2026-08-16 03:15:00,112.86786,112.87635,112.86776,112.87322
2026-08-16 03:30:00,112.87132,112.87592,112.85045,112.87268
2026-08-16 03:45:00,112.87031,112.87658,112.85958,112.86355
2026-08-16 04:00:00,112.86956,112.87609,112.81643,112.86998
2026-08-16 04:15:00,112.87073,112.90274,112.82825,112.86753
2026-08-16 04:30:00,112.86605,112.8757,112.86558,112.87321
2026-08-16 04:45:00,112.87076,112.87573,112.85171,112.8696
2026-08-16 05:00:00,112.86847,112.88252,112.82773,112.86428
2026-08-16 05:15:00,112.87066,112.87219,112.84431,112.87029
2026-08-16 05:30:00,112.8671,112.8755,112.84096,112.85412
2026-08-16 05:45:00,112.85147,112.85741,112.85065,112.85338
2026-08-16 06:00:00,112.85249,112.88453,112.82193,112.84573
2026-08-16 06:15:00,112.84657,112.85813,112.83957,112.85365
2026-08-16 06:30:00,112.85266,112.85266,112.83335,112.8476
2026-08-16 06:45:00,112.84511,112.85274,112.81927,112.85108
2026-08-16 07:00:00,112.84664,112.88058,112.81154,112.87586
2026-08-16 07:15:00,112.87653,112.88937,112.84524,112.85947
2026-08-16 07:30:00,112.85685,112.87498,112.85589,112.87178
2026-08-16 07:45:00,112.86943,112.87812,112.83538,112.8725
2026-08-16 08:00:00,112.87083,112.87822,112.82632,112.86858
2026-08-16 08:15:00,112.86568,112.87426,112.86568,112.86898
2026-08-16 08:30:00,112.86918,112.88268,112.84723,112.87206
2026-08-16 08:45:00,112.86999,112.87556,112.868,112.87258
2026-08-16 09:00:00,112.87052,112.87368,112.82797,112.87231
2026-08-16 09:15:00,112.87042,112.87568,112.83869,112.867
2026-08-16 09:30:00,112.8628,112.87333,112.8628,112.87035
2026-08-16 09:45:00,112.86859,112.88673,112.84108,112.86072
2026-08-16 10:00:00,112.85838,112.86994,112.85674,112.86781
2026-08-16 10:15:00,112.86638,112.87499,112.83945,112.84897
2026-08-16 10:30:00,112.84971,112.85463,112.82881,112.83763
2026-08-16 10:45:00,112.83586,112.85388,112.83429,112.85068
2026-08-16 11:00:00,112.84818,112.85318,112.77835,112.81551
2026-08-16 11:15:00,112.81449,112.8468,112.81327,112.83564
2026-08-16 11:30:00,112.83648,112.85031,112.81786,112.82784
2026-08-16 11:45:00,112.82577,112.83072,112.81049,112.81925
2026-08-16 12:00:00,112.81668,112.843,112.79732,112.8301
2026-08-16 12:15:00,112.83045,112.8313,112.81256,112.81711
2026-08-16 12:30:00,112.81793,112.8757,112.81275,112.87328
2026-08-16 12:45:00,112.8709,112.88717,112.7761,112.8723
2026-08-16 13:00:00,112.86978,112.87523,112.84574,112.86443
2026-08-16 13:15:00,112.8625,112.87424,112.8625,112.8685
2026-08-16 13:30:00,112.86928,112.87445,112.84719,112.87028
2026-08-16 13:45:00,112.86721,112.87387,112.86718,112.87127
2026-08-16 14:00:00,112.86899,112.88587,112.84645,112.86947
2026-08-16 14:15:00,112.86763,112.87274,112.75494,112.80598
2026-08-16 14:30:00,112.81071,112.83794,112.81071,112.83148
2026-08-16 14:45:00,112.83238,112.84063,112.81689,112.83644
2026-08-16 15:00:00,112.83449,112.83842,112.83127,112.83502
2026-08-16 15:15:00,112.83283,112.84059,112.81578,112.82401
2026-08-16 15:30:00,112.82237,112.8298,112.82091,112.82415
2026-08-16 15:45:00,112.82479,112.82926,112.82257,112.8252
2026-08-16 16:00:00,112.82364,112.85031,112.75534,112.80321
2026-08-16 16:15:00,112.80071,112.85112,112.79859,112.84247
2026-08-16 16:30:00,112.84276,112.84369,112.82105,112.82788
2026-08-16 16:45:00,112.82867,112.83929,112.81365,112.82075
2026-08-16 17:00:00,112.81875,112.82452,112.81785,112.82207
2026-08-16 17:15:00,112.81954,112.8246,112.80641,112.81294
2026-08-16 17:30:00,112.81214,112.8173,112.81068,112.81138
2026-08-16 17:45:00,112.81222,112.8147,112.74742,112.78878
2026-08-16 18:00:00,112.7865,112.79163,112.78259,112.7876
2026-08-16 18:15:00,112.78504,112.79094,112.784,112.78716
2026-08-16 18:30:00,112.78587,112.79081,112.78246,112.78441
2026-08-16 18:45:00,112.78517,112.79034,112.78361,112.78789
2026-08-16 19:00:00,112.7853,112.78957,112.78177,112.78718
2026-08-16 19:15:00,112.78482,112.78987,112.78089,112.78495
2026-08-16 19:30:00,112.7832,112.78951,112.78284,112.78391
2026-08-16 19:45:00,112.78446,112.81512,112.7775,112.80255
2026-08-16 20:00:00,112.80288,112.80535,112.79872,112.80249
2026-08-16 20:15:00,112.80037,112.80542,112.7987,112.8024
2026-08-16 20:30:00,112.80036,112.80538,112.7987,112.80009
2026-08-16 20:45:00,112.80036,112.80543,112.79867,112.79987
2026-08-16 21:00:00,112.80036,112.80544,112.79883,112.80215
2026-08-16 21:15:00,112.80036,112.80542,112.79867,112.80267
2026-08-16 21:30:00,112.80036,112.81002,112.79604,112.79917
2026-08-16 21:45:00,112.79977,112.80117,112.79411,112.79499
2026-08-16 22:00:00,112.79571,112.80065,112.79401,112.79726
2026-08-16 22:15:00,112.7957,112.87211,112.77141,112.86962
2026-08-16 22:30:00,112.86704,112.87456,112.86704,112.87037
2026-08-16 22:45:00,112.86923,112.87478,112.8675,112.86921
2026-08-16 23:00:00,112.86997,112.87457,112.86788,112.87139
2026-08-16 23:15:00,112.86953,112.87635,112.83532,112.85391
2026-08-16 23:30:00,112.85137,112.85644,112.84968,112.85225
2026-08-16 23:45:00,112.85137,112.85645,112.8498,112.85053
2026-08-17 00:00:00,112.85137,112.87839,112.83202,112.86995
2026-08-17 00:15:00,112.8677,112.87268,112.86599,112.87068
2026-08-17 00:30:00,112.86824,112.87316,112.86539,112.86794
2026-08-17 00:45:00,112.86661,112.87561,112.84283,112.8446
2026-08-17 01:00:00,112.8459,112.88701,112.79164,112.88482
2026-08-17 01:15:00,112.88218,112.89507,112.80011,112.85576
2026-08-17 01:30:00,112.84486,112.88753,112.84486,112.88414
2026-08-17 01:45:00,112.88246,112.88778,112.78094,112.88288
2026-08-17 02:00:00,112.8806,112.89011,112.82669,112.86859
2026-08-17 02:15:00,112.86907,112.8767,112.80109,112.87233
2026-08-17 02:30:00,112.8702,112.93544,112.7736,112.83928
2026-08-17 02:45:00,112.82959,112.85829,112.82959,112.85638
2026-08-17 03:00:00,112.85306,112.87431,112.8162,112.87207
2026-08-17 03:15:00,112.86857,112.91487,112.86725,112.8732
2026-08-17 03:30:00,112.87147,112.87588,112.79285,112.87314
2026-08-17 03:45:00,112.87084,112.87561,112.86897,112.87076
2026-08-17 04:00:00,112.87071,112.87644,112.83615,112.87064
2026-08-17 04:15:00,112.87137,112.87665,112.86968,112.8733
2026-08-17 04:30:00,112.87196,112.87646,112.86859,112.87332
2026-08-17 04:45:00,112.87076,112.87264,112.74792,112.86201
2026-08-17 05:00:00,112.85381,112.87295,112.77405,112.8562
2026-08-17 05:15:00,112.83691,112.87014,112.77388,112.79988
2026-08-17 05:30:00,112.80225,113.02413,112.78723,112.88602
2026-08-17 05:45:00,112.91122,113.05847,112.83282,112.92292
2026-08-17 06:00:00,112.89708,112.98623,112.79347,112.88173
2026-08-17 06:15:00,112.89006,112.95478,112.87772,112.90783
2026-08-17 06:30:00,112.91627,112.9221,112.84145,112.90242
2026-08-17 06:45:00,112.89589,112.92895,112.78561,112.91338
2026-08-17 07:00:00,112.90191,112.94714,112.73371,112.87426
2026-08-17 07:15:00,112.8803,112.90809,112.83519,112.86231
2026-08-17 07:30:00,112.86776,112.88962,112.84842,112.88122
2026-08-17 07:45:00,112.87689,112.9069,112.86014,112.86235
2026-08-17 08:00:00,112.86451,112.93056,112.85786,112.91249
2026-08-17 08:15:00,112.91457,112.91878,112.86409,112.88156
2026-08-17 08:30:00,112.87798,112.88311,112.83095,112.87184
2026-08-17 08:45:00,112.86991,112.87146,112.81592,112.81915
2026-08-17 09:00:00,112.82385,112.85238,112.81137,112.85053
2026-08-17 09:15:00,112.84749,112.87735,112.8441,112.86116
2026-08-17 09:30:00,112.85959,112.85959,112.81632,112.82904
2026-08-17 09:45:00,112.82587,112.84489,112.81394,112.82592
2026-08-17 10:00:00,112.82217,112.89052,112.80689,112.86515
2026-08-17 10:15:00,112.86097,112.87395,112.81011,112.84766
2026-08-17 10:30:00,112.84042,112.86624,112.83223,112.8368
2026-08-17 10:45:00,112.8377,112.84534,112.77118,112.79719
2026-08-17 11:00:00,112.79175,112.80289,112.75809,112.76461
2026-08-17 11:15:00,112.76092,112.83195,112.74592,112.82988
2026-08-17 11:30:00,112.82692,112.88995,112.80005,112.88757
2026-08-17 11:45:00,112.88237,112.91152,112.87873,112.89433
2026-08-17 12:00:00,112.89105,112.89105,112.83804,112.8396
2026-08-17 12:15:00,112.84125,112.84811,112.77799,112.82498
2026-08-17 12:30:00,112.81888,112.85218,112.81524,112.82099
2026-08-17 12:45:00,112.83002,112.83002,112.78032,112.79408
2026-08-17 13:00:00,112.79139,112.84336,112.78018,112.84057
2026-08-17 13:15:00,112.83891,112.88381,112.83305,112.88011
2026-08-17 13:30:00,112.87491,112.93792,112.87491,112.93343
2026-08-17 13:45:00,112.92592,112.97563,112.92592,112.9705
2026-08-17 14:00:00,112.95708,113.00453,112.95708,112.99873
2026-08-17 14:15:00,112.99931,113.04594,112.99293,113.02976
2026-08-17 14:30:00,113.03238,113.03323,112.96557,112.99984
2026-08-17 14:45:00,112.99853,113.00974,112.97768,113.00859
2026-08-17 15:00:00,113.00363,113.0181,112.99495,112.99887
2026-08-17 15:15:00,112.99993,113.02269,112.99019,113.01684
2026-08-17 15:30:00,113.00792,113.1082,113.00701,113.10111
2026-08-17 15:45:00,113.09066,113.18546,113.09066,113.16288
2026-08-17 16:00:00,113.16621,113.17428,113.12454,113.14913
2026-08-17 16:15:00,113.14597,113.18139,113.11777,113.17842
2026-08-17 16:30:00,113.17294,113.1854,113.16058,113.18144
2026-08-17 16:45:00,113.17571,113.21747,113.16737,113.20716
2026-08-17 17:00:00,113.20769,113.23469,113.15915,113.16416
2026-08-17 17:15:00,113.16641,113.20402,113.14407,113.20237
2026-08-17 17:30:00,113.19895,113.2093,113.13611,113.16447
2026-08-17 17:45:00,113.15825,113.21737,113.15825,113.19983
2026-08-17 18:00:00,113.2048,113.2048,113.13869,113.17783
2026-08-17 18:15:00,113.17361,113.21983,113.15881,113.20974
2026-08-17 18:30:00,113.21137,113.31337,113.20338,113.30374
2026-08-17 18:45:00,113.29687,113.32008,113.24659,113.28362
2026-08-17 19:00:00,113.28645,113.36274,113.28645,113.35641
2026-08-17 19:15:00,113.34915,113.34915,113.30389,113.34151
2026-08-17 19:30:00,113.33635,113.40966,113.33593,113.40492
2026-08-17 19:45:00,113.40239,113.44097,113.39715,113.42675
2026-08-17 20:00:00,113.42729,113.43431,113.40913,113.42587
2026-08-17 20:15:00,113.41855,113.4444,113.40989,113.43542
2026-08-17 20:30:00,113.43636,113.45957,113.38868,113.40882
2026-08-17 20:45:00,113.409,113.43367,113.38922,113.41878
2026-08-17 21:00:00,113.42075,113.47045,113.41123,113.45157
2026-08-17 21:15:00,113.45628,113.48658,113.44201,113.47404
2026-08-17 21:30:00,113.47637,113.47979,113.43638,113.44528
2026-08-17 21:45:00,113.44268,113.47413,113.44045,113.4639
2026-08-17 22:00:00,113.46565,113.46565,113.43673,113.45737
2026-08-17 22:15:00,113.45156,113.45849,113.38985,113.39925
2026-08-17 22:30:00,113.40236,113.42239,113.36405,113.38706
2026-08-17 22:45:00,113.39149,113.41139,113.3589,113.4075
2026-08-17 23:00:00,113.40168,113.42501,113.34877,113.36916
2026-08-17 23:15:00,113.37134,113.38465,113.33399,113.33768
2026-08-17 23:30:00,113.34128,113.38646,113.32009,113.32892
2026-08-17 23:45:00,113.32587,113.36181,113.30184,113.32779
2026-08-18 00:00:00,113.33227,113.38925,113.30832,113.38579
2026-08-18 00:15:00,113.37745,113.43803,113.37048,113.38657
2026-08-18 00:30:00,113.39313,113.40667,113.33618,113.35656
2026-08-18 00:45:00,113.3501,113.37255,113.27337,113.29313
2026-08-18 01:00:00,113.29039,113.32466,113.28195,113.32118
2026-08-18 01:15:00,113.31861,113.32797,113.29866,113.32517
2026-08-18 01:30:00,113.32111,113.34206,113.28634,113.30971
2026-08-18 01:45:00,113.30632,113.33836,113.29715,113.33597
2026-08-18 02:00:00,113.33262,113.35568,113.32898,113.34151
2026-08-18 02:15:00,113.34543,113.37339,113.33931,113.37101
2026-08-18 02:30:00,113.36906,113.38901,113.35851,113.37194
2026-08-18 02:45:00,113.37791,113.37815,113.33892,113.34096
2026-08-18 03:00:00,113.34454,113.3597,113.32464,113.33147
2026-08-18 03:15:00,113.33408,113.35748,113.32585,113.3357
2026-08-18 03:30:00,113.33631,113.35953,113.29401,113.31696
2026-08-18 03:45:00,113.31092,113.33091,113.30371,113.32439
2026-08-18 04:00:00,113.32565,113.33567,113.30374,113.3325
2026-08-18 04:15:00,113.32624,113.35994,113.31619,113.33392
2026-08-18 04:30:00,113.3369,113.35197,113.30872,113.31703
2026-08-18 04:45:00,113.31228,113.36155,113.31228,113.33772
2026-08-18 05:00:00,113.33944,113.34743,113.30072,113.31204
2026-08-18 05:15:00,113.30766,113.31231,113.28817,113.3015
2026-08-18 05:30:00,113.3015,113.30634,113.26919,113.29011
2026-08-18 05:45:00,113.28727,113.30149,113.27218,113.30022
2026-08-18 06:00:00,113.29759,113.31838,113.2851,113.30363
2026-08-18 06:15:00,113.30889,113.31652,113.28975,113.29146
2026-08-18 06:30:00,113.2936,113.30522,113.28539,113.29051
2026-08-18 06:45:00,113.28816,113.29747,113.26939,113.2913
2026-08-18 07:00:00,113.28392,113.38581,113.27714,113.30473
2026-08-18 07:15:00,113.30704,113.31454,113.2425,113.27073
2026-08-18 07:30:00,113.27112,113.28239,113.25973,113.28094
2026-08-18 07:45:00,113.27874,113.28053,113.24471,113.25293
2026-08-18 08:00:00,113.25087,113.30979,113.24817,113.28937
2026-08-18 08:15:00,113.29398,113.30177,113.26105,113.28155
2026-08-18 08:30:00,113.27973,113.29502,113.26801,113.29451
2026-08-18 08:45:00,113.29207,113.29215,113.27219,113.27876
2026-08-18 09:00:00,113.27696,113.2806,113.2564,113.27573
2026-08-18 09:15:00,113.27377,113.27651,113.25353,113.265
2026-08-18 09:30:00,113.26614,113.27651,113.24557,113.2596
2026-08-18 09:45:00,113.257,113.27104,113.23599,113.26802
2026-08-18 10:00:00,113.26435,113.30947,113.25567,113.30332
2026-08-18 10:15:00,113.30027,113.33936,113.29262,113.32786
2026-08-18 10:30:00,113.32902,113.40643,113.31797,113.40214
2026-08-18 10:45:00,113.39054,113.42848,113.3362,113.34804
2026-08-18 11:00:00,113.34564,113.41135,113.34142,113.38124
2026-08-18 11:15:00,113.37706,113.40505,113.35063,113.35945
2026-08-18 11:30:00,113.36338,113.39284,113.34588,113.34956
2026-08-18 11:45:00,113.3557,113.37489,113.32242,113.37233
2026-08-18 12:00:00,113.36728,113.38291,113.34965,113.35487
2026-08-18 12:15:00,113.35571,113.36261,113.32911,113.35924
2026-08-18 12:30:00,113.35716,113.39346,113.34488,113.39244
2026-08-18 12:45:00,113.38951,113.41291,113.37938,113.39439
2026-08-18 13:00:00,113.39587,113.41257,113.39036,113.39735
2026-08-18 13:15:00,113.39847,113.40456,113.34736,113.36404
2026-08-18 13:30:00,113.36072,113.36736,113.32267,113.33295
2026-08-18 13:45:00,113.33684,113.34708,113.3118,113.3138
2026-08-18 14:00:00,113.31253,113.41629,113.31253,113.41428
2026-08-18 14:15:00,113.40924,113.41936,113.37747,113.41184
2026-08-18 14:30:00,113.40822,113.44897,113.40639,113.41646
2026-08-18 14:45:00,113.4186,113.42166,113.37447,113.39764
2026-08-18 15:00:00,113.39516,113.40207,113.34534,113.35835
2026-08-18 15:15:00,113.35447,113.36844,113.33531,113.33679
2026-08-18 15:30:00,113.33893,113.3662,113.32693,113.36226
2026-08-18 15:45:00,113.36106,113.37849,113.33794,113.36583
2026-08-18 16:00:00,113.35945,113.39292,113.33101,113.37689
2026-08-18 16:15:00,113.37779,113.41887,113.37248,113.37646
2026-08-18 16:30:00,113.37932,113.44231,113.37544,113.40126
2026-08-18 16:45:00,113.4017,113.41205,113.35545,113.3961
2026-08-18 17:00:00,113.39006,113.44419,113.38491,113.42655
2026-08-18 17:15:00,113.42748,113.45948,113.41022,113.43842
2026-08-18 17:30:00,113.44199,113.45921,113.42227,113.45579
2026-08-18 17:45:00,113.45402,113.46456,113.44037,113.45402
2026-08-18 18:00:00,113.45144,113.45699,113.40022,113.45492
2026-08-18 18:15:00,113.44827,113.45882,113.41089,113.4404
2026-08-18 18:30:00,113.4381,113.44905,113.421,113.43241
2026-08-18 18:45:00,113.4299,113.43575,113.39176,113.42449
2026-08-18 19:00:00,113.41717,113.43836,113.40979,113.41727
2026-08-18 19:15:00,113.41462,113.42569,113.38392,113.42322
2026-08-18 19:30:00,113.41761,113.45809,113.40486,113.40623
2026-08-18 19:45:00,113.40941,113.47787,113.40588,113.47463
2026-08-18 20:00:00,113.47167,113.48341,113.46072,113.48278
2026-08-18 20:15:00,113.47909,113.50206,113.46633,113.49949
2026-08-18 20:30:00,113.49328,113.50197,113.47125,113.48667
2026-08-18 20:45:00,113.48252,113.50407,113.48176,113.50252
2026-08-18 21:00:00,113.49948,113.52138,113.48844,113.505
2026-08-18 21:15:00,113.50777,113.52698,113.50398,113.50688
2026-08-18 21:30:00,113.51095,113.53783,113.50061,113.53592
2026-08-18 21:45:00,113.53069,113.55788,113.51359,113.55532
2026-08-18 22:00:00,113.55097,113.58969,113.54016,113.56718
2026-08-18 22:15:00,113.56398,113.58211,113.54329,113.55685
2026-08-18 22:30:00,113.55269,113.5645,113.53696,113.55776
2026-08-18 22:45:00,113.55871,113.57127,113.54084,113.5556
2026-08-18 23:00:00,113.55705,113.57436,113.53156,113.56563
2026-08-18 23:15:00,113.56427,113.58752,113.54735,113.55181
2026-08-18 23:30:00,113.55406,113.62613,113.52316,113.57941
2026-08-18 23:45:00,113.58688,113.58688,113.50164,113.5296
2026-08-19 00:00:00,113.523,113.54266,113.44887,113.4519
2026-08-19 00:15:00,113.45628,113.46975,113.38853,113.39203
2026-08-19 00:30:00,113.39657,113.40127,113.34085,113.34628
2026-08-19 00:45:00,113.35266,113.35266,113.2539,113.27453
2026-08-19 01:00:00,113.27996,113.31761,113.2371,113.26522
2026-08-19 01:15:00,113.26982,113.27332,113.22418,113.26451
2026-08-19 01:30:00,113.25197,113.28181,113.24896,113.25118
2026-08-19 01:45:00,113.25377,113.27512,113.24102,113.2425
2026-08-19 02:00:00,113.24641,113.27207,113.22647,113.23112
2026-08-19 02:15:00,113.23811,113.23811,113.19086,113.19525
2026-08-19 02:30:00,113.20226,113.21347,113.17034,113.17343
2026-08-19 02:45:00,113.17799,113.19536,113.16894,113.18135
2026-08-19 03:00:00,113.18217,113.19813,113.12515,113.15691
2026-08-19 03:15:00,113.15019,113.17494,113.1454,113.15282
2026-08-19 03:30:00,113.15135,113.15545,113.12609,113.13389
2026-08-19 03:45:00,113.13808,113.14144,113.11132,113.11211
2026-08-19 04:00:00,113.11342,113.11879,113.06254,113.08514
2026-08-19 04:15:00,113.07789,113.09599,113.04236,113.06272
2026-08-19 04:30:00,113.0497,113.08792,113.0497,113.07985
2026-08-19 04:45:00,113.07699,113.08068,113.05604,113.07498
2026-08-19 05:00:00,113.07053,113.10851,113.0661,113.09039
2026-08-19 05:15:00,113.09744,113.10955,113.07592,113.10117
2026-08-19 05:30:00,113.09553,113.13477,113.09553,113.13276
2026-08-19 05:45:00,113.13032,113.13273,113.09633,113.10198
2026-08-19 06:00:00,113.10538,113.13262,113.08912,113.11157
2026-08-19 06:15:00,113.10659,113.10659,113.07884,113.08514
2026-08-19 06:30:00,113.08581,113.11843,113.08581,113.10605
2026-08-19 06:45:00,113.10325,113.11745,113.09385,113.1057
2026-08-19 07:00:00,113.10853,113.14182,113.0617,113.0646
2026-08-19 07:15:00,113.06696,113.09704,113.05215,113.06989
2026-08-19 07:30:00,113.07165,113.15072,113.07165,113.07946
2026-08-19 07:45:00,113.08852,113.08852,113.0507,113.0678
2026-08-19 08:00:00,113.0653,113.10754,113.06144,113.10522
2026-08-19 08:15:00,113.10184,113.11536,113.09351,113.09922
2026-08-19 08:30:00,113.0954,113.09846,113.06534,113.06985
2026-08-19 08:45:00,113.06775,113.08504,113.05247,113.06228
2026-08-19 09:00:00,113.06006,113.06484,113.01146,113.0226
2026-08-19 09:15:00,113.01923,113.01923,112.99072,113.0063
2026-08-19 09:30:00,113.00211,113.02261,112.99815,113.00223
2026-08-19 09:45:00,113.00413,113.02483,112.96876,112.97675
2026-08-19 10:00:00,112.97245,113.00439,112.8971,112.95857
2026-08-19 10:15:00,112.96333,113.00856,112.94158,112.99004
2026-08-19 10:30:00,112.99728,113.00796,112.90079,112.90461
2026-08-19 10:45:00,112.91055,112.92319,112.82293,112.82886
2026-08-19 11:00:00,112.83992,112.88935,112.81764,112.84157
2026-08-19 11:15:00,112.84748,112.86005,112.76095,112.81095
2026-08-19 11:30:00,112.824,112.85487,112.80938,112.84672
2026-08-19 11:45:00,112.84496,112.86214,112.80943,112.84362
2026-08-19 12:00:00,112.84082,112.85157,112.80612,112.80805
2026-08-19 12:15:00,112.80969,112.84193,112.78238,112.78443
2026-08-19 12:30:00,112.79001,112.80387,112.77227,112.79712
2026-08-19 12:45:00,112.79374,112.8699,112.78514,112.81725
2026-08-19 13:00:00,112.81383,112.81636,112.77479,112.79634
2026-08-19 13:15:00,112.79375,112.8057,112.77641,112.78147
2026-08-19 13:30:00,112.78225,112.82552,112.77102,112.78434
2026-08-19 13:45:00,112.78724,112.79362,112.7662,112.76853
2026-08-19 14:00:00,112.77162,112.77374,112.728,112.74179
2026-08-19 14:15:00,112.7422,112.75248,112.69967,112.71469
2026-08-19 14:30:00,112.71344,112.71897,112.65403,112.66273
2026-08-19 14:45:00,112.66552,112.68918,112.59513,112.67807
2026-08-19 15:00:00,112.65408,112.7041,112.6279,112.63279
2026-08-19 15:15:00,112.64128,112.64128,112.57632,112.62954
2026-08-19 15:30:00,112.62283,112.63722,112.56242,112.57448
2026-08-19 15:45:00,112.5754,112.62358,112.56495,112.61603
2026-08-19 16:00:00,112.60922,112.61867,112.54206,112.54394
2026-08-19 16:15:00,112.54491,112.66156,112.54115,112.64521
2026-08-19 16:30:00,112.64244,112.64244,112.56757,112.59588
2026-08-19 16:45:00,112.60298,112.6633,112.5837,112.65941
2026-08-19 17:00:00,112.65212,112.70492,112.59008,112.61508
2026-08-19 17:15:00,112.61254,112.62297,112.55038,112.55184
2026-08-19 17:30:00,112.55289,112.57594,112.52761,112.52973
2026-08-19 17:45:00,112.53412,112.56986,112.52099,112.53986
2026-08-19 18:00:00,112.54727,112.64562,112.52932,112.62779
2026-08-19 18:15:00,112.62744,112.6514,112.61552,112.62032
2026-08-19 18:30:00,112.6263,112.63529,112.58366,112.62947
2026-08-19 18:45:00,112.62573,112.66045,112.61391,112.65646
2026-08-19 19:00:00,112.65028,112.75432,112.64829,112.75117
2026-08-19 19:15:00,112.74959,112.75169,112.69898,112.71266
2026-08-19 19:30:00,112.7166,112.72356,112.65703,112.66403
2026-08-19 19:45:00,112.66521,112.68105,112.62909,112.64351
2026-08-19 20:00:00,112.64052,112.65481,112.57367,112.60715
2026-08-19 20:15:00,112.60038,112.61648,112.56349,112.56615
2026-08-19 20:30:00,112.56225,112.62242,112.56225,112.60365
2026-08-19 20:45:00,112.60564,112.61106,112.57776,112.59484
2026-08-19 21:00:00,112.59245,112.6133,112.58195,112.61025
2026-08-19 21:15:00,112.60323,112.61769,112.55563,112.56095
2026-08-19 21:30:00,112.56488,112.59394,112.5445,112.55336
2026-08-19 21:45:00,112.55633,112.58383,112.52729,112.57896
2026-08-19 22:00:00,112.5724,112.60669,112.54662,112.60435
2026-08-19 22:15:00,112.59945,112.63769,112.58627,112.6165
2026-08-19 22:30:00,112.61223,112.61957,112.2573,112.44651
2026-08-19 22:45:00,112.43902,112.57167,112.39178,112.56035
2026-08-19 23:00:00,112.54519,112.7937,112.53837,112.75341
2026-08-19 23:15:00,112.76119,112.82181,112.7071,112.79041
2026-08-19 23:30:00,112.79099,112.86884,112.75677,112.85202
2026-08-19 23:45:00,112.8288,112.88993,112.7784,112.78403
2026-08-20 00:00:00,112.79521,112.85907,112.77226,112.79808
2026-08-20 00:15:00,112.81807,112.81807,112.69481,112.78549
2026-08-20 00:30:00,112.77687,112.80786,112.6462,112.70162
2026-08-20 00:45:00,112.7077,112.79782,112.6919,112.79152
2026-08-20 01:00:00,112.7764,112.89876,112.74123,112.88898
2026-08-20 01:15:00,112.86992,112.89191,112.83149,112.87535
2026-08-20 01:30:00,112.86149,112.90572,112.85809,112.86123
2026-08-20 01:45:00,112.86423,112.89069,112.82295,112.85161
2026-08-20 02:00:00,112.84462,112.91778,112.84456,112.90695
2026-08-20 02:15:00,112.90345,112.92505,112.85221,112.85698
2026-08-20 02:30:00,112.86482,112.87339,112.83991,112.85419
2026-08-20 02:45:00,112.86021,112.86021,112.80315,112.82508
2026-08-20 03:00:00,112.81977,112.85963,112.81433,112.85295
2026-08-20 03:15:00,112.84942,112.85455,112.78968,112.82003
2026-08-20 03:30:00,112.8164,112.84622,112.81132,112.82244
2026-08-20 03:45:00,112.82646,112.84741,112.8024,112.81604
2026-08-20 04:00:00,112.81806,112.85521,112.73894,112.75315
2026-08-20 04:15:00,112.74861,112.7799,112.73181,112.73305
2026-08-20 04:30:00,112.73458,112.76039,112.69605,112.71866
2026-08-20 04:45:00,112.71346,112.76603,112.70806,112.75014
2026-08-20 05:00:00,112.75223,112.79443,112.75223,112.76711
2026-08-20 05:15:00,112.7745,112.78521,112.69912,112.70252
2026-08-20 05:30:00,112.70796,112.75447,112.69413,112.75189
2026-08-20 05:45:00,112.74268,112.77873,112.62583,112.63361
2026-08-20 06:00:00,112.64529,112.68219,112.63659,112.65905
2026-08-20 06:15:00,112.66025,112.70495,112.6519,112.70244
2026-08-20 06:30:00,112.69823,112.71198,112.68046,112.68283
2026-08-20 06:45:00,112.6858,112.70924,112.67731,112.69117
2026-08-20 07:00:00,112.6942,112.74776,112.48381,112.58738
2026-08-20 07:15:00,112.60041,112.68677,112.60041,112.61795
2026-08-20 07:30:00,112.61629,112.6511,112.60084,112.64919
2026-08-20 07:45:00,112.64558,112.67601,112.61019,112.6292
2026-08-20 08:00:00,112.6312,112.65601,112.5914,112.61695
2026-08-20 08:15:00,112.6203,112.64624,112.61135,112.636
2026-08-20 08:30:00,112.63884,112.70226,112.63884,112.7014
2026-08-20 08:45:00,112.69872,112.72585,112.68345,112.71152
2026-08-20 09:00:00,112.71155,112.77922,112.69006,112.76253
2026-08-20 09:15:00,112.7673,112.77243,112.73023,112.75848
2026-08-20 09:30:00,112.75438,112.76197,112.7148,112.73437
2026-08-20 09:45:00,112.72566,112.74511,112.71397,112.74355
2026-08-20 10:00:00,112.73944,112.80978,112.7133,112.8067
2026-08-20 10:15:00,112.80293,112.82294,112.75561,112.80295
2026-08-20 10:30:00,112.80065,112.81205,112.75865,112.77923
2026-08-20 10:45:00,112.78092,112.79916,112.69534,112.71811
2026-08-20 11:00:00,112.71326,112.81209,112.68328,112.79364
2026-08-20 11:15:00,112.79956,112.85784,112.79087,112.8527
2026-08-20 11:30:00,112.84534,113.06521,112.51771,112.77357
2026-08-20 11:45:00,112.76082,112.7939,112.70269,112.78622
2026-08-20 12:00:00,112.76502,112.80958,112.75347,112.75978
2026-08-20 12:15:00,112.77139,112.77139,112.69565,112.69725
2026-08-20 12:30:00,112.701,112.7121,112.66464,112.68743
2026-08-20 12:45:00,112.69057,112.7414,112.67935,112.72879
2026-08-20 13:00:00,112.72981,112.76444,112.70008,112.72956
2026-08-20 13:15:00,112.7139,112.78766,112.71045,112.77862
2026-08-20 13:30:00,112.77553,112.78504,112.75483,112.78249
2026-08-20 13:45:00,112.77824,112.82493,112.77208,112.80804
2026-08-20 14:00:00,112.80654,112.86295,112.79671,112.8601
2026-08-20 14:15:00,112.85781,112.86538,112.82255,112.82375
2026-08-20 14:30:00,112.8266,112.85168,112.82008,112.83071
2026-08-20 14:45:00,112.83282,112.86797,112.79425,112.80995
2026-08-20 15:00:00,112.8124,112.84688,112.80139,112.82183
2026-08-20 15:15:00,112.82545,112.89928,112.80786,112.8775
2026-08-20 15:30:00,112.8827,112.91428,112.86839,112.90236
2026-08-20 15:45:00,112.89604,112.92763,112.8494,112.87256
2026-08-20 16:00:00,112.8745,112.90981,112.84559,112.85029
2026-08-20 16:15:00,112.85834,112.86376,112.76693,112.81751
2026-08-20 16:30:00,112.82185,112.84608,112.80785,112.82487
2026-08-20 16:45:00,112.82538,112.85127,112.80238,112.81252
2026-08-20 17:00:00,112.81719,112.81719,112.75213,112.7912
2026-08-20 17:15:00,112.79734,112.86955,112.76814,112.86537
2026-08-20 17:30:00,112.85572,112.89861,112.83642,112.87211
2026-08-20 17:45:00,112.87079,112.89297,112.84053,112.89204
2026-08-20 18:00:00,112.88893,112.90232,112.85396,112.87801
2026-08-20 18:15:00,112.87577,112.92545,112.8681,112.91456
2026-08-20 18:30:00,112.907,112.95965,112.88364,112.94802
2026-08-20 18:45:00,112.95027,112.95904,112.90936,112.91288
2026-08-20 19:00:00,112.91699,112.92707,112.88208,112.92026
2026-08-20 19:15:00,112.91127,112.92497,112.82305,112.86471
2026-08-20 19:30:00,112.85923,112.88588,112.82779,112.83227
2026-08-20 19:45:00,112.83927,112.88776,112.82882,112.88287
2026-08-20 20:00:00,112.8756,112.89692,112.8294,112.87273
2026-08-20 20:15:00,112.86294,112.8796,112.84409,112.87448
2026-08-20 20:30:00,112.86959,112.89885,112.86489,112.87486
2026-08-20 20:45:00,112.87666,112.90095,112.8619,112.89115
2026-08-20 21:00:00,112.88639,112.95292,112.87263,112.87853
2026-08-20 21:15:00,112.87893,112.90569,112.865,112.87032
2026-08-20 21:30:00,112.87947,112.89952,112.85413,112.88928
2026-08-20 21:45:00,112.88528,112.89124,112.79801,112.79864
2026-08-20 22:00:00,112.80096,112.84734,112.7792,112.83168
2026-08-20 22:15:00,112.835,112.835,112.74844,112.80388
2026-08-20 22:30:00,112.79987,112.8724,112.79311,112.86602
2026-08-20 22:45:00,112.8643,112.91166,112.82763,112.90827
2026-08-20 23:00:00,112.90361,112.9469,112.89282,112.94373
2026-08-20 23:15:00,112.939,112.97953,112.91991,112.97721
2026-08-20 23:30:00,112.97178,113.0313,112.95765,113.017
2026-08-20 23:45:00,113.01977,113.04908,112.9836,113.00152
2026-08-21 00:00:00,113.01459,113.10235,113.00764,113.0731
2026-08-21 00:15:00,113.07696,113.08557,113.02951,113.05655
2026-08-21 00:30:00,113.04617,113.11763,113.04558,113.11456
2026-08-21 00:45:00,113.10816,113.10816,113.04491,113.04834
2026-08-21 01:00:00,113.05278,113.1472,113.0089,113.07128
2026-08-21 01:15:00,113.07452,113.157,113.06241,113.15255
2026-08-21 01:30:00,113.14132,113.16137,113.06517,113.07574
2026-08-21 01:45:00,113.09236,113.12634,113.08695,113.09135
2026-08-21 02:00:00,113.09953,113.12382,113.08261,113.11676
2026-08-21 02:15:00,113.11393,113.16852,113.10339,113.14096
2026-08-21 02:30:00,113.14231,113.17356,113.11069,113.12838
2026-08-21 02:45:00,113.12105,113.13574,113.09018,113.10027
2026-08-21 03:00:00,113.10394,113.10724,113.06103,113.08681
2026-08-21 03:15:00,113.07916,113.11978,113.0781,113.11224
2026-08-21 03:30:00,113.11263,113.14373,113.10464,113.12603
2026-08-21 03:45:00,113.12837,113.14528,113.11642,113.14338
2026-08-21 04:00:00,113.13931,113.13977,113.0905,113.11862
2026-08-21 04:15:00,113.11595,113.13109,113.09807,113.12837
2026-08-21 04:30:00,113.12172,113.14592,113.11909,113.14365
2026-08-21 04:45:00,113.1409,113.17077,113.13039,113.1671
2026-08-21 05:00:00,113.16345,113.19165,113.15418,113.16301
2026-08-21 05:15:00,113.16553,113.17823,113.15155,113.17615
2026-08-21 05:30:00,113.17138,113.178,113.13219,113.17168
2026-08-21 05:45:00,113.16936,113.19471,113.16046,113.17333
2026-08-21 06:00:00,113.17398,113.18386,113.16865,113.1729
2026-08-21 06:15:00,113.17471,113.18737,113.17048,113.17134
2026-08-21 06:30:00,113.1725,113.17768,113.15687,113.17408
2026-08-21 06:45:00,113.17166,113.17292,113.15147,113.16769
2026-08-21 07:00:00,113.16348,113.18351,113.10034,113.12938
2026-08-21 07:15:00,113.13278,113.14067,113.08962,113.12557
2026-08-21 07:30:00,113.12216,113.13393,113.0891,113.1029
2026-08-21 07:45:00,113.10397,113.11467,113.07868,113.09621
2026-08-21 08:00:00,113.09159,113.15582,113.07886,113.12577
2026-08-21 08:15:00,113.12224,113.13778,113.10571,113.1193
2026-08-21 08:30:00,113.11806,113.13852,113.10992,113.12473
2026-08-21 08:45:00,113.12277,113.13576,113.1062,113.11573
2026-08-21 09:00:00,113.11273,113.12454,113.0868,113.08943
2026-08-21 09:15:00,113.09333,113.09446,113.06736,113.07115
2026-08-21 09:30:00,113.08076,113.13527,113.08076,113.09697
2026-08-21 09:45:00,113.09722,113.14668,113.09673,113.14517
2026-08-21 10:00:00,113.14108,113.26217,113.11669,113.26004
2026-08-21 10:15:00,113.25601,113.26715,113.2236,113.24472
2026-08-21 10:30:00,113.25756,113.33529,113.2453,113.32114
2026-08-21 10:45:00,113.3182,113.36636,113.29754,113.31272
2026-08-21 11:00:00,113.31039,113.34351,113.30041,113.33805
2026-08-21 11:15:00,113.32742,113.36425,113.3062,113.33928
2026-08-21 11:30:00,113.33005,113.35736,113.30642,113.34175
2026-08-21 11:45:00,113.3288,113.40833,113.3288,113.40334
2026-08-21 12:00:00,113.39948,113.44293,113.38417,113.4226
2026-08-21 12:15:00,113.42503,113.51535,113.42503,113.47968
2026-08-21 12:30:00,113.49058,113.51743,113.43365,113.47114
2026-08-21 12:45:00,113.46745,113.54099,113.44748,113.48937
2026-08-21 13:00:00,113.49667,113.52631,113.49004,113.5147
2026-08-21 13:15:00,113.5161,113.55792,113.51465,113.54785
2026-08-21 13:30:00,113.54904,113.59627,113.52317,113.59168
2026-08-21 13:45:00,113.58297,113.60369,113.53961,113.55313
2026-08-21 14:00:00,113.55042,113.55509,113.5226,113.55322
2026-08-21 14:15:00,113.55057,113.554,113.53059,113.5466
2026-08-21 14:30:00,113.54722,113.55893,113.5299,113.55719
2026-08-21 14:45:00,113.55356,113.58606,113.5324,113.53431
2026-08-21 15:00:00,113.53445,113.54624,113.51741,113.52838
2026-08-21 15:15:00,113.52445,113.54795,113.52445,113.53594
2026-08-21 15:30:00,113.53456,113.53652,113.48697,113.52515
2026-08-21 15:45:00,113.51661,113.52971,113.45158,113.49886
2026-08-21 16:00:00,113.49647,113.52925,113.44881,113.51141
2026-08-21 16:15:00,113.51197,113.58205,113.50844,113.57855
2026-08-21 16:30:00,113.57307,113.59623,113.55381,113.55635
2026-08-21 16:45:00,113.55947,113.55947,113.51999,113.53602
2026-08-21 17:00:00,113.54058,113.57092,113.52539,113.55483
2026-08-21 17:15:00,113.55177,113.56654,113.53433,113.5472
2026-08-21 17:30:00,113.54755,113.56841,113.5171,113.5239
2026-08-21 17:45:00,113.52776,113.57232,113.50237,113.56731
2026-08-21 18:00:00,113.55607,113.62116,113.54234,113.6201
2026-08-21 18:15:00,113.61639,113.68852,113.60451,113.67634
2026-08-21 18:30:00,113.67242,113.67242,113.54692,113.58935
2026-08-21 18:45:00,113.58038,113.60432,113.51165,113.53102
2026-08-21 19:00:00,113.52862,113.54736,113.46758,113.51226
2026-08-21 19:15:00,113.50454,113.53298,113.44708,113.46609
2026-08-21 19:30:00,113.45975,113.52824,113.4186,113.51219
2026-08-21 19:45:00,113.51909,113.583,113.51206,113.55248
2026-08-21 20:00:00,113.55986,113.61475,113.53197,113.6036
2026-08-21 20:15:00,113.59535,113.6113,113.56273,113.57264
2026-08-21 20:30:00,113.575,113.61458,113.57378,113.61321
2026-08-21 20:45:00,113.61019,113.6405,113.59514,113.62633
2026-08-21 21:00:00,113.62925,113.67033,113.61359,113.66035
2026-08-21 21:15:00,113.65969,113.67102,113.63082,113.63354
2026-08-21 21:30:00,113.63687,113.6796,113.62138,113.66736
2026-08-21 21:45:00,113.66942,113.68408,113.65244,113.68261
2026-08-21 22:00:00,113.68005,113.76339,113.67432,113.76297
2026-08-21 22:15:00,113.75998,113.7765,113.73599,113.76855
2026-08-21 22:30:00,113.76533,113.77441,113.7021,113.7514
2026-08-21 22:45:00,113.74485,113.78178,113.7429,113.74769
2026-08-21 23:00:00,113.758,113.79826,113.75158,113.78242
2026-08-21 23:15:00,113.78331,113.81978,113.78148,113.81827
2026-08-21 23:30:00,113.81369,113.83666,113.76625,113.79608
2026-08-21 23:45:00,113.79228,113.89503,113.79088,113.86991
2026-08-22 00:00:00,113.87107,113.87509,113.82231,113.86321
2026-08-22 00:15:00,113.86206,113.89075,113.84988,113.88743
2026-08-22 00:30:00,113.87637,113.92647,113.83493,113.85733
2026-08-22 00:45:00,113.84677,113.9081,113.83419,113.88893
2026-08-22 01:00:00,113.8908,113.97176,113.87141,113.96812
2026-08-22 01:15:00,113.96033,114.01503,113.93256,114.00782
2026-08-22 01:30:00,114.0012,114.055,113.98853,114.05167
2026-08-22 01:45:00,114.04547,114.06436,114.02393,114.03261
2026-08-22 02:00:00,114.03526,114.0691,114.02442,114.02774
2026-08-22 02:15:00,114.03309,114.03309,113.97365,114.01014
2026-08-22 02:30:00,114.0078,114.01759,113.99408,114.01527
2026-08-22 02:45:00,114.01005,114.02354,113.99076,114.01876
2026-08-22 03:00:00,114.01232,114.10533,114.01232,114.08571
2026-08-22 03:15:00,114.08894,114.10571,114.07861,114.0856
2026-08-22 03:30:00,114.09277,114.13151,114.07001,114.1238
2026-08-22 03:45:00,114.12122,114.14375,114.11128,114.14193
2026-08-22 04:00:00,114.13892,114.16649,114.12887,114.15478
2026-08-22 04:15:00,114.15314,114.16342,114.13163,114.16139
2026-08-22 04:30:00,114.15697,114.15697,114.13922,114.14795
2026-08-22 04:45:00,114.14381,114.1686,114.14381,114.15417
2026-08-22 05:00:00,114.15613,114.16431,114.1108,114.12613
2026-08-22 05:15:00,114.12079,114.12992,114.0911,114.09423
2026-08-22 05:30:00,114.09184,114.10382,114.0543,114.06322
2026-08-22 05:45:00,114.06104,114.07995,114.04479,114.05693
2026-08-22 06:00:00,114.05481,114.06173,114.02978,114.04676
2026-08-22 06:15:00,114.04801,114.05374,114.03757,114.0489
2026-08-22 06:30:00,114.04724,114.05203,114.01004,114.01262
2026-08-22 06:45:00,114.01547,114.01555,113.99074,114.00471
2026-08-22 07:00:00,113.99854,114.01314,113.93936,114.00012
2026-08-22 07:15:00,113.99994,114.00949,113.98766,114.00362
2026-08-22 07:30:00,113.99984,114.01097,113.9849,113.98801
2026-08-22 07:45:00,113.98967,114.0107,113.97798,114.0042
2026-08-22 08:00:00,114.00324,114.00488,113.879,113.98078
2026-08-22 08:15:00,113.98138,113.98681,113.97657,113.98168
2026-08-22 08:30:00,113.98085,113.99323,113.97105,113.98113
2026-08-22 08:45:00,113.97856,113.98488,113.93441,113.98309
2026-08-22 09:00:00,113.98094,113.99837,113.91691,113.98295
2026-08-22 09:15:00,113.98369,113.98957,113.97623,113.98453
2026-08-22 09:30:00,113.98272,113.99211,113.97839,113.98092
2026-08-22 09:45:00,113.98132,113.98943,113.97798,113.98629
2026-08-22 10:00:00,113.98454,114.00417,113.9501,113.99898
2026-08-22 10:15:00,113.99971,114.00597,113.99491,113.99996
2026-08-22 10:30:00,114.00003,114.00552,113.99815,114.00338
2026-08-22 10:45:00,114.00122,114.00615,113.99305,114.00308
2026-08-22 11:00:00,114.00113,114.00573,113.97939,114.00249
2026-08-22 11:15:00,114.00045,114.00586,113.9934,113.99968
2026-08-22 11:30:00,114.00003,114.01016,113.97853,113.9989
2026-08-22 11:45:00,113.99601,114.00508,113.99601,114.002
2026-08-22 12:00:00,113.99966,114.01265,113.97317,114.00207
2026-08-22 12:15:00,114.00048,114.00572,113.99886,113.99988
2026-08-22 12:30:00,114.00047,114.0052,113.99467,114.00152
2026-08-22 12:45:00,113.99995,114.00533,113.97754,113.99732
2026-08-22 13:00:00,113.99446,114.01667,113.96547,114.00145
2026-08-22 13:15:00,114.00026,114.01584,113.9758,113.99819
2026-08-22 13:30:00,113.99901,114.00482,113.99767,114.00158
2026-08-22 13:45:00,113.99992,114.00483,113.9936,114.00231
2026-08-22 14:00:00,113.9997,114.02267,113.96754,113.99986
2026-08-22 14:15:00,113.99894,114.00289,113.98072,113.99495
2026-08-22 14:30:00,113.9959,114.00085,113.98996,113.99432
2026-08-22 14:45:00,113.9946,113.99966,113.99318,113.9979
2026-08-22 15:00:00,113.99553,114.03111,113.94579,113.99511
2026-08-22 15:15:00,113.99379,114.00086,113.98993,113.99725
2026-08-22 15:30:00,113.9948,114.00059,113.99334,113.9944
2026-08-22 15:45:00,113.99463,113.99916,113.98775,113.99749
2026-08-22 16:00:00,113.99525,114.00286,113.96147,113.99874
2026-08-22 16:15:00,113.997,114.00298,113.99019,113.99988
2026-08-22 16:30:00,113.99705,114.00322,113.98083,113.99794
2026-08-22 16:45:00,113.99337,114.00328,113.99337,113.99911
2026-08-22 17:00:00,113.99696,114.00388,113.975,114.00086
2026-08-22 17:15:00,113.99888,114.00356,113.99604,114.00018
2026-08-22 17:30:00,113.99747,114.0031,113.99207,113.99711
2026-08-22 17:45:00,113.9977,114.0014,113.98915,113.99745
2026-08-22 18:00:00,113.99538,114.00175,113.99443,113.99809
2026-08-22 18:15:00,113.99561,114.00062,113.97185,113.99769
2026-08-22 18:30:00,113.99675,114.00177,113.99399,113.99489
2026-08-22 18:45:00,113.99569,114.00101,113.98632,113.99807
2026-08-22 19:00:00,113.9967,114.00253,113.9852,113.99237
2026-08-22 19:15:00,113.98903,114.00187,113.98903,113.99738
2026-08-22 19:30:00,113.99681,114.00161,113.98205,113.99497
2026-08-22 19:45:00,113.99595,114.0032,113.99486,114.00012
2026-08-22 20:00:00,113.99813,114.00251,113.94926,114.00001
2026-08-22 20:15:00,113.99748,114.00448,113.98599,113.99646
2026-08-22 20:30:00,113.99481,114.00306,113.99481,113.99671
2026-08-22 20:45:00,113.99754,114.00266,113.98704,114.00042
2026-08-22 21:00:00,113.99801,114.00363,113.99636,114.00047
2026-08-22 21:15:00,113.99797,114.00337,113.98584,113.99953
2026-08-22 21:30:00,113.99812,114.02817,113.93367,113.94057
2026-08-22 21:45:00,113.95717,114.00064,113.95717,113.99826
2026-08-22 22:00:00,113.99556,114.00367,113.98083,113.98866
2026-08-22 22:15:00,113.98635,113.99588,113.98158,113.99419
2026-08-22 22:30:00,113.99038,114.00357,113.97928,113.99943
2026-08-22 22:45:00,113.99992,114.01061,113.98531,113.9867
2026-08-22 23:00:00,113.99002,114.00353,113.99002,114.00103
2026-08-22 23:15:00,113.99898,114.00411,113.92765,113.97512
2026-08-22 23:30:00,113.97278,113.98093,113.97278,113.9758
2026-08-22 23:45:00,113.97594,113.98539,113.96338,113.98352
2026-08-23 00:00:00,113.98061,114.0051,113.97964,113.98779
2026-08-23 00:15:00,113.9896,114.00557,113.9896,114.00269
2026-08-23 00:30:00,114.00035,114.00923,113.98511,113.99961
2026-08-23 00:45:00,113.99828,114.00638,113.99806,114.00046
2026-08-23 01:00:00,114.00124,114.0051,113.93513,114.00164
2026-08-23 01:15:00,113.99994,114.006,113.98345,113.98619
2026-08-23 01:30:00,113.98865,114.00445,113.98821,114.0003
2026-08-23 01:45:00,113.99939,114.0073,113.98141,113.99224
2026-08-23 02:00:00,113.9931,114.00642,113.97898,114.00265
2026-08-23 02:15:00,114.00086,114.00996,113.98667,114.0036
2026-08-23 02:30:00,114.00115,114.00588,113.93546,113.94203
2026-08-23 02:45:00,113.9528,114.00304,113.9528,113.99729
2026-08-23 03:00:00,113.9981,114.00165,113.97745,113.99572
2026-08-23 03:15:00,113.99318,114.00433,113.99312,114.00166
2026-08-23 03:30:00,113.99949,114.00573,113.96678,113.99413
2026-08-23 03:45:00,113.99254,114.00144,113.98828,113.99058
2026-08-23 04:00:00,113.99351,113.99355,113.9581,113.98567
2026-08-23 04:15:00,113.98573,114.02896,113.91997,113.95249
2026-08-23 04:30:00,113.94917,113.99065,113.93983,113.98771
2026-08-23 04:45:00,113.9852,113.99661,113.97626,113.9877
2026-08-23 05:00:00,113.98818,113.99966,113.96802,113.97362
2026-08-23 05:15:00,113.97445,113.97445,113.9646,113.97073
2026-08-23 05:30:00,113.96883,113.97381,113.95963,113.96586
2026-08-23 05:45:00,113.96358,113.99658,113.9549,113.9945
2026-08-23 06:00:00,113.99104,114.04063,113.93109,113.97341
2026-08-23 06:15:00,113.97408,113.97913,113.97152,113.97558
2026-08-23 06:30:00,113.97437,113.98212,113.96635,113.9796
2026-08-23 06:45:00,113.97698,113.98511,113.96646,113.98036
2026-08-23 07:00:00,113.9785,114.00298,113.96106,114.00072
2026-08-23 07:15:00,113.99745,114.00252,113.98101,113.99553
2026-08-23 07:30:00,113.99241,114.05192,113.95067,114.0351
2026-08-23 07:45:00,114.01071,114.01071,113.93042,113.99995
2026-08-23 08:00:00,113.99854,114.01007,113.97503,114.00047
2026-08-23 08:15:00,113.99717,114.00476,113.99674,114.00295
2026-08-23 08:30:00,114.00053,114.01049,113.98563,114.00266
2026-08-23 08:45:00,114.00004,114.00588,113.99851,114.00117
2026-08-23 09:00:00,113.99988,114.00438,113.97168,113.99876
2026-08-23 09:15:00,113.99953,114.00526,113.93512,113.99309
2026-08-23 09:30:00,113.98804,114.00556,113.98804,114.00337
2026-08-23 09:45:00,114.00094,114.00629,113.98669,114.00262
2026-08-23 10:00:00,114.00093,114.01123,113.99887,114.00024
2026-08-23 10:15:00,114.00082,114.01075,113.98554,114.00054
2026-08-23 10:30:00,114.00074,114.00618,113.98562,113.99725
2026-08-23 10:45:00,113.99507,114.00396,113.9934,114.00093
2026-08-23 11:00:00,113.99885,114.00318,113.92304,113.99559
2026-08-23 11:15:00,113.99357,113.99914,113.99236,113.99358
2026-08-23 11:30:00,113.99408,114.00365,113.97845,113.99227
2026-08-23 11:45:00,113.99046,113.99637,113.97541,113.98348
2026-08-23 12:00:00,113.98112,113.98657,113.97981,113.98295
2026-08-23 12:15:00,113.98149,113.98656,113.96929,113.97354
2026-08-23 12:30:00,113.97428,114.00353,113.97102,114.00046
2026-08-23 12:45:00,113.99873,114.00424,113.9303,114.00182
2026-08-23 13:00:00,113.99931,114.01029,113.98555,113.99849
2026-08-23 13:15:00,113.99685,114.00485,113.99685,113.999
2026-08-23 13:30:00,113.99981,114.00456,113.98491,114.0011
2026-08-23 13:45:00,113.99902,114.00445,113.99774,114.00203
2026-08-23 14:00:00,113.99946,114.01003,113.98504,114.00037
2026-08-23 14:15:00,113.99941,114.00775,113.94497,113.99126
2026-08-23 14:30:00,113.9861,114.00596,113.9861,114.00221
2026-08-23 14:45:00,113.99983,114.00543,113.98416,114.00181
2026-08-23 15:00:00,113.99916,114.00583,113.99811,114.0021
2026-08-23 15:15:00,114.0007,114.0035,113.98494,113.99793
2026-08-23 15:30:00,113.99866,114.01358,113.98252,113.99437
2026-08-23 15:45:00,113.98914,113.99973,113.98914,113.99869
2026-08-23 16:00:00,113.99636,114.00521,113.95007,114.00211
2026-08-23 16:15:00,114.00026,114.00606,113.99918,114.00075
2026-08-23 16:30:00,114.00125,114.0048,113.98561,113.99932
2026-08-23 16:45:00,113.99959,114.00565,113.98573,113.99747
2026-08-23 17:00:00,113.99522,114.00603,113.99522,114.00307
2026-08-23 17:15:00,114.001,114.01098,113.98586,114.0024
2026-08-23 17:30:00,114.00061,114.00574,113.9989,114.00004
2026-08-23 17:45:00,114.00061,114.00254,113.92018,113.94556
2026-08-23 18:00:00,113.94408,113.95945,113.93669,113.95339
2026-08-23 18:15:00,113.95096,113.95608,113.94937,113.95222
2026-08-23 18:30:00,113.95096,113.95592,113.94523,113.94745
2026-08-23 18:45:00,113.94824,113.95329,113.94655,113.95001
2026-08-23 19:00:00,113.94824,113.95117,113.94342,113.94862
2026-08-23 19:15:00,113.94607,113.95117,113.94216,113.94516
2026-08-23 19:30:00,113.94433,113.94946,113.94275,113.94348
2026-08-23 19:45:00,113.94433,113.9493,113.9412,113.94513
2026-08-23 20:00:00,113.94294,113.94799,113.94125,113.94549
2026-08-23 20:15:00,113.94294,113.94804,113.94128,113.94414
2026-08-23 20:30:00,113.94294,113.94798,113.94124,113.94215
2026-08-23 20:45:00,113.94294,113.94807,113.94123,113.94549
2026-08-23 21:00:00,113.94294,113.94807,113.94135,113.94537
2026-08-23 21:15:00,113.94294,113.94804,113.94125,113.94457
2026-08-23 21:30:00,113.94294,113.94804,113.90512,113.91609
2026-08-23 21:45:00,113.91668,113.92181,113.91498,113.91653
2026-08-23 22:00:00,113.91668,113.92168,113.91497,113.91885
2026-08-23 22:15:00,113.91668,113.9218,113.915,113.91871
2026-08-23 22:30:00,113.91668,113.92176,113.91501,113.91638
2026-08-23 22:45:00,113.91668,113.92179,113.91498,113.9162
2026-08-23 23:00:00,113.91668,113.92181,113.91512,113.91851
2026-08-23 23:15:00,113.91668,113.92167,113.8928,113.90221
2026-08-23 23:30:00,113.89988,113.90495,113.8982,113.90008
2026-08-23 23:45:00,113.8997,113.92949,113.89491,113.91838
2026-08-24 00:00:00,113.91909,113.98499,113.88714,113.9529
2026-08-24 00:15:00,113.95524,113.98135,113.94371,113.97882
2026-08-24 00:30:00,113.97635,113.98096,113.97463,113.97663
2026-08-24 00:45:00,113.97558,113.98007,113.96712,113.96971
2026-08-24 01:00:00,113.97045,114.09162,113.80334,113.90265
2026-08-24 01:15:00,113.90065,113.9051,113.8983,113.90318
2026-08-24 01:30:00,113.90061,113.90577,113.89788,113.90002
2026-08-24 01:45:00,113.89904,113.90451,113.89759,113.89819
2026-08-24 02:00:00,113.89903,114.00172,113.87057,114.00053
2026-08-24 02:15:00,113.99794,114.00492,113.98195,114.00333
2026-08-24 02:30:00,114.00076,114.03817,113.94316,113.98108
2026-08-24 02:45:00,113.97457,114.03195,113.97457,114.00629
2026-08-24 03:00:00,114.00789,114.00838,113.96525,114.00388
2026-08-24 03:15:00,114.00131,114.03994,113.99125,114.03179
2026-08-24 03:30:00,114.03237,114.04419,114.00249,114.00602
2026-08-24 03:45:00,114.00445,114.02031,113.99484,114.00083
2026-08-24 04:00:00,114.00141,114.03585,113.97456,113.99848
2026-08-24 04:15:00,114.00026,114.07745,113.9445,113.99753
2026-08-24 04:30:00,113.99528,114.01295,113.99026,113.9996
2026-08-24 04:45:00,113.99668,114.0765,113.85328,113.98172
2026-08-24 05:00:00,113.97162,114.05916,113.72763,113.89144
2026-08-24 05:15:00,113.87082,113.99047,113.82857,113.98188
2026-08-24 05:30:00,113.96123,114.07067,113.92157,113.95627
2026-08-24 05:45:00,113.95032,113.99042,113.91492,113.97571
2026-08-24 06:00:00,113.96711,114.01077,113.91054,113.91722
2026-08-24 06:15:00,113.92223,113.95551,113.88235,113.89125
2026-08-24 06:30:00,113.8957,113.97862,113.86998,113.93184
2026-08-24 06:45:00,113.92926,113.96356,113.81486,113.95482
2026-08-24 07:00:00,113.94763,113.96295,113.86911,113.90719
2026-08-24 07:15:00,113.89498,113.93351,113.79001,113.79125
2026-08-24 07:30:00,113.7929,113.85244,113.59962,113.83432
2026-08-24 07:45:00,113.8279,113.89737,113.78014,113.78631
2026-08-24 08:00:00,113.79528,113.93901,113.79528,113.93515
2026-08-24 08:15:00,113.92989,113.96817,113.92989,113.96287
2026-08-24 08:30:00,113.96179,113.98771,113.95596,113.97871
2026-08-24 08:45:00,113.97111,113.98459,113.96352,113.9684
2026-08-24 09:00:00,113.96683,113.98337,113.9336,113.9586
2026-08-24 09:15:00,113.95568,113.96758,113.94215,113.96425
2026-08-24 09:30:00,113.96275,113.98932,113.95395,113.96676
2026-08-24 09:45:00,113.97113,113.99076,113.94989,113.95376
2026-08-24 10:00:00,113.96004,113.98109,113.92911,113.94936
2026-08-24 10:15:00,113.95417,113.96401,113.83631,113.86157
2026-08-24 10:30:00,113.85626,113.88558,113.82135,113.84534
2026-08-24 10:45:00,113.84206,113.92979,113.83532,113.87946
2026-08-24 11:00:00,113.88055,113.96239,113.86537,113.95181
2026-08-24 11:15:00,113.95468,113.96099,113.88903,113.92827
2026-08-24 11:30:00,113.92503,113.92903,113.88466,113.88944
2026-08-24 11:45:00,113.89786,113.9041,113.85619,113.86336
2026-08-24 12:00:00,113.86112,113.90367,113.81995,113.89989
2026-08-24 12:15:00,113.89304,113.91628,113.87631,113.87924
2026-08-24 12:30:00,113.88712,113.92354,113.88584,113.90654
2026-08-24 12:45:00,113.90272,113.90272,113.83185,113.85372
2026-08-24 13:00:00,113.85873,113.87111,113.84127,113.85933
2026-08-24 13:15:00,113.85372,113.88583,113.85372,113.87103
2026-08-24 13:30:00,113.87146,113.89892,113.86085,113.883
2026-08-24 13:45:00,113.8798,113.89238,113.86191,113.87006
2026-08-24 14:00:00,113.86783,113.89208,113.8206,113.84855
2026-08-24 14:15:00,113.84535,113.86662,113.78962,113.7942
2026-08-24 14:30:00,113.80603,113.86691,113.80603,113.86384
2026-08-24 14:45:00,113.85836,113.89691,113.85836,113.86574
2026-08-24 15:00:00,113.86378,113.92175,113.85741,113.92005
2026-08-24 15:15:00,113.9152,113.92582,113.89825,113.92429
2026-08-24 15:30:00,113.92099,113.92824,113.88033,113.91999
2026-08-24 15:45:00,113.92078,113.95314,113.9142,113.92499
2026-08-24 16:00:00,113.92941,113.94145,113.87151,113.8897
2026-08-24 16:15:00,113.88786,113.89403,113.85733,113.8701
2026-08-24 16:30:00,113.87122,113.95095,113.86684,113.94305
2026-08-24 16:45:00,113.93954,114.00493,113.9233,114.00442
2026-08-24 17:00:00,114.00131,114.04484,113.98981,114.04362
2026-08-24 17:15:00,114.03955,114.04994,114.00148,114.03752
2026-08-24 17:30:00,114.03863,114.04499,114.00449,114.01107
2026-08-24 17:45:00,114.02039,114.03997,114.00102,114.0325
2026-08-24 18:00:00,114.02747,114.06944,114.01944,114.06265
2026-08-24 18:15:00,114.05977,114.06455,114.00965,114.02477
2026-08-24 18:30:00,114.02555,114.06967,114.01751,114.04111
2026-08-24 18:45:00,114.04171,114.04542,113.98982,113.99183
2026-08-24 19:00:00,113.99432,114.02597,113.97134,114.01757
2026-08-24 19:15:00,114.01405,114.03382,113.9908,114.01176
2026-08-24 19:30:00,114.01729,114.02499,113.99047,114.02162
2026-08-24 19:45:00,114.01697,114.05681,114.01697,114.04771
2026-08-24 20:00:00,114.04447,114.07206,114.03759,114.05354
2026-08-24 20:15:00,114.05697,114.06493,114.02002,114.03146
2026-08-24 20:30:00,114.03271,114.04397,113.97199,113.98662
2026-08-24 20:45:00,113.98362,113.99595,113.97067,113.99533
2026-08-24 21:00:00,113.99373,114.00919,113.96625,113.98859
2026-08-24 21:15:00,113.98311,114.01067,113.96178,113.99791
2026-08-24 21:30:00,113.99601,114.05239,113.96584,113.97298
2026-08-24 21:45:00,113.98269,113.98984,113.9366,113.98721
2026-08-24 22:00:00,113.98303,113.99228,113.91726,113.93843
2026-08-24 22:15:00,113.94104,113.94104,113.86564,113.89304
2026-08-24 22:30:00,113.89285,113.92558,113.86042,113.87967
2026-08-24 22:45:00,113.88902,113.92987,113.87175,113.90625
2026-08-24 23:00:00,113.90899,114.00408,113.90794,113.99223
2026-08-24 23:15:00,113.99672,114.07614,113.98766,114.07297
2026-08-24 23:30:00,114.06659,114.06659,114.00073,114.00553
2026-08-24 23:45:00,114.0129,114.02641,113.93919,113.97944
2026-08-25 00:00:00,113.97286,113.99961,113.93062,113.96797
2026-08-25 00:15:00,113.96919,113.98834,113.95096,113.97612
2026-08-25 00:30:00,113.97259,113.97392,113.8978,113.90116
2026-08-25 00:45:00,113.90652,113.93058,113.87084,113.89066
2026-08-25 01:00:00,113.89253,113.89732,113.83166,113.84833
2026-08-25 01:15:00,113.846,113.86521,113.81934,113.85231
2026-08-25 01:30:00,113.85284,113.87694,113.8309,113.87508
2026-08-25 01:45:00,113.87204,113.87204,113.80559,113.82209
2026-08-25 02:00:00,113.81534,113.87647,113.76441,113.76873
2026-08-25 02:15:00,113.77039,113.77548,113.74668,113.76918
2026-08-25 02:30:00,113.76659,113.77238,113.70819,113.74578
2026-08-25 02:45:00,113.7421,113.77385,113.7421,113.7541
2026-08-25 03:00:00,113.75789,113.76316,113.69973,113.7355
2026-08-25 03:15:00,113.73745,113.74402,113.70573,113.71134
2026-08-25 03:30:00,113.70682,113.72795,113.6937,113.71234
2026-08-25 03:45:00,113.70963,113.70963,113.67395,113.68196
2026-08-25 04:00:00,113.68407,113.74485,113.68274,113.74274
2026-08-25 04:15:00,113.73934,113.79635,113.72897,113.79505
2026-08-25 04:30:00,113.79196,113.81062,113.77886,113.80401
2026-08-25 04:45:00,113.79986,113.81405,113.77272,113.784
2026-08-25 05:00:00,113.78159,113.79318,113.76651,113.7736
2026-08-25 05:15:00,113.77368,113.79874,113.76452,113.77847
2026-08-25 05:30:00,113.77955,113.78953,113.75704,113.76563
2026-08-25 05:45:00,113.76231,113.78661,113.75143,113.78341
2026-08-25 06:00:00,113.77701,113.79614,113.77211,113.78327
2026-08-25 06:15:00,113.77833,113.78831,113.77096,113.77694
2026-08-25 06:30:00,113.77267,113.78197,113.75939,113.76349
2026-08-25 06:45:00,113.76343,113.77277,113.74048,113.75894
2026-08-25 07:00:00,113.75898,113.76212,113.69575,113.7074
2026-08-25 07:15:00,113.71121,113.76434,113.70832,113.75169
2026-08-25 07:30:00,113.74805,113.75509,113.72929,113.75083
2026-08-25 07:45:00,113.74854,113.76571,113.72029,113.74155
2026-08-25 08:00:00,113.73852,113.75777,113.70611,113.75393
2026-08-25 08:15:00,113.74858,113.77643,113.74858,113.77325
2026-08-25 08:30:00,113.77157,113.78111,113.76128,113.76296
2026-08-25 08:45:00,113.76278,113.77259,113.75775,113.76258
2026-08-25 09:00:00,113.76082,113.76901,113.71846,113.71954
2026-08-25 09:15:00,113.72292,113.76554,113.72292,113.75725
2026-08-25 09:30:00,113.7576,113.812,113.75251,113.81058
2026-08-25 09:45:00,113.80503,113.86791,113.80298,113.86554
2026-08-25 10:00:00,113.86035,113.88783,113.83257,113.88464
2026-08-25 10:15:00,113.879,113.90038,113.85442,113.89774
2026-08-25 10:30:00,113.89367,113.92201,113.88213,113.92024
2026-08-25 10:45:00,113.91581,113.93987,113.87379,113.93541
2026-08-25 11:00:00,113.92207,113.95343,113.88508,113.91838
2026-08-25 11:15:00,113.90753,113.93505,113.87312,113.90039
2026-08-25 11:30:00,113.89557,113.94141,113.86529,113.92947
2026-08-25 11:45:00,113.93301,113.96305,113.90467,113.91823
2026-08-25 12:00:00,113.92982,113.96138,113.9098,113.94619
2026-08-25 12:15:00,113.9474,113.96308,113.93615,113.95994
2026-08-25 12:30:00,113.95467,113.99965,113.90993,113.99269
2026-08-25 12:45:00,113.99386,114.04299,113.97116,113.98957
2026-08-25 13:00:00,113.99209,114.05318,113.97842,114.02545
2026-08-25 13:15:00,114.03038,114.05466,114.01171,114.03318
2026-08-25 13:30:00,114.03752,114.04648,113.99479,114.01385
2026-08-25 13:45:00,114.0107,114.0107,113.93739,113.94184
2026-08-25 14:00:00,113.94932,113.94932,113.90337,113.92759
2026-08-25 14:15:00,113.91835,113.93778,113.86548,113.86713
2026-08-25 14:30:00,113.8712,113.88373,113.83232,113.83418
2026-08-25 14:45:00,113.83794,113.88994,113.80712,113.88903
2026-08-25 15:00:00,113.88501,113.94731,113.8793,113.94452
2026-08-25 15:15:00,113.93881,113.97454,113.92138,113.97232
2026-08-25 15:30:00,113.96863,113.98368,113.93462,113.93928
2026-08-25 15:45:00,113.94587,113.94862,113.8747,113.87915
2026-08-25 16:00:00,113.88433,113.94593,113.86499,113.90423
2026-08-25 16:15:00,113.90071,113.91572,113.87915,113.9014
2026-08-25 16:30:00,113.90244,113.92398,113.85456,113.86663
2026-08-25 16:45:00,113.86659,113.8815,113.83455,113.87524
2026-08-25 17:00:00,113.86018,113.9115,113.84857,113.89438
2026-08-25 17:15:00,113.88806,113.91455,113.86274,113.89179
2026-08-25 17:30:00,113.89428,113.93408,113.87934,113.9038
2026-08-25 17:45:00,113.89982,113.92086,113.88741,113.91611
2026-08-25 18:00:00,113.91393,113.92004,113.84661,113.87029
2026-08-25 18:15:00,113.8661,113.96827,113.85271,113.90691
2026-08-25 18:30:00,113.91216,113.93267,113.87414,113.87617
2026-08-25 18:45:00,113.88206,113.93097,113.87846,113.92206
2026-08-25 19:00:00,113.92379,113.93196,113.86912,113.87426
2026-08-25 19:15:00,113.88339,113.94099,113.86194,113.91102
2026-08-25 19:30:00,113.91748,113.96607,113.8942,113.93169
2026-08-25 19:45:00,113.93767,113.99736,113.93309,113.96225
2026-08-25 20:00:00,113.96476,113.96606,113.92191,113.93223
2026-08-25 20:15:00,113.93469,113.93469,113.8978,113.92144
2026-08-25 20:30:00,113.91838,113.92749,113.9035,113.91547
2026-08-25 20:45:00,113.91825,113.93826,113.91466,113.93123
2026-08-25 21:00:00,113.93183,113.9458,113.91627,113.94465
2026-08-25 21:15:00,113.94156,113.97219,113.92627,113.97008
2026-08-25 21:30:00,113.96677,113.98163,113.95369,113.96743
2026-08-25 21:45:00,113.97379,113.98405,113.92479,113.92589
2026-08-25 22:00:00,113.92793,113.93488,113.88747,113.92638
2026-08-25 22:15:00,113.92822,113.93551,113.88971,113.91378
2026-08-25 22:30:00,113.90957,113.93194,113.8857,113.93046
2026-08-25 22:45:00,113.92731,113.97525,113.90396,113.97075
2026-08-25 23:00:00,113.96419,114.00856,113.93903,113.97554
2026-08-25 23:15:00,113.97796,114.01336,113.95179,113.96967
2026-08-25 23:30:00,113.96566,114.00148,113.9261,113.94293
2026-08-25 23:45:00,113.94677,113.97898,113.92921,113.94357
2026-08-26 00:00:00,113.95969,114.00365,113.95969,113.99959
2026-08-26 00:15:00,113.99693,114.0152,113.97814,113.99232
2026-08-26 00:30:00,113.98795,114.0338,113.98105,113.99503
2026-08-26 00:45:00,113.99858,114.04584,113.94808,113.99501
2026-08-26 01:00:00,113.98778,113.99822,113.94516,113.94898
2026-08-26 01:15:00,113.95515,113.96908,113.93568,113.96739
2026-08-26 01:30:00,113.95995,114.0172,113.95995,113.97941
2026-08-26 01:45:00,113.98424,113.99492,113.96334,113.99271
2026-08-26 02:00:00,113.98849,114.00987,113.9671,113.97748
2026-08-26 02:15:00,113.97602,113.98174,113.95797,113.9716
2026-08-26 02:30:00,113.96952,113.98258,113.96013,113.97245
2026-08-26 02:45:00,113.9707,113.98416,113.95338,113.95581
2026-08-26 03:00:00,113.96166,113.98465,113.95678,113.97119
2026-08-26 03:15:00,113.96921,113.99561,113.96492,113.9754
2026-08-26 03:30:00,113.97347,113.99229,113.9669,113.98093
2026-08-26 03:45:00,113.97807,113.99417,113.96177,113.96461
2026-08-26 04:00:00,113.96692,113.97652,113.95334,113.95615
2026-08-26 04:15:00,113.95709,113.98242,113.95222,113.97442
2026-08-26 04:30:00,113.97459,114.00447,113.9745,114.00156
2026-08-26 04:45:00,113.99939,114.01328,113.99319,114.00565
2026-08-26 05:00:00,114.00339,114.02352,113.98731,114.00435
2026-08-26 05:15:00,114.0064,114.01126,113.98472,113.99905
2026-08-26 05:30:00,113.99424,114.01188,113.98917,113.99912
2026-08-26 05:45:00,113.99703,114.02266,113.98797,114.01132
2026-08-26 06:00:00,114.00458,114.07325,114.00458,114.0652
2026-08-26 06:15:00,114.06593,114.11392,114.05374,114.08635
2026-08-26 06:30:00,114.09146,114.11383,114.07609,114.09453
2026-08-26 06:45:00,114.09169,114.09169,114.05393,114.06533
2026-08-26 07:00:00,114.07353,114.07967,114.02331,114.03074
2026-08-26 07:15:00,114.03729,114.05252,114.02728,114.03721
2026-08-26 07:30:00,114.03638,114.04098,114.01878,114.03694
2026-08-26 07:45:00,114.03027,114.05943,114.01129,114.05706
2026-08-26 08:00:00,114.05207,114.07402,114.02955,114.05883
2026-08-26 08:15:00,114.05611,114.06496,114.03934,114.0472
2026-08-26 08:30:00,114.04492,114.05712,114.03701,114.05235
2026-08-26 08:45:00,114.04556,114.07599,114.04556,114.07301
2026-08-26 09:00:00,114.07122,114.09462,114.05144,114.08193
2026-08-26 09:15:00,114.08362,114.10246,114.08081,114.09812
2026-08-26 09:30:00,114.09086,114.11422,114.0882,114.09996
2026-08-26 09:45:00,114.09442,114.12365,114.08025,114.09421
2026-08-26 10:00:00,114.08997,114.12168,114.07069,114.10704
2026-08-26 10:15:00,114.10979,114.15889,114.08944,114.0906
2026-08-26 10:30:00,114.09246,114.09626,114.01942,114.04919
2026-08-26 10:45:00,114.04512,114.07295,113.99917,114.00588
2026-08-26 11:00:00,114.00976,114.0199,113.98091,113.98349
2026-08-26 11:15:00,113.98815,114.01979,113.9645,113.97414
2026-08-26 11:30:00,113.97102,114.19398,113.95176,114.11114
2026-08-26 11:45:00,114.1078,114.20552,114.08298,114.15024
2026-08-26 12:00:00,114.1469,114.15394,114.04025,114.13338
2026-08-26 12:15:00,114.12673,114.15825,114.08512,114.12916
2026-08-26 12:30:00,114.1162,114.25402,114.1162,114.22767
2026-08-26 12:45:00,114.22616,114.22616,114.14958,114.1688
2026-08-26 13:00:00,114.16318,114.17723,114.13901,114.15458
2026-08-26 13:15:00,114.14467,114.21282,114.14467,114.19337
2026-08-26 13:30:00,114.19491,114.24077,114.16574,114.23947
2026-08-26 13:45:00,114.23611,114.24142,114.15809,114.16078
2026-08-26 14:00:00,114.16197,114.19177,114.15759,114.17187
2026-08-26 14:15:00,114.16924,114.19762,114.15573,114.15693
2026-08-26 14:30:00,114.16016,114.17036,114.09997,114.12081
2026-08-26 14:45:00,114.11643,114.14899,114.08351,114.14784
2026-08-26 15:00:00,114.14314,114.18167,114.13566,114.15766
2026-08-26 15:15:00,114.15623,114.18751,114.14632,114.17214
2026-08-26 15:30:00,114.1774,114.20794,114.16394,114.17989
2026-08-26 15:45:00,114.18389,114.22662,114.18389,114.2256
2026-08-26 16:00:00,114.22263,114.30016,114.19186,114.29755
2026-08-26 16:15:00,114.29213,114.29213,114.20322,114.21
2026-08-26 16:30:00,114.21266,114.23397,114.14471,114.19071
2026-08-26 16:45:00,114.1815,114.20458,114.17335,114.20317
2026-08-26 17:00:00,114.19839,114.20093,114.14335,114.16883
2026-08-26 17:15:00,114.16477,114.17765,114.12196,114.15507
2026-08-26 17:30:00,114.15167,114.16844,114.12753,114.1542
2026-08-26 17:45:00,114.14723,114.18498,114.13858,114.16959
2026-08-26 18:00:00,114.16922,114.22211,114.14974,114.22003
2026-08-26 18:15:00,114.2123,114.22704,114.1767,114.19983
2026-08-26 18:30:00,114.19273,114.20658,114.15061,114.18938
2026-08-26 18:45:00,114.18258,114.19817,114.16003,114.18751
2026-08-26 19:00:00,114.18385,114.21561,114.17676,114.19629
2026-08-26 19:15:00,114.19862,114.20778,114.13888,114.14825
2026-08-26 19:30:00,114.14647,114.17629,114.1425,114.15577
2026-08-26 19:45:00,114.15652,114.18945,114.13928,114.18794
2026-08-26 20:00:00,114.18444,114.19511,114.17619,114.19346
2026-08-26 20:15:00,114.19089,114.20399,114.18354,114.19446
2026-08-26 20:30:00,114.19649,114.22149,114.19352,114.20523
2026-08-26 20:45:00,114.21171,114.25513,114.21115,114.23991
2026-08-26 21:00:00,114.24135,114.26543,114.22316,114.2647
2026-08-26 21:15:00,114.26133,114.3028,114.24927,114.30067
2026-08-26 21:30:00,114.29853,114.30266,114.28404,114.29218
2026-08-26 21:45:00,114.29223,114.3095,114.27462,114.30113
2026-08-26 22:00:00,114.3028,114.31233,114.28548,114.30247
2026-08-26 22:15:00,114.29634,114.30943,114.25676,114.26008
2026-08-26 22:30:00,114.26205,114.32659,114.22536,114.28689
2026-08-26 22:45:00,114.28424,114.31238,114.25296,114.29855
2026-08-26 23:00:00,114.29403,114.32817,114.27458,114.3242
2026-08-26 23:15:00,114.31484,114.32646,114.28845,114.29915
2026-08-26 23:30:00,114.30014,114.37882,114.28461,114.37629
2026-08-26 23:45:00,114.37212,114.40898,114.36331,114.36917
2026-08-27 00:00:00,114.38093,114.39435,114.31406,114.3484
2026-08-27 00:15:00,114.34693,114.35684,114.28627,114.28808
2026-08-27 00:30:00,114.28823,114.33778,114.28727,114.29001
2026-08-27 00:45:00,114.29296,114.30959,114.21895,114.22134
2026-08-27 01:00:00,114.22618,114.23859,114.20685,114.21454
2026-08-27 01:15:00,114.21278,114.23111,114.1879,114.22902
2026-08-27 01:30:00,114.22682,114.25383,114.2204,114.24262
2026-08-27 01:45:00,114.24378,114.25536,114.20578,114.23753
2026-08-27 02:00:00,114.24134,114.27,114.22346,114.24704
2026-08-27 02:15:00,114.24858,114.27369,114.2277,114.26795
2026-08-27 02:30:00,114.2654,114.28936,114.25367,114.27297
2026-08-27 02:45:00,114.27016,114.29176,114.24755,114.28549
2026-08-27 03:00:00,114.28666,114.30068,114.27691,114.29717
2026-08-27 03:15:00,114.29073,114.33285,114.29073,114.33223
2026-08-27 03:30:00,114.32881,114.34144,114.32027,114.32206
2026-08-27 03:45:00,114.32187,114.34648,114.32187,114.33603
2026-08-27 04:00:00,114.338,114.35617,114.32413,114.34287
2026-08-27 04:15:00,114.34406,114.34563,114.32526,114.32699
2026-08-27 04:30:00,114.32819,114.33555,114.32245,114.3333
2026-08-27 04:45:00,114.33084,114.33206,114.3112,114.31177
2026-08-27 05:00:00,114.31379,114.33906,114.31017,114.31137
2026-08-27 05:15:00,114.3117,114.33225,114.30839,114.32979
2026-08-27 05:30:00,114.32734,114.33077,114.28878,114.3056
2026-08-27 05:45:00,114.30035,114.31006,114.26934,114.30867
2026-08-27 06:00:00,114.30598,114.32725,114.29255,114.31915
2026-08-27 06:15:00,114.31481,114.32277,114.2894,114.29817
2026-08-27 06:30:00,114.30073,114.30389,114.28027,114.28608
2026-08-27 06:45:00,114.2839,114.3029,114.27781,114.29663
2026-08-27 07:00:00,114.29352,114.29552,114.16194,114.20478
2026-08-27 07:15:00,114.20006,114.27911,114.18991,114.25158
2026-08-27 07:30:00,114.27144,114.27144,114.22065,114.24052
2026-08-27 07:45:00,114.23768,114.32149,114.21343,114.31832
2026-08-27 08:00:00,114.31166,114.34748,114.29695,114.31574
2026-08-27 08:15:00,114.31321,114.33696,114.30408,114.31122
2026-08-27 08:30:00,114.30823,114.34214,114.30739,114.34055
2026-08-27 08:45:00,114.33834,114.35919,114.32806,114.34818
2026-08-27 09:00:00,114.34997,114.39282,114.34686,114.37567
2026-08-27 09:15:00,114.37651,114.37764,114.34786,114.36455
2026-08-27 09:30:00,114.36148,114.38655,114.34732,114.3852
2026-08-27 09:45:00,114.37972,114.42125,114.36138,114.36395
2026-08-27 10:00:00,114.367,114.37692,114.20231,114.20327
2026-08-27 10:15:00,114.20494,114.26565,114.1983,114.26217
2026-08-27 10:30:00,114.25661,114.27552,114.219,114.23278
2026-08-27 10:45:00,114.23025,114.31645,114.21301,114.3142
2026-08-27 11:00:00,114.31144,114.35796,114.29707,114.30554
2026-08-27 11:15:00,114.30764,114.37341,114.2767,114.3499
2026-08-27 11:30:00,114.35181,114.40536,114.32532,114.36765
2026-08-27 11:45:00,114.36516,114.39892,114.32337,114.39632
2026-08-27 12:00:00,114.38737,114.45148,114.38737,114.43887
2026-08-27 12:15:00,114.43969,114.50756,114.43508,114.49703
2026-08-27 12:30:00,114.49996,114.50978,114.44557,114.44713
2026-08-27 12:45:00,114.44727,114.47725,114.42853,114.44775
2026-08-27 13:00:00,114.4432,114.45593,114.42068,114.42155
2026-08-27 13:15:00,114.42241,114.47898,114.42241,114.46233
2026-08-27 13:30:00,114.46282,114.47233,114.4481,114.45567
2026-08-27 13:45:00,114.45799,114.4655,114.44578,114.4633
2026-08-27 14:00:00,114.46018,114.49613,114.44928,114.48769
2026-08-27 14:15:00,114.48856,114.51083,114.48516,114.4856
2026-08-27 14:30:00,114.48723,114.4937,114.43404,114.46086
2026-08-27 14:45:00,114.46248,114.52837,114.45616,114.52719
2026-08-27 15:00:00,114.52359,114.52359,114.45655,114.45912
2026-08-27 15:15:00,114.46278,114.46381,114.40784,114.43613
2026-08-27 15:30:00,114.43926,114.45158,114.40909,114.44244
2026-08-27 15:45:00,114.43957,114.47072,114.43437,114.46431
2026-08-27 16:00:00,114.46065,114.48893,114.43584,114.48669
2026-08-27 16:15:00,114.484,114.51647,114.47791,114.51294
2026-08-27 16:30:00,114.508,114.52052,114.47612,114.48091
2026-08-27 16:45:00,114.47891,114.5006,114.44019,114.47747
2026-08-27 17:00:00,114.4744,114.49693,114.45098,114.45343
2026-08-27 17:15:00,114.45575,114.45805,114.39426,114.40435
2026-08-27 17:30:00,114.4062,114.46256,114.38761,114.45195
2026-08-27 17:45:00,114.44493,114.46742,114.42623,114.43895
2026-08-27 18:00:00,114.43346,114.48844,114.43346,114.46951
2026-08-27 18:15:00,114.46508,114.51044,114.4427,114.49976
2026-08-27 18:30:00,114.50129,114.50547,114.44889,114.46492
2026-08-27 18:45:00,114.46783,114.46783,114.43245,114.45311
2026-08-27 19:00:00,114.4513,114.46583,114.38291,114.42664
2026-08-27 19:15:00,114.43628,114.46319,114.40983,114.44587
2026-08-27 19:30:00,114.4505,114.47074,114.4383,114.44323
2026-08-27 19:45:00,114.44712,114.46184,114.42962,114.44056
2026-08-27 20:00:00,114.44645,114.48883,114.43458,114.4804
2026-08-27 20:15:00,114.4776,114.49151,114.45984,114.48176
2026-08-27 20:30:00,114.47976,114.50276,114.47215,114.48711
2026-08-27 20:45:00,114.48921,114.52278,114.48372,114.49919
2026-08-27 21:00:00,114.50179,114.5095,114.48821,114.50439
2026-08-27 21:15:00,114.49818,114.52286,114.48043,114.51063
2026-08-27 21:30:00,114.50645,114.55185,114.50645,114.5416
2026-08-27 21:45:00,114.54454,114.58881,114.52967,114.58241
2026-08-27 22:00:00,114.571,114.62454,114.571,114.61572
2026-08-27 22:15:00,114.61079,114.62898,114.58492,114.62539
2026-08-27 22:30:00,114.61898,114.63139,114.58546,114.58698
2026-08-27 22:45:00,114.58839,114.58845,114.5552,114.58408
2026-08-27 23:00:00,114.58153,114.67728,114.56789,114.67664
2026-08-27 23:15:00,114.67327,114.68175,114.64124,114.66017
2026-08-27 23:30:00,114.66116,114.6684,114.61823,114.61862
2026-08-27 23:45:00,114.61974,114.64508,114.56074,114.62772
2026-08-28 00:00:00,114.62416,114.63913,114.57502,114.57855
2026-08-28 00:15:00,114.58299,114.63508,114.57665,114.59902
2026-08-28 00:30:00,114.59645,114.63144,114.58109,114.6205
2026-08-28 00:45:00,114.6115,114.64015,114.52162,114.57995
2026-08-28 01:00:00,114.56884,114.62538,114.55643,114.6232
2026-08-28 01:15:00,114.61737,114.62529,114.59226,114.61217
2026-08-28 01:30:00,114.60802,114.63667,114.60139,114.62666
2026-08-28 01:45:00,114.62604,114.63088,114.59983,114.61674
2026-08-28 02:00:00,114.62017,114.63951,114.58395,114.58596
2026-08-28 02:15:00,114.58853,114.60784,114.57887,114.60659
2026-08-28 02:30:00,114.60258,114.61599,114.59246,114.61362
2026-08-28 02:45:00,114.6122,114.64516,114.60743,114.64003
2026-08-28 03:00:00,114.63313,114.6621,114.63304,114.65439
2026-08-28 03:15:00,114.65608,114.66362,114.65135,114.65784
2026-08-28 03:30:00,114.65477,114.68915,114.65477,114.68799
2026-08-28 03:45:00,114.68463,114.71918,114.67469,114.71681
2026-08-28 04:00:00,114.71347,114.73471,114.71063,114.71614
2026-08-28 04:15:00,114.71803,114.71803,114.67239,114.67479
2026-08-28 04:30:00,114.67694,114.70418,114.6715,114.70207
2026-08-28 04:45:00,114.69956,114.72612,114.69739,114.7229
2026-08-28 05:00:00,114.7184,114.73156,114.70081,114.73054
2026-08-28 05:15:00,114.72849,114.73691,114.70957,114.71334
2026-08-28 05:30:00,114.71106,114.72122,114.70373,114.71313
2026-08-28 05:45:00,114.71023,114.72437,114.69982,114.70877
2026-08-28 06:00:00,114.7114,114.7269,114.70501,114.71537
2026-08-28 06:15:00,114.71614,114.71669,114.69126,114.70053
2026-08-28 06:30:00,114.69905,114.69905,114.67423,114.68093
2026-08-28 06:45:00,114.6788,114.70153,114.67395,114.69934
2026-08-28 07:00:00,114.69738,114.70471,114.56739,114.65536
2026-08-28 07:15:00,114.65184,114.70078,114.63979,114.69084
2026-08-28 07:30:00,114.69291,114.6978,114.6764,114.67948
2026-08-28 07:45:00,114.6836,114.68373,114.65881,114.67334
2026-08-28 08:00:00,114.66914,114.69775,114.6562,114.65684
2026-08-28 08:15:00,114.65723,114.68439,114.65419,114.68173
2026-08-28 08:30:00,114.67918,114.68798,114.66727,114.67426
2026-08-28 08:45:00,114.67607,114.67869,114.65654,114.66606
2026-08-28 09:00:00,114.66764,114.6681,114.64548,114.65999
2026-08-28 09:15:00,114.65837,114.66237,114.63262,114.64938
2026-08-28 09:30:00,114.64677,114.65224,114.63149,114.65042
2026-08-28 09:45:00,114.64682,114.65315,114.62577,114.63397
2026-08-28 10:00:00,114.63499,114.68981,114.62967,114.6764
2026-08-28 10:15:00,114.67782,114.71701,114.67566,114.71439
2026-08-28 10:30:00,114.7093,114.72157,114.6839,114.69644
2026-08-28 10:45:00,114.69447,114.71383,114.64922,114.69329
2026-08-28 11:00:00,114.6902,114.74487,114.68427,114.72146
2026-08-28 11:15:00,114.72182,114.72868,114.7029,114.70361
2026-08-28 11:30:00,114.70431,114.73914,114.69183,114.73519
2026-08-28 11:45:00,114.73078,114.76141,114.73022,114.7402
2026-08-28 12:00:00,114.73604,114.78879,114.73604,114.78613
2026-08-28 12:15:00,114.78217,114.8257,114.76308,114.79111
2026-08-28 12:30:00,114.7946,114.83771,114.7946,114.80521
2026-08-28 12:45:00,114.80829,114.87267,114.79532,114.86967
2026-08-28 13:00:00,114.86772,114.89058,114.85803,114.88798
2026-08-28 13:15:00,114.8839,114.89155,114.86417,114.86544
2026-08-28 13:30:00,114.86901,114.88038,114.81659,114.8204
2026-08-28 13:45:00,114.82678,114.8289,114.79861,114.82526
2026-08-28 14:00:00,114.82242,114.84195,114.82009,114.84065
2026-08-28 14:15:00,114.83817,114.86561,114.83178,114.84826
2026-08-28 14:30:00,114.84672,114.84672,114.81942,114.82565
2026-08-28 14:45:00,114.82278,114.85214,114.80111,114.82292
2026-08-28 15:00:00,114.81714,114.84293,114.78496,114.79407
2026-08-28 15:15:00,114.79183,114.82016,114.77381,114.80257
2026-08-28 15:30:00,114.80424,114.82967,114.75707,114.7788
2026-08-28 15:45:00,114.78082,114.79963,114.77791,114.78952
2026-08-28 16:00:00,114.78687,114.82729,114.77706,114.81616
2026-08-28 16:15:00,114.81736,114.84447,114.81183,114.84211
2026-08-28 16:30:00,114.83879,114.84777,114.71253,114.77804
2026-08-28 16:45:00,114.77235,114.81406,114.77235,114.79231
2026-08-28 17:00:00,114.80437,114.80437,114.73372,114.7626
2026-08-28 17:15:00,114.75703,114.77164,114.71848,114.72032
2026-08-28 17:30:00,114.72418,114.77274,114.71962,114.76503
2026-08-28 17:45:00,114.75849,114.78495,114.75849,114.7845
2026-08-28 18:00:00,114.78174,114.799,114.77033,114.78274
2026-08-28 18:15:00,114.77939,114.82585,114.77307,114.79144
2026-08-28 18:30:00,114.78625,114.8055,114.76267,114.76491
2026-08-28 18:45:00,114.77058,114.82459,114.77058,114.8029
2026-08-28 19:00:00,114.80145,114.85783,114.7859,114.85388
2026-08-28 19:15:00,114.85143,114.88271,114.84789,114.88062
2026-08-28 19:30:00,114.87872,114.90641,114.87187,114.90202
2026-08-28 19:45:00,114.89565,114.93317,114.8868,114.92867
2026-08-28 20:00:00,114.92544,114.96373,114.91643,114.96067
2026-08-28 20:15:00,114.95442,114.95442,114.92361,114.94681
2026-08-28 20:30:00,114.94228,114.95886,114.93265,114.93475
2026-08-28 20:45:00,114.94057,114.9612,114.93168,114.94639
2026-08-28 21:00:00,114.94861,114.94897,114.92196,114.92591
2026-08-28 21:15:00,114.9264,114.93087,114.89742,114.89969
2026-08-28 21:30:00,114.90317,114.92485,114.8973,114.92223
2026-08-28 21:45:00,114.9179,114.92807,114.85819,114.86083
2026-08-28 22:00:00,114.86068,114.88821,114.83296,114.87293
2026-08-28 22:15:00,114.86744,114.88738,114.85365,114.85667
2026-08-28 22:30:00,114.86133,114.86133,114.81453,114.85342
2026-08-28 22:45:00,114.84779,114.92135,114.84417,114.91662
2026-08-28 23:00:00,114.91398,114.96379,114.90531,114.9631
2026-08-28 23:15:00,114.95956,114.96483,114.8948,114.89982
2026-08-28 23:30:00,114.90859,114.9252,114.88951,114.924
2026-08-28 23:45:00,114.92149,114.92149,114.85109,114.8887
2026-08-29 00:00:00,114.87991,114.89113,114.5861,114.70287
2026-08-29 00:15:00,114.68995,114.77945,114.58573,114.5948
2026-08-29 00:30:00,114.6075,114.78395,114.56202,114.71592
2026-08-29 00:45:00,114.72441,114.89805,114.70979,114.89162
2026-08-29 01:00:00,114.87705,114.87705,114.76434,114.77139
2026-08-29 01:15:00,114.78021,114.80294,114.74211,114.74585
2026-08-29 01:30:00,114.74975,114.76971,114.6901,114.72113
2026-08-29 01:45:00,114.71813,114.75211,114.60791,114.61028
2026-08-29 02:00:00,114.61573,114.67739,114.60443,114.64969
2026-08-29 02:15:00,114.65925,114.65925,114.59317,114.64942
2026-08-29 02:30:00,114.64674,114.69642,114.62958,114.66738
2026-08-29 02:45:00,114.66559,114.74029,114.66033,114.71997
2026-08-29 03:00:00,114.71797,114.73278,114.65059,114.68888
2026-08-29 03:15:00,114.68589,114.69924,114.6765,114.68533
2026-08-29 03:30:00,114.68228,114.69227,114.63825,114.6534
2026-08-29 03:45:00,114.65004,114.67511,114.65004,114.65398
2026-08-29 04:00:00,114.6561,114.67878,114.62517,114.65652
2026-08-29 04:15:00,114.65522,114.65522,114.61141,114.6465
2026-08-29 04:30:00,114.64288,114.65036,114.61926,114.64125
2026-08-29 04:45:00,114.63561,114.64989,114.62627,114.63752
2026-08-29 05:00:00,114.64068,114.6627,114.61583,114.63675
2026-08-29 05:15:00,114.63702,114.6489,114.63013,114.64856
2026-08-29 05:30:00,114.64663,114.68514,114.63613,114.68209
2026-08-29 05:45:00,114.68031,114.69588,114.65398,114.67229
2026-08-29 06:00:00,114.67578,114.68692,114.64799,114.65403
2026-08-29 06:15:00,114.65572,114.66241,114.6317,114.6436
2026-08-29 06:30:00,114.64215,114.64549,114.61019,114.64396
2026-08-29 06:45:00,114.64001,114.68796,114.63571,114.66905
2026-08-29 07:00:00,114.66537,114.75878,114.60859,114.63332
2026-08-29 07:15:00,114.64683,114.74151,114.57429,114.67692
2026-08-29 07:30:00,114.68298,114.76802,114.67061,114.68219
2026-08-29 07:45:00,114.69191,114.72707,114.61633,114.67633
2026-08-29 08:00:00,114.67305,114.74385,114.55377,114.65055
2026-08-29 08:15:00,114.65522,114.67417,114.6491,114.67357
2026-08-29 08:30:00,114.67155,114.67885,114.66114,114.66506
2026-08-29 08:45:00,114.66577,114.68139,114.6643,114.67771
2026-08-29 09:00:00,114.67594,114.75933,114.60316,114.66314
2026-08-29 09:15:00,114.66766,114.69619,114.66051,114.67998
2026-08-29 09:30:00,114.68311,114.69578,114.65355,114.66375
2026-08-29 09:45:00,114.66421,114.69364,114.65829,114.67786
2026-08-29 10:00:00,114.68109,114.6927,114.5547,114.65355
2026-08-29 10:15:00,114.65004,114.67213,114.6422,114.65317
2026-08-29 10:30:00,114.65325,114.65818,114.64984,114.65407
2026-08-29 10:45:00,114.65159,114.66757,114.64989,114.65522
2026-08-29 11:00:00,114.65353,114.65655,114.54939,114.65286
2026-08-29 11:15:00,114.65328,114.66896,114.64461,114.65372
2026-08-29 11:30:00,114.65411,114.68273,114.64842,114.65195
2026-08-29 11:45:00,114.65316,114.65885,114.65145,114.65587
2026-08-29 12:00:00,114.65368,114.66619,114.56701,114.65348
2026-08-29 12:15:00,114.65369,114.65896,114.65173,114.65286
2026-08-29 12:30:00,114.65343,114.66671,114.6476,114.65521
2026-08-29 12:45:00,114.6535,114.66707,114.64742,114.65599
2026-08-29 13:00:00,114.65361,114.65769,114.56924,114.65514
2026-08-29 13:15:00,114.6535,114.70647,114.6422,114.65111
2026-08-29 13:30:00,114.65218,114.65853,114.6505,114.65574
2026-08-29 13:45:00,114.65391,114.66784,114.65044,114.65602
2026-08-29 14:00:00,114.65373,114.72042,114.54894,114.65334
2026-08-29 14:15:00,114.65395,114.6589,114.65172,114.6533
2026-08-29 14:30:00,114.65385,114.66854,114.65027,114.65579
2026-08-29 14:45:00,114.65353,114.65875,114.65187,114.65588
2026-08-29 15:00:00,114.65331,114.69256,114.58101,114.65417
2026-08-29 15:15:00,114.65254,114.66734,114.6517,114.65221
2026-08-29 15:30:00,114.65404,114.65908,114.65092,114.65586
2026-08-29 15:45:00,114.65316,114.66631,114.64436,114.65574
2026-08-29 16:00:00,114.65351,114.65829,114.57291,114.65485
2026-08-29 16:15:00,114.65327,114.66649,114.65064,114.65267
2026-08-29 16:30:00,114.65336,114.68674,114.6312,114.6481
2026-08-29 16:45:00,114.65468,114.65863,114.64999,114.65597
2026-08-29 17:00:00,114.65373,114.72647,114.53861,114.65537
2026-08-29 17:15:00,114.65341,114.6587,114.65106,114.65509
2026-08-29 17:30:00,114.65286,114.66672,114.65085,114.65309
2026-08-29 17:45:00,114.65349,114.66647,114.65136,114.65351
2026-08-29 18:00:00,114.65513,114.65837,114.65091,114.65378
2026-08-29 18:15:00,114.65136,114.69244,114.62764,114.65378
2026-08-29 18:30:00,114.65276,114.65758,114.64981,114.65059
2026-08-29 18:45:00,114.65167,114.67056,114.65017,114.65403
2026-08-29 19:00:00,114.65256,114.66847,114.64939,114.65575
2026-08-29 19:15:00,114.65834,114.65834,114.64844,114.65312
2026-08-29 19:30:00,114.65252,114.67038,114.64471,114.65081
2026-08-29 19:45:00,114.65184,114.65747,114.65075,114.6537
2026-08-29 20:00:00,114.6525,114.68614,114.63959,114.65582
2026-08-29 20:15:00,114.65324,114.66799,114.65136,114.65314
2026-08-29 20:30:00,114.65562,114.65839,114.65166,114.65238
2026-08-29 20:45:00,114.65324,114.66835,114.65145,114.65574
2026-08-29 21:00:00,114.65319,114.65845,114.65163,114.65581
2026-08-29 21:15:00,114.65326,114.66832,114.64591,114.65454
2026-08-29 21:30:00,114.65326,114.6897,114.65032,114.68393
2026-08-29 21:45:00,114.67125,114.67125,114.65061,114.65636
2026-08-29 22:00:00,114.65363,114.66949,114.64525,114.65548
2026-08-29 22:15:00,114.65307,114.65839,114.65145,114.65485
2026-08-29 22:30:00,114.65314,114.66986,114.64905,114.65188
2026-08-29 22:45:00,114.6525,114.66862,114.65003,114.66624
2026-08-29 23:00:00,114.66112,114.66112,114.64981,114.65267
2026-08-29 23:15:00,114.65058,114.69592,114.64417,114.64907
2026-08-29 23:30:00,114.64686,114.65114,114.6436,114.64763
2026-08-29 23:45:00,114.64791,114.66865,114.63491,114.64642
2026-08-30 00:00:00,114.64736,114.67073,114.64709,114.66839
2026-08-30 00:15:00,114.66273,114.66273,114.64814,114.65213
2026-08-30 00:30:00,114.64978,114.67086,114.64734,114.65471
2026-08-30 00:45:00,114.65563,114.6579,114.64857,114.64948
2026-08-30 01:00:00,114.65021,114.72228,114.57038,114.65635
2026-08-30 01:15:00,114.65357,114.67898,114.63896,114.67653
2026-08-30 01:30:00,114.66948,114.67571,114.6547,114.65787
2026-08-30 01:45:00,114.65681,114.67987,114.65526,114.67702
2026-08-30 02:00:00,114.67399,114.69675,114.62932,114.65864
2026-08-30 02:15:00,114.65619,114.67582,114.65471,114.65935
2026-08-30 02:30:00,114.65679,114.69845,114.63966,114.69276
2026-08-30 02:45:00,114.68134,114.68134,114.65512,114.65724
2026-08-30 03:00:00,114.65809,114.70504,114.63595,114.66648
2026-08-30 03:15:00,114.66843,114.66956,114.65742,114.66139
2026-08-30 03:30:00,114.65887,114.68191,114.64926,114.66628
2026-08-30 03:45:00,114.66488,114.67783,114.64772,114.65158
2026-08-30 04:00:00,114.66208,114.68186,114.65134,114.65226
2026-08-30 04:15:00,114.65266,114.69526,114.64726,114.65204
2026-08-30 04:30:00,114.6523,114.65625,114.64821,114.6531
2026-08-30 04:45:00,114.65126,114.67489,114.64878,114.67168
2026-08-30 05:00:00,114.66945,114.74516,114.6632,114.73982
2026-08-30 05:15:00,114.73965,114.74861,114.73567,114.74651
2026-08-30 05:30:00,114.74434,114.74968,114.73986,114.74499
2026-08-30 05:45:00,114.74293,114.74785,114.67853,114.68802
2026-08-30 06:00:00,114.68823,114.71581,114.67281,114.68309
2026-08-30 06:15:00,114.68365,114.68556,114.66205,114.67443
2026-08-30 06:30:00,114.6641,114.68874,114.6641,114.68601
2026-08-30 06:45:00,114.68362,114.71241,114.67025,114.68122
2026-08-30 07:00:00,114.68016,114.68016,114.64879,114.64956
2026-08-30 07:15:00,114.6503,114.66967,114.64844,114.65166
2026-08-30 07:30:00,114.64999,114.65856,114.6482,114.65689
2026-08-30 07:45:00,114.65196,114.66779,114.65031,114.6545
2026-08-30 08:00:00,114.65382,114.70485,114.62224,114.65262
2026-08-30 08:15:00,114.6535,114.6591,114.65191,114.65603
2026-08-30 08:30:00,114.65386,114.66694,114.65261,114.66024
2026-08-30 08:45:00,114.65766,114.663,114.65079,114.65447
2026-08-30 09:00:00,114.65334,114.67413,114.65168,114.66013
2026-08-30 09:15:00,114.66095,114.67747,114.65091,114.67502
2026-08-30 09:30:00,114.67254,114.68024,114.67254,114.67782
2026-08-30 09:45:00,114.67534,114.69013,114.67365,114.68649
2026-08-30 10:00:00,114.68494,114.68618,114.65077,114.65829
2026-08-30 10:15:00,114.65896,114.67669,114.65695,114.6628
2026-08-30 10:30:00,114.66322,114.6804,114.65816,114.67523
2026-08-30 10:45:00,114.67267,114.68072,114.67267,114.67762
2026-08-30 11:00:00,114.67571,114.68257,114.66077,114.67312
2026-08-30 11:15:00,114.67635,114.68095,114.66176,114.67546
2026-08-30 11:30:00,114.67583,114.68964,114.67429,114.68354
2026-08-30 11:45:00,114.68156,114.69241,114.67985,114.68942
2026-08-30 12:00:00,114.68719,114.6922,114.68547,114.6871
2026-08-30 12:15:00,114.68719,114.69752,114.68411,114.69182
2026-08-30 12:30:00,114.69244,114.72505,114.64414,114.64975
2026-08-30 12:45:00,114.64822,114.66824,114.64325,114.6483
2026-08-30 13:00:00,114.64575,114.66122,114.64388,114.64609
2026-08-30 13:15:00,114.64669,114.64939,114.64232,114.64294
2026-08-30 13:30:00,114.64386,114.6611,114.6385,114.64662
2026-08-30 13:45:00,114.64554,114.64794,114.64048,114.64473
2026-08-30 14:00:00,114.64217,114.65889,114.64048,114.64525
2026-08-30 14:15:00,114.64576,114.66592,114.6415,114.65756
2026-08-30 14:30:00,114.65842,114.66345,114.64871,114.65136
2026-08-30 14:45:00,114.65061,114.66562,114.63311,114.6619
2026-08-30 15:00:00,114.65934,114.66446,114.64873,114.6534
2026-08-30 15:15:00,114.65212,114.66481,114.64134,114.65722
2026-08-30 15:30:00,114.658,114.67862,114.65549,114.67473
2026-08-30 15:45:00,114.67214,114.67729,114.67052,114.67457
2026-08-30 16:00:00,114.67214,114.6794,114.65192,114.65867
2026-08-30 16:15:00,114.65694,114.66312,114.65626,114.65752
2026-08-30 16:30:00,114.65811,114.67723,114.64632,114.65777
2026-08-30 16:45:00,114.658,114.67566,114.65505,114.66689
2026-08-30 17:00:00,114.66464,114.67099,114.65874,114.66248
2026-08-30 17:15:00,114.66043,114.67371,114.65756,114.66932
2026-08-30 17:30:00,114.66964,114.6749,114.65693,114.65867
2026-08-30 17:45:00,114.65916,114.67984,114.65374,114.67681
2026-08-30 18:00:00,114.67495,114.68981,114.66841,114.68697
2026-08-30 18:15:00,114.68457,114.69109,114.6843,114.68757
2026-08-30 18:30:00,114.68602,114.69988,114.68435,114.694
2026-08-30 18:45:00,114.69471,114.69992,114.69314,114.69634
2026-08-30 19:00:00,114.69484,114.70688,114.69139,114.70436
2026-08-30 19:15:00,114.70187,114.70838,114.70031,114.70708
2026-08-30 19:30:00,114.70547,114.71269,114.70547,114.70672
2026-08-30 19:45:00,114.70755,114.7123,114.69389,114.70663
2026-08-30 20:00:00,114.70467,114.70997,114.70318,114.70747
2026-08-30 20:15:00,114.7049,114.71005,114.70318,114.70578
2026-08-30 20:30:00,114.7049,114.70935,114.69567,114.69572
2026-08-30 20:45:00,114.69656,114.70158,114.69479,114.69877
2026-08-30 21:00:00,114.69645,114.70158,114.69478,114.69899
2026-08-30 21:15:00,114.69645,114.70161,114.69474,114.69779
2026-08-30 21:30:00,114.69645,114.70145,114.64099,114.69661
2026-08-30 21:45:00,114.69102,114.71265,114.69102,114.71027
2026-08-30 22:00:00,114.70759,114.71285,114.70606,114.71011
2026-08-30 22:15:00,114.70772,114.71284,114.6572,114.66001
2026-08-30 22:30:00,114.6582,114.66229,114.65536,114.65921
2026-08-30 22:45:00,114.6571,114.74075,114.64538,114.67545
2026-08-30 23:00:00,114.67851,114.67851,114.66087,114.66465
2026-08-30 23:15:00,114.66257,114.7329,114.61661,114.67477
2026-08-30 23:30:00,114.67263,114.67769,114.67092,114.67243
2026-08-30 23:45:00,114.67263,114.73355,114.63401,114.71452
2026-08-31 00:00:00,114.71504,114.7169,114.56222,114.62158
2026-08-31 00:15:00,114.61816,114.63132,114.61816,114.62866
2026-08-31 00:30:00,114.62633,114.69078,114.61827,114.6288
2026-08-31 00:45:00,114.6293,114.6318,114.62474,114.62548
2026-08-31 01:00:00,114.62627,114.68118,114.5981,114.6582
2026-08-31 01:15:00,114.65649,114.72568,114.64931,114.67997
2026-08-31 01:30:00,114.68895,114.68895,114.65999,114.6615
2026-08-31 01:45:00,114.66057,114.72644,114.62181,114.66894
2026-08-31 02:00:00,114.67044,114.69301,114.62092,114.65842
2026-08-31 02:15:00,114.65624,114.72426,114.62776,114.65908
2026-08-31 02:30:00,114.6565,114.71376,114.64041,114.65667
2026-08-31 02:45:00,114.66515,114.67012,114.65308,114.65579
2026-08-31 03:00:00,114.65666,114.69708,114.59472,114.65789
2026-08-31 03:15:00,114.65814,114.66168,114.64938,114.65786
2026-08-31 03:30:00,114.6553,114.72348,114.6082,114.65872
2026-08-31 03:45:00,114.65719,114.71197,114.64985,114.66448
2026-08-31 04:00:00,114.66991,114.69363,114.62823,114.65824
2026-08-31 04:15:00,114.65541,114.69873,114.62995,114.65446
2026-08-31 04:30:00,114.65175,114.66063,114.57996,114.64544
2026-08-31 04:45:00,114.63766,114.73195,114.54766,114.61637
2026-08-31 05:00:00,114.62616,114.74553,114.49069,114.55092
2026-08-31 05:15:00,114.57366,114.68112,114.31643,114.55775
2026-08-31 05:30:00,114.52042,114.71548,114.32686,114.60977
2026-08-31 05:45:00,114.54869,114.67427,114.41508,114.63875
2026-08-31 06:00:00,114.61136,114.70916,114.45677,114.70265
2026-08-31 06:15:00,114.64545,114.70669,114.33522,114.59972
2026-08-31 06:30:00,114.5954,114.85254,114.16269,114.65095
2026-08-31 06:45:00,114.62577,114.63619,114.50062,114.56929
2026-08-31 07:00:00,114.57792,114.61904,114.5076,114.52319
2026-08-31 07:15:00,114.56123,114.64055,114.56123,114.56816
2026-08-31 07:30:00,114.57075,114.60504,114.56576,114.60154
2026-08-31 07:45:00,114.59701,114.68072,114.58884,114.67913
2026-08-31 08:00:00,114.67706,114.67981,114.63253,114.65407
2026-08-31 08:15:00,114.65632,114.68777,114.65437,114.66128
2026-08-31 08:30:00,114.66266,114.67995,114.6482,114.65212
2026-08-31 08:45:00,114.65829,114.65829,114.64113,114.65496
2026-08-31 09:00:00,114.65057,114.72905,114.65057,114.71875
2026-08-31 09:15:00,114.71617,114.71925,114.69099,114.69245
2026-08-31 09:30:00,114.69522,114.70416,114.65902,114.66094
2026-08-31 09:45:00,114.66011,114.68735,114.633,114.6587
2026-08-31 10:00:00,114.65311,114.65311,114.55188,114.60441
2026-08-31 10:15:00,114.60084,114.60492,114.51592,114.51773
2026-08-31 10:30:00,114.52085,114.62904,114.51538,114.62839
2026-08-31 10:45:00,114.62528,114.63624,114.58982,114.62331
2026-08-31 11:00:00,114.61603,114.61603,114.50727,114.5434
2026-08-31 11:15:00,114.53339,114.55419,114.44882,114.46702
2026-08-31 11:30:00,114.46155,114.54034,114.45932,114.5086
2026-08-31 11:45:00,114.51439,114.54591,114.51439,114.54464
2026-08-31 12:00:00,114.54006,114.56068,114.49947,114.50166
2026-08-31 12:15:00,114.50502,114.52455,114.45967,114.50377
2026-08-31 12:30:00,114.49783,114.51634,114.43717,114.43966
2026-08-31 12:45:00,114.44121,114.51109,114.43838,114.50996
2026-08-31 13:00:00,114.50636,114.5628,114.48903,114.56076
2026-08-31 13:15:00,114.55645,114.57348,114.54035,114.55976
2026-08-31 13:30:00,114.56086,114.57447,114.53186,114.56507
2026-08-31 13:45:00,114.5619,114.5619,114.52817,114.54622
2026-08-31 14:00:00,114.54391,114.54426,114.48431,114.50797
2026-08-31 14:15:00,114.50486,114.53463,114.48316,114.48757
2026-08-31 14:30:00,114.49938,114.53013,114.47269,114.47569
2026-08-31 14:45:00,114.48065,114.51726,114.47424,114.51645
2026-08-31 15:00:00,114.51241,114.51712,114.45249,114.46627
2026-08-31 15:15:00,114.45652,114.51742,114.45652,114.51472
2026-08-31 15:30:00,114.51278,114.52294,114.467,114.52093
2026-08-31 15:45:00,114.51674,114.56306,114.50889,114.54022
2026-08-31 16:00:00,114.53625,114.54526,114.48371,114.49463
2026-08-31 16:15:00,114.48892,114.53998,114.48732,114.53719
2026-08-31 16:30:00,114.533,114.56627,114.49659,114.49836
2026-08-31 16:45:00,114.50234,114.51933,114.45335,114.45498
2026-08-31 17:00:00,114.4566,114.46654,114.36021,114.36582
2026-08-31 17:15:00,114.37599,114.37599,114.29872,114.32235
2026-08-31 17:30:00,114.31892,114.32554,114.26258,114.26481
2026-08-31 17:45:00,114.27105,114.29095,114.24491,114.27738
2026-08-31 18:00:00,114.27199,114.28848,114.23532,114.27199
2026-08-31 18:15:00,114.26704,114.272,114.21317,114.26933
2026-08-31 18:30:00,114.26732,114.30255,114.2636,114.29833
2026-08-31 18:45:00,114.2926,114.3565,114.27511,114.35566
2026-08-31 19:00:00,114.35334,114.37246,114.33155,114.35229
2026-08-31 19:15:00,114.35634,114.37051,114.34128,114.34716
2026-08-31 19:30:00,114.35481,114.38295,114.33965,114.37124
2026-08-31 19:45:00,114.36809,114.39378,114.36596,114.37394
2026-08-31 20:00:00,114.37625,114.41577,114.3732,114.40369
2026-08-31 20:15:00,114.39978,114.41126,114.38027,114.38568
2026-08-31 20:30:00,114.38425,114.38425,114.32939,114.34113
2026-08-31 20:45:00,114.33604,114.35165,114.31254,114.31317
2026-08-31 21:00:00,114.31383,114.32648,114.27801,114.2839
2026-08-31 21:15:00,114.28779,114.35002,114.26811,114.34746
2026-08-31 21:30:00,114.33935,114.37423,114.33935,114.36657
2026-08-31 21:45:00,114.36361,114.36928,114.32425,114.36695
2026-08-31 22:00:00,114.36378,114.40427,114.35602,114.40237
2026-08-31 22:15:00,114.3966,114.43389,114.39212,114.43275
2026-08-31 22:30:00,114.42875,114.43808,114.39046,114.40784
2026-08-31 22:45:00,114.4016,114.45429,114.3645,114.45207
2026-08-31 23:00:00,114.44867,114.48978,114.44711,114.47946
2026-08-31 23:15:00,114.47339,114.49751,114.45869,114.46594
2026-08-31 23:30:00,114.47435,114.51181,114.45432,114.46974
2026-08-31 23:45:00,114.47758,114.50695,114.44917,114.46176
2026-09-01 00:00:00,114.46352,114.48034,114.44437,114.45277
2026-09-01 00:15:00,114.45571,114.50502,114.44435,114.49889
2026-09-01 00:30:00,114.49651,114.50844,114.42507,114.47814
2026-09-01 00:45:00,114.47341,114.50063,114.4107,114.44596
2026-09-01 01:00:00,114.45854,114.4712,114.39864,114.42127
2026-09-01 01:15:00,114.42656,114.45473,114.41644,114.45402
2026-09-01 01:30:00,114.45012,114.47851,114.44581,114.45684
2026-09-01 01:45:00,114.45839,114.4904,114.44548,114.4716
2026-09-01 02:00:00,114.47365,114.4811,114.43595,114.45655
2026-09-01 02:15:00,114.45758,114.48283,114.45183,114.46436
2026-09-01 02:30:00,114.46198,114.47478,114.44429,114.44868
2026-09-01 02:45:00,114.4509,114.45967,114.43712,114.45739
2026-09-01 03:00:00,114.45338,114.46871,114.43337,114.43484
2026-09-01 03:15:00,114.43802,114.45118,114.41572,114.4259
2026-09-01 03:30:00,114.42371,114.4511,114.41617,114.44864
2026-09-01 03:45:00,114.44213,114.46433,114.43817,114.4394
2026-09-01 04:00:00,114.44228,114.44824,114.42012,114.44091
2026-09-01 04:15:00,114.43839,114.44515,114.42354,114.43401
2026-09-01 04:30:00,114.4348,114.48359,114.42992,114.47962
2026-09-01 04:45:00,114.47694,114.48983,114.46462,114.4868
2026-09-01 05:00:00,114.48191,114.49471,114.45057,114.46293
2026-09-01 05:15:00,114.45848,114.46694,114.44167,114.44799
2026-09-01 05:30:00,114.4479,114.48995,114.4329,114.48847
2026-09-01 05:45:00,114.48539,114.52024,114.47435,114.49743
2026-09-01 06:00:00,114.5005,114.50659,114.46868,114.46902
2026-09-01 06:15:00,114.46911,114.47042,114.45318,114.46202
2026-09-01 06:30:00,114.4632,114.48861,114.4619,114.48645
2026-09-01 06:45:00,114.48363,114.4973,114.47171,114.4891
2026-09-01 07:00:00,114.48578,114.50456,114.46298,114.50258
2026-09-01 07:15:00,114.4997,114.4997,114.45871,114.47454
2026-09-01 07:30:00,114.46837,114.52076,114.46837,114.51586
2026-09-01 07:45:00,114.51111,114.51206,114.48304,114.49964
2026-09-01 08:00:00,114.4957,114.51041,114.4769,114.47906
2026-09-01 08:15:00,114.48066,114.48472,114.46334,114.47763
2026-09-01 08:30:00,114.47651,114.49661,114.46288,114.48123
2026-09-01 08:45:00,114.48409,114.50195,114.48071,114.49922
2026-09-01 09:00:00,114.49718,114.54837,114.49215,114.54513
2026-09-01 09:15:00,114.5414,114.5488,114.51887,114.53508
2026-09-01 09:30:00,114.52773,114.56555,114.52331,114.52807
2026-09-01 09:45:00,114.5251,114.55952,114.51092,114.55764
2026-09-01 10:00:00,114.5515,114.67593,114.54585,114.60537
2026-09-01 10:15:00,114.60908,114.66247,114.5874,114.64317
2026-09-01 10:30:00,114.63982,114.64304,114.60175,114.62902
2026-09-01 10:45:00,114.62684,114.62684,114.57211,114.5804
2026-09-01 11:00:00,114.58318,114.58708,114.52762,114.53294
2026-09-01 11:15:00,114.53667,114.59685,114.53667,114.56345
2026-09-01 11:30:00,114.55758,114.64045,114.5358,114.6366
2026-09-01 11:45:00,114.62661,114.65219,114.56471,114.57879
2026-09-01 12:00:00,114.57268,114.63135,114.56723,114.6286
2026-09-01 12:15:00,114.62331,114.64083,114.58479,114.58932
2026-09-01 12:30:00,114.58785,114.5901,114.56397,114.57751
2026-09-01 12:45:00,114.57804,114.61532,114.57542,114.61321
2026-09-01 13:00:00,114.60966,114.63543,114.55687,114.56152
2026-09-01 13:15:00,114.56928,114.56928,114.52031,114.54404
2026-09-01 13:30:00,114.54429,114.58523,114.51771,114.55246
2026-09-01 13:45:00,114.55609,114.59285,114.53609,114.54049
2026-09-01 14:00:00,114.54784,114.56868,114.5199,114.5672
2026-09-01 14:15:00,114.56436,114.58376,114.55978,114.56538
2026-09-01 14:30:00,114.56839,114.60411,114.5562,114.60284
2026-09-01 14:45:00,114.60017,114.60952,114.57928,114.58954
2026-09-01 15:00:00,114.58697,114.64394,114.57384,114.64217
2026-09-01 15:15:00,114.63806,114.64794,114.60535,114.63441
2026-09-01 15:30:00,114.63129,114.66204,114.61321,114.62117
2026-09-01 15:45:00,114.62191,114.63977,114.60744,114.63831
2026-09-01 16:00:00,114.6339,114.68095,114.61563,114.65206
2026-09-01 16:15:00,114.64513,114.66666,114.62336,114.62608
2026-09-01 16:30:00,114.62985,114.63436,114.58883,114.59501
2026-09-01 16:45:00,114.60264,114.62886,114.58637,114.58832
2026-09-01 17:00:00,114.59037,114.63377,114.56198,114.56955
2026-09-01 17:15:00,114.56824,114.60221,114.56797,114.57013
2026-09-01 17:30:00,114.57227,114.58169,114.46663,114.48693
2026-09-01 17:45:00,114.48555,114.50333,114.45595,114.46652
2026-09-01 18:00:00,114.46272,114.50599,114.43659,114.46543
2026-09-01 18:15:00,114.45448,114.46906,114.41131,114.41256
2026-09-01 18:30:00,114.41414,114.41753,114.31413,114.3291
2026-09-01 18:45:00,114.33347,114.33347,114.25277,114.26286
2026-09-01 19:00:00,114.25967,114.26623,114.2093,114.24825
2026-09-01 19:15:00,114.24097,114.24097,114.18369,114.22387
2026-09-01 19:30:00,114.22622,114.30269,114.21779,114.29252
2026-09-01 19:45:00,114.29468,114.35003,114.27317,114.32271
2026-09-01 20:00:00,114.32796,114.36317,114.30684,114.33821
2026-09-01 20:15:00,114.33143,114.35564,114.31939,114.33692
2026-09-01 20:30:00,114.33509,114.383,114.33088,114.35376
2026-09-01 20:45:00,114.35055,114.38571,114.34205,114.37607
2026-09-01 21:00:00,114.37208,114.41045,114.34923,114.40972
2026-09-01 21:15:00,114.40719,114.42469,114.36268,114.36541
2026-09-01 21:30:00,114.3673,114.4012,114.36157,114.38432
2026-09-01 21:45:00,114.38023,114.41392,114.36906,114.4066
2026-09-01 22:00:00,114.40299,114.40771,114.34315,114.39456
2026-09-01 22:15:00,114.3904,114.47598,114.3763,114.47403
2026-09-01 22:30:00,114.4674,114.4843,114.44903,114.47758
2026-09-01 22:45:00,114.47929,114.53429,114.44442,114.53087
2026-09-01 23:00:00,114.52581,114.54938,114.44581,114.45225
2026-09-01 23:15:00,114.4641,114.47149,114.43404,114.44103
2026-09-01 23:30:00,114.44249,114.48697,114.42731,114.47929
2026-09-01 23:45:00,114.466,114.53092,114.466,114.49522
2026-09-02 00:00:00,114.50587,114.57072,114.49871,114.50975
2026-09-02 00:15:00,114.51242,114.51421,114.46648,114.47135
2026-09-02 00:30:00,114.47976,114.51033,114.45745,114.49064
2026-09-02 00:45:00,114.48754,114.53812,114.4487,114.53025
2026-09-02 01:00:00,114.52214,114.54997,114.48569,114.52756
2026-09-02 01:15:00,114.52473,114.55685,114.51143,114.55577
2026-09-02 01:30:00,114.54976,114.58503,114.53314,114.58136
2026-09-02 01:45:00,114.58009,114.6022,114.56342,114.56448
2026-09-02 02:00:00,114.56664,114.57441,114.53198,114.56111
2026-09-02 02:15:00,114.56232,114.58525,114.54641,114.54922
2026-09-02 02:30:00,114.5516,114.55811,114.49564,114.49976
2026-09-02 02:45:00,114.50561,114.54093,114.49354,114.53823
2026-09-02 03:00:00,114.53439,114.54845,114.50251,114.52557
2026-09-02 03:15:00,114.52074,114.53898,114.50782,114.52159
2026-09-02 03:30:00,114.51067,114.54716,114.50069,114.5052
2026-09-02 03:45:00,114.51194,114.5312,114.50179,114.52161
2026-09-02 04:00:00,114.52394,114.54442,114.4984,114.51073
2026-09-02 04:15:00,114.51242,114.53313,114.50731,114.50932
2026-09-02 04:30:00,114.51013,114.51251,114.47864,114.484
2026-09-02 04:45:00,114.49358,114.51466,114.47115,114.50224
2026-09-02 05:00:00,114.50314,114.50608,114.47773,114.49444
2026-09-02 05:15:00,114.49219,114.50001,114.48008,114.48936
2026-09-02 05:30:00,114.48802,114.50075,114.47087,114.48865
2026-09-02 05:45:00,114.48943,114.50749,114.45652,114.45764
2026-09-02 06:00:00,114.45933,114.46805,114.44582,114.45504
2026-09-02 06:15:00,114.45122,114.46177,114.43842,114.44075
2026-09-02 06:30:00,114.43984,114.46781,114.42857,114.46616
2026-09-02 06:45:00,114.46349,114.46881,114.45451,114.45809
2026-09-02 07:00:00,114.45602,114.54375,114.44232,114.49705
2026-09-02 07:15:00,114.49324,114.50364,114.46554,114.50261
2026-09-02 07:30:00,114.49996,114.51245,114.43015,114.43221
2026-09-02 07:45:00,114.43396,114.44857,114.41199,114.44174
2026-09-02 08:00:00,114.43974,114.47709,114.426,114.46278
2026-09-02 08:15:00,114.46687,114.48465,114.46392,114.47414
2026-09-02 08:30:00,114.47572,114.48279,114.46505,114.47946
2026-09-02 08:45:00,114.47662,114.50838,114.47353,114.50525
2026-09-02 09:00:00,114.50331,114.52389,114.50109,114.50809
2026-09-02 09:15:00,114.51057,114.51057,114.46341,114.46444
2026-09-02 09:30:00,114.46705,114.48028,114.4584,114.4699
2026-09-02 09:45:00,114.46763,114.5091,114.46424,114.50609
2026-09-02 10:00:00,114.49996,114.49996,114.43745,114.43847
2026-09-02 10:15:00,114.44109,114.46329,114.40758,114.41007
2026-09-02 10:30:00,114.41513,114.45638,114.41061,114.43079
2026-09-02 10:45:00,114.42547,114.47127,114.41576,114.46856
2026-09-02 11:00:00,114.46582,114.49305,114.45753,114.46919
2026-09-02 11:15:00,114.47265,114.55885,114.45031,114.55665
2026-09-02 11:30:00,114.55336,114.65382,114.54604,114.64234
2026-09-02 11:45:00,114.64261,114.67584,114.61922,114.62118
2026-09-02 12:00:00,114.62001,114.64401,114.49811,114.52484
2026-09-02 12:15:00,114.51718,114.59201,114.49111,114.50265
2026-09-02 12:30:00,114.50374,114.51267,114.44717,114.47872
2026-09-02 12:45:00,114.48013,114.50302,114.46855,114.47203
2026-09-02 13:00:00,114.47709,114.51282,114.43879,114.5097
2026-09-02 13:15:00,114.50815,114.51346,114.46609,114.4699
2026-09-02 13:30:00,114.46981,114.47049,114.38066,114.38247
2026-09-02 13:45:00,114.38494,114.41364,114.37619,114.41281
2026-09-02 14:00:00,114.40825,114.41896,114.27237,114.28809
2026-09-02 14:15:00,114.28707,114.34211,114.26771,114.27156
2026-09-02 14:30:00,114.27914,114.29134,114.25259,114.26019
2026-09-02 14:45:00,114.25923,114.27662,114.17501,114.20209
2026-09-02 15:00:00,114.19479,114.23601,114.16754,114.20976
2026-09-02 15:15:00,114.2139,114.29041,114.20906,114.25779
2026-09-02 15:30:00,114.26308,114.2799,114.2172,114.22321
2026-09-02 15:45:00,114.2272,114.23654,114.15388,114.15776
2026-09-02 16:00:00,114.16107,114.17071,113.94325,114.03973
2026-09-02 16:15:00,114.0301,114.10533,114.01493,114.01981
2026-09-02 16:30:00,114.0281,114.06197,113.9855,114.00404
2026-09-02 16:45:00,113.99766,113.99766,113.86406,113.98166
2026-09-02 17:00:00,113.97772,114.09205,113.93334,114.09106
2026-09-02 17:15:00,114.08824,114.12957,114.01356,114.03679
2026-09-02 17:30:00,114.03187,114.10851,114.01841,114.0771
2026-09-02 17:45:00,114.08539,114.1103,114.05678,114.08359
2026-09-02 18:00:00,114.08905,114.11935,114.0171,114.04029
2026-09-02 18:15:00,114.03281,114.05292,113.90226,113.92301
2026-09-02 18:30:00,113.91703,113.9528,113.89211,113.94446
2026-09-02 18:45:00,113.94626,113.95336,113.8703,113.94673
2026-09-02 19:00:00,113.94065,113.98537,113.92148,113.93079
2026-09-02 19:15:00,113.94962,113.94962,113.84726,113.8697
2026-09-02 19:30:00,113.86441,113.89957,113.85313,113.89608
2026-09-02 19:45:00,113.89073,113.92263,113.85811,113.86226
2026-09-02 20:00:00,113.87104,113.90786,113.86717,113.88674
2026-09-02 20:15:00,113.88702,113.92833,113.87788,113.92554
2026-09-02 20:30:00,113.92303,113.94566,113.9033,113.94445
2026-09-02 20:45:00,113.94326,114.04343,113.93897,114.03805
2026-09-02 21:00:00,114.03037,114.07705,114.03037,114.05078
2026-09-02 21:15:00,114.05417,114.07855,114.02075,114.04095
2026-09-02 21:30:00,114.03346,114.04838,113.97548,114.04729
2026-09-02 21:45:00,114.04505,114.07774,114.03776,114.06034
2026-09-02 22:00:00,114.06223,114.08675,114.03372,114.08048
2026-09-02 22:15:00,114.06979,114.16165,114.0491,114.15198
2026-09-02 22:30:00,114.14134,114.15664,114.08228,114.08945
2026-09-02 22:45:00,114.09425,114.14969,114.08018,114.08282
2026-09-02 23:00:00,114.08975,114.16502,114.08081,114.10676
2026-09-02 23:15:00,114.10934,114.16344,113.41027,113.70689
2026-09-02 23:30:00,113.63359,113.87534,113.60837,113.70449
2026-09-02 23:45:00,113.69339,113.79431,113.64385,113.72885
2026-09-03 00:00:00,113.70554,113.87043,113.68842,113.75571
2026-09-03 00:15:00,113.77099,113.79233,113.72023,113.72183
2026-09-03 00:30:00,113.72283,113.773,113.70783,113.75628
2026-09-03 00:45:00,113.72704,113.88126,113.72704,113.77095
2026-09-03 01:00:00,113.78351,113.86435,113.77599,113.79336
2026-09-03 01:15:00,113.7992,113.82419,113.77415,113.82127
2026-09-03 01:30:00,113.81904,113.84159,113.78274,113.82354
2026-09-03 01:45:00,113.81446,113.85501,113.80442,113.85117
2026-09-03 02:00:00,113.84719,113.88559,113.83506,113.87268
2026-09-03 02:15:00,113.86993,113.87964,113.84057,113.87609
2026-09-03 02:30:00,113.87324,113.87378,113.83812,113.85525
2026-09-03 02:45:00,113.8635,113.8824,113.84168,113.86112
2026-09-03 03:00:00,113.86333,113.89138,113.84281,113.87731
2026-09-03 03:15:00,113.87386,113.92839,113.87085,113.92692
2026-09-03 03:30:00,113.92274,113.93995,113.90548,113.92757
2026-09-03 03:45:00,113.92437,113.94885,113.87044,113.9091
2026-09-03 04:00:00,113.91315,113.94163,113.87432,113.92104
2026-09-03 04:15:00,113.92939,113.96122,113.90409,113.93131
2026-09-03 04:30:00,113.92982,113.94507,113.91929,113.94417
2026-09-03 04:45:00,113.93902,113.95518,113.91518,113.93655
2026-09-03 05:00:00,113.93327,113.97764,113.90888,113.97694
2026-09-03 05:15:00,113.97357,113.97581,113.9239,113.9254
2026-09-03 05:30:00,113.9276,113.9276,113.89555,113.90897
2026-09-03 05:45:00,113.90452,113.92023,113.84549,113.84959
2026-09-03 06:00:00,113.85595,113.86406,113.75001,113.75183
2026-09-03 06:15:00,113.75537,113.80835,113.75104,113.79167
2026-09-03 06:30:00,113.79441,113.81332,113.78567,113.80791
2026-09-03 06:45:00,113.80605,113.82096,113.79489,113.80764
2026-09-03 07:00:00,113.8055,113.82834,113.6584,113.71965
2026-09-03 07:15:00,113.71787,113.7406,113.68284,113.72572
2026-09-03 07:30:00,113.73084,113.77694,113.73015,113.76408
2026-09-03 07:45:00,113.76001,113.7949,113.74367,113.7911
2026-09-03 08:00:00,113.77907,113.81223,113.76204,113.80124
2026-09-03 08:15:00,113.80224,113.83861,113.78934,113.81066
2026-09-03 08:30:00,113.81601,113.83684,113.8028,113.80465
2026-09-03 08:45:00,113.80528,113.84864,113.8,113.8203
2026-09-03 09:00:00,113.81524,113.84296,113.79947,113.82342
2026-09-03 09:15:00,113.82378,113.82759,113.7818,113.81355
2026-09-03 09:30:00,113.80992,113.86178,113.80786,113.85455
2026-09-03 09:45:00,113.85338,113.88044,113.84304,113.84707
2026-09-03 10:00:00,113.85344,113.86668,113.77361,113.85385
2026-09-03 10:15:00,113.82892,113.90289,113.81339,113.83463
2026-09-03 10:30:00,113.83654,113.85641,113.6801,113.72476
2026-09-03 10:45:00,113.7152,113.73259,113.6393,113.73166
2026-09-03 11:00:00,113.72852,113.74869,113.66464,113.6756
2026-09-03 11:15:00,113.68624,113.68624,113.57349,113.5845
2026-09-03 11:30:00,113.59977,113.61465,113.41562,113.5177
2026-09-03 11:45:00,113.5089,113.58148,113.49588,113.57571
2026-09-03 12:00:00,113.56847,113.60564,113.4329,113.49853
2026-09-03 12:15:00,113.47846,113.47846,113.27284,113.27719
2026-09-03 12:30:00,113.28433,113.32758,113.21582,113.29298
2026-09-03 12:45:00,113.28591,113.32069,113.17973,113.22745
2026-09-03 13:00:00,113.21831,113.21831,112.97983,113.03641
2026-09-03 13:15:00,113.02624,113.12355,112.97417,113.06538
2026-09-03 13:30:00,113.06711,113.21495,113.06502,113.16585
2026-09-03 13:45:00,113.16852,113.17491,113.0767,113.13658
2026-09-03 14:00:00,113.13128,113.1942,113.11679,113.12028
2026-09-03 14:15:00,113.12389,113.15477,113.09103,113.10327
2026-09-03 14:30:00,113.10076,113.10076,113.0096,113.02136
2026-09-03 14:45:00,113.0316,113.08051,113.0316,113.05094
2026-09-03 15:00:00,113.05796,113.07571,113.0024,113.03991
2026-09-03 15:15:00,113.04121,113.08474,112.83556,112.8648
2026-09-03 15:30:00,112.85122,112.92725,112.79262,112.85848
2026-09-03 15:45:00,112.8416,112.88323,112.74548,112.77353
2026-09-03 16:00:00,112.77612,112.8171,112.65155,112.65625
2026-09-03 16:15:00,112.66447,112.69751,112.60445,112.64892
2026-09-03 16:30:00,112.6598,112.74445,112.61914,112.65613
2026-09-03 16:45:00,112.653,112.66056,112.54408,112.56377
2026-09-03 17:00:00,112.55659,112.58148,112.11273,112.30329
2026-09-03 17:15:00,112.28435,112.42601,112.28435,112.40094
2026-09-03 17:30:00,112.40356,112.87635,112.38948,112.72145
2026-09-03 17:45:00,112.72692,112.76716,112.6544,112.73054
2026-09-03 18:00:00,112.72279,112.77323,112.62029,112.62536
2026-09-03 18:15:00,112.63466,112.76111,112.61896,112.71633
2026-09-03 18:30:00,112.71027,112.76607,112.62249,112.62854
2026-09-03 18:45:00,112.63867,112.63867,112.44877,112.5229
2026-09-03 19:00:00,112.52424,112.65348,112.48686,112.51268
2026-09-03 19:15:00,112.517,112.53997,112.37307,112.53585
2026-09-03 19:30:00,112.52997,112.52997,112.33083,112.38614
2026-09-03 19:45:00,112.37535,112.38965,112.22582,112.36423
2026-09-03 20:00:00,112.36929,112.37893,112.21634,112.27621
2026-09-03 20:15:00,112.28191,112.36262,112.22173,112.22955
2026-09-03 20:30:00,112.24125,112.35972,112.22483,112.354
2026-09-03 20:45:00,112.33722,112.40454,112.32174,112.40155
2026-09-03 21:00:00,112.39563,112.41474,112.22964,112.26123
2026-09-03 21:15:00,112.25063,112.28721,112.12346,112.28162
2026-09-03 21:30:00,112.26985,112.35957,112.26985,112.35265
2026-09-03 21:45:00,112.34758,112.3687,112.26005,112.27402
2026-09-03 22:00:00,112.27076,112.3044,112.16921,112.18854
2026-09-03 22:15:00,112.21332,112.21332,111.98663,112.01892
2026-09-03 22:30:00,112.02322,112.1345,111.95821,112.04434
2026-09-03 22:45:00,112.07442,112.0788,111.91952,112.07582
2026-09-03 23:00:00,112.06765,112.18672,112.01197,112.17962
2026-09-03 23:15:00,112.17742,112.20622,111.94678,112.01051
2026-09-03 23:30:00,112.01334,112.02339,111.92873,111.99179
2026-09-03 23:45:00,111.98654,112.0006,111.79434,111.82373
2026-09-04 00:00:00,111.84358,111.8476,111.70081,111.71148
2026-09-04 00:15:00,111.73081,111.83449,111.68148,111.83112
2026-09-04 00:30:00,111.82581,111.97198,111.80516,111.94756
2026-09-04 00:45:00,111.9525,111.95469,111.73377,111.80628
2026-09-04 01:00:00,111.79361,111.98252,111.77122,111.97609
2026-09-04 01:15:00,111.96456,112.06359,111.92692,112.03138
2026-09-04 01:30:00,112.01623,112.03106,111.87078,111.88222
2026-09-04 01:45:00,111.90117,111.90117,111.83686,111.8828
2026-09-04 02:00:00,111.87594,111.90797,111.83298,111.86375
2026-09-04 02:15:00,111.86848,111.95216,111.86848,111.94395
2026-09-04 02:30:00,111.93308,111.95941,111.89147,111.89434
2026-09-04 02:45:00,111.89648,111.95173,111.89648,111.94285
2026-09-04 03:00:00,111.93946,112.01707,111.92407,111.99303
2026-09-04 03:15:00,111.99972,112.02155,111.95435,112.00214
2026-09-04 03:30:00,112.0035,112.03108,111.98577,112.00685
2026-09-04 03:45:00,112.00853,112.02278,111.99099,112.00907
2026-09-04 04:00:00,112.0065,112.02768,111.98745,112.01685
2026-09-04 04:15:00,112.01239,112.05756,112.0123,112.03125
2026-09-04 04:30:00,112.03331,112.09345,112.02128,112.08408
2026-09-04 04:45:00,112.08153,112.116,112.06153,112.06892
2026-09-04 05:00:00,112.0671,112.1473,112.04797,112.14487
2026-09-04 05:15:00,112.13786,112.17987,112.13187,112.17813
2026-09-04 05:30:00,112.17523,112.22743,112.14364,112.19068
2026-09-04 05:45:00,112.18327,112.20208,112.1532,112.16872
2026-09-04 06:00:00,112.16208,112.21954,112.16208,112.18813
2026-09-04 06:15:00,112.18585,112.20117,112.17263,112.1801
2026-09-04 06:30:00,112.1761,112.20334,112.1761,112.20139
2026-09-04 06:45:00,112.19901,112.20888,112.18749,112.1938
2026-09-04 07:00:00,112.19613,112.30045,112.13817,112.26204
2026-09-04 07:15:00,112.25299,112.30352,112.22158,112.2619
2026-09-04 07:30:00,112.25663,112.27319,112.18165,112.25574
2026-09-04 07:45:00,112.25202,112.26262,112.18104,112.22164
2026-09-04 08:00:00,112.21366,112.27681,112.14005,112.22811
2026-09-04 08:15:00,112.2257,112.24169,112.21291,112.23544
2026-09-04 08:30:00,112.2368,112.28666,112.22648,112.28537
2026-09-04 08:45:00,112.28312,112.41198,112.27491,112.40889
2026-09-04 09:00:00,112.40118,112.44875,112.33901,112.39801
2026-09-04 09:15:00,112.38985,112.38985,112.32352,112.33287
2026-09-04 09:30:00,112.34025,112.34025,112.18269,112.24142
2026-09-04 09:45:00,112.23625,112.24907,112.08787,112.09286
2026-09-04 10:00:00,112.10084,112.10084,111.85515,112.06478
2026-09-04 10:15:00,112.05611,112.23985,112.00875,112.23417
2026-09-04 10:30:00,112.22161,112.31585,112.21092,112.21998
2026-09-04 10:45:00,112.23168,112.23168,112.10826,112.20533
2026-09-04 11:00:00,112.16385,112.30113,112.16012,112.295
2026-09-04 11:15:00,112.27883,112.53783,112.26403,112.48383
2026-09-04 11:30:00,112.4765,112.58098,112.41109,112.5782
2026-09-04 11:45:00,112.57363,112.60105,112.42217,112.44348
2026-09-04 12:00:00,112.45399,112.45399,112.34591,112.41016
2026-09-04 12:15:00,112.40513,112.46136,112.38079,112.46017
2026-09-04 12:30:00,112.45689,112.47576,112.40801,112.41217
2026-09-04 12:45:00,112.42359,112.52215,112.42359,112.51394
2026-09-04 13:00:00,112.51149,112.55519,112.47545,112.48589
2026-09-04 13:15:00,112.48794,112.52367,112.48269,112.51044
2026-09-04 13:30:00,112.50647,112.68474,112.50647,112.66174
2026-09-04 13:45:00,112.66284,112.72851,112.65552,112.72543
2026-09-04 14:00:00,112.72029,112.75001,112.68373,112.74588
2026-09-04 14:15:00,112.73399,112.79961,112.73399,112.76623
2026-09-04 14:30:00,112.75705,112.78384,112.67034,112.68305
2026-09-04 14:45:00,112.68012,112.73225,112.67167,112.73062
2026-09-04 15:00:00,112.72749,112.76936,112.68448,112.68853
2026-09-04 15:15:00,112.69516,112.72682,112.66446,112.67381
2026-09-04 15:30:00,112.69286,112.73593,112.65702,112.71945
2026-09-04 15:45:00,112.71638,112.76514,112.67462,112.71272
2026-09-04 16:00:00,112.7145,112.79564,112.67608,112.68712
2026-09-04 16:15:00,112.70793,112.70793,112.57916,112.63638
2026-09-04 16:30:00,112.6196,112.6196,112.48832,112.49109
2026-09-04 16:45:00,112.49519,112.59185,112.47958,112.58446
2026-09-04 17:00:00,112.57466,112.66171,112.57107,112.63889
2026-09-04 17:15:00,112.64274,112.66641,112.57601,112.59823
2026-09-04 17:30:00,112.60897,112.6215,112.58099,112.58506
2026-09-04 17:45:00,112.59107,112.61294,112.545,112.55916
2026-09-04 18:00:00,112.56293,112.61598,112.53433,112.6115
2026-09-04 18:15:00,112.60968,112.61156,112.56694,112.57909
2026-09-04 18:30:00,112.58344,112.61767,112.55848,112.61544
2026-09-04 18:45:00,112.60892,112.66441,112.60061,112.63368
2026-09-04 19:00:00,112.63855,112.65328,112.57673,112.57844
2026-09-04 19:15:00,112.57957,112.58338,112.53486,112.57639
2026-09-04 19:30:00,112.56525,112.73071,112.56525,112.72736
2026-09-04 19:45:00,112.72082,112.72163,112.64907,112.65322
2026-09-04 20:00:00,112.662,112.67394,112.61041,112.61244
2026-09-04 20:15:00,112.61497,112.63118,112.55122,112.57708
2026-09-04 20:30:00,112.57363,112.62024,112.53116,112.60825
2026-09-04 20:45:00,112.60526,112.61061,112.55701,112.55887
2026-09-04 21:00:00,112.56242,112.5804,112.5313,112.5341
2026-09-04 21:15:00,112.5397,112.57612,112.5349,112.54907
2026-09-04 21:30:00,112.55099,112.59921,112.54256,112.58363
2026-09-04 21:45:00,112.59125,112.59125,112.51414,112.56561
2026-09-04 22:00:00,112.56144,112.59166,112.51856,112.52232
2026-09-04 22:15:00,112.52969,112.58141,112.51639,112.56244
2026-09-04 22:30:00,112.56776,112.66799,112.18122,112.41531
2026-09-04 22:45:00,112.43183,112.43183,111.76874,112.00802
2026-09-04 23:00:00,112.03963,112.23533,111.96126,112.17205
2026-09-04 23:15:00,112.19427,112.25705,112.10828,112.17713
2026-09-04 23:30:00,112.1654,112.24875,112.09092,112.09905
2026-09-04 23:45:00,112.10735,112.25337,112.10735,112.24774
2026-09-05 00:00:00,112.23788,112.42157,112.19713,112.41349
2026-09-05 00:15:00,112.40224,112.42801,112.36277,112.3973
2026-09-05 00:30:00,112.3898,112.41786,112.29916,112.41468
2026-09-05 00:45:00,112.40489,112.51278,112.40489,112.45207
2026-09-05 01:00:00,112.45787,112.4739,112.40654,112.45434
2026-09-05 01:15:00,112.44567,112.49091,112.4318,112.48692
2026-09-05 01:30:00,112.48082,112.54344,112.46625,112.53951
2026-09-05 01:45:00,112.53015,112.53936,112.48279,112.53399
2026-09-05 02:00:00,112.52669,112.56203,112.515,112.55675
2026-09-05 02:15:00,112.55492,112.5694,112.51444,112.53553
2026-09-05 02:30:00,112.53654,112.54053,112.49937,112.51338
2026-09-05 02:45:00,112.51394,112.54585,112.50879,112.54265
2026-09-05 03:00:00,112.54023,112.57263,112.5121,112.51432
2026-09-05 03:15:00,112.51787,112.53308,112.50513,112.52917
2026-09-05 03:30:00,112.52601,112.53105,112.47647,112.47739
2026-09-05 03:45:00,112.47798,112.49149,112.46305,112.48954
2026-09-05 04:00:00,112.48684,112.4872,112.46001,112.46832
2026-09-05 04:15:00,112.46993,112.50468,112.46993,112.49932
2026-09-05 04:30:00,112.49214,112.53876,112.48975,112.52608
2026-09-05 04:45:00,112.52709,112.55979,112.52446,112.55251
2026-09-05 05:00:00,112.54991,112.56811,112.53696,112.56117
2026-09-05 05:15:00,112.56329,112.59157,112.54959,112.58724
2026-09-05 05:30:00,112.58395,112.60818,112.57529,112.60647
2026-09-05 05:45:00,112.60296,112.62096,112.60253,112.61714
2026-09-05 06:00:00,112.61499,112.62355,112.59505,112.60596
2026-09-05 06:15:00,112.60456,112.61383,112.57985,112.58241
2026-09-05 06:30:00,112.58569,112.60324,112.55959,112.57653
2026-09-05 06:45:00,112.57912,112.58812,112.55696,112.56647
2026-09-05 07:00:00,112.57537,112.59208,112.48742,112.54228
2026-09-05 07:15:00,112.54311,112.55467,112.53755,112.54799
2026-09-05 07:30:00,112.55003,112.55829,112.53539,112.55354
2026-09-05 07:45:00,112.54639,112.55844,112.51689,112.54195
2026-09-05 08:00:00,112.54434,112.59825,112.47741,112.53954
2026-09-05 08:15:00,112.53705,112.54084,112.53039,112.53241
2026-09-05 08:30:00,112.53378,112.54122,112.5304,112.53743
2026-09-05 08:45:00,112.5359,112.53806,112.52666,112.52967
2026-09-05 09:00:00,112.52979,112.54824,112.47624,112.52744
2026-09-05 09:15:00,112.52967,112.54024,112.51263,112.52705
2026-09-05 09:30:00,112.52419,112.54524,112.49704,112.54016
2026-09-05 09:45:00,112.53122,112.54072,112.51151,112.52786
2026-09-05 10:00:00,112.52459,112.58232,112.51364,112.56111
2026-09-05 10:15:00,112.55869,112.55905,112.54065,112.55685
2026-09-05 10:30:00,112.55457,112.55784,112.55079,112.55174
2026-09-05 10:45:00,112.55258,112.55771,112.54502,112.55495
2026-09-05 11:00:00,112.55294,112.56257,112.55113,112.5551
2026-09-05 11:15:00,112.55252,112.55796,112.54408,112.55413
2026-09-05 11:30:00,112.55288,112.5574,112.51997,112.55548
2026-09-05 11:45:00,112.55267,112.55804,112.55117,112.55528
2026-09-05 12:00:00,112.55278,112.56394,112.54278,112.5551
2026-09-05 12:15:00,112.55278,112.55787,112.55086,112.55465
2026-09-05 12:30:00,112.55295,112.5579,112.54368,112.55225
2026-09-05 12:45:00,112.55283,112.55797,112.54282,112.55562
2026-09-05 13:00:00,112.55278,112.56167,112.55015,112.55506
2026-09-05 13:15:00,112.55286,112.57406,112.50582,112.55557
2026-09-05 13:30:00,112.55353,112.55785,112.55141,112.5538
2026-09-05 13:45:00,112.55481,112.55778,112.5444,112.5523
2026-09-05 14:00:00,112.55272,112.562,112.54068,112.55417
2026-09-05 14:15:00,112.5524,112.55744,112.55041,112.55471
2026-09-05 14:30:00,112.55238,112.55783,112.54233,112.55265
2026-09-05 14:45:00,112.55287,112.55786,112.55053,112.5522
2026-09-05 15:00:00,112.55281,112.55848,112.49188,112.55638
2026-09-05 15:15:00,112.55507,112.55763,112.53875,112.55445
2026-09-05 15:30:00,112.55193,112.55773,112.55111,112.55399
2026-09-05 15:45:00,112.55283,112.55817,112.53788,112.55148
2026-09-05 16:00:00,112.55295,112.56115,112.55039,112.55461
2026-09-05 16:15:00,112.55253,112.55746,112.54191,112.55508
2026-09-05 16:30:00,112.55256,112.57752,112.50922,112.55361
2026-09-05 16:45:00,112.54813,112.55756,112.54781,112.55167
2026-09-05 17:00:00,112.55253,112.56468,112.54177,112.55496
2026-09-05 17:15:00,112.55248,112.55755,112.55095,112.55494
2026-09-05 17:30:00,112.55245,112.55772,112.54066,112.55387
2026-09-05 17:45:00,112.55248,112.55745,112.54086,112.5546
2026-09-05 18:00:00,112.55139,112.55835,112.55092,112.55604
2026-09-05 18:15:00,112.55342,112.58962,112.50184,112.55506
2026-09-05 18:30:00,112.55272,112.55856,112.55175,112.55532
2026-09-05 18:45:00,112.55352,112.55812,112.53576,112.55284
2026-09-05 19:00:00,112.55333,112.55828,112.54044,112.55384
2026-09-05 19:15:00,112.54991,112.55735,112.54922,112.55466
2026-09-05 19:30:00,112.55263,112.55768,112.53879,112.55474
2026-09-05 19:45:00,112.55256,112.55812,112.55157,112.55285
2026-09-05 20:00:00,112.55302,112.58049,112.5011,112.55631
2026-09-05 20:15:00,112.55347,112.55779,112.53907,112.55332
2026-09-05 20:30:00,112.55037,112.55782,112.55037,112.55513
2026-09-05 20:45:00,112.55275,112.55902,112.5395,112.55262
2026-09-05 21:00:00,112.55423,112.55784,112.55102,112.55199
2026-09-05 21:15:00,112.55277,112.55725,112.53957,112.55371
2026-09-05 21:30:00,112.55164,112.55775,112.49186,112.50057
2026-09-05 21:45:00,112.50944,112.55785,112.50944,112.55369
2026-09-05 22:00:00,112.55282,112.55809,112.53926,112.55251
2026-09-05 22:15:00,112.55332,112.55827,112.55135,112.55501
2026-09-05 22:30:00,112.55292,112.55977,112.53905,112.55539
2026-09-05 22:45:00,112.55287,112.55789,112.53568,112.53828
2026-09-05 23:00:00,112.542,112.55602,112.53908,112.55066
2026-09-05 23:15:00,112.55146,112.55651,112.47855,112.54029
2026-09-05 23:30:00,112.54025,112.5448,112.53817,112.5429
2026-09-05 23:45:00,112.53864,112.54865,112.53289,112.53663
2026-09-06 00:00:00,112.53504,112.54653,112.53171,112.53311
2026-09-06 00:15:00,112.53742,112.55042,112.53742,112.54191
2026-09-06 00:30:00,112.54371,112.54973,112.53351,112.53838
2026-09-06 00:45:00,112.53621,112.54104,112.53425,112.53789
2026-09-06 01:00:00,112.53593,112.53984,112.47965,112.5206
2026-09-06 01:15:00,112.52097,112.5402,112.51478,112.53479
2026-09-06 01:30:00,112.5267,112.54058,112.5267,112.5357
2026-09-06 01:45:00,112.53383,112.55079,112.527,112.5431
2026-09-06 02:00:00,112.54109,112.5543,112.53784,112.54926
2026-09-06 02:15:00,112.54928,112.55505,112.53072,112.54756
2026-09-06 02:30:00,112.54822,112.55686,112.50738,112.55528
2026-09-06 02:45:00,112.55491,112.55491,112.48274,112.55162
2026-09-06 03:00:00,112.5435,112.5519,112.53289,112.53727
2026-09-06 03:15:00,112.53624,112.55137,112.53225,112.54552
2026-09-06 03:30:00,112.54633,112.55097,112.53167,112.5486
2026-09-06 03:45:00,112.54675,112.56178,112.53406,112.55794
2026-09-06 04:00:00,112.55081,112.55081,112.52774,112.53451
2026-09-06 04:15:00,112.53365,112.5505,112.46533,112.51162
2026-09-06 04:30:00,112.51239,112.52029,112.50854,112.51721
2026-09-06 04:45:00,112.51492,112.5308,112.5046,112.5257
2026-09-06 05:00:00,112.52321,112.53247,112.51731,112.52931
2026-09-06 05:15:00,112.52607,112.52607,112.51314,112.51694
2026-09-06 05:30:00,112.51767,112.5291,112.49717,112.5014
2026-09-06 05:45:00,112.51041,112.55773,112.51041,112.55593
2026-09-06 06:00:00,112.55356,112.56005,112.48222,112.52166
2026-09-06 06:15:00,112.51993,112.52488,112.51658,112.51753
2026-09-06 06:30:00,112.5187,112.5187,112.50751,112.51019
2026-09-06 06:45:00,112.51043,112.53315,112.49238,112.52983
2026-09-06 07:00:00,112.51987,112.54031,112.51987,112.53542
2026-09-06 07:15:00,112.53336,112.53778,112.5181,112.52106
2026-09-06 07:30:00,112.52128,112.55168,112.51899,112.5498
2026-09-06 07:45:00,112.54681,112.59481,112.46119,112.52104
2026-09-06 08:00:00,112.51932,112.52911,112.50943,112.51551
2026-09-06 08:15:00,112.51321,112.57037,112.51208,112.54263
2026-09-06 08:30:00,112.54125,112.54607,112.52224,112.52678
2026-09-06 08:45:00,112.5275,112.53231,112.52572,112.52901
2026-09-06 09:00:00,112.5274,112.5274,112.51446,112.52277
2026-09-06 09:15:00,112.52028,112.56532,112.46064,112.47495
2026-09-06 09:30:00,112.47491,112.47874,112.47214,112.47276
2026-09-06 09:45:00,112.4736,112.52766,112.45568,112.51917
2026-09-06 10:00:00,112.51716,112.54757,112.51068,112.54041
2026-09-06 10:15:00,112.53788,112.55,112.53103,112.54603
2026-09-06 10:30:00,112.54504,112.55002,112.52456,112.53216
2026-09-06 10:45:00,112.53298,112.53712,112.52925,112.53307
2026-09-06 11:00:00,112.53068,112.57923,112.46016,112.48525
2026-09-06 11:15:00,112.48282,112.48643,112.4797,112.48291
2026-09-06 11:30:00,112.48138,112.48771,112.48008,112.48023
2026-09-06 11:45:00,112.48088,112.55692,112.46755,112.5535
2026-09-06 12:00:00,112.54761,112.56137,112.54761,112.5591
2026-09-06 12:15:00,112.5568,112.56293,112.54119,112.55987
2026-09-06 12:30:00,112.55799,112.56325,112.5562,112.5581
2026-09-06 12:45:00,112.55859,112.60038,112.48778,112.56153
2026-09-06 13:00:00,112.56182,112.56783,112.54518,112.55992
2026-09-06 13:15:00,112.55756,112.56824,112.55756,112.56531
2026-09-06 13:30:00,112.56318,112.57428,112.54455,112.56543
2026-09-06 13:45:00,112.56357,112.56912,112.56107,112.56218
2026-09-06 14:00:00,112.56273,112.56846,112.54421,112.56601
2026-09-06 14:15:00,112.56432,112.56986,112.48941,112.54879
2026-09-06 14:30:00,112.54254,112.56994,112.54254,112.56641
2026-09-06 14:45:00,112.56509,112.57535,112.54476,112.56243
2026-09-06 15:00:00,112.56324,112.56935,112.5619,112.56558
2026-09-06 15:15:00,112.56392,112.57097,112.54547,112.56675
2026-09-06 15:30:00,112.56411,112.56971,112.54657,112.56174
2026-09-06 15:45:00,112.55974,112.57119,112.55974,112.56526
2026-09-06 16:00:00,112.56613,112.56867,112.49315,112.55414
2026-09-06 16:15:00,112.55178,112.55774,112.55109,112.55534
2026-09-06 16:30:00,112.55281,112.56417,112.5352,112.55371
2026-09-06 16:45:00,112.55259,112.55781,112.53019,112.5402
2026-09-06 17:00:00,112.54296,112.55661,112.54296,112.55441
2026-09-06 17:15:00,112.5517,112.55368,112.52858,112.5365
2026-09-06 17:30:00,112.5341,112.55015,112.53233,112.54666
2026-09-06 17:45:00,112.5451,112.5527,112.46087,112.48574
2026-09-06 18:00:00,112.48632,112.49126,112.4831,112.48439
2026-09-06 18:15:00,112.48458,112.48856,112.48195,112.48575
2026-09-06 18:30:00,112.48361,112.51918,112.48174,112.50354
2026-09-06 18:45:00,112.50156,112.50641,112.49974,112.50107
2026-09-06 19:00:00,112.50138,112.50603,112.49401,112.49523
2026-09-06 19:15:00,112.49569,112.50074,112.49053,112.4945
2026-09-06 19:30:00,112.49275,112.49625,112.48952,112.4934
2026-09-06 19:45:00,112.49111,112.49568,112.48683,112.48763
2026-09-06 20:00:00,112.48762,112.4925,112.48582,112.48676
2026-09-06 20:15:00,112.48746,112.49242,112.48578,112.48897
2026-09-06 20:30:00,112.48746,112.49252,112.48577,112.48993
2026-09-06 20:45:00,112.48746,112.49251,112.48587,112.48852
2026-09-06 21:00:00,112.48746,112.49248,112.4858,112.48663
2026-09-06 21:15:00,112.48746,112.4925,112.48581,112.4894
2026-09-06 21:30:00,112.48746,112.57818,112.46393,112.54718
2026-09-06 21:45:00,112.54733,112.55238,112.54219,112.54472
2026-09-06 22:00:00,112.54388,112.54808,112.54092,112.54127
2026-09-06 22:15:00,112.54211,112.5551,112.54043,112.55353
2026-09-06 22:30:00,112.55077,112.55791,112.55077,112.55557
2026-09-06 22:45:00,112.55306,112.55798,112.54987,112.55358
2026-09-06 23:00:00,112.5523,112.55665,112.55003,112.55096
2026-09-06 23:15:00,112.55172,112.60849,112.55018,112.59448
2026-09-06 23:30:00,112.59195,112.59701,112.59037,112.59434
2026-09-06 23:45:00,112.59195,112.59698,112.59028,112.59357
2026-09-07 00:00:00,112.59195,112.61495,112.55387,112.57299
2026-09-07 00:15:00,112.57009,112.57681,112.56954,112.57437
2026-09-07 00:30:00,112.57179,112.57599,112.56968,112.57343
2026-09-07 00:45:00,112.57123,112.57615,112.54608,112.56725
2026-09-07 01:00:00,112.56449,112.5966,112.55763,112.58303
2026-09-07 01:15:00,112.58101,112.58649,112.57979,112.58101
2026-09-07 01:30:00,112.58137,112.58654,112.57993,112.58275
2026-09-07 01:45:00,112.58095,112.59967,112.56935,112.59123
2026-09-07 02:00:00,112.58735,112.60267,112.53439,112.53557
2026-09-07 02:15:00,112.53718,112.55784,112.52993,112.55206
2026-09-07 02:30:00,112.55278,112.59682,112.5306,112.57
2026-09-07 02:45:00,112.57376,112.57376,112.55115,112.55532
2026-09-07 03:00:00,112.55284,112.5598,112.55025,112.55349
2026-09-07 03:15:00,112.55245,112.55772,112.55099,112.55165
2026-09-07 03:30:00,112.55248,112.55735,112.55082,112.55444
2026-09-07 03:45:00,112.55245,112.55734,112.55076,112.55502
2026-09-07 04:00:00,112.55248,112.56386,112.54668,112.56244
2026-09-07 04:15:00,112.56006,112.5669,112.47581,112.50712
2026-09-07 04:30:00,112.5079,112.51959,112.50023,112.51791
2026-09-07 04:45:00,112.51449,112.54079,112.426,112.50199
2026-09-07 05:00:00,112.48628,112.70275,112.30481,112.3337
2026-09-07 05:15:00,112.38946,112.52238,112.21642,112.34656
2026-09-07 05:30:00,112.32479,112.41348,112.18827,112.33288
2026-09-07 05:45:00,112.34664,112.34664,112.26991,112.30326
2026-09-07 06:00:00,112.30162,112.41991,112.26874,112.31844
2026-09-07 06:15:00,112.31534,112.44141,112.28245,112.30296
2026-09-07 06:30:00,112.31463,112.37354,112.25305,112.34636
2026-09-07 06:45:00,112.35069,112.42312,112.28456,112.32122
2026-09-07 07:00:00,112.32076,112.40873,112.30252,112.39461
2026-09-07 07:15:00,112.38327,112.38874,112.33527,112.38364
2026-09-07 07:30:00,112.3752,112.47543,112.35938,112.41756
2026-09-07 07:45:00,112.42495,112.47513,112.42495,112.4748
2026-09-07 08:00:00,112.47335,112.61782,112.44215,112.5856
2026-09-07 08:15:00,112.5826,112.59699,112.58038,112.5812
2026-09-07 08:30:00,112.5826,112.60126,112.58151,112.59177
2026-09-07 08:45:00,112.59171,112.59171,112.56426,112.56824
2026-09-07 09:00:00,112.56711,112.56741,112.53025,112.53423
2026-09-07 09:15:00,112.53948,112.54639,112.50399,112.52199
2026-09-07 09:30:00,112.52401,112.55917,112.50306,112.54354
2026-09-07 09:45:00,112.5493,112.61191,112.54422,112.57467
2026-09-07 10:00:00,112.56546,112.60699,112.50929,112.52731
2026-09-07 10:15:00,112.52791,112.54758,112.36933,112.37808
2026-09-07 10:30:00,112.39449,112.41452,112.28607,112.40784
2026-09-07 10:45:00,112.3988,112.43744,112.34224,112.37999
2026-09-07 11:00:00,112.38759,112.41066,112.34669,112.39018
2026-09-07 11:15:00,112.38402,112.45596,112.36142,112.42902
2026-09-07 11:30:00,112.40793,112.50898,112.40793,112.44087
2026-09-07 11:45:00,112.43849,112.45162,112.3836,112.40434
2026-09-07 12:00:00,112.4009,112.45121,112.37136,112.44959
2026-09-07 12:15:00,112.4444,112.45272,112.41951,112.44803
2026-09-07 12:30:00,112.4448,112.48708,112.41861,112.48273
2026-09-07 12:45:00,112.47618,112.49866,112.43527,112.43726
2026-09-07 13:00:00,112.44204,112.47951,112.4181,112.42759
2026-09-07 13:15:00,112.42558,112.42558,112.38472,112.40606
2026-09-07 13:30:00,112.41112,112.46462,112.39644,112.44519
2026-09-07 13:45:00,112.4495,112.46836,112.41888,112.42107
2026-09-07 14:00:00,112.42655,112.48522,112.42061,112.4845
2026-09-07 14:15:00,112.48173,112.49444,112.46356,112.4884
2026-09-07 14:30:00,112.48548,112.49781,112.40683,112.4167
2026-09-07 14:45:00,112.41354,112.46166,112.40839,112.43003
2026-09-07 15:00:00,112.4375,112.45787,112.42998,112.43585
2026-09-07 15:15:00,112.43726,112.48212,112.43726,112.48084
2026-09-07 15:30:00,112.47711,112.48323,112.42188,112.45328
2026-09-07 15:45:00,112.4523,112.45333,112.34999,112.35335
2026-09-07 16:00:00,112.35749,112.36816,112.30544,112.35837
2026-09-07 16:15:00,112.35119,112.37246,112.24325,112.29638
2026-09-07 16:30:00,112.28891,112.37539,112.28037,112.37298
2026-09-07 16:45:00,112.36708,112.44906,112.35654,112.4443
2026-09-07 17:00:00,112.43774,112.48359,112.41226,112.44728
2026-09-07 17:15:00,112.43276,112.47265,112.3519,112.37303
2026-09-07 17:30:00,112.37319,112.45129,112.36982,112.44149
2026-09-07 17:45:00,112.43277,112.45521,112.33677,112.33875
2026-09-07 18:00:00,112.34165,112.36287,112.19931,112.21439
