time,open,high,low,close
2026-07-17 16:15:00,200.89493,201.03724,200.89364,200.98403
2026-07-17 16:30:00,200.99458,201.03232,200.90052,201.02979
2026-07-17 16:45:00,201.02192,201.02582,200.7617,200.87541
2026-07-17 17:00:00,200.85854,200.89271,200.76292,200.77616
2026-07-17 17:15:00,200.78123,200.8809,200.76357,200.8786
2026-07-17 17:30:00,200.87433,200.94724,200.85461,200.91565
2026-07-17 17:45:00,200.89694,201.07581,200.89694,201.0735
2026-07-17 18:00:00,201.06826,201.2043,201.03834,201.13045
2026-07-17 18:15:00,201.14266,201.25774,201.08234,201.20022
2026-07-17 18:30:00,201.22031,201.27449,201.1708,201.26754
2026-07-17 18:45:00,201.24614,201.3555,201.24614,201.32017
2026-07-17 19:00:00,201.32842,201.35796,201.28225,201.32267
2026-07-17 19:15:00,201.32957,201.3496,201.25997,201.30571
2026-07-17 19:30:00,201.31148,201.31148,201.11083,201.11594
2026-07-17 19:45:00,201.12362,201.12959,201.0406,201.08014
2026-07-17 20:00:00,201.07123,201.10281,200.98506,201.09719
2026-07-17 20:15:00,201.08779,201.1347,201.05282,201.08516
2026-07-17 20:30:00,201.07819,201.12607,201.07819,201.11591
2026-07-17 20:45:00,201.11285,201.12326,200.93582,200.94201
2026-07-17 21:00:00,200.94984,201.0423,200.93253,201.01592
2026-07-17 21:15:00,201.01141,201.09666,201.00284,201.09286
2026-07-17 21:30:00,201.08703,201.18922,201.07825,201.13058
2026-07-17 21:45:00,201.13683,201.21963,201.09988,201.15854
2026-07-17 22:00:00,201.1673,201.20042,201.13924,201.14746
2026-07-17 22:15:00,201.15267,201.19001,201.12269,201.1682
2026-07-17 22:30:00,201.17672,201.19153,201.08277,201.11857
2026-07-17 22:45:00,201.11707,201.16165,201.09726,201.12127
2026-07-17 23:00:00,201.12753,201.17104,201.00865,201.05891
2026-07-17 23:15:00,201.05601,201.09678,201.01,201.08929
2026-07-17 23:30:00,201.07814,201.1568,201.07486,201.12235
2026-07-17 23:45:00,201.11645,201.12656,201.04411,201.04907
2026-07-18 00:00:00,201.05142,201.09254,201.04475,201.08908
2026-07-18 00:15:00,201.08456,201.20007,201.06966,201.10726
2026-07-18 00:30:00,201.12708,201.19274,201.07156,201.18514
2026-07-18 00:45:00,201.17286,201.32604,201.17286,201.32172
2026-07-18 01:00:00,201.30862,201.39483,201.26503,201.34941
2026-07-18 01:15:00,201.35101,201.4257,201.33249,201.3631
2026-07-18 01:30:00,201.3613,201.3962,201.29392,201.33845
2026-07-18 01:45:00,201.33504,201.34881,201.27298,201.29303
2026-07-18 02:00:00,201.29452,201.32396,201.23494,201.31018
2026-07-18 02:15:00,201.30653,201.31263,201.2744,201.30636
2026-07-18 02:30:00,201.30147,201.33927,201.29444,201.31566
2026-07-18 02:45:00,201.31017,201.32219,201.22822,201.23237
2026-07-18 03:00:00,201.23748,201.23777,201.1571,201.17215
2026-07-18 03:15:00,201.1653,201.2006,201.15632,201.19843
2026-07-18 03:30:00,201.19523,201.21987,201.17214,201.18218
2026-07-18 03:45:00,201.18239,201.19491,201.158,201.17392
2026-07-18 04:00:00,201.17236,201.19365,201.14341,201.19046
2026-07-18 04:15:00,201.18135,201.21637,201.16156,201.18376
2026-07-18 04:30:00,201.18364,201.2136,201.16474,201.18086
2026-07-18 04:45:00,201.17366,201.18834,201.14512,201.17554
2026-07-18 05:00:00,201.17323,201.17555,201.13245,201.16098
2026-07-18 05:15:00,201.15497,201.18589,201.1247,201.1539
2026-07-18 05:30:00,201.14906,201.18673,201.12669,201.17947
2026-07-18 05:45:00,201.16948,201.20296,201.14582,201.17931
2026-07-18 06:00:00,201.16641,201.19561,201.13272,201.14881
2026-07-18 06:15:00,201.14461,201.17493,201.11548,201.12861
2026-07-18 06:30:00,201.12308,201.14019,201.11462,201.13666
2026-07-18 06:45:00,201.13139,201.16273,201.09353,201.13234
2026-07-18 07:00:00,201.13463,201.2188,201.11818,201.14857
2026-07-18 07:15:00,201.14517,201.16571,201.09668,201.13987
2026-07-18 07:30:00,201.13954,201.16008,201.12451,201.1413
2026-07-18 07:45:00,201.13969,201.16961,201.12825,201.14769
2026-07-18 08:00:00,201.14931,201.25563,201.1115,201.14578
2026-07-18 08:15:00,201.1553,201.2502,201.11928,201.23268
2026-07-18 08:30:00,201.205,201.22214,201.09709,201.12649
2026-07-18 08:45:00,201.13161,201.14638,201.09949,201.104
2026-07-18 09:00:00,201.11627,201.16962,201.0757,201.13088
2026-07-18 09:15:00,201.12726,201.13969,201.0996,201.11225
2026-07-18 09:30:00,201.11133,201.14062,201.09857,201.13052
2026-07-18 09:45:00,201.12592,201.14209,201.10361,201.10718
2026-07-18 10:00:00,201.11755,201.134,201.03921,201.04591
2026-07-18 10:15:00,201.042,201.06509,201.0372,201.0479
2026-07-18 10:30:00,201.04352,201.10443,200.99984,201.04888
2026-07-18 10:45:00,201.05268,201.06399,201.02867,201.0405
2026-07-18 11:00:00,201.04187,201.05035,201.00397,201.04636
2026-07-18 11:15:00,201.04176,201.06004,201.0391,201.04597
2026-07-18 11:30:00,201.04174,201.09683,201.00411,201.04848
2026-07-18 11:45:00,201.05323,201.05323,201.03918,201.0408
2026-07-18 12:00:00,201.0418,201.0756,201.00401,201.04198
2026-07-18 12:15:00,201.04228,201.04989,201.03728,201.04485
2026-07-18 12:30:00,201.04105,201.06223,201.03706,201.04387
2026-07-18 12:45:00,201.04003,201.0689,201.03051,201.04267
2026-07-18 13:00:00,201.04438,201.04919,200.9965,201.03949
2026-07-18 13:15:00,201.04045,201.0885,201.01395,201.0457
2026-07-18 13:30:00,201.04257,201.05038,201.0374,201.04513
2026-07-18 13:45:00,201.04109,201.06338,201.0383,201.0402
2026-07-18 14:00:00,201.03996,201.06587,201.00619,201.04737
2026-07-18 14:15:00,201.04777,201.05181,201.03975,201.04556
2026-07-18 14:30:00,201.0432,201.06514,201.02843,201.04977
2026-07-18 14:45:00,201.04563,201.05268,201.03985,201.04411
2026-07-18 15:00:00,201.04235,201.11348,201.03331,201.05148
2026-07-18 15:15:00,201.05297,201.06483,201.04057,201.0485
2026-07-18 15:30:00,201.05004,201.08018,201.02337,201.04919
2026-07-18 15:45:00,201.04467,201.06268,201.04007,201.04673
2026-07-18 16:00:00,201.04494,201.05264,201.00597,201.04229
2026-07-18 16:15:00,201.04381,201.07846,201.04135,201.04899
2026-07-18 16:30:00,201.04473,201.07944,201.04115,201.05567
2026-07-18 16:45:00,201.06426,201.06426,201.04169,201.04686
2026-07-18 17:00:00,201.04428,201.08301,201.01274,201.04367
2026-07-18 17:15:00,201.04483,201.05334,201.04086,201.04912
2026-07-18 17:30:00,201.04418,201.06262,201.04199,201.04866
2026-07-18 17:45:00,201.0446,201.06441,201.04153,201.04919
2026-07-18 18:00:00,201.05082,201.05352,201.04152,201.04358
2026-07-18 18:15:00,201.04444,201.08078,201.04135,201.04386
2026-07-18 18:30:00,201.04478,201.05327,201.04153,201.04805
2026-07-18 18:45:00,201.0445,201.06913,201.02818,201.04815
2026-07-18 19:00:00,201.04428,201.0675,201.04194,201.05166
2026-07-18 19:15:00,201.05181,201.05334,201.04129,201.04322
2026-07-18 19:30:00,201.04432,201.06529,201.04109,201.04764
2026-07-18 19:45:00,201.04478,201.07734,201.04134,201.04873
2026-07-18 20:00:00,201.04445,201.08083,201.02909,201.04657
2026-07-18 20:15:00,201.04436,201.05393,201.04048,201.04291
2026-07-18 20:30:00,201.04493,201.0534,201.04159,201.04753
2026-07-18 20:45:00,201.04463,201.0536,201.04137,201.0488
2026-07-18 21:00:00,201.04428,201.05328,201.04126,201.04587
2026-07-18 21:15:00,201.04446,201.05373,201.04063,201.04303
2026-07-18 21:30:00,201.04455,201.09846,201.04152,201.0922
2026-07-18 21:45:00,201.07906,201.07906,201.04233,201.04933
2026-07-18 22:00:00,201.04483,201.06347,201.04189,201.04842
2026-07-18 22:15:00,201.04639,201.05377,201.04184,201.04337
2026-07-18 22:30:00,201.04478,201.06727,201.03215,201.04921
2026-07-18 22:45:00,201.04475,201.06585,201.03598,201.06477
2026-07-18 23:00:00,201.06056,201.06056,201.04191,201.04761
2026-07-18 23:15:00,201.0448,201.10117,201.03935,201.04779
2026-07-18 23:30:00,201.04874,201.05482,201.04198,201.04465
2026-07-18 23:45:00,201.04479,201.06638,201.04293,201.04904
2026-07-19 00:00:00,201.04514,201.05392,201.04178,201.04826
2026-07-19 00:15:00,201.04478,201.05379,201.04188,201.04414
2026-07-19 00:30:00,201.04478,201.06597,201.04184,201.05107
2026-07-19 00:45:00,201.05174,201.0596,201.04774,201.05393
2026-07-19 01:00:00,201.05056,201.09954,201.04214,201.06214
2026-07-19 01:15:00,201.05819,201.07683,201.05467,201.07496
2026-07-19 01:30:00,201.07157,201.07537,201.06118,201.06297
2026-07-19 01:45:00,201.06414,201.08568,201.05048,201.07282
2026-07-19 02:00:00,201.0701,201.13757,201.06361,201.13291
2026-07-19 02:15:00,201.12863,201.13733,201.1188,201.13111
2026-07-19 02:30:00,201.12691,201.16018,201.08021,201.11486
2026-07-19 02:45:00,201.10644,201.10644,201.06596,201.06942
2026-07-19 03:00:00,201.07386,201.10631,201.0361,201.07154
2026-07-19 03:15:00,201.0642,201.0642,201.04237,201.04691
2026-07-19 03:30:00,201.0454,201.06884,201.0419,201.04939
2026-07-19 03:45:00,201.05088,201.07162,201.04363,201.06473
2026-07-19 04:00:00,201.05111,201.12931,201.05111,201.11375
2026-07-19 04:15:00,201.10925,201.12629,201.05507,201.058
2026-07-19 04:30:00,201.06145,201.06145,201.04223,201.04347
2026-07-19 04:45:00,201.04481,201.06458,201.04202,201.04977
2026-07-19 05:00:00,201.04523,201.09888,201.04058,201.05452
2026-07-19 05:15:00,201.04131,201.06522,201.04131,201.04795
2026-07-19 05:30:00,201.04492,201.0695,201.03078,201.04948
2026-07-19 05:45:00,201.05036,201.05678,201.04211,201.04453
2026-07-19 06:00:00,201.04488,201.1243,201.04413,201.07858
2026-07-19 06:15:00,201.07481,201.08211,201.05873,201.07262
2026-07-19 06:30:00,201.06148,201.09187,201.05956,201.0872
2026-07-19 06:45:00,201.07907,201.11503,201.06113,201.09444
2026-07-19 07:00:00,201.09526,201.13732,201.07091,201.12328
2026-07-19 07:15:00,201.1199,201.13246,201.11712,201.12743
2026-07-19 07:30:00,201.12341,201.13145,201.11218,201.11486
2026-07-19 07:45:00,201.11531,201.12931,201.0901,201.09241
2026-07-19 08:00:00,201.09359,201.14484,201.06573,201.12728
2026-07-19 08:15:00,201.12466,201.13255,201.12041,201.1278
2026-07-19 08:30:00,201.12343,201.13217,201.11473,201.11887
2026-07-19 08:45:00,201.11693,201.12572,201.11374,201.11526
2026-07-19 09:00:00,201.11672,201.16017,201.11329,201.15475
2026-07-19 09:15:00,201.15146,201.16049,201.11835,201.12765
2026-07-19 09:30:00,201.12352,201.12896,201.11469,201.11925
2026-07-19 09:45:00,201.11769,201.12863,201.11077,201.11084
2026-07-19 10:00:00,201.11232,201.12121,201.10922,201.11623
2026-07-19 10:15:00,201.11215,201.12003,201.10552,201.11216
2026-07-19 10:30:00,201.10771,201.11659,201.07307,201.07715
2026-07-19 10:45:00,201.07473,201.08159,201.06977,201.07145
2026-07-19 11:00:00,201.07273,201.10874,201.0615,201.07858
2026-07-19 11:15:00,201.07877,201.08465,201.05103,201.05741
2026-07-19 11:30:00,201.05333,201.08388,201.03942,201.07444
2026-07-19 11:45:00,201.07125,201.07764,201.05302,201.0656
2026-07-19 12:00:00,201.06544,201.06883,201.04722,201.04957
2026-07-19 12:15:00,201.05011,201.07245,201.04561,201.06067
2026-07-19 12:30:00,201.05707,201.06427,201.04235,201.04888
2026-07-19 12:45:00,201.04506,201.09691,201.01456,201.04487
2026-07-19 13:00:00,201.04511,201.06765,201.03503,201.0548
2026-07-19 13:15:00,201.05517,201.05965,201.04774,201.05145
2026-07-19 13:30:00,201.04852,201.07211,201.04557,201.06125
2026-07-19 13:45:00,201.05702,201.06582,201.05394,201.05912
2026-07-19 14:00:00,201.05679,201.07766,201.04709,201.06208
2026-07-19 14:15:00,201.06345,201.10489,201.05976,201.07675
2026-07-19 14:30:00,201.07838,201.08199,201.06961,201.07705
2026-07-19 14:45:00,201.07258,201.08869,201.07028,201.07828
2026-07-19 15:00:00,201.07683,201.08511,201.07324,201.07453
2026-07-19 15:15:00,201.07604,201.09492,201.06553,201.08258
2026-07-19 15:30:00,201.0789,201.09303,201.0758,201.0886
2026-07-19 15:45:00,201.0843,201.09132,201.07808,201.08296
2026-07-19 16:00:00,201.08104,201.1111,201.07725,201.08106
2026-07-19 16:15:00,201.08244,201.09084,201.07859,201.08594
2026-07-19 16:30:00,201.08159,201.09449,201.08095,201.08764
2026-07-19 16:45:00,201.08329,201.10107,201.07362,201.09032
2026-07-19 17:00:00,201.08772,201.09357,201.08169,201.0834
2026-07-19 17:15:00,201.08459,201.09698,201.08164,201.08591
2026-07-19 17:30:00,201.08597,201.09453,201.08265,201.08965
2026-07-19 17:45:00,201.08565,201.11604,201.08022,201.10778
2026-07-19 18:00:00,201.1044,201.11514,201.10267,201.10911
2026-07-19 18:15:00,201.10949,201.11442,201.10005,201.10237
2026-07-19 18:30:00,201.10298,201.11762,201.09627,201.10729
2026-07-19 18:45:00,201.10378,201.1113,201.0978,201.1045
2026-07-19 19:00:00,201.1006,201.11291,201.1002,201.10397
2026-07-19 19:15:00,201.10389,201.11644,201.09336,201.10644
2026-07-19 19:30:00,201.10753,201.11653,201.10159,201.10635
2026-07-19 19:45:00,201.1035,201.11885,201.10059,201.11423
2026-07-19 20:00:00,201.10995,201.11899,201.10714,201.11219
2026-07-19 20:15:00,201.10995,201.1208,201.08332,201.09105
2026-07-19 20:30:00,201.09247,201.10139,201.08948,201.09564
2026-07-19 20:45:00,201.09247,201.10145,201.06348,201.07086
2026-07-19 21:00:00,201.06635,201.07104,201.059,201.06346
2026-07-19 21:15:00,201.06201,201.06491,201.04809,201.05155
2026-07-19 21:30:00,201.05305,201.12125,201.04599,201.09866
2026-07-19 21:45:00,201.09477,201.10369,201.09178,201.09926
2026-07-19 22:00:00,201.09477,201.10375,201.08613,201.09119
2026-07-19 22:15:00,201.08903,201.09791,201.08603,201.08764
2026-07-19 22:30:00,201.08903,201.09356,201.08143,201.08898
2026-07-19 22:45:00,201.08444,201.09348,201.02369,201.03056
2026-07-19 23:00:00,201.02663,201.0324,201.02004,201.02611
2026-07-19 23:15:00,201.02303,201.10283,201.01948,201.07791
2026-07-19 23:30:00,201.07896,201.08801,201.07596,201.0787
2026-07-19 23:45:00,201.07896,201.08421,201.07238,201.07922
2026-07-20 00:00:00,201.07539,201.09436,200.99979,201.02342
2026-07-20 00:15:00,201.01971,201.02861,201.01672,201.02064
2026-07-20 00:30:00,201.02105,201.03009,201.01099,201.0134
2026-07-20 00:45:00,201.01436,201.11877,201.00348,201.11745
2026-07-20 01:00:00,201.11167,201.17579,201.0852,201.14261
2026-07-20 01:15:00,201.14663,201.15548,201.13178,201.134
2026-07-20 01:30:00,201.13818,201.1472,201.13522,201.137
2026-07-20 01:45:00,201.13818,201.15428,201.1131,201.12416
2026-07-20 02:00:00,201.1215,201.17203,201.11799,201.12638
2026-07-20 02:15:00,201.12202,201.13069,201.08836,201.10101
2026-07-20 02:30:00,201.09906,201.14153,201.07941,201.10286
2026-07-20 02:45:00,201.10629,201.10629,201.04914,201.05838
2026-07-20 03:00:00,201.05487,201.1834,201.04418,201.12671
2026-07-20 03:15:00,201.12219,201.14313,201.11927,201.13675
2026-07-20 03:30:00,201.13518,201.15254,201.09812,201.12429
2026-07-20 03:45:00,201.12587,201.13589,201.11324,201.11612
2026-07-20 04:00:00,201.1161,201.18379,201.11394,201.17744
2026-07-20 04:15:00,201.17288,201.28872,201.15333,201.17284
2026-07-20 04:30:00,201.17075,201.54946,200.94415,201.17054
2026-07-20 04:45:00,201.17189,201.23013,200.93912,200.97903
2026-07-20 05:00:00,201.02523,201.19335,200.89545,201.02722
2026-07-20 05:15:00,201.04043,201.10129,200.88523,200.96249
2026-07-20 05:30:00,200.97456,201.06531,200.86434,200.90197
2026-07-20 05:45:00,200.92508,201.04206,200.90332,200.98961
2026-07-20 06:00:00,200.9831,200.98508,200.87955,200.89555
2026-07-20 06:15:00,200.8877,200.97534,200.87601,200.96833
2026-07-20 06:30:00,200.94703,200.99986,200.83508,200.87709
2026-07-20 06:45:00,200.8732,201.01552,200.79866,200.91772
2026-07-20 07:00:00,200.90745,201.05737,200.85912,201.03484
2026-07-20 07:15:00,201.02894,201.02894,200.8319,200.86347
2026-07-20 07:30:00,200.86508,200.89936,200.78135,200.79389
2026-07-20 07:45:00,200.81705,201.02694,200.76308,200.95108
2026-07-20 08:00:00,200.9834,201.13271,200.86842,201.06028
2026-07-20 08:15:00,201.0577,201.05979,200.99571,201.05103
2026-07-20 08:30:00,201.04636,201.05518,201.01963,201.04431
2026-07-20 08:45:00,201.03973,201.04831,200.97628,200.97796
2026-07-20 09:00:00,200.98178,200.99155,200.95644,200.98813
2026-07-20 09:15:00,200.98577,200.98678,200.9247,200.96995
2026-07-20 09:30:00,200.96404,201.00079,200.96243,200.99823
2026-07-20 09:45:00,200.99146,201.0567,200.97399,201.02107
2026-07-20 10:00:00,201.02548,201.05645,201.0138,201.04041
2026-07-20 10:15:00,201.03737,201.03737,200.97687,200.97969
2026-07-20 10:30:00,200.98042,201.00442,200.90947,200.94849
2026-07-20 10:45:00,200.94139,200.95851,200.86508,200.9101
2026-07-20 11:00:00,200.90402,200.94558,200.87126,200.88673
2026-07-20 11:15:00,200.89257,200.98715,200.88442,200.98496
2026-07-20 11:30:00,200.97818,200.98454,200.89321,200.91062
2026-07-20 11:45:00,200.94572,200.95497,200.87417,200.95025
2026-07-20 12:00:00,200.94294,200.9754,200.935,200.96048
2026-07-20 12:15:00,200.96329,200.99788,200.94374,200.99508
2026-07-20 12:30:00,200.98543,201.0766,200.98485,201.07221
2026-07-20 12:45:00,201.06749,201.0851,201.03987,201.07811
2026-07-20 13:00:00,201.0783,201.08849,201.05073,201.08356
2026-07-20 13:15:00,201.07624,201.12066,201.07398,201.10987
2026-07-20 13:30:00,201.10237,201.12413,201.08382,201.12219
2026-07-20 13:45:00,201.11596,201.12048,201.09211,201.11613
2026-07-20 14:00:00,201.11114,201.15281,201.10747,201.14296
2026-07-20 14:15:00,201.14394,201.1831,201.12823,201.18269
2026-07-20 14:30:00,201.17961,201.18863,201.15668,201.17743
2026-07-20 14:45:00,201.17274,201.17696,201.12031,201.16745
2026-07-20 15:00:00,201.1611,201.17688,201.13833,201.14871
2026-07-20 15:15:00,201.15913,201.17802,201.12317,201.1453
2026-07-20 15:30:00,201.14334,201.14334,201.09765,201.1011
2026-07-20 15:45:00,201.10206,201.14412,201.0819,201.12244
2026-07-20 16:00:00,201.12634,201.18744,201.11061,201.1808
2026-07-20 16:15:00,201.17173,201.18983,201.15341,201.17752
2026-07-20 16:30:00,201.16486,201.19183,201.13467,201.14301
2026-07-20 16:45:00,201.15749,201.19947,201.11978,201.19124
2026-07-20 17:00:00,201.18499,201.19671,201.12715,201.14094
2026-07-20 17:15:00,201.14282,201.20008,201.11811,201.19333
2026-07-20 17:30:00,201.1819,201.33899,201.1819,201.32929
2026-07-20 17:45:00,201.31624,201.36069,201.307,201.31242
2026-07-20 18:00:00,201.31963,201.33879,201.26505,201.2962
2026-07-20 18:15:00,201.28723,201.29249,201.23685,201.25242
2026-07-20 18:30:00,201.25138,201.34777,201.2352,201.34486
2026-07-20 18:45:00,201.33873,201.33873,201.15873,201.18326
2026-07-20 19:00:00,201.18562,201.21525,201.10543,201.10642
2026-07-20 19:15:00,201.10768,201.10768,200.97968,200.98314
2026-07-20 19:30:00,200.99281,201.05932,200.97968,201.04149
2026-07-20 19:45:00,201.01723,201.06738,200.95331,200.9879
2026-07-20 20:00:00,200.98,201.08505,200.97649,201.06167
2026-07-20 20:15:00,201.06333,201.0773,201.01618,201.0719
2026-07-20 20:30:00,201.06433,201.10081,201.03236,201.07937
2026-07-20 20:45:00,201.08735,201.08755,201.018,201.02163
2026-07-20 21:00:00,201.02369,201.04173,200.92218,200.95076
2026-07-20 21:15:00,200.94741,201.04249,200.94043,201.03128
2026-07-20 21:30:00,201.01633,201.10808,200.98525,201.05382
2026-07-20 21:45:00,201.05605,201.06873,200.94498,200.95188
2026-07-20 22:00:00,200.95697,200.98635,200.78489,200.80393
2026-07-20 22:15:00,200.84168,200.84168,200.66821,200.69572
2026-07-20 22:30:00,200.68353,200.77126,200.68255,200.74124
2026-07-20 22:45:00,200.73176,200.82565,200.72465,200.81158
2026-07-20 23:00:00,200.8072,200.81544,200.69491,200.76832
2026-07-20 23:15:00,200.76349,200.76349,200.66906,200.75123
2026-07-20 23:30:00,200.73782,200.78056,200.62173,200.62806
2026-07-20 23:45:00,200.63587,200.75451,200.59241,200.74498
2026-07-21 00:00:00,200.72484,200.77072,200.70751,200.71988
2026-07-21 00:15:00,200.72452,200.7809,200.70725,200.77494
2026-07-21 00:30:00,200.7702,200.79427,200.64549,200.67792
2026-07-21 00:45:00,200.67187,200.68943,200.50733,200.51945
2026-07-21 01:00:00,200.54041,200.63982,200.54041,200.57135
2026-07-21 01:15:00,200.57852,200.63609,200.54666,200.63203
2026-07-21 01:30:00,200.62933,200.65858,200.58562,200.58734
2026-07-21 01:45:00,200.59054,200.64304,200.56284,200.61745
2026-07-21 02:00:00,200.62171,200.66616,200.59292,200.64767
2026-07-21 02:15:00,200.65577,200.66221,200.60594,200.63608
2026-07-21 02:30:00,200.62991,200.65455,200.58156,200.58446
2026-07-21 02:45:00,200.58693,200.63491,200.58283,200.6033
2026-07-21 03:00:00,200.6074,200.61547,200.57391,200.59179
2026-07-21 03:15:00,200.58793,200.62414,200.56008,200.61316
2026-07-21 03:30:00,200.60929,200.6213,200.57945,200.58111
2026-07-21 03:45:00,200.58348,200.59506,200.5663,200.5745
2026-07-21 04:00:00,200.57573,200.6259,200.5344,200.55373
2026-07-21 04:15:00,200.55343,200.61908,200.55343,200.59836
2026-07-21 04:30:00,200.59376,200.61494,200.57733,200.59044
2026-07-21 04:45:00,200.59111,200.627,200.5778,200.62343
2026-07-21 05:00:00,200.61786,200.67307,200.5774,200.59135
2026-07-21 05:15:00,200.5887,200.60931,200.57022,200.5944
2026-07-21 05:30:00,200.58763,200.63944,200.57261,200.60634
2026-07-21 05:45:00,200.609,200.6235,200.56118,200.61669
2026-07-21 06:00:00,200.60712,200.65091,200.55261,200.57
2026-07-21 06:15:00,200.56811,200.58769,200.55111,200.58382
2026-07-21 06:30:00,200.5791,200.59847,200.55887,200.57786
2026-07-21 06:45:00,200.57185,200.59009,200.54761,200.55749
2026-07-21 07:00:00,200.56137,200.72603,200.46325,200.68669
2026-07-21 07:15:00,200.6815,200.6815,200.59134,200.62905
2026-07-21 07:30:00,200.62481,200.64096,200.55646,200.5912
2026-07-21 07:45:00,200.5879,200.5879,200.54724,200.55039
2026-07-21 08:00:00,200.55983,200.59822,200.48835,200.53865
2026-07-21 08:15:00,200.53361,200.54039,200.50647,200.51814
2026-07-21 08:30:00,200.51388,200.54466,200.50821,200.5381
2026-07-21 08:45:00,200.53526,200.57063,200.5247,200.54904
2026-07-21 09:00:00,200.5549,200.61764,200.52974,200.55693
2026-07-21 09:15:00,200.55182,200.56948,200.54397,200.55276
2026-07-21 09:30:00,200.5485,200.56331,200.54328,200.54581
2026-07-21 09:45:00,200.54699,200.60336,200.54231,200.59729
2026-07-21 10:00:00,200.58825,200.60258,200.52254,200.52647
2026-07-21 10:15:00,200.53638,200.55389,200.49695,200.51516
2026-07-21 10:30:00,200.5084,200.55562,200.5084,200.55292
2026-07-21 10:45:00,200.54486,200.60618,200.54486,200.57613
2026-07-21 11:00:00,200.5745,200.58928,200.51419,200.56605
2026-07-21 11:15:00,200.56811,200.59586,200.52389,200.53066
2026-07-21 11:30:00,200.54202,200.55983,200.49521,200.55693
2026-07-21 11:45:00,200.55031,200.5578,200.52357,200.5299
2026-07-21 12:00:00,200.52868,200.56776,200.51652,200.53839
2026-07-21 12:15:00,200.54046,200.57179,200.51055,200.51267
2026-07-21 12:30:00,200.51504,200.52607,200.48432,200.49261
2026-07-21 12:45:00,200.49256,200.49831,200.45761,200.45996
2026-07-21 13:00:00,200.46242,200.48031,200.44438,200.45125
2026-07-21 13:15:00,200.45272,200.45516,200.41809,200.42551
2026-07-21 13:30:00,200.42652,200.45933,200.42502,200.44484
2026-07-21 13:45:00,200.44019,200.4738,200.42241,200.45426
2026-07-21 14:00:00,200.44995,200.48749,200.42705,200.48402
2026-07-21 14:15:00,200.47902,200.49701,200.45971,200.48788
2026-07-21 14:30:00,200.48512,200.53786,200.4699,200.53591
2026-07-21 14:45:00,200.5276,200.56215,200.51685,200.55238
2026-07-21 15:00:00,200.5492,200.57671,200.53316,200.54163
2026-07-21 15:15:00,200.54579,200.57827,200.53335,200.55709
2026-07-21 15:30:00,200.55043,200.60369,200.54483,200.60094
2026-07-21 15:45:00,200.59124,200.61443,200.56268,200.57944
2026-07-21 16:00:00,200.57434,200.67403,200.56382,200.65738
2026-07-21 16:15:00,200.65253,200.71717,200.64088,200.67234
2026-07-21 16:30:00,200.68228,200.73541,200.64705,200.70206
2026-07-21 16:45:00,200.6878,200.73259,200.65966,200.68394
2026-07-21 17:00:00,200.70106,200.78693,200.65889,200.74731
2026-07-21 17:15:00,200.75359,200.90531,200.75115,200.83934
2026-07-21 17:30:00,200.8422,200.84892,200.76955,200.78186
2026-07-21 17:45:00,200.79064,200.87114,200.74683,200.8133
2026-07-21 18:00:00,200.80469,200.90621,200.78355,200.9006
2026-07-21 18:15:00,200.89126,200.91249,200.80438,200.82702
2026-07-21 18:30:00,200.82187,200.84697,200.65311,200.75781
2026-07-21 18:45:00,200.74681,200.79578,200.73747,200.76043
2026-07-21 19:00:00,200.75823,200.84641,200.74929,200.84065
2026-07-21 19:15:00,200.82948,200.87026,200.76771,200.77107
2026-07-21 19:30:00,200.77482,200.85611,200.74916,200.80638
2026-07-21 19:45:00,200.80963,200.9,200.80963,200.88101
2026-07-21 20:00:00,200.87637,200.99277,200.84419,200.96591
2026-07-21 20:15:00,200.9677,200.98721,200.92828,200.97699
2026-07-21 20:30:00,200.96784,201.02642,200.92897,200.95835
2026-07-21 20:45:00,200.9522,200.95743,200.77219,200.7797
2026-07-21 21:00:00,200.78577,200.833,200.71377,200.7749
2026-07-21 21:15:00,200.76406,200.81029,200.74896,200.80807
2026-07-21 21:30:00,200.80475,200.85459,200.78017,200.80837
2026-07-21 21:45:00,200.81215,200.82283,200.72313,200.75368
2026-07-21 22:00:00,200.74992,200.76754,200.65637,200.70082
2026-07-21 22:15:00,200.69758,200.81714,200.67084,200.72067
2026-07-21 22:30:00,200.71565,200.79469,200.68157,200.68743
2026-07-21 22:45:00,200.69277,200.754,200.68109,200.72105
2026-07-21 23:00:00,200.71862,200.74347,200.66928,200.72459
2026-07-21 23:15:00,200.71983,200.7256,200.62348,200.64071
2026-07-21 23:30:00,200.64142,200.67961,200.50422,200.5301
2026-07-21 23:45:00,200.52717,200.70364,200.51044,200.69003
2026-07-22 00:00:00,200.68317,200.89716,200.68209,200.89247
2026-07-22 00:15:00,200.8759,200.91632,200.70284,200.70703
2026-07-22 00:30:00,200.7139,200.72698,200.55328,200.60108
2026-07-22 00:45:00,200.5909,200.61106,200.49199,200.6038
2026-07-22 01:00:00,200.58897,200.63814,200.56636,200.57766
2026-07-22 01:15:00,200.58597,200.67462,200.56025,200.67242
2026-07-22 01:30:00,200.66646,200.70903,200.64081,200.69121
2026-07-22 01:45:00,200.68345,200.70801,200.63768,200.69542
2026-07-22 02:00:00,200.68913,200.7286,200.66256,200.69517
2026-07-22 02:15:00,200.6987,200.7154,200.65268,200.6793
2026-07-22 02:30:00,200.6736,200.68698,200.65092,200.67497
2026-07-22 02:45:00,200.67819,200.7052,200.65122,200.68812
2026-07-22 03:00:00,200.69169,200.69816,200.61876,200.65037
2026-07-22 03:15:00,200.64538,200.66121,200.63449,200.65911
2026-07-22 03:30:00,200.65362,200.67115,200.61237,200.6195
2026-07-22 03:45:00,200.6207,200.64286,200.60909,200.62647
2026-07-22 04:00:00,200.63,200.76727,200.58819,200.70529
2026-07-22 04:15:00,200.70249,200.70633,200.63788,200.69437
2026-07-22 04:30:00,200.68762,200.77363,200.68321,200.77041
2026-07-22 04:45:00,200.76536,200.81661,200.75465,200.76667
2026-07-22 05:00:00,200.7638,200.78649,200.72979,200.76773
2026-07-22 05:15:00,200.76468,200.77123,200.72002,200.74239
2026-07-22 05:30:00,200.73785,200.75306,200.71832,200.73597
2026-07-22 05:45:00,200.73752,200.83602,200.7211,200.83161
2026-07-22 06:00:00,200.82506,200.88417,200.82246,200.84835
2026-07-22 06:15:00,200.84545,200.85666,200.81204,200.85187
2026-07-22 06:30:00,200.84761,200.86869,200.80628,200.80897
2026-07-22 06:45:00,200.81273,200.81579,200.76706,200.76924
2026-07-22 07:00:00,200.77467,200.85673,200.75597,200.77147
2026-07-22 07:15:00,200.77282,200.81902,200.75328,200.80098
2026-07-22 07:30:00,200.79127,200.82806,200.75304,200.82443
2026-07-22 07:45:00,200.82145,200.82145,200.74771,200.76898
2026-07-22 08:00:00,200.76037,200.86247,200.74274,200.76158
2026-07-22 08:15:00,200.76547,200.79535,200.76547,200.79312
2026-07-22 08:30:00,200.78834,200.80129,200.77949,200.79269
2026-07-22 08:45:00,200.79273,200.79479,200.75522,200.77264
2026-07-22 09:00:00,200.76779,200.84488,200.72741,200.76727
2026-07-22 09:15:00,200.76701,200.78673,200.7399,200.75153
2026-07-22 09:30:00,200.74723,200.77951,200.73935,200.77405
2026-07-22 09:45:00,200.77097,200.82681,200.76257,200.80548
2026-07-22 10:00:00,200.80837,200.82028,200.70761,200.71513
2026-07-22 10:15:00,200.72535,200.74274,200.67795,200.73816
2026-07-22 10:30:00,200.73473,200.75002,200.69435,200.70134
2026-07-22 10:45:00,200.71116,200.78773,200.69503,200.77688
2026-07-22 11:00:00,200.76804,200.80092,200.72699,200.77565
2026-07-22 11:15:00,200.77022,200.77565,200.72585,200.73105
2026-07-22 11:30:00,200.73456,200.73456,200.63355,200.67695
2026-07-22 11:45:00,200.67212,200.69411,200.66595,200.67701
2026-07-22 12:00:00,200.67854,200.73043,200.65503,200.72543
2026-07-22 12:15:00,200.7232,200.75477,200.68748,200.72588
2026-07-22 12:30:00,200.71668,200.73433,200.68678,200.70405
2026-07-22 12:45:00,200.6994,200.72156,200.68438,200.71972
2026-07-22 13:00:00,200.71524,200.75831,200.70883,200.7095
2026-07-22 13:15:00,200.71245,200.76634,200.71036,200.73848
2026-07-22 13:30:00,200.74855,200.74855,200.68927,200.7052
2026-07-22 13:45:00,200.70043,200.74244,200.70043,200.73972
2026-07-22 14:00:00,200.73478,200.74982,200.69407,200.71925
2026-07-22 14:15:00,200.70852,200.73843,200.69556,200.72442
2026-07-22 14:30:00,200.71772,200.7273,200.7039,200.70697
2026-07-22 14:45:00,200.70822,200.72291,200.68578,200.71823
2026-07-22 15:00:00,200.71422,200.73866,200.69634,200.70758
2026-07-22 15:15:00,200.71274,200.74216,200.68742,200.70653
2026-07-22 15:30:00,200.71018,200.72294,200.68239,200.68517
2026-07-22 15:45:00,200.6863,200.76377,200.67153,200.67508
2026-07-22 16:00:00,200.67635,200.77287,200.67635,200.75516
2026-07-22 16:15:00,200.75009,200.76195,200.68823,200.73934
2026-07-22 16:30:00,200.7327,200.79196,200.70542,200.78052
2026-07-22 16:45:00,200.77555,200.80158,200.7204,200.72511
2026-07-22 17:00:00,200.72534,200.8232,200.72476,200.81324
2026-07-22 17:15:00,200.81014,200.9185,200.79596,200.90942
2026-07-22 17:30:00,200.89731,201.04908,200.54306,200.57278
2026-07-22 17:45:00,200.5629,200.65452,200.55161,200.65151
2026-07-22 18:00:00,200.64551,200.7593,200.58555,200.73248
2026-07-22 18:15:00,200.73341,200.89345,200.72508,200.85289
2026-07-22 18:30:00,200.8434,200.88186,200.80549,200.80967
2026-07-22 18:45:00,200.81569,200.82441,200.71234,200.71915
2026-07-22 19:00:00,200.72728,200.81185,200.71426,200.74514
2026-07-22 19:15:00,200.75184,200.76551,200.7089,200.71114
2026-07-22 19:30:00,200.71305,200.79626,200.67504,200.67781
2026-07-22 19:45:00,200.6819,200.6819,200.60013,200.64925
2026-07-22 20:00:00,200.64557,200.65208,200.58484,200.64454
2026-07-22 20:15:00,200.63651,200.66418,200.60409,200.60493
2026-07-22 20:30:00,200.60849,200.65943,200.59943,200.63411
2026-07-22 20:45:00,200.6351,200.69676,200.61426,200.62533
2026-07-22 21:00:00,200.64632,200.64632,200.56114,200.60059
2026-07-22 21:15:00,200.59763,200.64481,200.55947,200.62439
2026-07-22 21:30:00,200.60796,200.68878,200.60796,200.62111
2026-07-22 21:45:00,200.63815,200.66803,200.58938,200.66367
2026-07-22 22:00:00,200.64987,200.80194,200.64987,200.79444
2026-07-22 22:15:00,200.77325,200.81697,200.75847,200.76217
2026-07-22 22:30:00,200.76994,200.82408,200.73944,200.74781
2026-07-22 22:45:00,200.75034,200.76491,200.65597,200.73534
2026-07-22 23:00:00,200.71792,200.81083,200.69931,200.77251
2026-07-22 23:15:00,200.78323,200.88535,200.75653,200.85352
2026-07-22 23:30:00,200.85894,200.92835,200.81038,200.83551
2026-07-22 23:45:00,200.82519,200.85166,200.74732,200.75691
2026-07-23 00:00:00,200.76981,200.76981,200.64824,200.70331
2026-07-23 00:15:00,200.67167,200.76323,200.59002,200.59985
2026-07-23 00:30:00,200.5984,200.5986,200.47965,200.53942
2026-07-23 00:45:00,200.52936,200.54125,200.47003,200.50498
2026-07-23 01:00:00,200.49886,200.56818,200.47063,200.51911
2026-07-23 01:15:00,200.51851,200.53745,200.46102,200.5252
2026-07-23 01:30:00,200.52678,200.52998,200.44244,200.51124
2026-07-23 01:45:00,200.50775,200.55494,200.45527,200.4805
2026-07-23 02:00:00,200.4708,200.49427,200.40058,200.41492
2026-07-23 02:15:00,200.41045,200.43906,200.3282,200.38476
2026-07-23 02:30:00,200.39502,200.39502,200.32033,200.33894
2026-07-23 02:45:00,200.34233,200.35568,200.29104,200.3098
2026-07-23 03:00:00,200.30305,200.3685,200.2709,200.3618
2026-07-23 03:15:00,200.35611,200.35922,200.32318,200.35428
2026-07-23 03:30:00,200.34932,200.36258,200.28633,200.30725
2026-07-23 03:45:00,200.29619,200.33252,200.28032,200.30934
2026-07-23 04:00:00,200.303,200.33884,200.25684,200.25944
2026-07-23 04:15:00,200.26184,200.30214,200.24933,200.29945
2026-07-23 04:30:00,200.29218,200.29218,200.22955,200.23216
2026-07-23 04:45:00,200.23568,200.2549,200.22127,200.25267
2026-07-23 05:00:00,200.24819,200.27728,200.21259,200.23832
2026-07-23 05:15:00,200.23465,200.25865,200.22527,200.24221
2026-07-23 05:30:00,200.24742,200.26762,200.22766,200.26456
2026-07-23 05:45:00,200.26033,200.30376,200.24516,200.29666
2026-07-23 06:00:00,200.28699,200.34203,200.28699,200.33834
2026-07-23 06:15:00,200.33077,200.33947,200.29111,200.32501
2026-07-23 06:30:00,200.31977,200.33431,200.29805,200.32706
2026-07-23 06:45:00,200.32463,200.35277,200.3134,200.34179
2026-07-23 07:00:00,200.34436,200.37448,200.21684,200.28815
2026-07-23 07:15:00,200.27884,200.29251,200.24237,200.26904
2026-07-23 07:30:00,200.26383,200.28422,200.24444,200.26035
2026-07-23 07:45:00,200.2573,200.27589,200.23208,200.26813
2026-07-23 08:00:00,200.26404,200.3143,200.20582,200.22823
2026-07-23 08:15:00,200.22131,200.23227,200.19568,200.22928
2026-07-23 08:30:00,200.22577,200.27192,200.22442,200.25602
2026-07-23 08:45:00,200.2523,200.25771,200.23594,200.25596
2026-07-23 09:00:00,200.25286,200.30372,200.22233,200.29838
2026-07-23 09:15:00,200.29045,200.31165,200.27908,200.29233
2026-07-23 09:30:00,200.28858,200.30093,200.25355,200.2721
2026-07-23 09:45:00,200.26006,200.3109,200.26006,200.30428
2026-07-23 10:00:00,200.30569,200.33191,200.29433,200.31306
2026-07-23 10:15:00,200.31462,200.35091,200.29803,200.34633
2026-07-23 10:30:00,200.34305,200.37345,200.32069,200.36982
2026-07-23 10:45:00,200.36336,200.38097,200.2966,200.34356
2026-07-23 11:00:00,200.33548,200.39139,200.29881,200.33461
2026-07-23 11:15:00,200.32213,200.3441,200.30498,200.33277
2026-07-23 11:30:00,200.32963,200.34987,200.28225,200.33151
2026-07-23 11:45:00,200.32459,200.32459,200.26517,200.28711
2026-07-23 12:00:00,200.27225,200.33258,200.27225,200.29008
2026-07-23 12:15:00,200.30749,200.34281,200.28524,200.33573
2026-07-23 12:30:00,200.32272,200.41345,200.32272,200.41257
2026-07-23 12:45:00,200.4069,200.44608,200.40182,200.44407
2026-07-23 13:00:00,200.43742,200.47321,200.41219,200.41475
2026-07-23 13:15:00,200.41904,200.47325,200.39984,200.44929
2026-07-23 13:30:00,200.45564,200.51577,200.44735,200.4919
2026-07-23 13:45:00,200.49901,200.49901,200.4567,200.47191
2026-07-23 14:00:00,200.4661,200.55236,200.45705,200.55018
2026-07-23 14:15:00,200.54474,200.54474,200.47696,200.52349
2026-07-23 14:30:00,200.51741,200.543,200.49002,200.49945
2026-07-23 14:45:00,200.49557,200.53844,200.48822,200.51005
2026-07-23 15:00:00,200.49857,200.56599,200.49857,200.55069
2026-07-23 15:15:00,200.55209,200.55762,200.49928,200.51809
2026-07-23 15:30:00,200.51225,200.52673,200.48013,200.49818
2026-07-23 15:45:00,200.49317,200.55174,200.48877,200.54403
2026-07-23 16:00:00,200.53909,200.57089,200.47042,200.47128
2026-07-23 16:15:00,200.47413,200.50283,200.4308,200.44941
2026-07-23 16:30:00,200.44375,200.45932,200.38265,200.38476
2026-07-23 16:45:00,200.38582,200.43587,200.34646,200.38192
2026-07-23 17:00:00,200.37503,200.38026,200.2655,200.30923
2026-07-23 17:15:00,200.3004,200.34014,200.22916,200.23586
2026-07-23 17:30:00,200.24237,200.32861,200.22469,200.32024
2026-07-23 17:45:00,200.30337,200.49145,200.19827,200.4421
2026-07-23 18:00:00,200.44595,200.59406,200.43016,200.48992
2026-07-23 18:15:00,200.51125,200.5242,200.38334,200.5229
2026-07-23 18:30:00,200.51871,200.53292,200.42633,200.45663
2026-07-23 18:45:00,200.45072,200.54495,200.37151,200.48084
2026-07-23 19:00:00,200.50124,200.57964,200.45313,200.50334
2026-07-23 19:15:00,200.51089,200.53093,200.43855,200.46607
2026-07-23 19:30:00,200.47068,200.51758,200.45418,200.49601
2026-07-23 19:45:00,200.48637,200.54534,200.47919,200.54387
2026-07-23 20:00:00,200.5402,200.5603,200.46232,200.47042
2026-07-23 20:15:00,200.48431,200.4894,200.43194,200.45595
2026-07-23 20:30:00,200.44741,200.50864,200.44741,200.45146
2026-07-23 20:45:00,200.45446,200.48216,200.40834,200.41461
2026-07-23 21:00:00,200.42182,200.44053,200.35399,200.36767
2026-07-23 21:15:00,200.36143,200.40716,200.28706,200.3081
2026-07-23 21:30:00,200.31438,200.33688,200.20587,200.33085
2026-07-23 21:45:00,200.32221,200.35786,200.21459,200.3364
2026-07-23 22:00:00,200.32817,200.4251,200.3245,200.42019
2026-07-23 22:15:00,200.40989,200.40989,200.22927,200.30849
2026-07-23 22:30:00,200.30105,200.40576,200.26616,200.35818
2026-07-23 22:45:00,200.37569,200.42889,200.33528,200.42385
2026-07-23 23:00:00,200.4121,200.444,200.33037,200.36258
2026-07-23 23:15:00,200.36892,200.51503,200.34017,200.50563
2026-07-23 23:30:00,200.48746,200.71861,200.48746,200.66392
2026-07-23 23:45:00,200.68832,200.82687,200.65027,200.78106
2026-07-24 00:00:00,200.7948,200.7948,200.65275,200.71322
2026-07-24 00:15:00,200.68818,200.7643,200.66141,200.74701
2026-07-24 00:30:00,200.74344,200.81678,200.70925,200.76551
2026-07-24 00:45:00,200.77106,200.79043,200.64882,200.77845
2026-07-24 01:00:00,200.75482,200.81345,200.6352,200.64207
2026-07-24 01:15:00,200.64965,200.67421,200.44625,200.58175
2026-07-24 01:30:00,200.57759,200.58963,200.3775,200.4397
2026-07-24 01:45:00,200.4439,200.44995,200.37869,200.42312
2026-07-24 02:00:00,200.42011,200.53104,200.40949,200.52639
2026-07-24 02:15:00,200.5222,200.53171,200.4394,200.52214
2026-07-24 02:30:00,200.51211,200.59786,200.4983,200.59091
2026-07-24 02:45:00,200.57997,200.64777,200.56378,200.63644
2026-07-24 03:00:00,200.63194,200.65372,200.5673,200.59335
2026-07-24 03:15:00,200.58873,200.59671,200.51881,200.55116
2026-07-24 03:30:00,200.54776,200.54839,200.47783,200.48185
2026-07-24 03:45:00,200.48773,200.51466,200.46032,200.47122
2026-07-24 04:00:00,200.47695,200.51274,200.44229,200.47772
2026-07-24 04:15:00,200.47553,200.48133,200.41606,200.47708
2026-07-24 04:30:00,200.47154,200.52498,200.46016,200.47775
2026-07-24 04:45:00,200.47778,200.49708,200.45939,200.46413
2026-07-24 05:00:00,200.47707,200.53668,200.47707,200.49136
2026-07-24 05:15:00,200.49403,200.55764,200.49148,200.55625
2026-07-24 05:30:00,200.54815,200.60949,200.53124,200.6009
2026-07-24 05:45:00,200.6018,200.61181,200.55479,200.55939
2026-07-24 06:00:00,200.56306,200.6011,200.54109,200.58308
2026-07-24 06:15:00,200.57844,200.60273,200.55818,200.59964
2026-07-24 06:30:00,200.59539,200.64733,200.56696,200.63754
2026-07-24 06:45:00,200.63107,200.63107,200.57291,200.59029
2026-07-24 07:00:00,200.59368,200.6937,200.4666,200.63357
2026-07-24 07:15:00,200.61852,200.67211,200.59492,200.66096
2026-07-24 07:30:00,200.65546,200.66422,200.55829,200.56375
2026-07-24 07:45:00,200.57211,200.58675,200.54222,200.54551
2026-07-24 08:00:00,200.55523,200.66129,200.55035,200.59106
2026-07-24 08:15:00,200.59415,200.60276,200.57002,200.59055
2026-07-24 08:30:00,200.58712,200.59619,200.56399,200.59078
2026-07-24 08:45:00,200.58569,200.63242,200.58569,200.62991
2026-07-24 09:00:00,200.62606,200.64721,200.59577,200.59752
2026-07-24 09:15:00,200.60054,200.61228,200.58192,200.58973
2026-07-24 09:30:00,200.58663,200.60843,200.54259,200.57886
2026-07-24 09:45:00,200.57148,200.60108,200.56291,200.58284
2026-07-24 10:00:00,200.57732,200.61357,200.53867,200.61017
2026-07-24 10:15:00,200.60493,200.64564,200.59196,200.63629
2026-07-24 10:30:00,200.62865,200.66887,200.61795,200.66681
2026-07-24 10:45:00,200.65853,200.70917,200.64129,200.70172
2026-07-24 11:00:00,200.68654,200.75798,200.65063,200.72727
2026-07-24 11:15:00,200.72174,200.73213,200.66608,200.68254
2026-07-24 11:30:00,200.68575,200.69437,200.60162,200.63276
2026-07-24 11:45:00,200.62823,200.65493,200.55869,200.56215
2026-07-24 12:00:00,200.56709,200.60644,200.54883,200.57709
2026-07-24 12:15:00,200.57193,200.58071,200.495,200.53018
2026-07-24 12:30:00,200.52263,200.56414,200.49374,200.5013
2026-07-24 12:45:00,200.49584,200.51403,200.42021,200.45929
2026-07-24 13:00:00,200.45421,200.45421,200.40367,200.4388
2026-07-24 13:15:00,200.4283,200.50489,200.42741,200.49698
2026-07-24 13:30:00,200.49075,200.51846,200.46399,200.48791
2026-07-24 13:45:00,200.49203,200.50476,200.47642,200.48701
2026-07-24 14:00:00,200.48377,200.52213,200.47293,200.5004
2026-07-24 14:15:00,200.49399,200.53788,200.48677,200.48817
2026-07-24 14:30:00,200.49192,200.50051,200.39165,200.39974
2026-07-24 14:45:00,200.40303,200.43314,200.38731,200.4105
2026-07-24 15:00:00,200.41283,200.46127,200.40781,200.43939
2026-07-24 15:15:00,200.44217,200.48367,200.43333,200.46446
2026-07-24 15:30:00,200.46597,200.51755,200.45326,200.4915
2026-07-24 15:45:00,200.49423,200.50383,200.42579,200.47543
2026-07-24 16:00:00,200.47113,200.48987,200.4034,200.45054
2026-07-24 16:15:00,200.44497,200.53449,200.44497,200.49696
2026-07-24 16:30:00,200.50972,200.55173,200.49511,200.50394
2026-07-24 16:45:00,200.51937,200.52489,200.47574,200.49929
2026-07-24 17:00:00,200.49781,200.63988,200.47223,200.61643
2026-07-24 17:15:00,200.61092,200.74185,200.56064,200.72146
2026-07-24 17:30:00,200.7232,200.76685,200.66111,200.69227
2026-07-24 17:45:00,200.67159,200.71593,200.63944,200.6422
2026-07-24 18:00:00,200.64214,200.66262,200.59722,200.60867
2026-07-24 18:15:00,200.62441,200.63335,200.56013,200.61462
2026-07-24 18:30:00,200.61766,200.66974,200.60406,200.6667
2026-07-24 18:45:00,200.65999,200.66833,200.52163,200.52513
2026-07-24 19:00:00,200.52662,200.57813,200.51568,200.56033
2026-07-24 19:15:00,200.55696,200.5598,200.47757,200.52741
2026-07-24 19:30:00,200.51947,200.53897,200.47709,200.5235
2026-07-24 19:45:00,200.5133,200.53458,200.4574,200.48903
2026-07-24 20:00:00,200.47754,200.50542,200.46074,200.49919
2026-07-24 20:15:00,200.48761,200.59555,200.45439,200.58177
2026-07-24 20:30:00,200.58488,200.59254,200.52875,200.54172
2026-07-24 20:45:00,200.5434,200.54945,200.47915,200.4828
2026-07-24 21:00:00,200.48345,200.56126,200.48345,200.552
2026-07-24 21:15:00,200.54727,200.54727,200.48875,200.50128
2026-07-24 21:30:00,200.49595,200.50025,200.34106,200.34391
2026-07-24 21:45:00,200.35077,200.37137,200.28262,200.29109
2026-07-24 22:00:00,200.29172,200.40465,200.29172,200.40284
2026-07-24 22:15:00,200.39618,200.40091,200.2892,200.31634
2026-07-24 22:30:00,200.30695,200.33025,200.23912,200.25354
2026-07-24 22:45:00,200.25652,200.32469,200.25335,200.28173
2026-07-24 23:00:00,200.28383,200.32085,200.23461,200.30979
2026-07-24 23:15:00,200.2923,200.306,200.22116,200.24958
2026-07-24 23:30:00,200.24507,200.29751,200.20108,200.27227
2026-07-24 23:45:00,200.2748,200.27628,200.23513,200.24092
2026-07-25 00:00:00,200.24533,200.33837,200.23975,200.31738
2026-07-25 00:15:00,200.30057,200.35915,200.26048,200.31775
2026-07-25 00:30:00,200.32514,200.35898,200.29158,200.31599
2026-07-25 00:45:00,200.31736,200.32166,200.2044,200.28977
2026-07-25 01:00:00,200.29369,200.44131,200.27573,200.40088
2026-07-25 01:15:00,200.40212,200.47369,200.37321,200.42058
2026-07-25 01:30:00,200.41533,200.50533,200.40147,200.46131
2026-07-25 01:45:00,200.47336,200.49374,200.42828,200.44703
2026-07-25 02:00:00,200.45133,200.48074,200.41747,200.4801
2026-07-25 02:15:00,200.47429,200.50031,200.46017,200.484
2026-07-25 02:30:00,200.48055,200.49248,200.41437,200.43936
2026-07-25 02:45:00,200.43406,200.43406,200.374,200.39464
2026-07-25 03:00:00,200.39076,200.39701,200.2583,200.27123
2026-07-25 03:15:00,200.26322,200.27485,200.21016,200.2418
2026-07-25 03:30:00,200.23705,200.27044,200.20066,200.20352
2026-07-25 03:45:00,200.20455,200.22343,200.18477,200.19415
2026-07-25 04:00:00,200.19647,200.22656,200.16712,200.19922
2026-07-25 04:15:00,200.19957,200.20808,200.17844,200.19361
2026-07-25 04:30:00,200.1877,200.21204,200.16394,200.19737
2026-07-25 04:45:00,200.19862,200.25204,200.1902,200.24634
2026-07-25 05:00:00,200.2385,200.26329,200.20733,200.23473
2026-07-25 05:15:00,200.23129,200.23129,200.19123,200.19893
2026-07-25 05:30:00,200.19379,200.26461,200.19379,200.24726
2026-07-25 05:45:00,200.24335,200.24954,200.20057,200.22318
2026-07-25 06:00:00,200.21719,200.28196,200.19834,200.21752
2026-07-25 06:15:00,200.2178,200.21872,200.19136,200.20708
2026-07-25 06:30:00,200.19987,200.2218,200.1786,200.18563
2026-07-25 06:45:00,200.18512,200.27143,200.18512,200.26485
2026-07-25 07:00:00,200.2554,200.32326,200.17851,200.22105
2026-07-25 07:15:00,200.22156,200.23956,200.18742,200.19422
2026-07-25 07:30:00,200.20052,200.24063,200.18151,200.22989
2026-07-25 07:45:00,200.21955,200.24076,200.18605,200.22445
2026-07-25 08:00:00,200.22114,200.45415,200.11874,200.22054
2026-07-25 08:15:00,200.22156,200.23055,200.2187,200.22451
2026-07-25 08:30:00,200.22156,200.23049,200.21861,200.22579
2026-07-25 08:45:00,200.22156,200.23056,200.21872,200.2239
2026-07-25 09:00:00,200.22157,200.34415,200.20444,200.2202
2026-07-25 09:15:00,200.22157,200.23037,200.21857,200.22457
2026-07-25 09:30:00,200.22157,200.23055,200.21862,200.22603
2026-07-25 09:45:00,200.22157,200.23049,200.21861,200.22314
2026-07-25 10:00:00,200.22157,200.28623,200.19647,200.2797
2026-07-25 10:15:00,200.27071,200.32575,200.26746,200.29033
2026-07-25 10:30:00,200.2851,200.30064,200.2851,200.29665
2026-07-25 10:45:00,200.29214,200.30116,200.26598,200.29314
2026-07-25 11:00:00,200.29137,200.30049,200.26686,200.29063
2026-07-25 11:15:00,200.2921,200.30075,200.26899,200.29632
2026-07-25 11:30:00,200.29207,200.30115,200.21386,200.27392
2026-07-25 11:45:00,200.26629,200.30011,200.26629,200.29426
2026-07-25 12:00:00,200.29171,200.30297,200.26571,200.29011
2026-07-25 12:15:00,200.2914,200.30109,200.28906,200.29693
2026-07-25 12:30:00,200.29215,200.29611,200.26919,200.29483
2026-07-25 12:45:00,200.29078,200.30079,200.26184,200.28733
2026-07-25 13:00:00,200.28373,200.29778,200.26088,200.29035
2026-07-25 13:15:00,200.29148,200.30681,200.1919,200.25734
2026-07-25 13:30:00,200.26464,200.29974,200.26464,200.29556
2026-07-25 13:45:00,200.292,200.30745,200.2691,200.2959
2026-07-25 14:00:00,200.29207,200.3001,200.26154,200.2824
2026-07-25 14:15:00,200.27938,200.30089,200.27865,200.29094
2026-07-25 14:30:00,200.29201,200.29902,200.26905,200.29456
2026-07-25 14:45:00,200.29163,200.30106,200.28916,200.29639
2026-07-25 15:00:00,200.29215,200.34997,200.19655,200.29418
2026-07-25 15:15:00,200.29182,200.30239,200.26905,200.2925
2026-07-25 15:30:00,200.28604,200.29898,200.27624,200.2948
2026-07-25 15:45:00,200.29161,200.30415,200.26899,200.29552
2026-07-25 16:00:00,200.29097,200.30064,200.26698,200.29359
2026-07-25 16:15:00,200.29203,200.30358,200.26904,200.29005
2026-07-25 16:30:00,200.29159,200.30116,200.20419,200.26708
2026-07-25 16:45:00,200.25452,200.29992,200.25452,200.29659
2026-07-25 17:00:00,200.2921,200.31013,200.26592,200.29301
2026-07-25 17:15:00,200.29097,200.30099,200.28915,200.29073
2026-07-25 17:30:00,200.29215,200.30852,200.26901,200.29648
2026-07-25 17:45:00,200.29203,200.30116,200.26903,200.28619
2026-07-25 18:00:00,200.28122,200.3011,200.28122,200.29492
2026-07-25 18:15:00,200.29214,200.30053,200.21358,200.29315
2026-07-25 18:30:00,200.2882,200.30114,200.28782,200.29131
2026-07-25 18:45:00,200.29214,200.29973,200.26916,200.29594
2026-07-25 19:00:00,200.29202,200.30777,200.26906,200.28495
2026-07-25 19:15:00,200.28098,200.30093,200.28098,200.29112
2026-07-25 19:30:00,200.29213,200.30108,200.26414,200.29528
2026-07-25 19:45:00,200.29003,200.30092,200.28896,200.29545
2026-07-25 20:00:00,200.29209,200.29883,200.20839,200.23478
2026-07-25 20:15:00,200.2307,200.24052,200.21881,200.22665
2026-07-25 20:30:00,200.22404,200.28952,200.21854,200.27884
2026-07-25 20:45:00,200.28013,200.29332,200.26162,200.28195
2026-07-25 21:00:00,200.27931,200.28984,200.27158,200.28449
2026-07-25 21:15:00,200.28005,200.28931,200.26159,200.28259
2026-07-25 21:30:00,200.28058,200.3468,200.1908,200.19872
2026-07-25 21:45:00,200.21491,200.2239,200.21195,200.21842
2026-07-25 22:00:00,200.21491,200.2237,200.20625,200.21518
2026-07-25 22:15:00,200.21068,200.21969,200.20768,200.21241
2026-07-25 22:30:00,200.21068,200.21627,200.20414,200.20582
2026-07-25 22:45:00,200.20729,200.21622,200.20189,200.20313
2026-07-25 23:00:00,200.20458,200.21358,200.20175,200.20897
2026-07-25 23:15:00,200.20458,200.22303,200.16623,200.17849
2026-07-25 23:30:00,200.17588,200.18474,200.1729,200.17467
2026-07-25 23:45:00,200.17588,200.19956,200.1724,200.19541
2026-07-26 00:00:00,200.19061,200.28567,200.18397,200.25875
2026-07-26 00:15:00,200.26288,200.28692,200.25553,200.28109
2026-07-26 00:30:00,200.27804,200.28659,200.24848,200.25527
2026-07-26 00:45:00,200.2562,200.27427,200.25329,200.26486
2026-07-26 01:00:00,200.26526,200.27996,200.18722,200.22075
2026-07-26 01:15:00,200.21716,200.23678,200.21572,200.22028
2026-07-26 01:30:00,200.22171,200.23049,200.21869,200.22139
2026-07-26 01:45:00,200.22169,200.2307,200.21276,200.21506
2026-07-26 02:00:00,200.21609,200.2662,200.18447,200.26196
2026-07-26 02:15:00,200.25889,200.26765,200.23965,200.25003
2026-07-26 02:30:00,200.24584,200.25481,200.20323,200.2463
2026-07-26 02:45:00,200.24264,200.24264,200.17717,200.21103
2026-07-26 03:00:00,200.2124,200.26639,200.18759,200.24771
2026-07-26 03:15:00,200.24477,200.25381,200.24184,200.24926
2026-07-26 03:30:00,200.24481,200.2537,200.22986,200.23598
2026-07-26 03:45:00,200.23436,200.24333,200.23148,200.23482
2026-07-26 04:00:00,200.23462,200.27308,200.18634,200.27007
2026-07-26 04:15:00,200.26647,200.28915,200.17989,200.22209
2026-07-26 04:30:00,200.2176,200.22884,200.21474,200.22189
2026-07-26 04:45:00,200.21992,200.22957,200.21368,200.21521
2026-07-26 05:00:00,200.21663,200.25647,200.17582,200.23141
2026-07-26 05:15:00,200.23033,200.242,200.21401,200.24015
2026-07-26 05:30:00,200.23561,200.2529,200.22211,200.24657
2026-07-26 05:45:00,200.24391,200.26779,200.24391,200.2592
2026-07-26 06:00:00,200.26041,200.27781,200.16234,200.26977
2026-07-26 06:15:00,200.26467,200.27615,200.25071,200.27401
2026-07-26 06:30:00,200.26844,200.26844,200.24466,200.25365
2026-07-26 06:45:00,200.2503,200.27123,200.24211,200.24758
2026-07-26 07:00:00,200.24832,200.29269,200.22385,200.28332
2026-07-26 07:15:00,200.28389,200.28967,200.25929,200.26602
2026-07-26 07:30:00,200.26252,200.27152,200.25954,200.26639
2026-07-26 07:45:00,200.26252,200.26252,200.18667,200.23402
2026-07-26 08:00:00,200.23414,200.27647,200.20767,200.25426
2026-07-26 08:15:00,200.25533,200.26376,200.25188,200.25762
2026-07-26 08:30:00,200.2548,200.26704,200.23724,200.24664
2026-07-26 08:45:00,200.24235,200.25135,200.23958,200.2445
2026-07-26 09:00:00,200.24234,200.27656,200.21063,200.26612
2026-07-26 09:15:00,200.26752,200.27617,200.18701,200.22427
2026-07-26 09:30:00,200.22021,200.23196,200.22021,200.22808
2026-07-26 09:45:00,200.22359,200.23258,200.21447,200.21888
2026-07-26 10:00:00,200.21744,200.25427,200.21452,200.24096
2026-07-26 10:15:00,200.24246,200.25316,200.22748,200.23643
2026-07-26 10:30:00,200.23251,200.24138,200.22027,200.2291
2026-07-26 10:45:00,200.22463,200.24174,200.22162,200.23494
2026-07-26 11:00:00,200.23276,200.23963,200.1762,200.19104
2026-07-26 11:15:00,200.19237,200.20138,200.18938,200.19699
2026-07-26 11:30:00,200.19237,200.20161,200.18976,200.19683
2026-07-26 11:45:00,200.19265,200.20438,200.18972,200.19851
2026-07-26 12:00:00,200.19549,200.20448,200.19266,200.19451
2026-07-26 12:15:00,200.19549,200.20425,200.19238,200.19479
2026-07-26 12:30:00,200.19514,200.28113,200.16162,200.28026
2026-07-26 12:45:00,200.27602,200.29103,200.20177,200.28565
2026-07-26 13:00:00,200.28218,200.29133,200.26165,200.28136
2026-07-26 13:15:00,200.27675,200.29124,200.27675,200.2813
2026-07-26 13:30:00,200.28235,200.28841,200.26177,200.28507
2026-07-26 13:45:00,200.28172,200.29132,200.27919,200.2863
2026-07-26 14:00:00,200.28231,200.29438,200.2568,200.27776
2026-07-26 14:15:00,200.27498,200.31822,200.18918,200.2278
2026-07-26 14:30:00,200.2215,200.25451,200.20768,200.24837
2026-07-26 14:45:00,200.24572,200.25473,200.22983,200.23948
2026-07-26 15:00:00,200.23509,200.24773,200.23251,200.24036
2026-07-26 15:15:00,200.23861,200.24139,200.22516,200.22738
2026-07-26 15:30:00,200.22885,200.23783,200.21765,200.22512
2026-07-26 15:45:00,200.22166,200.23039,200.21859,200.22609
2026-07-26 16:00:00,200.22158,200.23245,200.17378,200.20123
2026-07-26 16:15:00,200.19947,200.20898,200.19714,200.19857
2026-07-26 16:30:00,200.20004,200.20767,200.19557,200.20275
2026-07-26 16:45:00,200.19854,200.20753,200.1957,200.20261
2026-07-26 17:00:00,200.19829,200.20647,200.19457,200.19987
2026-07-26 17:15:00,200.19734,200.2066,200.19517,200.19523
2026-07-26 17:30:00,200.19646,200.20537,200.19344,200.20114
2026-07-26 17:45:00,200.19637,200.20527,200.16391,200.20339
2026-07-26 18:00:00,200.19931,200.20961,200.19663,200.20407
2026-07-26 18:15:00,200.20095,200.20762,200.19586,200.19762
2026-07-26 18:30:00,200.19845,200.22991,200.18148,200.21776
2026-07-26 18:45:00,200.21825,200.2254,200.21353,200.21964
2026-07-26 19:00:00,200.21604,200.22324,200.20951,200.21647
2026-07-26 19:15:00,200.21268,200.22157,200.17015,200.18144
2026-07-26 19:30:00,200.18165,200.2267,200.15481,200.21137
2026-07-26 19:45:00,200.2124,200.22815,200.20488,200.22294
2026-07-26 20:00:00,200.21996,200.22888,200.21701,200.22417
2026-07-26 20:15:00,200.21996,200.24936,200.21755,200.22723
2026-07-26 20:30:00,200.22486,200.23561,200.22186,200.22525
2026-07-26 20:45:00,200.2266,200.23446,200.20951,200.21765
2026-07-26 21:00:00,200.21465,200.22364,200.21171,200.21911
2026-07-26 21:15:00,200.21465,200.22395,200.19973,200.20666
2026-07-26 21:30:00,200.2051,200.31251,199.79902,199.93063
2026-07-26 21:45:00,199.93205,199.94103,199.92905,199.93646
2026-07-26 22:00:00,199.93205,199.93987,199.9221,199.93023
2026-07-26 22:15:00,199.92594,199.9349,199.92296,199.92873
2026-07-26 22:30:00,199.92594,199.93152,199.91813,199.91994
2026-07-26 22:45:00,199.92105,199.92992,199.91433,199.91699
2026-07-26 23:00:00,199.91715,199.92588,199.91415,199.92103
2026-07-26 23:15:00,199.91715,200.21988,199.77361,199.92239
2026-07-26 23:30:00,199.91892,199.92788,199.91603,199.9183
2026-07-26 23:45:00,199.91892,199.92309,199.89981,199.90581
2026-07-27 00:00:00,199.90658,200.28782,199.86805,200.22878
2026-07-27 00:15:00,200.22482,200.23383,200.22182,200.2282
2026-07-27 00:30:00,200.22482,200.24078,200.20129,200.20845
2026-07-27 00:45:00,200.20913,200.24312,200.20507,200.23045
2026-07-27 01:00:00,200.23111,200.27659,199.88611,200.18894
2026-07-27 01:15:00,200.18079,200.20402,200.18079,200.19232
2026-07-27 01:30:00,200.18833,200.20267,200.18526,200.19381
2026-07-27 01:45:00,200.19384,200.20281,200.18537,200.18711
2026-07-27 02:00:00,200.1883,200.22897,200.18592,200.20154
2026-07-27 02:15:00,200.20263,200.20263,200.18496,200.19231
2026-07-27 02:30:00,200.18797,200.33923,199.86099,200.07879
2026-07-27 02:45:00,200.04619,200.20668,200.04619,200.19646
2026-07-27 03:00:00,200.19786,200.28051,200.15897,200.25682
2026-07-27 03:15:00,200.25359,200.26293,200.25107,200.25849
2026-07-27 03:30:00,200.254,200.26297,200.22974,200.23861
2026-07-27 03:45:00,200.23719,200.28578,200.23455,200.2773
2026-07-27 04:00:00,200.27023,200.29004,200.22819,200.2849
2026-07-27 04:15:00,200.28111,200.5025,199.92,200.25556
2026-07-27 04:30:00,200.25853,200.29005,200.25853,200.28548
2026-07-27 04:45:00,200.28152,200.49545,199.82164,200.43694
2026-07-27 05:00:00,200.45505,200.46022,200.14687,200.33556
2026-07-27 05:15:00,200.35839,200.68803,200.35097,200.39654
2026-07-27 05:30:00,200.50039,200.64467,199.99941,200.38542
2026-07-27 05:45:00,200.45162,200.65951,200.28901,200.46159
2026-07-27 06:00:00,200.49102,200.68043,200.30264,200.49826
2026-07-27 06:15:00,200.53481,200.7559,200.45785,200.64132
2026-07-27 06:30:00,200.62453,200.69087,200.52044,200.64218
2026-07-27 06:45:00,200.6642,200.68636,200.44891,200.46809
2026-07-27 07:00:00,200.50596,200.56804,200.31045,200.44711
2026-07-27 07:15:00,200.44092,200.48484,200.40437,200.45907
2026-07-27 07:30:00,200.45628,200.51954,200.31492,200.50948
2026-07-27 07:45:00,200.50444,200.61371,200.39363,200.58004
2026-07-27 08:00:00,200.56791,200.62719,200.44408,200.4725
2026-07-27 08:15:00,200.48893,200.50668,200.46204,200.47683
2026-07-27 08:30:00,200.47927,200.47927,200.42345,200.43325
2026-07-27 08:45:00,200.43576,200.44934,200.39464,200.40093
2026-07-27 09:00:00,200.40394,200.42092,200.37413,200.41139
2026-07-27 09:15:00,200.40362,200.41839,200.38659,200.40398
2026-07-27 09:30:00,200.39428,200.44388,200.38067,200.44138
2026-07-27 09:45:00,200.43542,200.45759,200.39194,200.4426
2026-07-27 10:00:00,200.43383,200.66411,200.4279,200.65578
2026-07-27 10:15:00,200.64239,200.81456,200.63776,200.80639
2026-07-27 10:30:00,200.78672,200.86447,200.74803,200.76593
2026-07-27 10:45:00,200.76032,200.79953,200.73498,200.76012
2026-07-27 11:00:00,200.76959,200.84796,200.74508,200.78843
2026-07-27 11:15:00,200.7901,200.80994,200.72978,200.76917
2026-07-27 11:30:00,200.76616,200.80635,200.69758,200.80263
2026-07-27 11:45:00,200.79405,200.83503,200.76665,200.82694
2026-07-27 12:00:00,200.81062,200.86651,200.77359,200.77929
2026-07-27 12:15:00,200.79487,200.82113,200.75697,200.7642
2026-07-27 12:30:00,200.76489,200.77424,200.72508,200.74382
2026-07-27 12:45:00,200.73905,200.76938,200.71418,200.74422
2026-07-27 13:00:00,200.74172,200.76432,200.70901,200.71047
2026-07-27 13:15:00,200.71278,200.73119,200.69431,200.71953
2026-07-27 13:30:00,200.71988,200.72454,200.66979,200.70611
2026-07-27 13:45:00,200.70552,200.73599,200.69794,200.70941
2026-07-27 14:00:00,200.70609,200.7223,200.68683,200.68783
2026-07-27 14:15:00,200.69071,200.71905,200.65874,200.66177
2026-07-27 14:30:00,200.66256,200.72423,200.66011,200.72374
2026-07-27 14:45:00,200.72071,200.72122,200.67323,200.69808
2026-07-27 15:00:00,200.6941,200.72391,200.66988,200.71802
2026-07-27 15:15:00,200.70869,200.74788,200.67363,200.69249
2026-07-27 15:30:00,200.68643,200.69479,200.63662,200.67056
2026-07-27 15:45:00,200.66669,200.70863,200.65354,200.67083
2026-07-27 16:00:00,200.67868,200.81811,200.65828,200.79374
2026-07-27 16:15:00,200.79981,200.92511,200.76099,200.91783
2026-07-27 16:30:00,200.90736,200.92603,200.83114,200.85107
2026-07-27 16:45:00,200.85835,200.86334,200.70717,200.76952
2026-07-27 17:00:00,200.75919,200.75919,200.65943,200.68989
2026-07-27 17:15:00,200.6814,200.72957,200.61871,200.62721
2026-07-27 17:30:00,200.63626,200.65001,200.54142,200.54753
2026-07-27 17:45:00,200.55436,200.61881,200.52319,200.61476
2026-07-27 18:00:00,200.60655,200.61298,200.51941,200.57129
2026-07-27 18:15:00,200.56423,200.60974,200.55699,200.58293
2026-07-27 18:30:00,200.57812,200.63185,200.54441,200.59655
2026-07-27 18:45:00,200.60025,200.67174,200.58445,200.66368
2026-07-27 19:00:00,200.65998,200.72454,200.6137,200.67347
2026-07-27 19:15:00,200.66989,200.7342,200.66277,200.68853
2026-07-27 19:30:00,200.68429,200.73411,200.66827,200.72476
2026-07-27 19:45:00,200.71573,200.77018,200.66825,200.6744
2026-07-27 20:00:00,200.6837,200.77991,200.65792,200.72363
2026-07-27 20:15:00,200.70748,200.80386,200.70748,200.75
2026-07-27 20:30:00,200.7536,200.8212,200.72985,200.8159
2026-07-27 20:45:00,200.8059,200.81783,200.71733,200.72496
2026-07-27 21:00:00,200.73813,200.73813,200.67483,200.69349
2026-07-27 21:15:00,200.68771,200.75819,200.68459,200.73853
2026-07-27 21:30:00,200.72738,200.80742,200.7245,200.77112
2026-07-27 21:45:00,200.76428,200.77366,200.68768,200.71694
2026-07-27 22:00:00,200.70356,200.78799,200.70356,200.73501
2026-07-27 22:15:00,200.72749,200.76577,200.68809,200.74631
2026-07-27 22:30:00,200.74287,200.75941,200.60316,200.66469
2026-07-27 22:45:00,200.6447,200.71119,200.62956,200.69331
2026-07-27 23:00:00,200.69072,200.69072,200.1587,200.20647
2026-07-27 23:15:00,200.209,200.27317,199.96411,199.97744
2026-07-27 23:30:00,200.00308,200.22878,199.9134,200.1884
2026-07-27 23:45:00,200.19264,200.2513,200.06442,200.06835
2026-07-28 00:00:00,200.07474,200.17284,200.05666,200.16698
2026-07-28 00:15:00,200.14938,200.21995,200.00582,200.01099
2026-07-28 00:30:00,200.01795,200.05579,199.95792,199.99248
2026-07-28 00:45:00,200.00373,200.03303,199.93919,199.99967
2026-07-28 01:00:00,199.98113,199.98302,199.90781,199.90967
2026-07-28 01:15:00,199.90948,200.02701,199.90948,200.01421
2026-07-28 01:30:00,200.01002,200.01314,199.94265,199.95878
2026-07-28 01:45:00,199.95667,200.00579,199.93908,200.004
2026-07-28 02:00:00,199.99851,199.9987,199.90229,199.975
2026-07-28 02:15:00,199.9736,200.08862,199.94175,200.08348
2026-07-28 02:30:00,200.07297,200.07837,200.01255,200.01685
2026-07-28 02:45:00,200.02339,200.06258,200.00785,200.05471
2026-07-28 03:00:00,200.04405,200.11008,199.93077,199.97212
2026-07-28 03:15:00,199.96928,199.96928,199.89255,199.90133
2026-07-28 03:30:00,199.89336,199.94108,199.86072,199.88662
2026-07-28 03:45:00,199.8805,199.9275,199.85783,199.90069
2026-07-28 04:00:00,199.90884,199.96302,199.8957,199.92368
2026-07-28 04:15:00,199.91921,199.9435,199.89743,199.9074
2026-07-28 04:30:00,199.90222,199.92654,199.8682,199.91819
2026-07-28 04:45:00,199.90951,199.97656,199.89706,199.94807
2026-07-28 05:00:00,199.9572,200.00459,199.90292,199.90392
2026-07-28 05:15:00,199.9068,199.92086,199.85049,199.8531
2026-07-28 05:30:00,199.85478,199.92525,199.8291,199.91067
2026-07-28 05:45:00,199.90645,199.90925,199.87299,199.89138
2026-07-28 06:00:00,199.88639,200.0016,199.84562,199.91932
2026-07-28 06:15:00,199.9139,199.91746,199.87256,199.88689
2026-07-28 06:30:00,199.88182,199.88933,199.86085,199.87726
2026-07-28 06:45:00,199.8733,199.87566,199.84188,199.86032
2026-07-28 07:00:00,199.85756,200.11069,199.79662,199.99469
2026-07-28 07:15:00,199.98431,200.00317,199.95474,199.98234
2026-07-28 07:30:00,199.97735,199.99557,199.95862,199.98548
2026-07-28 07:45:00,199.9783,199.97904,199.93612,199.96759
2026-07-28 08:00:00,199.96362,200.00043,199.84735,199.90726
2026-07-28 08:15:00,199.90811,199.91705,199.86802,199.87682
2026-07-28 08:30:00,199.87757,199.88279,199.85609,199.87301
2026-07-28 08:45:00,199.86901,199.86901,199.84294,199.85036
2026-07-28 09:00:00,199.84808,199.87727,199.81349,199.85113
2026-07-28 09:15:00,199.85241,199.88417,199.84407,199.88053
2026-07-28 09:30:00,199.87359,199.91524,199.87359,199.89337
2026-07-28 09:45:00,199.88872,199.89728,199.82768,199.88082
2026-07-28 10:00:00,199.87797,199.92981,199.84596,199.90575
2026-07-28 10:15:00,199.90658,199.9626,199.88575,199.95829
2026-07-28 10:30:00,199.95556,200.03635,199.94693,199.98558
2026-07-28 10:45:00,200.00559,200.01122,199.95421,200.00557
2026-07-28 11:00:00,199.99168,200.0888,199.98001,200.04451
2026-07-28 11:15:00,200.04585,200.0459,200.00107,200.02978
2026-07-28 11:30:00,200.02348,200.04391,199.97539,199.98278
2026-07-28 11:45:00,199.9954,199.9954,199.9158,199.95187
2026-07-28 12:00:00,199.9533,199.99479,199.94238,199.99218
2026-07-28 12:15:00,199.98832,199.99156,199.91249,199.91547
2026-07-28 12:30:00,199.92264,199.93651,199.9024,199.93269
2026-07-28 12:45:00,199.92198,200.00464,199.91264,199.98796
2026-07-28 13:00:00,199.98382,199.99802,199.96056,199.99148
2026-07-28 13:15:00,199.98171,200.02941,199.97606,199.99576
2026-07-28 13:30:00,199.99972,200.05104,199.98825,200.01846
2026-07-28 13:45:00,200.01857,200.03829,199.9851,199.99847
2026-07-28 14:00:00,199.99008,200.00904,199.95608,199.96166
2026-07-28 14:15:00,199.97052,199.98391,199.93042,199.94603
2026-07-28 14:30:00,199.94239,199.96119,199.91619,199.92702
2026-07-28 14:45:00,199.92784,199.94671,199.86809,199.8807
2026-07-28 15:00:00,199.87611,199.90868,199.81215,199.83542
2026-07-28 15:15:00,199.83234,199.85417,199.80046,199.8443
2026-07-28 15:30:00,199.83083,199.87537,199.82129,199.85693
2026-07-28 15:45:00,199.84275,199.86461,199.78779,199.82464
2026-07-28 16:00:00,199.81273,199.86386,199.81273,199.83585
2026-07-28 16:15:00,199.82813,199.94051,199.82813,199.92834
2026-07-28 16:30:00,199.9113,199.95136,199.80839,199.83211
2026-07-28 16:45:00,199.82793,199.854,199.7617,199.78232
2026-07-28 17:00:00,199.77278,199.88676,199.7486,199.85904
2026-07-28 17:15:00,199.85943,199.91416,199.84293,199.90408
2026-07-28 17:30:00,199.89713,199.89713,199.81601,199.82834
2026-07-28 17:45:00,199.83156,199.83224,199.73612,199.74112
2026-07-28 18:00:00,199.74675,199.78669,199.74506,199.7781
2026-07-28 18:15:00,199.75197,199.91127,199.75197,199.90084
2026-07-28 18:30:00,199.88348,199.95933,199.87175,199.91828
2026-07-28 18:45:00,199.90336,199.9722,199.90336,199.94035
2026-07-28 19:00:00,199.93,199.97103,199.84662,199.85028
2026-07-28 19:15:00,199.84842,199.92331,199.84819,199.87202
2026-07-28 19:30:00,199.86641,199.87586,199.82137,199.82495
2026-07-28 19:45:00,199.82899,199.82899,199.77881,199.78653
2026-07-28 20:00:00,199.795,199.82309,199.75721,199.81974
2026-07-28 20:15:00,199.80842,199.86114,199.76417,199.82539
2026-07-28 20:30:00,199.82027,199.9031,199.82027,199.86304
2026-07-28 20:45:00,199.86546,199.95651,199.83842,199.89389
2026-07-28 21:00:00,199.90212,199.90212,199.80704,199.88268
2026-07-28 21:15:00,199.87295,199.99068,199.86965,199.97294
2026-07-28 21:30:00,199.96947,200.03759,199.96774,200.01278
2026-07-28 21:45:00,200.017,200.02926,199.94179,200.02446
2026-07-28 22:00:00,200.01568,200.02915,199.87762,199.92598
2026-07-28 22:15:00,199.91759,199.92124,199.79926,199.81884
2026-07-28 22:30:00,199.8128,199.88572,199.7809,199.87442
2026-07-28 22:45:00,199.85804,199.97508,199.85804,199.96524
2026-07-28 23:00:00,199.9499,200.03039,199.94474,200.00013
2026-07-28 23:15:00,200.00493,200.01495,199.96406,200.00426
2026-07-28 23:30:00,199.99728,200.09928,199.99683,200.08917
2026-07-28 23:45:00,200.08497,200.15826,200.05826,200.09425
2026-07-29 00:00:00,200.10106,200.17362,200.07609,200.1719
2026-07-29 00:15:00,200.16556,200.17148,200.07528,200.14766
2026-07-29 00:30:00,200.14324,200.16079,200.08961,200.15803
2026-07-29 00:45:00,200.15261,200.24852,200.12723,200.24334
2026-07-29 01:00:00,200.23374,200.28718,200.09821,200.27408
2026-07-29 01:15:00,200.24545,200.36261,200.2425,200.34818
2026-07-29 01:30:00,200.34155,200.35219,200.28617,200.34683
2026-07-29 01:45:00,200.338,200.368,200.28505,200.29416
2026-07-29 02:00:00,200.30116,200.36709,200.24758,200.36648
2026-07-29 02:15:00,200.36315,200.38487,200.32041,200.34067
2026-07-29 02:30:00,200.33503,200.34856,200.24169,200.25646
2026-07-29 02:45:00,200.25446,200.26826,200.19096,200.21735
2026-07-29 03:00:00,200.22077,200.23586,200.15656,200.17396
2026-07-29 03:15:00,200.17054,200.23133,200.16232,200.19619
2026-07-29 03:30:00,200.2003,200.21402,200.13145,200.13671
2026-07-29 03:45:00,200.14458,200.14888,200.09223,200.10846
2026-07-29 04:00:00,200.11307,200.14899,200.08808,200.11789
2026-07-29 04:15:00,200.10921,200.1355,200.05309,200.07122
2026-07-29 04:30:00,200.06643,200.07551,200.03316,200.04764
2026-07-29 04:45:00,200.04412,200.07404,200.02704,200.07235
2026-07-29 05:00:00,200.06937,200.08003,200.03552,200.03779
2026-07-29 05:15:00,200.04115,200.11688,200.03196,200.0689
2026-07-29 05:30:00,200.07401,200.07538,200.03493,200.04262
2026-07-29 05:45:00,200.03875,200.06867,199.98336,199.98979
2026-07-29 06:00:00,200.00029,200.01316,199.97407,199.99596
2026-07-29 06:15:00,199.99777,200.02311,199.97729,200.01458
2026-07-29 06:30:00,199.9933,200.03744,199.98488,200.01559
2026-07-29 06:45:00,200.01094,200.02633,199.96655,199.9937
2026-07-29 07:00:00,199.98216,200.17891,199.9084,200.13025
2026-07-29 07:15:00,200.12359,200.12821,200.0544,200.06285
2026-07-29 07:30:00,200.05905,200.08946,200.00613,200.00977
2026-07-29 07:45:00,200.00903,200.05661,199.98636,200.01909
2026-07-29 08:00:00,200.02665,200.02949,199.9782,200.00191
2026-07-29 08:15:00,199.99917,199.99934,199.92203,199.92779
2026-07-29 08:30:00,199.92908,199.95673,199.91862,199.94949
2026-07-29 08:45:00,199.94432,199.94926,199.91374,199.94415
2026-07-29 09:00:00,199.93861,199.95545,199.89493,199.9471
2026-07-29 09:15:00,199.93574,199.96599,199.93497,199.9613
2026-07-29 09:30:00,199.9526,199.96978,199.92796,199.93019
2026-07-29 09:45:00,199.92812,199.96128,199.92157,199.95485
2026-07-29 10:00:00,199.95228,199.95901,199.88997,199.90026
2026-07-29 10:15:00,199.90285,199.93462,199.88001,199.92051
2026-07-29 10:30:00,199.92333,199.94189,199.86256,199.86799
2026-07-29 10:45:00,199.87442,199.89485,199.79475,199.87297
2026-07-29 11:00:00,199.86414,199.92759,199.85722,199.8838
2026-07-29 11:15:00,199.88843,199.96791,199.87321,199.90382
2026-07-29 11:30:00,199.90852,199.95113,199.87715,199.91986
2026-07-29 11:45:00,199.917,200.03612,199.8902,200.03431
2026-07-29 12:00:00,200.02842,200.06683,199.98334,200.05962
2026-07-29 12:15:00,200.04751,200.06012,199.9818,200.01439
2026-07-29 12:30:00,200.0208,200.06781,200.01343,200.05027
2026-07-29 12:45:00,200.04594,200.09923,200.02716,200.09594
2026-07-29 13:00:00,200.0914,200.09509,200.05825,200.07747
2026-07-29 13:15:00,200.07543,200.12932,200.06217,200.12267
2026-07-29 13:30:00,200.11331,200.13902,200.09023,200.10939
2026-07-29 13:45:00,200.10572,200.10572,200.01811,200.02744
2026-07-29 14:00:00,200.04412,200.08775,200.00155,200.03089
2026-07-29 14:15:00,200.02,200.07499,199.99363,200.01381
2026-07-29 14:30:00,200.00527,200.03019,199.85017,199.89516
2026-07-29 14:45:00,199.8904,200.01593,199.84838,199.98492
2026-07-29 15:00:00,199.97352,200.00831,199.93437,199.99515
2026-07-29 15:15:00,199.99948,200.00418,199.89553,199.90419
2026-07-29 15:30:00,199.90567,199.97145,199.89174,199.91556
2026-07-29 15:45:00,199.90895,199.96435,199.88729,199.92623
2026-07-29 16:00:00,199.91528,199.98347,199.89988,199.92712
2026-07-29 16:15:00,199.93747,199.96274,199.81602,199.85961
2026-07-29 16:30:00,199.85228,199.94812,199.80425,199.84471
2026-07-29 16:45:00,199.83475,199.87241,199.80556,199.80992
2026-07-29 17:00:00,199.81587,199.93417,199.79679,199.8779
2026-07-29 17:15:00,199.88881,199.94164,199.87307,199.89015
2026-07-29 17:30:00,199.9006,199.96774,199.87907,199.96473
2026-07-29 17:45:00,199.95986,200.00643,199.86125,199.90019
2026-07-29 18:00:00,199.90344,199.92646,199.79939,199.80788
2026-07-29 18:15:00,199.8143,199.8238,199.68815,199.76068
2026-07-29 18:30:00,199.74517,199.74517,199.66427,199.67686
2026-07-29 18:45:00,199.69122,199.76793,199.68811,199.74835
2026-07-29 19:00:00,199.7456,199.76135,199.66044,199.66341
2026-07-29 19:15:00,199.66471,199.66471,199.57721,199.6059
2026-07-29 19:30:00,199.5976,199.617,199.52523,199.57662
2026-07-29 19:45:00,199.5624,199.64852,199.55599,199.55944
2026-07-29 20:00:00,199.56549,199.60992,199.55065,199.55468
2026-07-29 20:15:00,199.55859,199.58299,199.50887,199.57802
2026-07-29 20:30:00,199.57353,199.59368,199.52251,199.55854
2026-07-29 20:45:00,199.5532,199.62766,199.55067,199.59173
2026-07-29 21:00:00,199.59464,199.69604,199.58285,199.69497
2026-07-29 21:15:00,199.69021,199.71482,199.61521,199.67737
2026-07-29 21:30:00,199.66531,199.71036,199.61371,199.61734
2026-07-29 21:45:00,199.62236,199.68136,199.57416,199.63314
2026-07-29 22:00:00,199.63771,199.65955,199.58351,199.6489
2026-07-29 22:15:00,199.64184,199.68742,199.56757,199.6821
2026-07-29 22:30:00,199.66485,199.78309,199.66385,199.74838
2026-07-29 22:45:00,199.75418,199.82942,199.7109,199.81923
2026-07-29 23:00:00,199.80434,199.83741,199.75229,199.79969
2026-07-29 23:15:00,199.80404,199.9348,199.79034,199.93245
2026-07-29 23:30:00,199.92275,200.03829,199.91417,200.03274
2026-07-29 23:45:00,200.02323,200.12136,200.02323,200.07624
2026-07-30 00:00:00,200.08411,200.11686,199.98691,200.01741
2026-07-30 00:15:00,200.00721,200.10952,199.97633,200.1058
2026-07-30 00:30:00,200.09181,200.1247,200.00212,200.0195
2026-07-30 00:45:00,200.05023,200.05301,199.7858,199.80227
2026-07-30 01:00:00,199.8205,199.86223,199.74284,199.85767
2026-07-30 01:15:00,199.84726,199.87628,199.74814,199.76829
2026-07-30 01:30:00,199.74661,199.80597,199.73107,199.75732
2026-07-30 01:45:00,199.75246,199.84909,199.75246,199.83128
2026-07-30 02:00:00,199.83635,199.8597,199.75549,199.76016
2026-07-30 02:15:00,199.76802,199.78595,199.73778,199.78514
2026-07-30 02:30:00,199.78072,199.78811,199.69374,199.71609
2026-07-30 02:45:00,199.71962,199.77939,199.70693,199.77682
2026-07-30 03:00:00,199.77195,199.83455,199.74529,199.81185
2026-07-30 03:15:00,199.80844,199.81938,199.75522,199.76653
2026-07-30 03:30:00,199.77362,199.81616,199.73721,199.81014
2026-07-30 03:45:00,199.80405,199.84178,199.76789,199.83264
2026-07-30 04:00:00,199.81951,200.31062,199.67922,200.15264
2026-07-30 04:15:00,200.13155,200.19956,199.95776,200.02453
2026-07-30 04:30:00,200.00822,200.20158,199.84374,200.16778
2026-07-30 04:45:00,200.13489,200.42375,200.13489,200.4073
2026-07-30 05:00:00,200.38522,200.56661,200.37551,200.45045
2026-07-30 05:15:00,200.47083,200.70921,200.39345,200.4002
2026-07-30 05:30:00,200.40286,200.60584,200.40286,200.59085
2026-07-30 05:45:00,200.55718,200.65012,200.50867,200.55704
2026-07-30 06:00:00,200.56375,200.72477,200.52114,200.70696
2026-07-30 06:15:00,200.67677,200.8509,200.67677,200.84333
2026-07-30 06:30:00,200.82209,200.95196,200.82209,200.90075
2026-07-30 06:45:00,200.90277,200.94924,200.87419,200.88674
2026-07-30 07:00:00,200.89489,201.00958,200.59138,200.64
2026-07-30 07:15:00,200.64162,200.72349,200.628,200.72111
2026-07-30 07:30:00,200.71535,200.74185,200.66977,200.73717
2026-07-30 07:45:00,200.73358,200.76032,200.65693,200.67131
2026-07-30 08:00:00,200.67637,200.89893,200.59631,200.83747
2026-07-30 08:15:00,200.84689,200.84689,200.8089,200.83343
2026-07-30 08:30:00,200.8301,200.83769,200.77136,200.79297
2026-07-30 08:45:00,200.78603,200.79004,200.74614,200.74906
2026-07-30 09:00:00,200.7534,200.81414,200.62839,200.75264
2026-07-30 09:15:00,200.75649,200.79552,200.73649,200.75394
2026-07-30 09:30:00,200.75454,200.7797,200.7448,200.76739
2026-07-30 09:45:00,200.7627,200.80074,200.72957,200.77749
2026-07-30 10:00:00,200.78356,200.78356,200.59382,200.61238
2026-07-30 10:15:00,200.62014,200.70409,200.59596,200.68274
2026-07-30 10:30:00,200.64162,200.67235,200.58173,200.60358
2026-07-30 10:45:00,200.5934,200.68486,200.56433,200.67733
2026-07-30 11:00:00,200.66107,200.69964,200.62334,200.62739
2026-07-30 11:15:00,200.63903,200.68059,200.59272,200.61784
2026-07-30 11:30:00,200.61362,200.67644,200.57727,200.60046
2026-07-30 11:45:00,200.59946,200.6392,200.55851,200.58315
2026-07-30 12:00:00,200.58011,200.59701,200.54262,200.54512
2026-07-30 12:15:00,200.54902,200.57613,200.53011,200.56875
2026-07-30 12:30:00,200.56201,200.57373,200.52743,200.54851
2026-07-30 12:45:00,200.5443,200.58647,200.54292,200.55667
2026-07-30 13:00:00,200.56486,200.59496,200.54241,200.56606
2026-07-30 13:15:00,200.56936,200.5774,200.51055,200.52076
2026-07-30 13:30:00,200.52406,200.58295,200.5103,200.55623
2026-07-30 13:45:00,200.55336,200.55336,200.47365,200.48283
2026-07-30 14:00:00,200.47901,200.51339,200.46628,200.50292
2026-07-30 14:15:00,200.49202,200.52312,200.47841,200.50258
2026-07-30 14:30:00,200.49938,200.50219,200.46987,200.4768
2026-07-30 14:45:00,200.4829,200.50773,200.43595,200.46427
2026-07-30 15:00:00,200.45711,200.53343,200.45711,200.53165
2026-07-30 15:15:00,200.52709,200.59165,200.49897,200.58566
2026-07-30 15:30:00,200.57796,200.60776,200.49888,200.52085
2026-07-30 15:45:00,200.51725,200.55058,200.49212,200.50776
2026-07-30 16:00:00,200.50215,200.53586,200.46003,200.46772
2026-07-30 16:15:00,200.48011,200.51056,200.44685,200.50823
2026-07-30 16:30:00,200.50307,200.55539,200.44778,200.50527
2026-07-30 16:45:00,200.50325,200.60823,200.47966,200.57655
2026-07-30 17:00:00,200.57188,200.66904,200.51301,200.52432
2026-07-30 17:15:00,200.5448,200.5448,200.4134,200.42582
2026-07-30 17:30:00,200.43417,200.43804,200.3085,200.3497
2026-07-30 17:45:00,200.35462,200.37243,200.29028,200.3315
2026-07-30 18:00:00,200.30855,200.49023,200.30855,200.47846
2026-07-30 18:15:00,200.46389,200.63545,200.46389,200.62747
2026-07-30 18:30:00,200.61619,200.73049,200.4977,200.55353
2026-07-30 18:45:00,200.54771,200.61372,200.48336,200.49232
2026-07-30 19:00:00,200.50724,200.54072,200.42965,200.53553
2026-07-30 19:15:00,200.51952,200.66353,200.51952,200.66051
2026-07-30 19:30:00,200.65581,200.67138,200.59831,200.63288
2026-07-30 19:45:00,200.63913,200.70376,200.5422,200.59649
2026-07-30 20:00:00,200.5908,200.61197,200.39414,200.40905
2026-07-30 20:15:00,200.43899,200.44347,200.07801,200.23334
2026-07-30 20:30:00,200.20554,200.3467,200.17767,200.33226
2026-07-30 20:45:00,200.31308,200.44468,200.29394,200.33357
2026-07-30 21:00:00,200.34545,200.38713,200.20756,200.27557
2026-07-30 21:15:00,200.26061,200.31797,200.18542,200.31453
2026-07-30 21:30:00,200.30608,200.41851,200.30447,200.34478
2026-07-30 21:45:00,200.3474,200.46236,200.29352,200.45243
2026-07-30 22:00:00,200.43319,200.65622,200.43319,200.6429
2026-07-30 22:15:00,200.60634,200.68366,200.52291,200.61223
2026-07-30 22:30:00,200.61409,200.64107,200.39792,200.40354
2026-07-30 22:45:00,200.41644,200.50954,200.33832,200.50417
2026-07-30 23:00:00,200.49172,200.56361,200.43367,200.52617
2026-07-30 23:15:00,200.5343,200.56209,200.46565,200.5259
2026-07-30 23:30:00,200.53353,200.66974,198.37305,198.45827
2026-07-30 23:45:00,198.65421,199.14518,198.14797,198.37551
2026-07-31 00:00:00,198.3492,198.40931,197.18559,197.33254
2026-07-31 00:15:00,197.28139,197.33761,196.13232,196.86193
2026-07-31 00:30:00,197.08669,197.64597,197.08669,197.6317
2026-07-31 00:45:00,197.61146,197.7583,197.23028,197.25525
2026-07-31 01:00:00,197.30412,197.6163,197.10828,197.4796
2026-07-31 01:15:00,197.49431,197.66751,197.4266,197.61226
2026-07-31 01:30:00,197.60211,197.7719,197.60211,197.71868
2026-07-31 01:45:00,197.72479,197.94729,197.68447,197.93282
2026-07-31 02:00:00,197.92492,198.04549,197.90147,197.94315
2026-07-31 02:15:00,197.95362,198.16921,197.94216,198.15232
2026-07-31 02:30:00,198.13709,198.27597,198.12436,198.27072
2026-07-31 02:45:00,198.26051,198.32947,198.19681,198.28292
2026-07-31 03:00:00,198.29066,198.37913,198.19145,198.23372
2026-07-31 03:15:00,198.24098,198.41688,198.209,198.35102
2026-07-31 03:30:00,198.36116,198.61207,196.86227,197.76577
2026-07-31 03:45:00,197.65633,197.78645,197.31823,197.6562
2026-07-31 04:00:00,197.66432,197.70323,197.51603,197.5859
2026-07-31 04:15:00,197.5706,197.68978,197.55002,197.63581
2026-07-31 04:30:00,197.64383,197.74774,197.61008,197.66741
2026-07-31 04:45:00,197.66051,197.75104,197.61017,197.69098
2026-07-31 05:00:00,197.67548,197.87242,197.58307,197.83202
2026-07-31 05:15:00,197.82574,197.9836,197.77733,197.97257
2026-07-31 05:30:00,197.95775,198.10991,197.95579,198.05579
2026-07-31 05:45:00,198.06192,198.07277,197.93378,197.99955
2026-07-31 06:00:00,197.97419,198.12485,197.80424,198.04505
2026-07-31 06:15:00,198.03613,198.15362,198.01167,198.12229
2026-07-31 06:30:00,198.12367,198.14263,198.05445,198.07078
2026-07-31 06:45:00,198.06527,198.25343,198.05948,198.16831
2026-07-31 07:00:00,198.21128,198.22786,197.89685,197.98528
2026-07-31 07:15:00,197.97936,198.05705,197.91263,198.02729
2026-07-31 07:30:00,198.03276,198.21087,198.02963,198.2076
2026-07-31 07:45:00,198.20021,198.24825,198.14493,198.24437
2026-07-31 08:00:00,198.23604,198.27263,198.1413,198.22918
2026-07-31 08:15:00,198.23983,198.38385,198.23983,198.33677
2026-07-31 08:30:00,198.3407,198.35118,198.05035,198.25227
2026-07-31 08:45:00,198.24219,198.33861,198.18941,198.30587
2026-07-31 09:00:00,198.30266,198.43635,198.08447,198.43036
2026-07-31 09:15:00,198.41712,198.48172,198.32498,198.45253
2026-07-31 09:30:00,198.44012,198.79062,198.44012,198.77564
2026-07-31 09:45:00,198.74822,198.84029,198.74822,198.78337
2026-07-31 10:00:00,198.78338,198.98943,198.7538,198.90916
2026-07-31 10:15:00,198.88864,198.94909,198.80467,198.90986
2026-07-31 10:30:00,198.89735,199.11089,198.84658,199.08041
2026-07-31 10:45:00,199.07723,199.28521,199.01957,199.10878
2026-07-31 11:00:00,199.08692,199.29087,199.06388,199.16524
2026-07-31 11:15:00,199.14893,199.14893,199.01126,199.10838
2026-07-31 11:30:00,199.09327,199.22138,199.09313,199.14286
2026-07-31 11:45:00,199.13613,199.1942,199.10622,199.18888
2026-07-31 12:00:00,199.17077,199.24118,199.09405,199.10162
2026-07-31 12:15:00,199.11441,199.16242,199.02861,199.03582
2026-07-31 12:30:00,199.0548,199.11761,198.96011,199.062
2026-07-31 12:45:00,199.06911,199.10693,198.89263,198.96911
2026-07-31 13:00:00,198.96567,199.35264,198.89187,199.15337
2026-07-31 13:15:00,199.18932,199.31986,199.16007,199.24211
2026-07-31 13:30:00,199.24993,199.30645,199.06896,199.11708
2026-07-31 13:45:00,199.12423,199.1429,198.9577,199.02905
2026-07-31 14:00:00,199.03178,199.12441,198.99777,199.11108
2026-07-31 14:15:00,199.10503,199.19079,199.06369,199.18661
2026-07-31 14:30:00,199.17817,199.1893,199.06475,199.06881
2026-07-31 14:45:00,199.07785,199.15585,199.03542,199.06702
2026-07-31 15:00:00,199.05286,199.07706,198.93358,198.99578
2026-07-31 15:15:00,198.99853,199.04753,198.94111,199.03898
2026-07-31 15:30:00,199.03129,199.07039,198.94384,198.9711
2026-07-31 15:45:00,198.9791,198.99643,198.80209,198.8076
2026-07-31 16:00:00,198.81707,198.89341,198.73527,198.88363
2026-07-31 16:15:00,198.86392,199.01631,198.78568,198.87371
2026-07-31 16:30:00,198.86737,198.98822,198.76194,198.92681
2026-07-31 16:45:00,198.90203,198.90585,198.46189,198.72671
2026-07-31 17:00:00,198.71568,198.88534,198.70107,198.85648
2026-07-31 17:15:00,198.84919,198.91488,198.76507,198.87526
2026-07-31 17:30:00,198.86638,198.98407,198.86116,198.97781
2026-07-31 17:45:00,198.96874,199.01783,198.58544,198.61181
2026-07-31 18:00:00,198.64746,198.64746,198.48154,198.5905
2026-07-31 18:15:00,198.58483,198.5956,198.31891,198.39055
2026-07-31 18:30:00,198.37409,198.42067,198.04575,198.06737
2026-07-31 18:45:00,198.1054,198.75858,196.72242,196.78856
2026-07-31 19:00:00,196.90822,197.65642,196.77234,197.6261
2026-07-31 19:15:00,197.58019,197.86755,197.58019,197.79453
2026-07-31 19:30:00,197.8034,197.99284,197.64052,197.80024
2026-07-31 19:45:00,197.82014,197.99568,197.757,197.97756
2026-07-31 20:00:00,197.94992,197.99499,197.81205,197.87765
2026-07-31 20:15:00,197.87463,198.04403,197.83203,197.90714
2026-07-31 20:30:00,197.89512,197.90965,197.70946,197.75358
2026-07-31 20:45:00,197.75564,197.82908,197.73172,197.75901
2026-07-31 21:00:00,197.76669,197.82434,197.72246,197.73897
2026-07-31 21:15:00,197.73475,197.81123,197.66227,197.74695
2026-07-31 21:30:00,197.71081,197.86447,197.71081,197.82927
2026-07-31 21:45:00,197.80579,197.93779,197.80579,197.83439
2026-07-31 22:00:00,197.82667,197.85881,197.72687,197.82705
2026-07-31 22:15:00,197.81249,197.9379,197.79602,197.80098
2026-07-31 22:30:00,197.80875,197.85138,197.75143,197.84844
2026-07-31 22:45:00,197.83823,197.90197,197.81205,197.83181
2026-07-31 23:00:00,197.8423,197.89178,197.77941,197.81621
2026-07-31 23:15:00,197.82191,197.95846,197.07294,197.09397
2026-07-31 23:30:00,197.14154,197.30406,196.27883,196.45474
2026-07-31 23:45:00,196.37329,196.81341,196.31048,196.3376
2026-08-01 00:00:00,196.36703,196.36703,195.55178,196.20491
2026-08-01 00:15:00,196.16844,196.49179,196.16844,196.25043
2026-08-01 00:30:00,196.23303,196.80651,196.18806,196.72126
2026-08-01 00:45:00,196.73012,197.01927,196.67226,196.85173
2026-08-01 01:00:00,196.81698,196.89236,196.30028,196.76219
2026-08-01 01:15:00,196.72304,196.95497,196.72304,196.91811
2026-08-01 01:30:00,196.93053,197.01188,196.8348,196.89119
2026-08-01 01:45:00,196.89596,196.99319,196.87026,196.93706
2026-08-01 02:00:00,196.92792,196.99722,196.88528,196.99021
2026-08-01 02:15:00,196.9846,197.00377,196.81485,196.82521
2026-08-01 02:30:00,196.8384,196.90437,196.7895,196.88147
2026-08-01 02:45:00,196.88622,196.98718,196.87384,196.97839
2026-08-01 03:00:00,196.95171,197.19774,196.94799,197.1604
2026-08-01 03:15:00,197.17228,197.37599,196.34934,196.43741
2026-08-01 03:30:00,196.60046,196.63147,195.97098,195.98232
2026-08-01 03:45:00,195.99792,196.70063,195.53771,196.17644
2026-08-01 04:00:00,196.10472,196.63327,196.04487,196.3236
2026-08-01 04:15:00,196.34164,196.5176,196.22458,196.49078
2026-08-01 04:30:00,196.44687,196.56984,196.4313,196.53723
2026-08-01 04:45:00,196.54631,196.77722,196.53385,196.62257
2026-08-01 05:00:00,196.64511,196.76379,196.60709,196.73205
2026-08-01 05:15:00,196.71495,196.86515,196.71495,196.80163
2026-08-01 05:30:00,196.78878,196.96903,196.75585,196.84172
2026-08-01 05:45:00,196.87455,196.92029,196.7648,196.85931
2026-08-01 06:00:00,196.83309,196.95042,196.23256,196.57799
2026-08-01 06:15:00,196.52346,196.62187,195.39822,196.09124
2026-08-01 06:30:00,195.99612,195.99612,195.13951,195.15354
2026-08-01 06:45:00,195.17826,195.52429,195.0204,195.05043
2026-08-01 07:00:00,195.08876,195.22553,194.86922,194.96988
2026-08-01 07:15:00,194.97303,195.01419,194.94421,194.98268
2026-08-01 07:30:00,194.97725,195.01206,194.92324,194.93563
2026-08-01 07:45:00,194.94332,194.99776,194.94332,194.98279
2026-08-01 08:00:00,194.98412,195.82421,194.82155,194.96304
2026-08-01 08:15:00,194.97981,195.02701,194.95575,195.01937
2026-08-01 08:30:00,195.00836,195.03126,194.89378,194.96796
2026-08-01 08:45:00,194.97406,195.03226,194.94792,195.01511
2026-08-01 09:00:00,194.99997,195.78701,194.8674,194.95998
2026-08-01 09:15:00,194.98095,195.02582,194.95313,195.01934
2026-08-01 09:30:00,195.00742,195.0353,194.95523,194.97119
2026-08-01 09:45:00,194.97738,195.04189,194.95205,195.02168
2026-08-01 10:00:00,195.00729,195.97713,194.40655,195.16594
2026-08-01 10:15:00,195.16658,195.17253,195.09967,195.16341
2026-08-01 10:30:00,195.16001,195.20975,195.09154,195.1691
2026-08-01 10:45:00,195.16516,195.17309,195.11019,195.16773
2026-08-01 11:00:00,195.16503,196.01305,194.75569,195.16411
2026-08-01 11:15:00,195.1653,195.17315,195.1066,195.16758
2026-08-01 11:30:00,195.16492,195.20868,194.99411,195.14508
2026-08-01 11:45:00,195.12959,195.17511,195.10219,195.16707
2026-08-01 12:00:00,195.16515,195.62767,194.99975,195.16337
2026-08-01 12:15:00,195.16484,195.17359,195.10492,195.16852
2026-08-01 12:30:00,195.16519,195.18293,195.08684,195.16935
2026-08-01 12:45:00,195.16493,195.17393,195.1147,195.16145
2026-08-01 13:00:00,195.15636,195.81452,195.07222,195.16385
2026-08-01 13:15:00,195.16529,195.17387,194.95557,195.16752
2026-08-01 13:30:00,195.16352,195.17358,195.16228,195.16944
2026-08-01 13:45:00,195.16518,195.20553,195.10667,195.16657
2026-08-01 14:00:00,195.16425,195.86057,195.08125,195.13742
2026-08-01 14:15:00,195.14553,195.16965,195.13758,195.13986
2026-08-01 14:30:00,195.14,195.14684,195.08848,195.14353
2026-08-01 14:45:00,195.13951,195.14854,195.13689,195.14282
2026-08-01 15:00:00,195.13972,195.52387,195.13751,195.13904
2026-08-01 15:15:00,195.13988,195.17047,195.09115,195.13882
2026-08-01 15:30:00,195.13231,195.1485,195.13208,195.1434
2026-08-01 15:45:00,195.13987,195.14853,195.0787,195.14319
2026-08-01 16:00:00,195.1395,195.90712,195.13775,195.13936
2026-08-01 16:15:00,195.13968,195.14841,195.09026,195.13884
2026-08-01 16:30:00,195.13982,195.14858,195.00244,195.10679
2026-08-01 16:45:00,195.07923,195.14829,195.07923,195.14368
2026-08-01 17:00:00,195.13957,195.90344,195.08552,195.14185
2026-08-01 17:15:00,195.13937,195.14835,195.13622,195.13757
2026-08-01 17:30:00,195.13896,195.1591,195.08938,195.14294
2026-08-01 17:45:00,195.14024,195.16772,195.0811,195.13322
2026-08-01 18:00:00,195.1226,195.14879,195.1226,195.14142
2026-08-01 18:15:00,195.13984,195.14763,195.00176,195.14389
2026-08-01 18:30:00,195.13852,195.14859,195.13658,195.14338
2026-08-01 18:45:00,195.13986,195.14735,195.08531,195.14432
2026-08-01 19:00:00,195.13994,195.16862,195.09018,195.13063
2026-08-01 19:15:00,195.12262,195.14868,195.12262,195.13836
2026-08-01 19:30:00,195.13975,195.1539,195.08347,195.1444
2026-08-01 19:45:00,195.14016,195.14848,195.13702,195.14385
2026-08-01 20:00:00,195.13963,195.14833,194.99514,195.14242
2026-08-01 20:15:00,195.13979,195.14847,195.08439,195.13264
2026-08-01 20:30:00,195.12594,195.14847,195.12594,195.1445
2026-08-01 20:45:00,195.13979,195.17267,195.09174,195.14316
2026-08-01 21:00:00,195.13926,195.14856,195.07019,195.14283
2026-08-01 21:15:00,195.13953,195.1475,195.08316,195.13902
2026-08-01 21:30:00,195.13973,195.14849,194.97229,195.0927
2026-08-01 21:45:00,195.07523,195.14144,195.05177,195.14141
2026-08-01 22:00:00,195.13798,195.14821,195.08289,195.13986
2026-08-01 22:15:00,195.1358,195.14846,195.1358,195.13982
2026-08-01 22:30:00,195.13992,195.14834,195.08758,195.1384
2026-08-01 22:45:00,195.13954,195.14863,195.08166,195.09027
2026-08-01 23:00:00,195.1026,195.1485,195.1026,195.1441
2026-08-01 23:15:00,195.1399,195.25236,194.97788,195.12821
2026-08-01 23:30:00,195.12237,195.14869,195.12237,195.13853
2026-08-01 23:45:00,195.13991,195.15075,195.08625,195.14456
2026-08-02 00:00:00,195.14125,195.14942,195.08186,195.09191
2026-08-02 00:15:00,195.10301,195.15257,195.10301,195.14562
2026-08-02 00:30:00,195.14424,195.16697,195.08485,195.15474
2026-08-02 00:45:00,195.14897,195.16214,195.14852,195.15718
2026-08-02 01:00:00,195.15339,195.24407,194.98963,195.16891
2026-08-02 01:15:00,195.16445,195.17469,195.10668,195.1143
2026-08-02 01:30:00,195.1256,195.17853,195.1256,195.16931
2026-08-02 01:45:00,195.17068,195.17949,195.10769,195.17525
2026-08-02 02:00:00,195.16988,195.58649,195.11194,195.11767
2026-08-02 02:15:00,195.11364,195.15281,195.06924,195.13971
2026-08-02 02:30:00,195.13683,195.18239,194.97079,194.99331
2026-08-02 02:45:00,195.04209,195.15915,195.04209,195.14723
2026-08-02 03:00:00,195.14716,195.56153,195.0561,195.13934
2026-08-02 03:15:00,195.13543,195.14813,195.13543,195.14293
2026-08-02 03:30:00,195.13945,195.15704,195.08093,195.14832
2026-08-02 03:45:00,195.1489,195.15832,195.12165,195.13115
2026-08-02 04:00:00,195.14387,195.56664,194.96109,195.10444
2026-08-02 04:15:00,195.10148,195.11789,194.94594,195.11476
2026-08-02 04:30:00,195.10225,195.15542,195.10225,195.15078
2026-08-02 04:45:00,195.14817,195.18778,195.08804,195.15018
2026-08-02 05:00:00,195.14492,195.58078,194.92243,195.13263
2026-08-02 05:15:00,195.13042,195.14809,195.08243,195.14391
2026-08-02 05:30:00,195.13925,195.14982,195.06667,195.13646
2026-08-02 05:45:00,195.13354,195.14614,195.00871,195.02466
2026-08-02 06:00:00,195.05706,195.54063,195.00411,195.13941
2026-08-02 06:15:00,195.13604,195.18265,195.08987,195.16802
2026-08-02 06:30:00,195.14524,195.14524,195.06368,195.12649
2026-08-02 06:45:00,195.12484,195.14167,195.0661,195.11204
2026-08-02 07:00:00,195.11347,195.61508,195.0538,195.10134
2026-08-02 07:15:00,195.10166,195.12183,195.05069,195.11952
2026-08-02 07:30:00,195.11518,195.17718,195.02353,195.15672
2026-08-02 07:45:00,195.12373,195.16192,194.98918,195.13966
2026-08-02 08:00:00,195.13332,195.53066,195.06243,195.12302
2026-08-02 08:15:00,195.11704,195.13201,195.11704,195.12749
2026-08-02 08:30:00,195.1235,195.20233,195.02603,195.12056
2026-08-02 08:45:00,195.11478,195.14516,195.11478,195.13587
2026-08-02 09:00:00,195.13674,195.54382,194.81298,195.09174
2026-08-02 09:15:00,195.09222,195.11379,194.95229,195.11081
2026-08-02 09:30:00,195.10019,195.14264,195.10019,195.13756
2026-08-02 09:45:00,195.13389,195.14418,195.05868,195.13893
2026-08-02 10:00:00,195.13926,195.15117,195.13869,195.14131
2026-08-02 10:15:00,195.14233,195.17432,195.08725,195.14891
2026-08-02 10:30:00,195.14478,195.17116,195.09342,195.13774
2026-08-02 10:45:00,195.12958,195.16567,195.12958,195.1616
2026-08-02 11:00:00,195.1592,195.1683,194.94403,195.11991
2026-08-02 11:15:00,195.13304,195.16762,195.08462,195.13435
2026-08-02 11:30:00,195.13146,195.1477,195.06537,195.14299
2026-08-02 11:45:00,195.13866,195.18404,195.10696,195.12245
2026-08-02 12:00:00,195.12091,195.14987,195.11812,195.13954
2026-08-02 12:15:00,195.14099,195.15007,195.07858,195.14219
2026-08-02 12:30:00,195.1261,195.16206,195.1261,195.15895
2026-08-02 12:45:00,195.15446,195.17506,194.99129,195.16874
2026-08-02 13:00:00,195.16695,195.17604,195.10454,195.16766
2026-08-02 13:15:00,195.161,195.18041,195.161,195.17597
2026-08-02 13:30:00,195.17181,195.2152,195.10962,195.17842
2026-08-02 13:45:00,195.17408,195.18419,195.17216,195.17793
2026-08-02 14:00:00,195.17541,195.21447,195.06553,195.16968
2026-08-02 14:15:00,195.16193,195.31545,194.9995,195.1465
2026-08-02 14:30:00,195.13179,195.18796,195.13179,195.18412
2026-08-02 14:45:00,195.18018,195.22468,195.06344,195.15352
2026-08-02 15:00:00,195.14689,195.18851,195.13832,195.18096
2026-08-02 15:15:00,195.18177,195.19088,195.10508,195.18774
2026-08-02 15:30:00,195.1827,195.19214,195.0242,195.11892
2026-08-02 15:45:00,195.09184,195.15846,195.09184,195.15319
2026-08-02 16:00:00,195.14939,195.29007,195.00686,195.18181
2026-08-02 16:15:00,195.17786,195.19149,195.17786,195.18184
2026-08-02 16:30:00,195.18287,195.19137,195.10489,195.18684
2026-08-02 16:45:00,195.18401,195.19296,195.10849,195.16907
2026-08-02 17:00:00,195.16246,195.19398,195.16246,195.18757
2026-08-02 17:15:00,195.18534,195.23089,195.10738,195.18972
2026-08-02 17:30:00,195.18411,195.19485,195.18209,195.18923
2026-08-02 17:45:00,195.18625,195.25092,195.01524,195.17939
2026-08-02 18:00:00,195.17448,195.19014,195.09743,195.14098
2026-08-02 18:15:00,195.12627,195.17746,195.12627,195.16749
2026-08-02 18:30:00,195.16895,195.17745,195.115,195.13492
2026-08-02 18:45:00,195.13109,195.17832,195.12909,195.17546
2026-08-02 19:00:00,195.1711,195.22878,195.09243,195.11994
2026-08-02 19:15:00,195.11776,195.1668,194.98222,195.03062
2026-08-02 19:30:00,195.03185,195.0406,195.02898,195.03647
2026-08-02 19:45:00,195.03185,195.05964,194.99257,195.01031
2026-08-02 20:00:00,195.00636,195.01513,195.00344,195.00953
2026-08-02 20:15:00,195.00636,195.01514,195.00367,195.00621
2026-08-02 20:30:00,195.007,195.01561,194.96188,194.97449
2026-08-02 20:45:00,194.9751,194.98434,194.97279,194.979
2026-08-02 21:00:00,194.97561,194.98438,194.9727,194.9794
2026-08-02 21:15:00,194.97561,194.98453,194.97309,194.97586
2026-08-02 21:30:00,194.97602,195.4274,194.91236,195.29511
2026-08-02 21:45:00,195.29561,195.3043,195.29273,195.29912
2026-08-02 22:00:00,195.29561,195.30463,195.29273,195.29956
2026-08-02 22:15:00,195.29587,195.30445,195.29294,195.29558
2026-08-02 22:30:00,195.29587,195.30486,195.29315,195.29508
2026-08-02 22:45:00,195.29608,195.30484,195.29329,195.29913
2026-08-02 23:00:00,195.29624,195.30494,195.29336,195.30035
2026-08-02 23:15:00,195.29624,195.56525,195.18361,195.45498
2026-08-02 23:30:00,195.45501,195.46377,195.45214,195.45386
2026-08-02 23:45:00,195.45501,195.46468,195.45271,195.45861
2026-08-03 00:00:00,195.456,195.65962,194.94722,195.05262
2026-08-03 00:15:00,195.04823,195.057,195.04535,195.0501
2026-08-03 00:30:00,195.04823,195.05875,195.04594,195.04919
2026-08-03 00:45:00,195.05059,195.05933,194.92945,194.97142
2026-08-03 01:00:00,194.96702,195.4306,194.84729,195.27008
2026-08-03 01:15:00,195.26571,195.27498,195.26286,195.26984
2026-08-03 01:30:00,195.26784,195.2765,195.26494,195.26647
2026-08-03 01:45:00,195.26784,195.27809,195.26509,195.27387
2026-08-03 02:00:00,195.26955,195.72995,195.11783,195.12359
2026-08-03 02:15:00,195.11974,195.14052,195.10289,195.13448
2026-08-03 02:30:00,195.1314,195.43456,195.12873,195.2447
2026-08-03 02:45:00,195.26267,195.26267,195.14,195.14231
2026-08-03 03:00:00,195.14274,195.43552,195.0593,195.17448
2026-08-03 03:15:00,195.17083,195.1795,195.16772,195.17436
2026-08-03 03:30:00,195.17077,195.18274,195.17008,195.17367
2026-08-03 03:45:00,195.17409,195.18248,195.16864,195.17305
2026-08-03 04:00:00,195.1738,195.59814,195.01764,195.03411
2026-08-03 04:15:00,195.05815,195.46896,195.05815,195.17901
2026-08-03 04:30:00,195.17538,195.21441,195.10559,195.16977
2026-08-03 04:45:00,195.16638,195.1907,194.88685,194.90826
2026-08-03 05:00:00,194.96074,195.23887,194.65477,194.709
2026-08-03 05:15:00,194.70677,195.06752,194.56713,194.78218
2026-08-03 05:30:00,194.80812,194.99,194.71561,194.82171
2026-08-03 05:45:00,194.83951,194.87892,194.64778,194.70136
2026-08-03 06:00:00,194.68641,194.93974,194.48067,194.92601
2026-08-03 06:15:00,194.90103,194.95379,194.70745,194.86907
2026-08-03 06:30:00,194.8365,195.05076,194.77895,194.91759
2026-08-03 06:45:00,194.90274,194.92451,194.78924,194.91945
2026-08-03 07:00:00,194.90506,195.05069,194.74485,195.00426
2026-08-03 07:15:00,194.9905,195.14784,194.97076,195.03447
2026-08-03 07:30:00,195.04843,195.15012,195.00365,195.10573
2026-08-03 07:45:00,195.09615,195.19513,195.07321,195.14248
2026-08-03 08:00:00,195.12791,195.29242,194.82649,194.85926
2026-08-03 08:15:00,194.86345,195.20807,194.81938,195.05122
2026-08-03 08:30:00,195.14598,195.14598,194.78137,194.88126
2026-08-03 08:45:00,194.86221,194.93679,194.7395,194.9224
2026-08-03 09:00:00,194.90025,195.2423,194.78925,195.21834
2026-08-03 09:15:00,195.18199,195.59091,195.18199,195.43088
2026-08-03 09:30:00,195.52291,195.55631,195.27589,195.55049
2026-08-03 09:45:00,195.53894,195.53894,195.25873,195.28205
2026-08-03 10:00:00,195.2875,195.50508,195.26481,195.4925
2026-08-03 10:15:00,195.47312,195.54095,194.32857,194.47989
2026-08-03 10:30:00,194.74745,194.74745,192.88047,192.93097
2026-08-03 10:45:00,193.01493,193.5833,192.57638,193.55703
2026-08-03 11:00:00,193.50044,193.73695,192.68878,193.34024
2026-08-03 11:15:00,193.30983,193.43003,193.18888,193.3434
2026-08-03 11:30:00,193.32023,193.55234,193.2188,193.33827
2026-08-03 11:45:00,193.34624,193.38622,193.22034,193.28511
2026-08-03 12:00:00,193.26696,193.57223,193.26088,193.41973
2026-08-03 12:15:00,193.43624,193.45016,193.31395,193.43417
2026-08-03 12:30:00,193.42201,193.44507,193.2009,193.3027
2026-08-03 12:45:00,193.281,193.47315,193.281,193.39995
2026-08-03 13:00:00,193.41383,193.57465,193.3656,193.48414
2026-08-03 13:15:00,193.50318,193.52662,193.39558,193.49175
2026-08-03 13:30:00,193.48646,193.52456,193.38021,193.38322
2026-08-03 13:45:00,193.39008,193.48834,193.38882,193.43395
2026-08-03 14:00:00,193.43854,193.47505,193.33451,193.45167
2026-08-03 14:15:00,193.43566,193.52317,193.37969,193.50748
2026-08-03 14:30:00,193.50034,193.52704,193.39292,193.44088
2026-08-03 14:45:00,193.44325,193.55298,193.39205,193.49029
2026-08-03 15:00:00,193.48154,193.51381,193.40128,193.5042
2026-08-03 15:15:00,193.49917,193.55466,193.44991,193.53302
2026-08-03 15:30:00,193.52928,193.5993,193.48035,193.52042
2026-08-03 15:45:00,193.52799,193.55713,193.46826,193.47271
2026-08-03 16:00:00,193.47829,193.62063,193.45421,193.6153
2026-08-03 16:15:00,193.60454,193.86111,193.53619,193.77682
2026-08-03 16:30:00,193.78321,193.81615,193.64231,193.76332
2026-08-03 16:45:00,193.7653,193.81077,193.71477,193.72101
2026-08-03 17:00:00,193.72854,193.73986,193.6016,193.61815
2026-08-03 17:15:00,193.64409,193.76089,193.59273,193.64018
2026-08-03 17:30:00,193.64967,193.86917,193.60775,193.84595
2026-08-03 17:45:00,193.83329,193.95095,193.83329,193.94706
2026-08-03 18:00:00,193.93823,193.97326,193.81537,193.90337
2026-08-03 18:15:00,193.87193,193.97637,193.80795,193.88933
2026-08-03 18:30:00,193.8789,193.9775,193.77085,193.94363
2026-08-03 18:45:00,193.9341,194.039,193.86925,194.03364
2026-08-03 19:00:00,194.02123,194.20332,194.02123,194.17133
2026-08-03 19:15:00,194.17668,194.2064,194.06885,194.16144
2026-08-03 19:30:00,194.17608,194.42658,194.17608,194.41966
2026-08-03 19:45:00,194.40929,194.43127,194.18628,194.30452
2026-08-03 20:00:00,194.27498,194.27498,194.10472,194.18081
2026-08-03 20:15:00,194.16843,194.16843,194.02723,194.08348
2026-08-03 20:30:00,194.07908,194.07908,193.9716,193.97485
2026-08-03 20:45:00,193.98178,194.03408,193.82212,193.84622
2026-08-03 21:00:00,193.85471,193.92208,193.81455,193.85853
2026-08-03 21:15:00,193.85542,193.92619,193.78863,193.92155
2026-08-03 21:30:00,193.90812,194.03896,193.90812,194.0002
2026-08-03 21:45:00,194.01243,194.04082,193.78802,193.86361
2026-08-03 22:00:00,193.89686,193.97808,193.82398,193.82902
2026-08-03 22:15:00,193.83324,193.86454,193.7543,193.81581
2026-08-03 22:30:00,193.79686,193.90935,193.73997,193.89305
2026-08-03 22:45:00,193.87965,193.90295,193.75417,193.80544
2026-08-03 23:00:00,193.78864,193.91417,193.78636,193.79874
2026-08-03 23:15:00,193.82192,193.82192,193.40956,193.5143
2026-08-03 23:30:00,193.50215,193.50697,193.14106,193.21089
2026-08-03 23:45:00,193.20351,193.41983,193.16545,193.40318
2026-08-04 00:00:00,193.38123,193.50893,193.3228,193.40658
2026-08-04 00:15:00,193.39291,193.41683,193.17976,193.39958
2026-08-04 00:30:00,193.39505,193.44276,193.26566,193.42517
2026-08-04 00:45:00,193.38833,193.49902,193.20083,193.20703
2026-08-04 01:00:00,193.22061,193.31735,193.15868,193.24885
2026-08-04 01:15:00,193.24132,193.39763,193.23117,193.26658
2026-08-04 01:30:00,193.30228,193.37507,193.18256,193.35574
2026-08-04 01:45:00,193.30933,193.70664,193.30933,193.67668
2026-08-04 02:00:00,193.6703,193.68251,193.54672,193.55528
2026-08-04 02:15:00,193.56768,193.56768,193.38294,193.4608
2026-08-04 02:30:00,193.45032,193.64292,193.44075,193.52846
2026-08-04 02:45:00,193.53955,193.53955,193.4532,193.46946
2026-08-04 03:00:00,193.47345,193.48381,193.43196,193.44343
2026-08-04 03:15:00,193.44679,193.50559,193.4369,193.49109
2026-08-04 03:30:00,193.48419,193.53571,193.45086,193.47781
2026-08-04 03:45:00,193.47354,193.55405,193.44872,193.55186
2026-08-04 04:00:00,193.54727,193.5969,193.5187,193.54793
2026-08-04 04:15:00,193.55279,193.58135,193.51905,193.57112
2026-08-04 04:30:00,193.566,193.58821,193.51327,193.52481
2026-08-04 04:45:00,193.53827,193.61575,193.4846,193.49655
2026-08-04 05:00:00,193.51661,193.65026,193.46698,193.63828
2026-08-04 05:15:00,193.62205,193.68695,193.6217,193.66958
2026-08-04 05:30:00,193.66592,193.69743,193.64345,193.69211
2026-08-04 05:45:00,193.68832,193.73742,193.66794,193.70286
2026-08-04 06:00:00,193.70829,193.80475,193.70671,193.79769
2026-08-04 06:15:00,193.788,193.9843,193.78219,193.97595
2026-08-04 06:30:00,193.95807,193.99133,193.8523,193.94599
2026-08-04 06:45:00,193.92967,194.00442,193.92967,193.97092
2026-08-04 07:00:00,193.96373,194.1141,193.92037,194.0191
2026-08-04 07:15:00,194.03066,194.04992,193.91396,194.03097
2026-08-04 07:30:00,194.02171,194.08888,194.02171,194.06963
2026-08-04 07:45:00,194.0659,194.09844,194.02476,194.06145
2026-08-04 08:00:00,194.06713,194.28507,194.00171,194.22898
2026-08-04 08:15:00,194.21905,194.2484,194.19833,194.21735
2026-08-04 08:30:00,194.21032,194.26511,194.12135,194.24882
2026-08-04 08:45:00,194.25209,194.27467,194.23259,194.24404
2026-08-04 09:00:00,194.24225,194.24966,194.19594,194.24411
2026-08-04 09:15:00,194.23771,194.28601,194.16955,194.27142
2026-08-04 09:30:00,194.26385,194.42001,194.26261,194.41249
2026-08-04 09:45:00,194.40348,194.54426,194.39954,194.41915
2026-08-04 10:00:00,194.4433,194.47053,194.29468,194.31532
2026-08-04 10:15:00,194.32272,194.37601,194.14665,194.26395
2026-08-04 10:30:00,194.25322,194.45693,194.25322,194.45084
2026-08-04 10:45:00,194.43624,194.49974,194.32946,194.37692
2026-08-04 11:00:00,194.36648,194.47955,194.36587,194.47111
2026-08-04 11:15:00,194.45937,194.49335,194.37882,194.47637
2026-08-04 11:30:00,194.46943,194.48461,194.37086,194.41737
2026-08-04 11:45:00,194.41346,194.57328,194.40492,194.56834
2026-08-04 12:00:00,194.55862,194.69848,194.5429,194.64667
2026-08-04 12:15:00,194.63802,194.66909,194.59523,194.63302
2026-08-04 12:30:00,194.63988,194.70207,194.6001,194.68859
2026-08-04 12:45:00,194.68239,194.74868,194.62963,194.66946
2026-08-04 13:00:00,194.68408,194.68408,194.56489,194.60036
2026-08-04 13:15:00,194.59254,194.60959,194.52694,194.58647
2026-08-04 13:30:00,194.57765,194.67851,194.4877,194.49035
2026-08-04 13:45:00,194.48811,194.57582,194.48811,194.56182
2026-08-04 14:00:00,194.55221,194.56009,194.48476,194.5294
2026-08-04 14:15:00,194.52594,194.58441,194.51991,194.52735
2026-08-04 14:30:00,194.53038,194.53282,194.39869,194.40166
2026-08-04 14:45:00,194.40513,194.48443,194.39476,194.46976
2026-08-04 15:00:00,194.46523,194.48894,194.40466,194.44241
2026-08-04 15:15:00,194.43561,194.51935,194.42442,194.5162
2026-08-04 15:30:00,194.50954,194.57922,194.47646,194.57106
2026-08-04 15:45:00,194.5546,194.61685,194.55145,194.61377
2026-08-04 16:00:00,194.60958,194.6863,194.53306,194.60609
2026-08-04 16:15:00,194.62049,194.64564,194.51711,194.61518
2026-08-04 16:30:00,194.62625,194.67306,194.57363,194.66668
2026-08-04 16:45:00,194.65382,194.69786,194.5529,194.61266
2026-08-04 17:00:00,194.60037,194.72464,194.55174,194.65761
2026-08-04 17:15:00,194.65943,194.73977,194.61676,194.70486
2026-08-04 17:30:00,194.69473,194.82909,194.58491,194.82184
2026-08-04 17:45:00,194.80592,194.83143,194.70558,194.796
2026-08-04 18:00:00,194.79841,194.86239,194.76535,194.81211
2026-08-04 18:15:00,194.80934,194.84002,194.75108,194.82829
2026-08-04 18:30:00,194.81212,194.85702,194.7255,194.72842
2026-08-04 18:45:00,194.73308,194.78778,194.68085,194.77338
2026-08-04 19:00:00,194.76363,194.9314,194.76363,194.92856
2026-08-04 19:15:00,194.92163,194.95524,194.87946,194.952
2026-08-04 19:30:00,194.94719,194.96243,194.87365,194.93559
2026-08-04 19:45:00,194.92329,194.97036,194.88981,194.91442
2026-08-04 20:00:00,194.91073,194.98899,194.87862,194.9732
2026-08-04 20:15:00,194.96804,194.97948,194.89859,194.90578
2026-08-04 20:30:00,194.91978,194.93931,194.84361,194.89324
2026-08-04 20:45:00,194.88244,194.96695,194.83216,194.8625
2026-08-04 21:00:00,194.85575,194.87348,194.81682,194.82305
2026-08-04 21:15:00,194.82765,194.88469,194.824,194.87953
2026-08-04 21:30:00,194.87023,194.93685,194.79094,194.85851
2026-08-04 21:45:00,194.84162,194.90827,194.69682,194.72502
2026-08-04 22:00:00,194.75081,194.75081,194.45722,194.55424
2026-08-04 22:15:00,194.55509,194.80318,194.52296,194.76821
2026-08-04 22:30:00,194.75186,194.86389,194.70842,194.82462
2026-08-04 22:45:00,194.82704,194.83537,194.69629,194.72323
2026-08-04 23:00:00,194.73302,194.77043,194.58372,194.60598
2026-08-04 23:15:00,194.60226,194.67699,194.4971,194.59103
2026-08-04 23:30:00,194.61295,194.61295,194.46038,194.6006
2026-08-04 23:45:00,194.58473,194.76782,194.55409,194.74793
2026-08-05 00:00:00,194.75377,194.7741,194.64932,194.74879
2026-08-05 00:15:00,194.73871,194.86314,194.6383,194.79113
2026-08-05 00:30:00,194.77939,194.85741,194.74762,194.83612
2026-08-05 00:45:00,194.84157,194.88226,194.79404,194.83904
2026-08-05 01:00:00,194.82305,194.83208,194.67282,194.70183
2026-08-05 01:15:00,194.69643,194.70433,194.59661,194.62546
2026-08-05 01:30:00,194.62958,194.63422,194.45851,194.46972
2026-08-05 01:45:00,194.46779,194.57516,194.43864,194.56177
2026-08-05 02:00:00,194.54337,194.58288,194.51883,194.55598
2026-08-05 02:15:00,194.54747,194.54747,194.41736,194.48443
2026-08-05 02:30:00,194.47663,194.51694,194.42928,194.50718
2026-08-05 02:45:00,194.48878,194.57631,194.48878,194.52615
2026-08-05 03:00:00,194.53103,194.60397,194.48415,194.56287
2026-08-05 03:15:00,194.57259,194.58826,194.53649,194.5739
2026-08-05 03:30:00,194.56641,194.62296,194.54395,194.61858
2026-08-05 03:45:00,194.60888,194.6311,194.57432,194.59543
2026-08-05 04:00:00,194.59076,194.63227,194.5631,194.61274
2026-08-05 04:15:00,194.61013,194.65644,194.60203,194.65422
2026-08-05 04:30:00,194.65036,194.74265,194.63717,194.73992
2026-08-05 04:45:00,194.73278,194.84538,194.73278,194.811
2026-08-05 05:00:00,194.81545,194.99036,194.79753,194.98644
2026-08-05 05:15:00,194.97794,195.00696,194.96438,195.0044
2026-08-05 05:30:00,194.99527,195.01109,194.95312,194.98935
2026-08-05 05:45:00,194.98559,195.00712,194.90338,194.90912
2026-08-05 06:00:00,194.92274,194.98815,194.92274,194.95087
2026-08-05 06:15:00,194.95239,194.98483,194.9204,194.96968
2026-08-05 06:30:00,194.96413,194.98785,194.94492,194.98506
2026-08-05 06:45:00,194.98055,195.013,194.96544,194.98779
2026-08-05 07:00:00,194.99359,195.0145,194.86781,194.98764
2026-08-05 07:15:00,194.98518,194.98537,194.90529,194.92981
2026-08-05 07:30:00,194.92381,194.99104,194.92027,194.98773
2026-08-05 07:45:00,194.97821,195.00042,194.91067,194.98553
2026-08-05 08:00:00,194.98038,194.99,194.90002,194.94436
2026-08-05 08:15:00,194.93419,194.98662,194.93419,194.98057
2026-08-05 08:30:00,194.97511,194.99884,194.94764,194.95486
2026-08-05 08:45:00,194.96671,194.96933,194.89741,194.92869
2026-08-05 09:00:00,194.92323,194.96204,194.88688,194.95781
2026-08-05 09:15:00,194.95155,194.97083,194.92367,194.93289
2026-08-05 09:30:00,194.93033,194.97369,194.91896,194.95506
2026-08-05 09:45:00,194.95409,194.96863,194.90231,194.912
2026-08-05 10:00:00,194.92803,194.98109,194.87696,194.89798
2026-08-05 10:15:00,194.89776,194.90628,194.79022,194.89014
2026-08-05 10:30:00,194.88102,194.91292,194.83258,194.90316
2026-08-05 10:45:00,194.89583,194.90482,194.71016,194.77387
2026-08-05 11:00:00,194.74436,194.81732,194.73739,194.75153
2026-08-05 11:15:00,194.75844,194.83962,194.71117,194.81515
2026-08-05 11:30:00,194.80972,194.85233,194.77579,194.85067
2026-08-05 11:45:00,194.84531,194.8798,194.79764,194.86398
2026-08-05 12:00:00,194.86744,194.95316,194.847,194.85372
2026-08-05 12:15:00,194.86245,194.86245,194.71362,194.72397
2026-08-05 12:30:00,194.74721,194.84274,194.69534,194.75511
2026-08-05 12:45:00,194.74024,194.85936,194.74024,194.82221
2026-08-05 13:00:00,194.82737,194.90684,194.81747,194.88768
2026-08-05 13:15:00,194.88988,194.95137,194.87428,194.94429
2026-08-05 13:30:00,194.93584,195.00196,194.91434,194.92106
2026-08-05 13:45:00,194.93018,194.94697,194.8642,194.87254
2026-08-05 14:00:00,194.88411,194.89127,194.83459,194.87738
2026-08-05 14:15:00,194.87183,194.92917,194.85227,194.88452
2026-08-05 14:30:00,194.88859,195.00356,194.88471,195.00236
2026-08-05 14:45:00,194.9978,195.07254,194.97656,195.04124
2026-08-05 15:00:00,195.0241,195.07168,195.01544,195.02074
2026-08-05 15:15:00,195.02725,195.05467,195.00258,195.03397
2026-08-05 15:30:00,195.0263,195.0792,195.00695,195.03597
2026-08-05 15:45:00,195.0423,195.10737,195.02603,195.09336
2026-08-05 16:00:00,195.08804,195.11397,195.02968,195.07341
2026-08-05 16:15:00,195.06842,195.14813,195.02001,195.0437
2026-08-05 16:30:00,195.03843,195.05488,194.89122,195.03817
2026-08-05 16:45:00,195.01692,195.15678,195.01692,195.15447
2026-08-05 17:00:00,195.14669,195.16894,195.05359,195.08882
2026-08-05 17:15:00,195.08336,195.08336,194.91026,194.93944
2026-08-05 17:30:00,194.93188,195.02,194.91034,194.94727
2026-08-05 17:45:00,194.94172,194.97007,194.86031,194.91901
2026-08-05 18:00:00,194.91132,194.97988,194.85948,194.92936
2026-08-05 18:15:00,194.9268,195.03283,194.9105,195.01808
2026-08-05 18:30:00,194.99817,195.08819,194.93096,194.93905
2026-08-05 18:45:00,194.9458,194.95322,194.8351,194.9086
2026-08-05 19:00:00,194.90427,194.99909,194.84802,194.9896
2026-08-05 19:15:00,194.97292,194.97292,194.87677,194.92355
2026-08-05 19:30:00,194.92882,194.99852,194.9255,194.93109
2026-08-05 19:45:00,194.93604,194.97518,194.89764,194.93354
2026-08-05 20:00:00,194.91948,194.95809,194.86015,194.90819
2026-08-05 20:15:00,194.89368,194.97611,194.81126,194.81432
2026-08-05 20:30:00,194.81914,194.8645,194.80041,194.82338
2026-08-05 20:45:00,194.83104,194.86088,194.75605,194.80537
2026-08-05 21:00:00,194.79797,194.88373,194.78243,194.82888
2026-08-05 21:15:00,194.82067,194.84577,194.73733,194.81137
2026-08-05 21:30:00,194.80062,194.91495,194.79617,194.87074
2026-08-05 21:45:00,194.87245,194.89137,194.82934,194.87569
2026-08-05 22:00:00,194.86169,194.90275,194.80062,194.80617
2026-08-05 22:15:00,194.81388,194.82573,194.69884,194.74902
2026-08-05 22:30:00,194.73997,194.8001,194.7176,194.77667
2026-08-05 22:45:00,194.75608,194.78807,194.72289,194.75548
2026-08-05 23:00:00,194.75058,194.76978,194.69516,194.74665
2026-08-05 23:15:00,194.72993,194.93514,194.7065,194.89616
2026-08-05 23:30:00,194.90806,194.93432,194.81527,194.82501
2026-08-05 23:45:00,194.83765,194.95431,194.79123,194.90947
2026-08-06 00:00:00,194.9201,195.09761,194.85168,195.02718
2026-08-06 00:15:00,195.04748,195.21723,195.01036,195.19382
2026-08-06 00:30:00,195.19625,195.20542,195.11173,195.14895
2026-08-06 00:45:00,195.13821,195.25095,195.09286,195.19017
2026-08-06 01:00:00,195.20554,195.21307,195.07838,195.20867
2026-08-06 01:15:00,195.1962,195.22214,195.15075,195.15632
2026-08-06 01:30:00,195.16353,195.2163,195.12681,195.213
2026-08-06 01:45:00,195.20795,195.25848,195.1148,195.20177
2026-08-06 02:00:00,195.19672,195.19748,195.11859,195.16903
2026-08-06 02:15:00,195.16267,195.19082,195.14585,195.18651
2026-08-06 02:30:00,195.17426,195.21118,195.16704,195.19758
2026-08-06 02:45:00,195.19107,195.32999,195.19107,195.29893
2026-08-06 03:00:00,195.30135,195.3127,195.21784,195.27539
2026-08-06 03:15:00,195.27303,195.3423,195.25315,195.33354
2026-08-06 03:30:00,195.31954,195.39479,195.30183,195.3908
2026-08-06 03:45:00,195.38451,195.43267,195.37503,195.4281
2026-08-06 04:00:00,195.42235,195.44328,195.37723,195.41957
2026-08-06 04:15:00,195.41551,195.45433,195.38949,195.42467
2026-08-06 04:30:00,195.41597,195.437,195.36789,195.37032
2026-08-06 04:45:00,195.37487,195.42904,195.36757,195.39706
2026-08-06 05:00:00,195.40073,195.41069,195.36156,195.37095
2026-08-06 05:15:00,195.37271,195.38578,195.32967,195.33466
2026-08-06 05:30:00,195.34086,195.35211,195.2748,195.336
2026-08-06 05:45:00,195.32971,195.38737,195.31869,195.38563
2026-08-06 06:00:00,195.38259,195.43159,195.357,195.41019
2026-08-06 06:15:00,195.41342,195.46621,195.41342,195.4633
2026-08-06 06:30:00,195.45142,195.48688,195.43323,195.43502
2026-08-06 06:45:00,195.43668,195.48384,195.42254,195.48174
2026-08-06 07:00:00,195.4772,195.50443,195.33718,195.40178
2026-08-06 07:15:00,195.39587,195.40356,195.36731,195.39172
2026-08-06 07:30:00,195.38552,195.41494,195.35205,195.36306
2026-08-06 07:45:00,195.36997,195.47275,195.30504,195.32741
2026-08-06 08:00:00,195.33886,195.40345,195.33886,195.39984
2026-08-06 08:15:00,195.39343,195.42535,195.38898,195.42007
2026-08-06 08:30:00,195.41522,195.42988,195.39308,195.40126
2026-08-06 08:45:00,195.39781,195.42127,195.38232,195.3843
2026-08-06 09:00:00,195.38763,195.39636,195.35781,195.3779
2026-08-06 09:15:00,195.37138,195.39449,195.36726,195.39438
2026-08-06 09:30:00,195.39149,195.41714,195.36681,195.37049
2026-08-06 09:45:00,195.37415,195.39167,195.31371,195.36358
2026-08-06 10:00:00,195.36652,195.47351,195.35742,195.47017
2026-08-06 10:15:00,195.46493,195.5395,195.45711,195.50589
2026-08-06 10:30:00,195.50062,195.52932,195.47243,195.48586
2026-08-06 10:45:00,195.48104,195.61307,195.47528,195.53829
2026-08-06 11:00:00,195.54345,195.58209,195.52748,195.53123
2026-08-06 11:15:00,195.54141,195.58955,195.50268,195.50716
2026-08-06 11:30:00,195.51321,195.52555,195.46832,195.5131
2026-08-06 11:45:00,195.5084,195.55381,195.4899,195.54124
2026-08-06 12:00:00,195.54506,195.56618,195.48071,195.4823
2026-08-06 12:15:00,195.48755,195.57192,195.47358,195.54751
2026-08-06 12:30:00,195.55057,195.58117,195.53827,195.57774
2026-08-06 12:45:00,195.57305,195.58225,195.5173,195.51994
2026-08-06 13:00:00,195.52309,195.57311,195.51612,195.5357
2026-08-06 13:15:00,195.53984,195.55236,195.45445,195.45662
2026-08-06 13:30:00,195.45909,195.47417,195.41379,195.41661
2026-08-06 13:45:00,195.41738,195.42764,195.37892,195.40664
2026-08-06 14:00:00,195.4013,195.41773,195.38867,195.41446
2026-08-06 14:15:00,195.40971,195.41519,195.36704,195.38091
2026-08-06 14:30:00,195.38342,195.41561,195.36518,195.3764
2026-08-06 14:45:00,195.37187,195.37549,195.34544,195.36534
2026-08-06 15:00:00,195.36193,195.38588,195.32344,195.32422
2026-08-06 15:15:00,195.32603,195.35129,195.30714,195.34053
2026-08-06 15:30:00,195.34095,195.3809,195.32788,195.35348
2026-08-06 15:45:00,195.3556,195.42617,195.33181,195.40514
2026-08-06 16:00:00,195.40093,195.43219,195.34269,195.36285
2026-08-06 16:15:00,195.3603,195.38706,195.31873,195.34247
2026-08-06 16:30:00,195.34582,195.35401,195.23537,195.26776
2026-08-06 16:45:00,195.2628,195.3085,195.24246,195.24968
2026-08-06 17:00:00,195.24482,195.27816,195.16227,195.19746
2026-08-06 17:15:00,195.19902,195.24997,195.16741,195.17645
2026-08-06 17:30:00,195.18154,195.26861,195.16451,195.26162
2026-08-06 17:45:00,195.24735,195.2707,195.20574,195.22828
2026-08-06 18:00:00,195.2297,195.29018,195.21166,195.24872
2026-08-06 18:15:00,195.26069,195.26898,195.20902,195.21142
2026-08-06 18:30:00,195.21415,195.24522,195.14718,195.19352
2026-08-06 18:45:00,195.19223,195.19223,195.14875,195.1775
2026-08-06 19:00:00,195.17231,195.22164,195.1575,195.18873
2026-08-06 19:15:00,195.1855,195.20101,195.12676,195.14505
2026-08-06 19:30:00,195.1413,195.15661,195.00326,195.00436
2026-08-06 19:45:00,195.00622,195.04917,194.97817,195.04761
2026-08-06 20:00:00,195.04364,195.04364,194.9818,194.99981
2026-08-06 20:15:00,195.01953,195.0344,194.93176,195.00347
2026-08-06 20:30:00,195.01003,195.07297,195.00445,195.03953
2026-08-06 20:45:00,195.04374,195.04612,194.98375,195.02447
2026-08-06 21:00:00,195.01441,195.11424,195.01441,195.10309
2026-08-06 21:15:00,195.09509,195.09509,195.00361,195.05413
2026-08-06 21:30:00,195.03818,195.04375,194.97825,194.97937
2026-08-06 21:45:00,194.98225,194.9934,194.93465,194.95263
2026-08-06 22:00:00,194.95433,195.0133,194.8904,194.89893
2026-08-06 22:15:00,194.90907,194.99411,194.90188,194.9888
2026-08-06 22:30:00,194.97757,195.07399,194.97757,195.06506
2026-08-06 22:45:00,195.04894,195.06385,194.90738,194.98994
2026-08-06 23:00:00,194.98323,195.02964,194.90032,194.95239
2026-08-06 23:15:00,194.94412,195.0755,194.90055,195.0334
2026-08-06 23:30:00,195.02244,195.12409,195.00755,195.1193
2026-08-06 23:45:00,195.11176,195.16869,195.06078,195.11881
2026-08-07 00:00:00,195.10035,195.39727,195.09461,195.26118
2026-08-07 00:15:00,195.2959,195.38622,195.2193,195.32197
2026-08-07 00:30:00,195.32864,195.47124,195.32864,195.39822
2026-08-07 00:45:00,195.39149,195.40452,195.29544,195.29861
2026-08-07 01:00:00,195.30308,195.34351,195.2347,195.30685
2026-08-07 01:15:00,195.29542,195.32546,194.94566,194.96568
2026-08-07 01:30:00,194.9731,194.9731,194.82302,194.82949
2026-08-07 01:45:00,194.83973,194.9348,194.7478,194.92138
2026-08-07 02:00:00,194.89723,195.04912,194.88519,195.00689
2026-08-07 02:15:00,195.02135,195.02268,194.8717,194.99742
2026-08-07 02:30:00,194.9923,195.09785,194.97265,195.03656
2026-08-07 02:45:00,195.04406,195.13617,195.00977,195.12814
2026-08-07 03:00:00,195.11659,195.14522,195.00636,195.0088
2026-08-07 03:15:00,195.01137,195.01682,194.95848,194.97257
2026-08-07 03:30:00,194.96689,194.97686,194.91693,194.92503
2026-08-07 03:45:00,194.92907,194.99705,194.86098,194.99284
2026-08-07 04:00:00,194.98556,195.06497,194.95024,194.99727
2026-08-07 04:15:00,194.99982,195.01223,194.9383,194.98569
2026-08-07 04:30:00,194.97944,195.01719,194.95665,194.96145
2026-08-07 04:45:00,194.96852,194.99515,194.91754,194.94558
2026-08-07 05:00:00,194.94771,195.00883,194.93904,194.98643
2026-08-07 05:15:00,194.99199,195.04008,194.94047,195.01954
2026-08-07 05:30:00,195.01342,195.0265,194.93727,194.95153
2026-08-07 05:45:00,194.948,195.04396,194.93527,194.99422
2026-08-07 06:00:00,194.99835,195.05668,194.9885,195.03907
2026-08-07 06:15:00,195.04164,195.06566,194.99846,195.0028
2026-08-07 06:30:00,195.00814,195.0384,194.98875,195.02172
2026-08-07 06:45:00,195.01776,195.07575,195.01093,195.07246
2026-08-07 07:00:00,195.06704,195.15601,194.94987,194.95618
2026-08-07 07:15:00,194.95894,195.08416,194.91889,195.051
2026-08-07 07:30:00,195.0468,195.0468,195.02246,195.03633
2026-08-07 07:45:00,195.0332,195.06065,194.96875,195.00465
2026-08-07 08:00:00,195.0141,195.16826,194.98335,195.01444
2026-08-07 08:15:00,195.01938,195.03222,194.99594,195.0156
2026-08-07 08:30:00,195.01353,195.01353,194.98195,194.99807
2026-08-07 08:45:00,194.99438,195.01456,194.96715,195.00447
2026-08-07 09:00:00,195.00476,195.06198,194.97074,194.97134
2026-08-07 09:15:00,194.97433,195.00074,194.95759,194.99747
2026-08-07 09:30:00,194.99545,194.99594,194.94753,194.95508
2026-08-07 09:45:00,194.95768,194.98867,194.95211,194.98426
2026-08-07 10:00:00,194.97515,195.02288,194.95419,194.99813
2026-08-07 10:15:00,194.98995,195.04713,194.98794,195.04591
2026-08-07 10:30:00,195.04215,195.06963,194.99286,195.0291
2026-08-07 10:45:00,195.02472,195.10907,194.98046,195.02111
2026-08-07 11:00:00,195.01563,195.06443,194.97787,194.99049
2026-08-07 11:15:00,194.99689,194.99689,194.8969,194.94213
2026-08-07 11:30:00,194.93924,194.93924,194.7617,194.81433
2026-08-07 11:45:00,194.7958,194.88948,194.7958,194.86833
2026-08-07 12:00:00,194.86229,194.92123,194.85381,194.86473
2026-08-07 12:15:00,194.87142,194.88592,194.84334,194.87041
2026-08-07 12:30:00,194.87059,194.88621,194.83684,194.86737
2026-08-07 12:45:00,194.86427,194.91898,194.82554,194.89517
2026-08-07 13:00:00,194.88667,194.92104,194.87663,194.91727
2026-08-07 13:15:00,194.91143,194.93999,194.90613,194.91868
2026-08-07 13:30:00,194.92096,194.93803,194.89193,194.93594
2026-08-07 13:45:00,194.92908,194.95776,194.88515,194.93757
2026-08-07 14:00:00,194.92908,194.94857,194.89904,194.92992
2026-08-07 14:15:00,194.92674,194.93352,194.90415,194.90558
2026-08-07 14:30:00,194.90852,194.92911,194.88303,194.9168
2026-08-07 14:45:00,194.91846,194.93559,194.88696,194.92645
2026-08-07 15:00:00,194.9171,194.9262,194.87664,194.90216
2026-08-07 15:15:00,194.90513,194.93597,194.87636,194.89162
2026-08-07 15:30:00,194.88773,194.91263,194.85817,194.90089
2026-08-07 15:45:00,194.89762,194.90999,194.84692,194.85316
2026-08-07 16:00:00,194.86254,194.93682,194.8439,194.9195
2026-08-07 16:15:00,194.92422,195.00971,194.91818,194.98932
2026-08-07 16:30:00,194.98992,195.04858,194.94509,194.95009
2026-08-07 16:45:00,194.95848,195.03843,194.95848,195.02727
2026-08-07 17:00:00,195.01381,195.09024,194.97914,195.06286
2026-08-07 17:15:00,195.06823,195.1389,195.05977,195.11329
2026-08-07 17:30:00,195.10906,195.14123,195.07237,195.09146
2026-08-07 17:45:00,195.09581,195.26826,195.08396,195.25991
2026-08-07 18:00:00,195.2458,195.24844,195.17119,195.23998
2026-08-07 18:15:00,195.23321,195.29013,195.22327,195.24076
2026-08-07 18:30:00,195.23373,195.32976,195.21387,195.28768
2026-08-07 18:45:00,195.28136,195.30891,195.21447,195.26011
2026-08-07 19:00:00,195.2515,195.36188,195.21617,195.3569
2026-08-07 19:15:00,195.34407,195.42471,195.34275,195.37005
2026-08-07 19:30:00,195.37605,195.39403,195.34889,195.38704
2026-08-07 19:45:00,195.3819,195.43665,195.3751,195.42594
2026-08-07 20:00:00,195.41446,195.4783,195.39462,195.43289
2026-08-07 20:15:00,195.44957,195.49671,195.41632,195.44063
2026-08-07 20:30:00,195.44463,195.47048,195.30278,195.35685
2026-08-07 20:45:00,195.34702,195.40424,195.33917,195.40261
2026-08-07 21:00:00,195.3984,195.43565,195.367,195.4019
2026-08-07 21:15:00,195.39648,195.41923,195.35952,195.36385
2026-08-07 21:30:00,195.36563,195.45435,195.35393,195.44518
2026-08-07 21:45:00,195.4319,195.45614,195.35743,195.38448
2026-08-07 22:00:00,195.38436,195.46678,195.38436,195.41247
2026-08-07 22:15:00,195.42154,195.42154,195.2937,195.30881
2026-08-07 22:30:00,195.3061,195.81266,194.25362,194.92553
2026-08-07 22:45:00,194.88722,195.08436,194.84429,194.9823
2026-08-07 23:00:00,194.94977,195.13546,194.91255,194.9253
2026-08-07 23:15:00,194.94656,195.03837,194.87696,194.9231
2026-08-07 23:30:00,194.95094,195.17517,194.93286,195.17005
2026-08-07 23:45:00,195.1627,195.2607,195.11372,195.25261
2026-08-08 00:00:00,195.23452,195.28018,195.10259,195.19106
2026-08-08 00:15:00,195.18833,195.38549,195.17411,195.35674
2026-08-08 00:30:00,195.36044,195.40052,195.30141,195.35861
2026-08-08 00:45:00,195.34501,195.4208,195.30929,195.37428
2026-08-08 01:00:00,195.37937,195.44216,195.2924,195.43563
2026-08-08 01:15:00,195.41827,195.45717,195.21815,195.22563
2026-08-08 01:30:00,195.23827,195.23827,194.98284,194.98994
2026-08-08 01:45:00,195.01089,195.1453,194.98306,195.06469
2026-08-08 02:00:00,195.05247,195.08477,194.89982,195.03614
2026-08-08 02:15:00,195.04414,195.06801,194.82707,194.83176
2026-08-08 02:30:00,194.83098,194.94126,194.83098,194.93889
2026-08-08 02:45:00,194.93421,195.00253,194.91461,194.93624
2026-08-08 03:00:00,194.94717,194.99848,194.90696,194.91078
2026-08-08 03:15:00,194.91562,194.95631,194.90437,194.91797
2026-08-08 03:30:00,194.91933,194.97861,194.8743,194.97645
2026-08-08 03:45:00,194.97126,194.99087,194.93466,194.96282
2026-08-08 04:00:00,194.97332,195.10948,194.91898,195.10366
2026-08-08 04:15:00,195.09087,195.1471,195.05362,195.13177
2026-08-08 04:30:00,195.12393,195.14792,195.08208,195.10313
2026-08-08 04:45:00,195.0975,195.12469,195.07899,195.08421
2026-08-08 05:00:00,195.08446,195.17795,195.06212,195.17166
2026-08-08 05:15:00,195.15894,195.21348,195.11736,195.20007
2026-08-08 05:30:00,195.19141,195.19278,195.09745,195.13722
2026-08-08 05:45:00,195.13294,195.14285,195.0422,195.10224
2026-08-08 06:00:00,195.0948,195.18135,195.0442,195.17212
2026-08-08 06:15:00,195.16505,195.27096,195.16308,195.20095
2026-08-08 06:30:00,195.19612,195.40213,195.17329,195.29703
2026-08-08 06:45:00,195.30329,195.38299,195.26839,195.28554
2026-08-08 07:00:00,195.29446,195.34159,195.11658,195.31956
2026-08-08 07:15:00,195.31699,195.33271,195.29075,195.31553
2026-08-08 07:30:00,195.31159,195.33331,195.29737,195.313
2026-08-08 07:45:00,195.3088,195.32867,195.28247,195.32586
2026-08-08 08:00:00,195.32161,195.43527,195.16178,195.3217
2026-08-08 08:15:00,195.32587,195.33574,195.32132,195.33377
2026-08-08 08:30:00,195.33114,195.33898,195.31757,195.32307
2026-08-08 08:45:00,195.32323,195.33886,195.31771,195.33174
2026-08-08 09:00:00,195.32959,195.50735,195.07788,195.31957
2026-08-08 09:15:00,195.32522,195.33706,195.31979,195.33315
2026-08-08 09:30:00,195.33089,195.33904,195.3175,195.32436
2026-08-08 09:45:00,195.32306,195.33904,195.31751,195.33201
2026-08-08 10:00:00,195.32989,195.54864,195.22804,195.36286
2026-08-08 10:15:00,195.3641,195.37363,195.34927,195.36423
2026-08-08 10:30:00,195.36063,195.37229,195.36063,195.36792
2026-08-08 10:45:00,195.36358,195.37226,195.34409,195.36503
2026-08-08 11:00:00,195.36338,195.5071,195.34364,195.36201
2026-08-08 11:15:00,195.36348,195.37233,195.34838,195.36716
2026-08-08 11:30:00,195.36356,195.37212,195.32285,195.36048
2026-08-08 11:45:00,195.35522,195.37224,195.35522,195.36543
2026-08-08 12:00:00,195.36356,195.50512,195.34861,195.36198
2026-08-08 12:15:00,195.3634,195.37228,195.36052,195.36776
2026-08-08 12:30:00,195.36351,195.37165,195.34455,195.36778
2026-08-08 12:45:00,195.36355,195.37272,195.34773,195.36331
2026-08-08 13:00:00,195.36063,195.50425,195.31884,195.36283
2026-08-08 13:15:00,195.36421,195.37258,195.32526,195.36869
2026-08-08 13:30:00,195.36392,195.37219,195.36066,195.36747
2026-08-08 13:45:00,195.36358,195.3752,195.34639,195.36684
2026-08-08 14:00:00,195.36357,195.53481,195.34316,195.365
2026-08-08 14:15:00,195.36042,195.37222,195.36042,195.36257
2026-08-08 14:30:00,195.36355,195.37001,195.34943,195.3668
2026-08-08 14:45:00,195.36342,195.37486,195.36066,195.36988
2026-08-08 15:00:00,195.36621,195.49278,195.29276,195.36281
2026-08-08 15:15:00,195.36362,195.37236,195.34503,195.36463
2026-08-08 15:30:00,195.35843,195.37225,195.35843,195.36653
2026-08-08 15:45:00,195.36348,195.37246,195.34934,195.36779
2026-08-08 16:00:00,195.3636,195.51689,195.35518,195.36565
2026-08-08 16:15:00,195.36357,195.37525,195.34212,195.36218
2026-08-08 16:30:00,195.36356,195.37222,195.33088,195.35728
2026-08-08 16:45:00,195.34797,195.372,195.34797,195.36789
2026-08-08 17:00:00,195.36351,195.52829,195.34788,195.36477
2026-08-08 17:15:00,195.36332,195.37517,195.3618,195.3621
2026-08-08 17:30:00,195.36357,195.37228,195.35086,195.36735
2026-08-08 17:45:00,195.36355,195.37831,195.34945,195.36521
2026-08-08 18:00:00,195.36065,195.37233,195.33318,195.36568
2026-08-08 18:15:00,195.36357,195.37217,195.3377,195.36184
2026-08-08 18:30:00,195.36322,195.37229,195.36064,195.36797
2026-08-08 18:45:00,195.36357,195.37162,195.34784,195.36773
2026-08-08 19:00:00,195.36359,195.37329,195.35279,195.36072
2026-08-08 19:15:00,195.35756,195.37233,195.35756,195.36244
2026-08-08 19:30:00,195.36356,195.37218,195.34771,195.36261
2026-08-08 19:45:00,195.36339,195.37213,195.36064,195.36731
2026-08-08 20:00:00,195.36357,195.37222,195.33579,195.36702
2026-08-08 20:15:00,195.36354,195.37222,195.3195,195.35743
2026-08-08 20:30:00,195.35183,195.37217,195.35183,195.36252
2026-08-08 20:45:00,195.36356,195.36967,195.32203,195.36586
2026-08-08 21:00:00,195.36265,195.37234,195.36059,195.36752
2026-08-08 21:15:00,195.36357,195.37177,195.32733,195.36615
2026-08-08 21:30:00,195.36352,195.41492,195.29718,195.30333
2026-08-08 21:45:00,195.31916,195.37175,195.31916,195.36615
2026-08-08 22:00:00,195.36353,195.37238,195.32023,195.36464
2026-08-08 22:15:00,195.36014,195.37234,195.36014,195.36544
2026-08-08 22:30:00,195.36359,195.37202,195.32108,195.3617
2026-08-08 22:45:00,195.36316,195.37871,195.32156,195.32609
2026-08-08 23:00:00,195.33271,195.3712,195.33271,195.36782
2026-08-08 23:15:00,195.36342,195.40553,195.29813,195.35944
2026-08-08 23:30:00,195.35669,195.37177,195.35669,195.36187
2026-08-08 23:45:00,195.36332,195.3721,195.32084,195.36648
2026-08-09 00:00:00,195.36213,195.37214,195.31944,195.32584
2026-08-09 00:15:00,195.3316,195.37083,195.3316,195.36445
2026-08-09 00:30:00,195.36209,195.39097,195.31689,195.36272
2026-08-09 00:45:00,195.35785,195.371,195.35683,195.36736
2026-08-09 01:00:00,195.36278,195.37116,195.29319,195.36346
2026-08-09 01:15:00,195.3594,195.36863,195.31599,195.32192
2026-08-09 01:30:00,195.32872,195.35853,195.32872,195.3502
2026-08-09 01:45:00,195.35117,195.35962,195.29884,195.33816
2026-08-09 02:00:00,195.32703,195.39274,195.32703,195.36719
2026-08-09 02:15:00,195.36363,195.37223,195.31081,195.36647
2026-08-09 02:30:00,195.36278,195.3737,195.32098,195.33583
2026-08-09 02:45:00,195.35812,195.37222,195.29562,195.36265
2026-08-09 03:00:00,195.36369,195.39731,195.31971,195.36187
2026-08-09 03:15:00,195.3584,195.37231,195.3584,195.36767
2026-08-09 03:30:00,195.36358,195.37175,195.32092,195.3653
2026-08-09 03:45:00,195.36276,195.37201,195.34228,195.34926
2026-08-09 04:00:00,195.35783,195.39044,195.31857,195.37013
2026-08-09 04:15:00,195.36725,195.37479,195.29234,195.36194
2026-08-09 04:30:00,195.35683,195.3772,195.35683,195.37017
2026-08-09 04:45:00,195.36854,195.40298,195.32174,195.3615
2026-08-09 05:00:00,195.363,195.40619,195.3443,195.38052
2026-08-09 05:15:00,195.37899,195.3792,195.33101,195.37608
2026-08-09 05:30:00,195.37169,195.38051,195.32554,195.36329
2026-08-09 05:45:00,195.36128,195.3742,195.36128,195.36351
2026-08-09 06:00:00,195.36498,195.39875,195.29753,195.36961
2026-08-09 06:15:00,195.36496,195.40027,195.3275,195.39007
2026-08-09 06:30:00,195.37397,195.37397,195.31116,195.35614
2026-08-09 06:45:00,195.35351,195.3712,195.31839,195.3639
2026-08-09 07:00:00,195.35881,195.39556,195.34814,195.36289
2026-08-09 07:15:00,195.36364,195.36802,195.32217,195.36694
2026-08-09 07:30:00,195.36302,195.37229,195.36066,195.36685
2026-08-09 07:45:00,195.36359,195.37132,195.32892,195.36248
2026-08-09 08:00:00,195.36352,195.39572,195.34907,195.36662
2026-08-09 08:15:00,195.36104,195.37231,195.36072,195.36697
2026-08-09 08:30:00,195.36359,195.37243,195.34772,195.3671
2026-08-09 08:45:00,195.36328,195.37207,195.36015,195.36274
2026-08-09 09:00:00,195.36358,195.38098,195.34269,195.36246
2026-08-09 09:15:00,195.36359,195.37231,195.32766,195.35332
2026-08-09 09:30:00,195.34981,195.36278,195.34981,195.35837
2026-08-09 09:45:00,195.35417,195.36256,195.34071,195.34958
2026-08-09 10:00:00,195.34749,195.35599,195.33768,195.34064
2026-08-09 10:15:00,195.34207,195.35039,195.32981,195.33825
2026-08-09 10:30:00,195.33508,195.34379,195.32574,195.33578
2026-08-09 10:45:00,195.33133,195.34089,195.32939,195.33373
2026-08-09 11:00:00,195.33232,195.34631,195.31217,195.33625
2026-08-09 11:15:00,195.33775,195.34693,195.33506,195.34202
2026-08-09 11:30:00,195.33817,195.34324,195.32845,195.33912
2026-08-09 11:45:00,195.33477,195.34938,195.31959,195.34584
2026-08-09 12:00:00,195.34195,195.35842,195.34043,195.34934
2026-08-09 12:15:00,195.35067,195.35947,195.33769,195.34914
2026-08-09 12:30:00,195.34468,195.36886,195.3327,195.36709
2026-08-09 12:45:00,195.3629,195.37214,195.32943,195.36634
2026-08-09 13:00:00,195.36352,195.37234,195.34532,195.35522
2026-08-09 13:15:00,195.35714,195.37234,195.35714,195.36272
2026-08-09 13:30:00,195.36356,195.36993,195.34921,195.36426
2026-08-09 13:45:00,195.36035,195.37179,195.35899,195.36657
2026-08-09 14:00:00,195.36309,195.3702,195.34588,195.35944
2026-08-09 14:15:00,195.35998,195.38551,195.3236,195.3514
2026-08-09 14:30:00,195.3448,195.36768,195.3448,195.36214
2026-08-09 14:45:00,195.35897,195.36753,195.34288,195.35525
2026-08-09 15:00:00,195.35127,195.36011,195.34854,195.35403
2026-08-09 15:15:00,195.35143,195.35498,195.33796,195.34413
2026-08-09 15:30:00,195.34535,195.35399,195.33398,195.34212
2026-08-09 15:45:00,195.33908,195.3492,195.33763,195.34484
2026-08-09 16:00:00,195.34055,195.37451,195.33135,195.36416
2026-08-09 16:15:00,195.36192,195.37231,195.36041,195.36215
2026-08-09 16:30:00,195.36358,195.37171,195.34839,195.36664
2026-08-09 16:45:00,195.36322,195.37213,195.34596,195.3611
2026-08-09 17:00:00,195.3566,195.3707,195.35471,195.36374
2026-08-09 17:15:00,195.36216,195.37567,195.34622,195.35283
2026-08-09 17:30:00,195.3543,195.36659,195.3516,195.36189
2026-08-09 17:45:00,195.35787,195.3608,195.32861,195.35806
2026-08-09 18:00:00,195.35374,195.36243,195.34045,195.35415
2026-08-09 18:15:00,195.35175,195.36172,195.3502,195.35196
2026-08-09 18:30:00,195.35322,195.362,195.33941,195.35117
2026-08-09 18:45:00,195.34657,195.35552,195.34394,195.35083
2026-08-09 19:00:00,195.34682,195.35484,195.33614,195.34478
2026-08-09 19:15:00,195.34168,195.3505,195.33112,195.33964
2026-08-09 19:30:00,195.33548,195.34637,195.33431,195.33712
2026-08-09 19:45:00,195.33761,195.34584,195.32793,195.33747
2026-08-09 20:00:00,195.33394,195.3431,195.33139,195.33802
2026-08-09 20:15:00,195.33433,195.34292,195.22464,195.26055
2026-08-09 20:30:00,195.26066,195.28165,195.25851,195.27189
2026-08-09 20:45:00,195.27297,195.2799,195.18359,195.2142
2026-08-09 21:00:00,195.21163,195.22041,195.2087,195.21587
2026-08-09 21:15:00,195.21163,195.27053,195.14015,195.2369
2026-08-09 21:30:00,195.23488,195.25594,195.16996,195.18638
2026-08-09 21:45:00,195.18749,195.30681,195.1811,195.29187
2026-08-09 22:00:00,195.28884,195.29756,195.19325,195.22867
2026-08-09 22:15:00,195.22428,195.23305,195.22135,195.22574
2026-08-09 22:30:00,195.22428,195.2272,195.14739,195.17123
2026-08-09 22:45:00,195.17268,195.21757,195.1112,195.13554
2026-08-09 23:00:00,195.13141,195.14018,195.12866,195.13568
2026-08-09 23:15:00,195.13141,195.30331,195.04447,195.2307
2026-08-09 23:30:00,195.22849,195.23704,195.22556,195.22718
2026-08-09 23:45:00,195.22849,195.23288,195.15583,195.18472
2026-08-10 00:00:00,195.18015,195.31425,195.15829,195.21415
2026-08-10 00:15:00,195.21008,195.25865,195.20428,195.24243
2026-08-10 00:30:00,195.23953,195.29732,195.16073,195.18471
2026-08-10 00:45:00,195.18561,195.2476,195.15285,195.22352
2026-08-10 01:00:00,195.22385,195.24507,195.16623,195.22897
2026-08-10 01:15:00,195.22532,195.28113,195.1498,195.17764
2026-08-10 01:30:00,195.17399,195.18259,195.17107,195.17366
2026-08-10 01:45:00,195.17399,195.18277,195.11361,195.13192
2026-08-10 02:00:00,195.13295,195.25885,195.13089,195.23159
2026-08-10 02:15:00,195.22852,195.23467,195.15521,195.18413
2026-08-10 02:30:00,195.18005,195.1972,195.06658,195.076
2026-08-10 02:45:00,195.09293,195.10169,195.09,195.09155
2026-08-10 03:00:00,195.09293,195.325,195.08191,195.19964
2026-08-10 03:15:00,195.19647,195.23341,195.18451,195.22615
2026-08-10 03:30:00,195.22177,195.23104,195.1472,195.17311
2026-08-10 03:45:00,195.17151,195.18027,195.1112,195.12902
2026-08-10 04:00:00,195.13049,195.20442,194.96658,194.96748
2026-08-10 04:15:00,194.9683,195.10799,194.93693,194.97463
2026-08-10 04:30:00,194.97091,195.1208,194.87136,194.97103
2026-08-10 04:45:00,194.97285,195.00554,194.74091,194.80249
2026-08-10 05:00:00,194.85181,195.40512,194.7259,195.38969
2026-08-10 05:15:00,195.35878,195.39882,195.24877,195.29956
2026-08-10 05:30:00,195.30697,195.38475,195.02685,195.10788
2026-08-10 05:45:00,195.12857,195.27732,194.99161,195.13132
2026-08-10 06:00:00,195.14166,195.25789,195.07654,195.16455
2026-08-10 06:15:00,195.15509,195.18121,194.98768,195.11804
2026-08-10 06:30:00,195.10367,195.234,195.03422,195.16483
2026-08-10 06:45:00,195.16964,195.27764,195.13079,195.27434
2026-08-10 07:00:00,195.26878,195.42508,195.18459,195.39533
2026-08-10 07:15:00,195.40112,195.43053,195.34109,195.42328
2026-08-10 07:30:00,195.4084,195.41043,195.31116,195.36072
2026-08-10 07:45:00,195.34572,195.34572,195.17803,195.18719
2026-08-10 08:00:00,195.19809,195.32547,195.18404,195.30026
2026-08-10 08:15:00,195.29869,195.32411,195.27286,195.32155
2026-08-10 08:30:00,195.31388,195.38383,195.30639,195.38133
2026-08-10 08:45:00,195.37355,195.39461,195.35043,195.37567
2026-08-10 09:00:00,195.37196,195.40112,195.32766,195.36467
2026-08-10 09:15:00,195.36696,195.37388,195.30942,195.31231
2026-08-10 09:30:00,195.31522,195.35892,195.30675,195.35676
2026-08-10 09:45:00,195.34593,195.40074,195.33513,195.37279
2026-08-10 10:00:00,195.36939,195.38603,195.31443,195.37019
2026-08-10 10:15:00,195.35933,195.36373,195.2886,195.3285
2026-08-10 10:30:00,195.32187,195.34365,195.31248,195.32774
2026-08-10 10:45:00,195.32263,195.40307,195.30029,195.39703
2026-08-10 11:00:00,195.38437,195.5431,195.38437,195.5028
2026-08-10 11:15:00,195.49399,195.56097,195.45448,195.54369
2026-08-10 11:30:00,195.5452,195.62445,195.50102,195.61192
2026-08-10 11:45:00,195.60726,195.72393,195.56482,195.71416
2026-08-10 12:00:00,195.70861,195.72472,195.66182,195.71764
2026-08-10 12:15:00,195.70802,195.72701,195.63606,195.65603
2026-08-10 12:30:00,195.64767,195.66075,195.62081,195.63603
2026-08-10 12:45:00,195.63236,195.63478,195.596,195.6174
2026-08-10 13:00:00,195.6125,195.61597,195.51866,195.52181
2026-08-10 13:15:00,195.52999,195.56069,195.50444,195.51734
2026-08-10 13:30:00,195.51954,195.53056,195.49713,195.51299
2026-08-10 13:45:00,195.51789,195.52297,195.48096,195.49626
2026-08-10 14:00:00,195.49278,195.55566,195.48454,195.55348
2026-08-10 14:15:00,195.54916,195.57084,195.52627,195.54259
2026-08-10 14:30:00,195.54477,195.56342,195.53778,195.56267
2026-08-10 14:45:00,195.55713,195.6612,195.55419,195.65186
2026-08-10 15:00:00,195.6263,195.69187,195.6263,195.67631
2026-08-10 15:15:00,195.66616,195.6954,195.63829,195.64184
2026-08-10 15:30:00,195.64786,195.67532,195.61557,195.66945
2026-08-10 15:45:00,195.6534,195.74366,195.6534,195.74162
2026-08-10 16:00:00,195.73617,195.8233,195.70268,195.80921
2026-08-10 16:15:00,195.78725,195.95532,195.78725,195.9497
2026-08-10 16:30:00,195.94116,195.96299,195.89676,195.92387
2026-08-10 16:45:00,195.93388,195.93388,195.86793,195.8857
2026-08-10 17:00:00,195.87339,195.98829,195.87339,195.97801
2026-08-10 17:15:00,195.97212,196.06937,195.93331,196.04778
2026-08-10 17:30:00,196.05271,196.30572,196.04384,196.28662
2026-08-10 17:45:00,196.28123,196.36659,196.27105,196.35301
2026-08-10 18:00:00,196.34615,196.35286,196.27786,196.2823
2026-08-10 18:15:00,196.29151,196.33918,196.24402,196.2461
2026-08-10 18:30:00,196.25129,196.30731,196.21425,196.21957
2026-08-10 18:45:00,196.22587,196.36606,196.17848,196.36031
2026-08-10 19:00:00,196.34892,196.40846,196.31905,196.40704
2026-08-10 19:15:00,196.40333,196.42396,196.3772,196.41363
2026-08-10 19:30:00,196.40736,196.48572,196.39113,196.4724
2026-08-10 19:45:00,196.44275,196.58764,196.44275,196.51581
2026-08-10 20:00:00,196.52264,196.55191,196.45712,196.53933
2026-08-10 20:15:00,196.53795,196.56251,196.44957,196.49006
2026-08-10 20:30:00,196.48388,196.5033,196.41732,196.42233
2026-08-10 20:45:00,196.42433,196.44062,196.35527,196.374
2026-08-10 21:00:00,196.36803,196.48905,196.35145,196.42503
2026-08-10 21:15:00,196.43343,196.43343,196.30571,196.35982
2026-08-10 21:30:00,196.35356,196.44863,196.34056,196.39989
2026-08-10 21:45:00,196.40976,196.42215,196.39104,196.41143
2026-08-10 22:00:00,196.40361,196.41654,196.11268,196.26127
2026-08-10 22:15:00,196.25255,196.33377,196.22207,196.2883
2026-08-10 22:30:00,196.27414,196.3171,196.25746,196.29892
2026-08-10 22:45:00,196.29487,196.39041,196.24142,196.38704
2026-08-10 23:00:00,196.38027,196.4058,196.28858,196.40239
2026-08-10 23:15:00,196.39749,196.42631,196.32399,196.38179
2026-08-10 23:30:00,196.37549,196.40113,196.34623,196.36669
2026-08-10 23:45:00,196.38182,196.38182,196.27336,196.33618
2026-08-11 00:00:00,196.3129,196.37909,196.25684,196.3745
2026-08-11 00:15:00,196.36248,196.49518,196.30795,196.46845
2026-08-11 00:30:00,196.47854,196.5132,196.43395,196.43736
2026-08-11 00:45:00,196.44146,196.52947,196.41213,196.52853
2026-08-11 01:00:00,196.5245,196.52609,196.45262,196.49527
2026-08-11 01:15:00,196.48975,196.51836,196.38688,196.38995
2026-08-11 01:30:00,196.395,196.42985,196.31624,196.34161
2026-08-11 01:45:00,196.33625,196.45711,196.32103,196.45277
2026-08-11 02:00:00,196.45039,196.46376,196.41115,196.45571
2026-08-11 02:15:00,196.45011,196.4552,196.39993,196.44891
2026-08-11 02:30:00,196.44366,196.5254,196.4156,196.44599
2026-08-11 02:45:00,196.44735,196.46461,196.3823,196.45045
2026-08-11 03:00:00,196.44203,196.49346,196.3906,196.44343
2026-08-11 03:15:00,196.45155,196.46893,196.40922,196.46435
2026-08-11 03:30:00,196.45404,196.48589,196.42729,196.44227
2026-08-11 03:45:00,196.43481,196.45684,196.40532,196.4246
2026-08-11 04:00:00,196.42554,196.47712,196.40987,196.46154
2026-08-11 04:15:00,196.46998,196.46998,196.41796,196.44706
2026-08-11 04:30:00,196.44023,196.48746,196.39942,196.48272
2026-08-11 04:45:00,196.476,196.62254,196.46517,196.5658
2026-08-11 05:00:00,196.56106,196.56106,196.50362,196.51827
2026-08-11 05:15:00,196.51376,196.58225,196.51261,196.57883
2026-08-11 05:30:00,196.57339,196.68342,196.56007,196.62402
2026-08-11 05:45:00,196.63197,196.65147,196.61064,196.61597
2026-08-11 06:00:00,196.61639,196.65928,196.58354,196.65422
2026-08-11 06:15:00,196.64746,196.68121,196.64134,196.64495
2026-08-11 06:30:00,196.64513,196.65831,196.59622,196.59814
2026-08-11 06:45:00,196.60207,196.61592,196.57019,196.61313
2026-08-11 07:00:00,196.60864,196.64313,196.50212,196.63093
2026-08-11 07:15:00,196.62529,196.66375,196.58231,196.5892
2026-08-11 07:30:00,196.58925,196.6304,196.56915,196.62856
2026-08-11 07:45:00,196.62498,196.65401,196.59341,196.63279
2026-08-11 08:00:00,196.62541,196.64276,196.55838,196.62715
2026-08-11 08:15:00,196.62479,196.63125,196.57292,196.59497
2026-08-11 08:30:00,196.58949,196.60896,196.56261,196.59397
2026-08-11 08:45:00,196.58839,196.58887,196.55144,196.58455
2026-08-11 09:00:00,196.57845,196.60036,196.54101,196.5919
2026-08-11 09:15:00,196.58891,196.59284,196.56888,196.59068
2026-08-11 09:30:00,196.58518,196.60582,196.58316,196.60211
2026-08-11 09:45:00,196.59884,196.60808,196.4917,196.49528
2026-08-11 10:00:00,196.50511,196.56157,196.50511,196.54537
2026-08-11 10:15:00,196.54364,196.58222,196.52615,196.56897
2026-08-11 10:30:00,196.56377,196.58219,196.34141,196.35397
2026-08-11 10:45:00,196.36959,196.5231,196.36959,196.51692
2026-08-11 11:00:00,196.50819,196.5672,196.45983,196.52109
2026-08-11 11:15:00,196.50938,196.54725,196.48282,196.49231
2026-08-11 11:30:00,196.4918,196.54323,196.48802,196.52793
2026-08-11 11:45:00,196.52229,196.57801,196.48774,196.57005
2026-08-11 12:00:00,196.56331,196.5961,196.5373,196.59375
2026-08-11 12:15:00,196.58971,196.60845,196.5496,196.58247
2026-08-11 12:30:00,196.57831,196.59768,196.551,196.58343
2026-08-11 12:45:00,196.57444,196.59263,196.5143,196.51724
2026-08-11 13:00:00,196.52145,196.52894,196.48373,196.51443
2026-08-11 13:15:00,196.51151,196.51404,196.46839,196.50816
2026-08-11 13:30:00,196.50277,196.50277,196.46427,196.49583
2026-08-11 13:45:00,196.48801,196.50402,196.45751,196.4898
2026-08-11 14:00:00,196.48501,196.50098,196.47293,196.47902
2026-08-11 14:15:00,196.48367,196.50198,196.45425,196.4818
2026-08-11 14:30:00,196.47074,196.52603,196.47074,196.49782
2026-08-11 14:45:00,196.4928,196.52509,196.45812,196.48464
2026-08-11 15:00:00,196.48949,196.50058,196.45745,196.45881
2026-08-11 15:15:00,196.46288,196.50279,196.45826,196.47866
2026-08-11 15:30:00,196.47604,196.48638,196.43409,196.47006
2026-08-11 15:45:00,196.46475,196.46722,196.43022,196.46177
2026-08-11 16:00:00,196.45356,196.48503,196.43526,196.45174
2026-08-11 16:15:00,196.45387,196.49259,196.32332,196.35319
2026-08-11 16:30:00,196.34991,196.37558,196.28862,196.33736
2026-08-11 16:45:00,196.3386,196.35214,196.30495,196.34119
2026-08-11 17:00:00,196.32621,196.58675,196.32401,196.58251
2026-08-11 17:15:00,196.5764,196.58648,196.4982,196.49927
2026-08-11 17:30:00,196.50021,196.51691,196.43177,196.47159
2026-08-11 17:45:00,196.46714,196.4791,196.40605,196.4763
2026-08-11 18:00:00,196.46748,196.48103,196.4056,196.42544
2026-08-11 18:15:00,196.4363,196.46644,196.41049,196.41157
2026-08-11 18:30:00,196.41375,196.46453,196.39077,196.46076
2026-08-11 18:45:00,196.45889,196.48771,196.4058,196.4472
2026-08-11 19:00:00,196.44455,196.51724,196.43029,196.46061
2026-08-11 19:15:00,196.45593,196.45593,196.33916,196.34078
2026-08-11 19:30:00,196.34631,196.39641,196.34018,196.35461
2026-08-11 19:45:00,196.35535,196.40378,196.34725,196.40013
2026-08-11 20:00:00,196.39525,196.53707,196.38706,196.50583
2026-08-11 20:15:00,196.51133,196.52087,196.41842,196.4233
2026-08-11 20:30:00,196.43328,196.48695,196.40622,196.42709
2026-08-11 20:45:00,196.43954,196.45136,196.31587,196.32524
2026-08-11 21:00:00,196.34043,196.40823,196.2859,196.3661
2026-08-11 21:15:00,196.35929,196.41513,196.33391,196.4098
2026-08-11 21:30:00,196.40243,196.41818,196.35855,196.38939
2026-08-11 21:45:00,196.38697,196.40067,196.3469,196.37316
2026-08-11 22:00:00,196.36846,196.52096,196.35376,196.51285
2026-08-11 22:15:00,196.49335,196.56353,196.44064,196.46959
2026-08-11 22:30:00,196.48144,196.54261,196.45101,196.45533
2026-08-11 22:45:00,196.46494,196.55043,196.45661,196.47109
2026-08-11 23:00:00,196.47815,196.51075,196.43567,196.47353
2026-08-11 23:15:00,196.4794,196.51978,196.45678,196.4609
2026-08-11 23:30:00,196.46568,196.48414,196.41832,196.46854
2026-08-11 23:45:00,196.4584,196.53276,196.4507,196.49743
2026-08-12 00:00:00,196.49842,196.51169,196.46972,196.48465
2026-08-12 00:15:00,196.48028,196.52133,196.41589,196.42025
2026-08-12 00:30:00,196.42669,196.42942,196.36246,196.39412
2026-08-12 00:45:00,196.39684,196.46358,196.377,196.40776
2026-08-12 01:00:00,196.40886,196.42063,196.30435,196.31289
2026-08-12 01:15:00,196.3269,196.33848,196.27734,196.30388
2026-08-12 01:30:00,196.30585,196.35376,196.27064,196.29106
2026-08-12 01:45:00,196.29733,196.37085,196.29513,196.367
2026-08-12 02:00:00,196.35931,196.3814,196.32265,196.35969
2026-08-12 02:15:00,196.35493,196.35889,196.30285,196.35469
2026-08-12 02:30:00,196.34493,196.38696,196.34212,196.36468
2026-08-12 02:45:00,196.36547,196.37342,196.32037,196.32221
2026-08-12 03:00:00,196.3247,196.33484,196.20656,196.22015
2026-08-12 03:15:00,196.21543,196.27313,196.20651,196.22614
2026-08-12 03:30:00,196.22789,196.26452,196.22279,196.24669
2026-08-12 03:45:00,196.24836,196.26256,196.21363,196.24164
2026-08-12 04:00:00,196.23424,196.25743,196.19728,196.22546
2026-08-12 04:15:00,196.22192,196.26875,196.18444,196.25322
2026-08-12 04:30:00,196.25406,196.45503,196.25102,196.42513
2026-08-12 04:45:00,196.4173,196.43896,196.3332,196.33502
2026-08-12 05:00:00,196.33636,196.36262,196.31775,196.3613
2026-08-12 05:15:00,196.35774,196.36757,196.29884,196.343
2026-08-12 05:30:00,196.33421,196.36034,196.31656,196.34956
2026-08-12 05:45:00,196.34526,196.46218,196.34195,196.45598
2026-08-12 06:00:00,196.44667,196.47784,196.40713,196.41913
2026-08-12 06:15:00,196.41294,196.43277,196.4068,196.41539
2026-08-12 06:30:00,196.41096,196.49022,196.4103,196.47921
2026-08-12 06:45:00,196.47496,196.47496,196.42713,196.43409
2026-08-12 07:00:00,196.43554,196.45995,196.36012,196.45358
2026-08-12 07:15:00,196.43823,196.46493,196.3512,196.37721
2026-08-12 07:30:00,196.36922,196.37958,196.32428,196.36172
2026-08-12 07:45:00,196.36461,196.45461,196.36141,196.40384
2026-08-12 08:00:00,196.40666,196.46747,196.40363,196.45681
2026-08-12 08:15:00,196.45211,196.45523,196.41918,196.43276
2026-08-12 08:30:00,196.42817,196.44119,196.38031,196.40313
2026-08-12 08:45:00,196.39997,196.4044,196.38024,196.38452
2026-08-12 09:00:00,196.39072,196.4143,196.38731,196.39118
2026-08-12 09:15:00,196.39285,196.4082,196.38372,196.40003
2026-08-12 09:30:00,196.39633,196.39986,196.36095,196.37186
2026-08-12 09:45:00,196.36581,196.39174,196.35106,196.37412
2026-08-12 10:00:00,196.3755,196.40079,196.25605,196.32741
2026-08-12 10:15:00,196.31981,196.331,196.27806,196.30147
2026-08-12 10:30:00,196.28998,196.36203,196.28998,196.33416
2026-08-12 10:45:00,196.33075,196.36712,196.30144,196.36086
2026-08-12 11:00:00,196.35789,196.38531,196.30058,196.30287
2026-08-12 11:15:00,196.30903,196.34675,196.30101,196.32191
2026-08-12 11:30:00,196.31287,196.33515,196.2782,196.30662
2026-08-12 11:45:00,196.30296,196.34419,196.29121,196.33185
2026-08-12 12:00:00,196.32828,196.35985,196.31666,196.34634
2026-08-12 12:15:00,196.34942,196.41743,196.3422,196.37684
2026-08-12 12:30:00,196.37929,196.44028,196.37929,196.43829
2026-08-12 12:45:00,196.43206,196.43673,196.36028,196.36311
2026-08-12 13:00:00,196.3679,196.42098,196.3679,196.40591
2026-08-12 13:15:00,196.40838,196.42463,196.3868,196.41686
2026-08-12 13:30:00,196.4108,196.41939,196.35614,196.36189
2026-08-12 13:45:00,196.36998,196.37039,196.29801,196.30948
2026-08-12 14:00:00,196.3027,196.34088,196.26765,196.27077
2026-08-12 14:15:00,196.2801,196.30924,196.27735,196.28828
2026-08-12 14:30:00,196.28964,196.31997,196.24756,196.25465
2026-08-12 14:45:00,196.26336,196.29474,196.25668,196.29065
2026-08-12 15:00:00,196.28664,196.29452,196.25267,196.26958
2026-08-12 15:15:00,196.26714,196.28,196.22931,196.27532
2026-08-12 15:30:00,196.2671,196.27642,196.22839,196.26395
2026-08-12 15:45:00,196.25696,196.29443,196.2329,196.2912
2026-08-12 16:00:00,196.28638,196.29134,196.24159,196.28938
2026-08-12 16:15:00,196.2856,196.29404,196.22813,196.28854
2026-08-12 16:30:00,196.27979,196.3485,196.2712,196.34744
2026-08-12 16:45:00,196.34338,196.40267,196.31861,196.36929
2026-08-12 17:00:00,196.38318,196.38318,196.22683,196.27763
2026-08-12 17:15:00,196.26986,196.3112,196.21863,196.24503
2026-08-12 17:30:00,196.2401,196.24718,196.14217,196.16147
2026-08-12 17:45:00,196.1642,196.20412,196.12371,196.15498
2026-08-12 18:00:00,196.13173,196.17538,196.08726,196.1001
2026-08-12 18:15:00,196.09991,196.15059,196.08553,196.12671
2026-08-12 18:30:00,196.11795,196.12876,196.00388,196.00606
2026-08-12 18:45:00,196.00877,196.08737,196.00794,196.03888
2026-08-12 19:00:00,196.06347,196.06771,196.01094,196.05469
2026-08-12 19:15:00,196.0487,196.05685,195.59344,195.90852
2026-08-12 19:30:00,195.89322,195.97821,195.86984,195.88125
2026-08-12 19:45:00,195.88765,195.88765,195.80932,195.85772
2026-08-12 20:00:00,195.84886,195.97172,195.83961,195.93409
2026-08-12 20:15:00,195.937,195.95828,195.89608,195.90636
2026-08-12 20:30:00,195.90682,195.9138,195.82754,195.83043
2026-08-12 20:45:00,195.83405,195.91588,195.80927,195.91095
2026-08-12 21:00:00,195.89838,195.94968,195.85534,195.88817
2026-08-12 21:15:00,195.87806,195.98459,195.84893,195.98077
2026-08-12 21:30:00,195.97421,196.00527,195.95243,195.96935
2026-08-12 21:45:00,195.9747,196.1121,195.96484,196.11168
2026-08-12 22:00:00,196.10822,196.1444,196.01874,196.04359
2026-08-12 22:15:00,196.03925,196.05843,195.98463,196.05235
2026-08-12 22:30:00,196.04511,196.11651,195.86166,195.98796
2026-08-12 22:45:00,195.96833,196.23236,195.96833,196.13367
2026-08-12 23:00:00,196.13806,196.17389,195.96684,195.98327
2026-08-12 23:15:00,196.01122,196.02737,195.90685,195.99561
2026-08-12 23:30:00,195.98329,196.07618,195.98329,196.01648
2026-08-12 23:45:00,196.01344,196.04079,195.93894,196.01334
2026-08-13 00:00:00,196.01475,196.19481,196.01475,196.16316
2026-08-13 00:15:00,196.15773,196.24363,196.14929,196.21279
2026-08-13 00:30:00,196.20709,196.25327,196.15003,196.2143
2026-08-13 00:45:00,196.22468,196.2285,196.07044,196.20996
2026-08-13 01:00:00,196.19716,196.24321,196.13275,196.20595
2026-08-13 01:15:00,196.19555,196.20287,196.11878,196.1957
2026-08-13 01:30:00,196.19177,196.20431,196.1334,196.15973
2026-08-13 01:45:00,196.16291,196.16291,196.09578,196.1566
2026-08-13 02:00:00,196.15379,196.16636,196.09425,196.11096
2026-08-13 02:15:00,196.10679,196.12052,196.08194,196.11277
2026-08-13 02:30:00,196.1082,196.12653,196.04474,196.07942
2026-08-13 02:45:00,196.06876,196.10925,196.05108,196.10471
2026-08-13 03:00:00,196.09603,196.11526,196.03355,196.05541
2026-08-13 03:15:00,196.05236,196.0732,196.0283,196.05669
2026-08-13 03:30:00,196.05366,196.09404,196.03448,196.06928
2026-08-13 03:45:00,196.06325,196.08926,196.0244,196.03535
2026-08-13 04:00:00,196.03179,196.08309,196.00777,196.05552
2026-08-13 04:15:00,196.05835,196.08702,196.04195,196.06692
2026-08-13 04:30:00,196.05946,196.05946,195.99657,196.01281
2026-08-13 04:45:00,196.01616,196.02896,195.98264,195.98378
2026-08-13 05:00:00,195.9878,196.04045,195.9878,196.01213
2026-08-13 05:15:00,196.01259,196.03316,195.98857,196.00782
2026-08-13 05:30:00,196.00351,196.00862,195.95496,195.97234
2026-08-13 05:45:00,195.97607,196.00536,195.96028,195.99843
2026-08-13 06:00:00,195.98892,196.03089,195.97168,195.99201
2026-08-13 06:15:00,195.99032,195.99358,195.9072,195.91154
2026-08-13 06:30:00,195.91453,195.94935,195.89973,195.92124
2026-08-13 06:45:00,195.91936,195.95562,195.90658,195.94789
2026-08-13 07:00:00,195.94213,196.17987,195.84929,196.02378
2026-08-13 07:15:00,196.0257,196.03075,195.93191,195.9809
2026-08-13 07:30:00,195.98154,196.00174,195.96939,195.98356
2026-08-13 07:45:00,195.985,196.01144,195.94691,195.99736
2026-08-13 08:00:00,195.97826,196.02628,195.94982,195.97101
2026-08-13 08:15:00,195.96006,195.98863,195.96006,195.97759
2026-08-13 08:30:00,195.97217,195.98408,195.93587,195.95716
2026-08-13 08:45:00,195.95067,195.95893,195.92561,195.95531
2026-08-13 09:00:00,195.95339,195.95516,195.91148,195.92339
2026-08-13 09:15:00,195.92431,195.92766,195.86374,195.90014
2026-08-13 09:30:00,195.89757,195.94151,195.87792,195.93655
2026-08-13 09:45:00,195.93328,195.94423,195.90564,195.90845
2026-08-13 10:00:00,195.91373,196.00135,195.90964,195.98049
2026-08-13 10:15:00,195.9869,196.05377,195.98031,196.00036
2026-08-13 10:30:00,195.99722,196.05919,195.94991,195.95512
2026-08-13 10:45:00,195.96032,196.02318,195.9461,196.00227
2026-08-13 11:00:00,195.99986,196.02851,195.9784,195.9974
2026-08-13 11:15:00,195.99882,196.00525,195.9525,195.97758
2026-08-13 11:30:00,195.98164,196.00431,195.89991,195.92128
2026-08-13 11:45:00,195.91476,195.91476,195.8221,195.85859
2026-08-13 12:00:00,195.85329,195.91614,195.83788,195.90749
2026-08-13 12:15:00,195.90211,195.93521,195.89407,195.9168
2026-08-13 12:30:00,195.91765,195.92583,195.87591,195.90559
2026-08-13 12:45:00,195.90022,195.91056,195.86987,195.90337
2026-08-13 13:00:00,195.90095,195.9048,195.85475,195.87907
2026-08-13 13:15:00,195.87465,195.89584,195.85621,195.87763
2026-08-13 13:30:00,195.87013,195.88303,195.83546,195.84931
2026-08-13 13:45:00,195.84534,195.85717,195.79725,195.80482
2026-08-13 14:00:00,195.8015,195.83165,195.78902,195.82239
2026-08-13 14:15:00,195.81965,195.85918,195.80953,195.84248
2026-08-13 14:30:00,195.84382,195.85367,195.82141,195.8533
2026-08-13 14:45:00,195.84991,195.85328,195.6036,195.61934
2026-08-13 15:00:00,195.64015,195.79202,195.63968,195.74598
2026-08-13 15:15:00,195.74852,195.86084,195.71332,195.82604
2026-08-13 15:30:00,195.83216,195.86024,195.80462,195.82528
2026-08-13 15:45:00,195.8293,195.8416,195.72741,195.7793
2026-08-13 16:00:00,195.77268,195.84467,195.76089,195.84155
2026-08-13 16:15:00,195.83458,195.8539,195.77289,195.77694
2026-08-13 16:30:00,195.78792,195.83976,195.72047,195.83533
2026-08-13 16:45:00,195.82437,195.85129,195.80096,195.82557
2026-08-13 17:00:00,195.81154,195.8541,195.79811,195.80307
2026-08-13 17:15:00,195.81095,195.85413,195.80157,195.84642
2026-08-13 17:30:00,195.8388,195.92916,195.83863,195.9233
2026-08-13 17:45:00,195.91057,196.05153,195.91057,196.04503
2026-08-13 18:00:00,196.03735,196.07871,195.99838,196.06175
2026-08-13 18:15:00,196.06289,196.07476,195.99518,196.05693
2026-08-13 18:30:00,196.04951,196.12343,196.03755,196.11975
2026-08-13 18:45:00,196.11553,196.16161,196.0953,196.11869
2026-08-13 19:00:00,196.11176,196.16283,196.08725,196.1601
2026-08-13 19:15:00,196.1532,196.25563,196.1494,196.22412
2026-08-13 19:30:00,196.23634,196.28928,196.20814,196.21481
2026-08-13 19:45:00,196.2254,196.2254,196.12916,196.18144
2026-08-13 20:00:00,196.1691,196.19231,196.12299,196.18012
2026-08-13 20:15:00,196.17474,196.20669,196.15237,196.19972
2026-08-13 20:30:00,196.19011,196.31874,196.1898,196.29988
2026-08-13 20:45:00,196.30202,196.30202,196.23883,196.26674
2026-08-13 21:00:00,196.25974,196.25974,196.16115,196.16632
2026-08-13 21:15:00,196.16673,196.17827,196.09208,196.12684
2026-08-13 21:30:00,196.12202,196.13268,196.07558,196.0954
2026-08-13 21:45:00,196.09952,196.14651,196.08203,196.09868
2026-08-13 22:00:00,196.09185,196.10771,196.00213,196.02213
2026-08-13 22:15:00,196.01536,196.02508,195.96318,195.97936
2026-08-13 22:30:00,195.98183,196.05146,195.92278,195.99847
2026-08-13 22:45:00,195.98572,196.17214,195.98572,196.15442
2026-08-13 23:00:00,196.11688,196.17159,196.05214,196.06728
2026-08-13 23:15:00,196.05877,196.16905,196.04201,196.09379
2026-08-13 23:30:00,196.09016,196.11998,196.04473,196.10457
2026-08-13 23:45:00,196.09837,196.11,195.98006,196.01859
2026-08-14 00:00:00,196.0157,196.10372,195.94634,195.95577
2026-08-14 00:15:00,195.9641,196.06321,195.9641,196.01091
2026-08-14 00:30:00,196.01828,196.05472,195.96544,196.00815
2026-08-14 00:45:00,196.01648,196.09548,196.01089,196.08101
2026-08-14 01:00:00,196.07345,196.16248,196.0538,196.1375
2026-08-14 01:15:00,196.12702,196.18082,196.10744,196.12947
2026-08-14 01:30:00,196.13909,196.16368,196.0574,196.0681
2026-08-14 01:45:00,196.075,196.08725,196.0113,196.0124
2026-08-14 02:00:00,196.01428,196.03363,195.96044,195.9794
2026-08-14 02:15:00,195.98603,196.0469,195.95825,196.04494
2026-08-14 02:30:00,196.03742,196.09172,196.03732,196.07895
2026-08-14 02:45:00,196.06293,196.13827,196.06293,196.13629
2026-08-14 03:00:00,196.13258,196.16057,196.07732,196.12637
2026-08-14 03:15:00,196.12227,196.13921,196.09629,196.1144
2026-08-14 03:30:00,196.10919,196.15896,196.09282,196.10969
2026-08-14 03:45:00,196.11265,196.13108,196.09186,196.1004
2026-08-14 04:00:00,196.10086,196.12167,196.06861,196.07753
2026-08-14 04:15:00,196.08617,196.10353,196.05049,196.05687
2026-08-14 04:30:00,196.05233,196.07228,196.02864,196.03892
2026-08-14 04:45:00,196.0404,196.04626,195.96722,195.97085
2026-08-14 05:00:00,195.97917,195.9988,195.93954,195.96264
2026-08-14 05:15:00,195.96283,195.9811,195.95548,195.96395
2026-08-14 05:30:00,195.95934,195.96347,195.87393,195.87721
2026-08-14 05:45:00,195.8818,195.88288,195.8272,195.83122
2026-08-14 06:00:00,195.83331,195.85524,195.78156,195.81878
2026-08-14 06:15:00,195.81951,195.90833,195.81788,195.88931
2026-08-14 06:30:00,195.8939,195.93101,195.86716,195.91198
2026-08-14 06:45:00,195.90646,195.94656,195.88932,195.92685
2026-08-14 07:00:00,195.93162,196.05468,195.85996,195.88336
2026-08-14 07:15:00,195.88717,196.00439,195.83985,196.00068
2026-08-14 07:30:00,195.98794,196.00625,195.9039,195.94499
2026-08-14 07:45:00,195.94192,195.98975,195.92061,195.94267
2026-08-14 08:00:00,195.94477,195.95235,195.89458,195.90545
2026-08-14 08:15:00,195.90896,195.94085,195.89617,195.93186
2026-08-14 08:30:00,195.92664,195.93879,195.90367,195.91705
2026-08-14 08:45:00,195.91298,195.91702,195.89108,195.89203
2026-08-14 09:00:00,195.89358,195.91162,195.87175,195.90195
2026-08-14 09:15:00,195.89759,195.90375,195.88167,195.8905
2026-08-14 09:30:00,195.88766,195.89586,195.86838,195.87204
2026-08-14 09:45:00,195.87432,195.88616,195.81932,195.82982
2026-08-14 10:00:00,195.82427,195.91699,195.79949,195.90562
2026-08-14 10:15:00,195.9002,195.91772,195.8383,195.8675
2026-08-14 10:30:00,195.86638,195.89317,195.83391,195.85437
2026-08-14 10:45:00,195.84928,195.8811,195.81671,195.84385
2026-08-14 11:00:00,195.83968,195.85044,195.79855,195.80063
2026-08-14 11:15:00,195.80583,195.8177,195.76977,195.79725
2026-08-14 11:30:00,195.7871,195.88691,195.7871,195.8838
2026-08-14 11:45:00,195.88012,195.89785,195.84055,195.86357
2026-08-14 12:00:00,195.85881,195.88673,195.84106,195.87449
2026-08-14 12:15:00,195.87718,195.8916,195.86128,195.86663
2026-08-14 12:30:00,195.87005,195.87005,195.83295,195.83883
2026-08-14 12:45:00,195.83919,195.86467,195.8015,195.80477
2026-08-14 13:00:00,195.80781,195.83274,195.79688,195.80141
2026-08-14 13:15:00,195.80591,195.84634,195.80171,195.81147
2026-08-14 13:30:00,195.80806,195.86249,195.79765,195.83404
2026-08-14 13:45:00,195.82884,195.868,195.81934,195.86509
2026-08-14 14:00:00,195.85854,195.87782,195.83166,195.86885
2026-08-14 14:15:00,195.87056,195.87349,195.8327,195.83492
2026-08-14 14:30:00,195.84069,195.88595,195.83478,195.86046
2026-08-14 14:45:00,195.85776,195.88994,195.84967,195.8674
2026-08-14 15:00:00,195.86973,195.88478,195.85594,195.86281
2026-08-14 15:15:00,195.86526,195.91342,195.84924,195.90421
2026-08-14 15:30:00,195.89095,195.91609,195.7781,195.80197
2026-08-14 15:45:00,195.81289,195.8367,195.7848,195.80116
2026-08-14 16:00:00,195.79736,195.80821,195.63316,195.63709
2026-08-14 16:15:00,195.64268,195.73399,195.64268,195.66044
2026-08-14 16:30:00,195.66827,195.75356,195.66422,195.73066
2026-08-14 16:45:00,195.72283,195.74371,195.68558,195.73346
2026-08-14 17:00:00,195.7258,195.78761,195.69968,195.77754
2026-08-14 17:15:00,195.77192,195.77192,195.7035,195.74371
2026-08-14 17:30:00,195.74074,195.74194,195.67987,195.73475
2026-08-14 17:45:00,195.72375,195.76751,195.67851,195.70205
2026-08-14 18:00:00,195.6923,195.74718,195.63507,195.66003
2026-08-14 18:15:00,195.64162,195.72248,195.58127,195.61968
2026-08-14 18:30:00,195.6118,195.64091,195.48672,195.52011
2026-08-14 18:45:00,195.53255,195.6511,195.47849,195.64387
2026-08-14 19:00:00,195.62252,195.74616,195.62252,195.72818
2026-08-14 19:15:00,195.71931,195.74592,195.66848,195.71888
2026-08-14 19:30:00,195.72922,195.77054,195.67761,195.67982
2026-08-14 19:45:00,195.68475,195.7265,195.64654,195.72494
2026-08-14 20:00:00,195.71762,195.74748,195.68382,195.70406
2026-08-14 20:15:00,195.70645,195.74711,195.66781,195.6762
2026-08-14 20:30:00,195.68086,195.7111,195.63119,195.69353
2026-08-14 20:45:00,195.68302,195.79165,195.68302,195.78263
2026-08-14 21:00:00,195.75998,195.88306,195.75998,195.88006
2026-08-14 21:15:00,195.87254,195.90507,195.83776,195.882
2026-08-14 21:30:00,195.88739,195.98435,195.88523,195.96548
2026-08-14 21:45:00,195.95844,196.00575,195.92431,195.98353
2026-08-14 22:00:00,195.98105,196.00799,195.84337,195.92967
2026-08-14 22:15:00,195.92141,195.92141,195.72186,195.72585
2026-08-14 22:30:00,195.73251,195.83552,195.6569,195.75431
2026-08-14 22:45:00,195.75881,195.81582,195.71746,195.8093
2026-08-14 23:00:00,195.79568,195.83904,195.74612,195.81019
2026-08-14 23:15:00,195.81361,195.86386,195.77013,195.83937
2026-08-14 23:30:00,195.83466,195.90733,195.78211,195.89513
2026-08-14 23:45:00,195.8718,195.99652,195.83221,195.95415
2026-08-15 00:00:00,195.95157,196.04482,195.94646,195.99453
2026-08-15 00:15:00,196.00211,196.03849,195.95939,196.00185
2026-08-15 00:30:00,195.9958,196.00779,195.88687,195.88886
2026-08-15 00:45:00,195.89226,196.00904,195.86804,196.00264
2026-08-15 01:00:00,195.99062,196.01279,195.94446,195.98258
2026-08-15 01:15:00,195.98571,196.09698,195.97189,196.06728
2026-08-15 01:30:00,196.04552,196.16372,196.04552,196.1599
2026-08-15 01:45:00,196.15448,196.20341,196.14327,196.1512
2026-08-15 02:00:00,196.15706,196.24481,196.14092,196.15128
2026-08-15 02:15:00,196.15277,196.20593,196.13158,196.17766
2026-08-15 02:30:00,196.18756,196.18887,196.13866,196.14265
2026-08-15 02:45:00,196.14832,196.17165,196.10438,196.10631
2026-08-15 03:00:00,196.10997,196.11385,195.97268,195.97485
2026-08-15 03:15:00,195.9755,196.00041,195.92987,195.97393
2026-08-15 03:30:00,195.96991,195.98741,195.95081,195.95627
2026-08-15 03:45:00,195.96594,195.97787,195.95194,195.96266
2026-08-15 04:00:00,195.95945,196.01321,195.9503,195.98727
2026-08-15 04:15:00,195.98382,196.03419,195.9477,196.02975
2026-08-15 04:30:00,196.02517,196.04105,196.00608,196.01446
2026-08-15 04:45:00,196.01562,196.04648,196.00399,196.04402
2026-08-15 05:00:00,196.03832,196.04473,195.978,196.00853
2026-08-15 05:15:00,196.00125,196.03414,195.9691,196.00831
2026-08-15 05:30:00,196.00898,196.01088,195.91954,195.95304
2026-08-15 05:45:00,195.95726,195.96181,195.92236,195.94874
2026-08-15 06:00:00,195.9441,195.98555,195.90777,195.911
2026-08-15 06:15:00,195.91579,195.93934,195.88826,195.89127
2026-08-15 06:30:00,195.89242,195.91696,195.87372,195.87738
2026-08-15 06:45:00,195.88218,195.8991,195.84667,195.88167
2026-08-15 07:00:00,195.88592,195.94951,195.79491,195.8136
2026-08-15 07:15:00,195.81398,195.84067,195.7865,195.82699
2026-08-15 07:30:00,195.82167,195.8347,195.78423,195.82366
2026-08-15 07:45:00,195.82022,195.83029,195.78778,195.80341
2026-08-15 08:00:00,195.80679,195.87437,195.79695,195.81475
2026-08-15 08:15:00,195.82531,195.84686,195.81671,195.84118
2026-08-15 08:30:00,195.83814,195.85083,195.80956,195.82083
2026-08-15 08:45:00,195.82131,195.85085,195.80955,195.84013
2026-08-15 09:00:00,195.83511,195.87156,195.79497,195.81383
2026-08-15 09:15:00,195.82572,195.84911,195.81335,195.84081
2026-08-15 09:30:00,195.83755,195.85054,195.81104,195.82191
2026-08-15 09:45:00,195.82146,195.85843,195.7766,195.83996
2026-08-15 10:00:00,195.83476,195.91582,195.78945,195.9055
2026-08-15 10:15:00,195.90687,195.92031,195.88562,195.90651
2026-08-15 10:30:00,195.90238,195.91584,195.90238,195.9115
2026-08-15 10:45:00,195.90714,195.94239,195.88224,195.91215
2026-08-15 11:00:00,195.91697,195.91697,195.87667,195.90566
2026-08-15 11:15:00,195.90713,195.91591,195.88833,195.9108
2026-08-15 11:30:00,195.90713,195.91569,195.84282,195.89971
2026-08-15 11:45:00,195.89376,195.91586,195.89376,195.90907
2026-08-15 12:00:00,195.90713,195.92133,195.88355,195.90558
2026-08-15 12:15:00,195.90699,195.9159,195.90421,195.91144
2026-08-15 12:30:00,195.90714,195.91546,195.88172,195.91134
2026-08-15 12:45:00,195.90712,195.91575,195.89053,195.90676
2026-08-15 13:00:00,195.90386,195.9148,195.87476,195.90615
2026-08-15 13:15:00,195.90727,195.91746,195.84708,195.91196
2026-08-15 13:30:00,195.90717,195.91575,195.90421,195.91099
2026-08-15 13:45:00,195.90713,195.91903,195.89025,195.91048
2026-08-15 14:00:00,195.90714,195.91573,195.88377,195.90804
2026-08-15 14:15:00,195.90327,195.91702,195.90327,195.90763
2026-08-15 14:30:00,195.90832,195.91493,195.89256,195.91091
2026-08-15 14:45:00,195.90753,195.91715,195.90444,195.9122
2026-08-15 15:00:00,195.90849,195.93638,195.83276,195.90823
2026-08-15 15:15:00,195.9083,195.91783,195.89464,195.91169
2026-08-15 15:30:00,195.90599,195.91703,195.90447,195.91145
2026-08-15 15:45:00,195.90879,195.91714,195.89576,195.91238
2026-08-15 16:00:00,195.90815,195.92655,195.8769,195.91026
2026-08-15 16:15:00,195.90818,195.91827,195.88981,195.90693
2026-08-15 16:30:00,195.90833,195.91706,195.84104,195.89297
2026-08-15 16:45:00,195.87759,195.98239,195.85767,195.91282
2026-08-15 17:00:00,195.90843,195.9298,195.87665,195.90954
2026-08-15 17:15:00,195.90812,195.91707,195.90552,195.90686
2026-08-15 17:30:00,195.90833,195.91713,195.89494,195.91221
2026-08-15 17:45:00,195.90834,195.91706,195.89137,195.90796
2026-08-15 18:00:00,195.90327,195.91713,195.90327,195.91052
2026-08-15 18:15:00,195.90833,195.91831,195.84134,195.91224
2026-08-15 18:30:00,195.90754,195.91701,195.9054,195.9128
2026-08-15 18:45:00,195.90833,195.91632,195.89171,195.91245
2026-08-15 19:00:00,195.90833,195.91874,195.89467,195.90515
2026-08-15 19:15:00,195.90188,195.91713,195.90188,195.90735
2026-08-15 19:30:00,195.90837,195.91699,195.89025,195.90781
2026-08-15 19:45:00,195.90812,195.91695,195.9054,195.91203
2026-08-15 20:00:00,195.90833,195.91701,195.84167,195.91181
2026-08-15 20:15:00,195.90828,195.91706,195.88485,195.90339
2026-08-15 20:30:00,195.89813,195.91694,195.89813,195.90748
2026-08-15 20:45:00,195.90833,195.96604,195.82883,195.90994
2026-08-15 21:00:00,195.90676,195.91841,195.90529,195.91234
2026-08-15 21:15:00,195.90834,195.91635,195.84519,195.90969
2026-08-15 21:30:00,195.90683,195.97034,195.82753,195.83511
2026-08-15 21:45:00,195.84936,195.90815,195.83725,195.90225
2026-08-15 22:00:00,195.89956,195.91247,195.87751,195.90053
2026-08-15 22:15:00,195.89619,195.91155,195.89346,195.90776
2026-08-15 22:30:00,195.9053,195.91287,195.87407,195.89811
2026-08-15 22:45:00,195.89956,195.91589,195.87069,195.87458
2026-08-15 23:00:00,195.88022,195.90012,195.87773,195.89687
2026-08-15 23:15:00,195.89246,195.93709,195.81988,195.89095
2026-08-15 23:30:00,195.88714,195.89821,195.88665,195.88809
2026-08-15 23:45:00,195.88953,195.89827,195.86028,195.8771
2026-08-16 00:00:00,195.87293,195.88177,195.84913,195.85317
2026-08-16 00:15:00,195.85618,195.86851,195.85591,195.86227
2026-08-16 00:30:00,195.8597,195.88048,195.84451,195.85121
2026-08-16 00:45:00,195.8524,195.86142,195.84975,195.85738
2026-08-16 01:00:00,195.85265,195.86697,195.80376,195.84532
2026-08-16 01:15:00,195.84139,195.85075,195.8261,195.82894
2026-08-16 01:30:00,195.83074,195.84366,195.83074,195.83426
2026-08-16 01:45:00,195.83497,195.84368,195.82055,195.82823
2026-08-16 02:00:00,195.82891,195.94045,195.79409,195.93454
2026-08-16 02:15:00,195.93095,195.96176,195.8909,195.91003
2026-08-16 02:30:00,195.90632,195.91497,195.85223,195.87113
2026-08-16 02:45:00,195.89989,195.89989,195.82502,195.86832
2026-08-16 03:00:00,195.86938,195.99156,195.80739,195.93403
2026-08-16 03:15:00,195.93103,195.94123,195.9152,195.92219
2026-08-16 03:30:00,195.91808,195.9263,195.87743,195.90427
2026-08-16 03:45:00,195.90196,195.91441,195.8922,195.8968
2026-08-16 04:00:00,195.90222,195.95792,195.83389,195.93753
2026-08-16 04:15:00,195.9358,195.9358,195.8246,195.88073
2026-08-16 04:30:00,195.87636,195.89725,195.86903,195.89012
2026-08-16 04:45:00,195.88861,195.92466,195.86648,195.902
2026-08-16 05:00:00,195.89693,195.98362,195.85666,195.9368
2026-08-16 05:15:00,195.93526,195.93526,195.89262,195.91465
2026-08-16 05:30:00,195.91039,195.91836,195.87329,195.88837
2026-08-16 05:45:00,195.88636,195.89631,195.88445,195.88658
2026-08-16 06:00:00,195.88804,195.98238,195.82583,195.87971
2026-08-16 06:15:00,195.87537,195.89819,195.87155,195.89562
2026-08-16 06:30:00,195.88918,195.88996,195.86022,195.88392
2026-08-16 06:45:00,195.88119,195.88994,195.85396,195.88573
2026-08-16 07:00:00,195.88101,195.98011,195.85293,195.95308
2026-08-16 07:15:00,195.95327,195.95585,195.90629,195.92611
2026-08-16 07:30:00,195.92221,195.93108,195.91934,195.92557
2026-08-16 07:45:00,195.92227,195.92253,195.82546,195.89275
2026-08-16 08:00:00,195.89327,195.98755,195.84962,195.9541
2026-08-16 08:15:00,195.94881,195.95863,195.947,195.9533
2026-08-16 08:30:00,195.94987,195.97658,195.90352,195.91954
2026-08-16 08:45:00,195.91583,195.922,195.91044,195.91326
2026-08-16 09:00:00,195.91335,195.98962,195.85935,195.97968
2026-08-16 09:15:00,195.98075,195.99027,195.84779,195.90349
2026-08-16 09:30:00,195.90046,195.9114,195.89973,195.90698
2026-08-16 09:45:00,195.90275,195.91121,195.87017,195.88538
2026-08-16 10:00:00,195.88339,195.90121,195.87603,195.891
2026-08-16 10:15:00,195.89241,195.91443,195.86295,195.87855
2026-08-16 10:30:00,195.8753,195.884,195.85163,195.86513
2026-08-16 10:45:00,195.86066,195.87012,195.85864,195.86312
2026-08-16 11:00:00,195.86159,195.86915,195.80522,195.85016
2026-08-16 11:15:00,195.85168,195.86126,195.84923,195.85651
2026-08-16 11:30:00,195.85251,195.85913,195.8456,195.85491
2026-08-16 11:45:00,195.85058,195.85924,195.84304,195.85053
2026-08-16 12:00:00,195.84817,195.87747,195.84609,195.86028
2026-08-16 12:15:00,195.86145,195.86606,195.84813,195.85748
2026-08-16 12:30:00,195.85287,195.89959,195.84957,195.89796
2026-08-16 12:45:00,195.89385,195.89385,195.81648,195.87779
2026-08-16 13:00:00,195.87481,195.88372,195.86176,195.86623
2026-08-16 13:15:00,195.86725,195.87732,195.86523,195.86814
2026-08-16 13:30:00,195.86851,195.87458,195.8569,195.86666
2026-08-16 13:45:00,195.86304,195.87215,195.86046,195.867
2026-08-16 14:00:00,195.86339,195.87061,195.85365,195.85885
2026-08-16 14:15:00,195.85924,195.90099,195.79229,195.80132
2026-08-16 14:30:00,195.81539,195.86035,195.81539,195.85564
2026-08-16 14:45:00,195.85228,195.87191,195.84073,195.86703
2026-08-16 15:00:00,195.86297,195.87109,195.85723,195.86251
2026-08-16 15:15:00,195.86008,195.86462,195.85012,195.85452
2026-08-16 15:30:00,195.85581,195.86775,195.85323,195.8641
2026-08-16 15:45:00,195.8613,195.86914,195.85639,195.86364
2026-08-16 16:00:00,195.85931,195.87931,195.80436,195.8573
2026-08-16 16:15:00,195.85528,195.87427,195.85392,195.8619
2026-08-16 16:30:00,195.86302,195.86584,195.8493,195.85903
2026-08-16 16:45:00,195.85549,195.86404,195.848,195.85604
2026-08-16 17:00:00,195.85154,195.86166,195.84989,195.85479
2026-08-16 17:15:00,195.85298,195.86174,195.84482,195.84941
2026-08-16 17:30:00,195.85083,195.8597,195.84805,195.85517
2026-08-16 17:45:00,195.85097,195.85922,195.79874,195.85706
2026-08-16 18:00:00,195.85278,195.86148,195.84585,195.85218
2026-08-16 18:15:00,195.84957,195.85961,195.84801,195.84978
2026-08-16 18:30:00,195.85096,195.85971,195.84322,195.8539
2026-08-16 18:45:00,195.84913,195.858,195.84642,195.85327
2026-08-16 19:00:00,195.84935,195.85719,195.84335,195.85129
2026-08-16 19:15:00,195.84804,195.85686,195.84114,195.84903
2026-08-16 19:30:00,195.84503,195.85578,195.84377,195.84642
2026-08-16 19:45:00,195.84703,195.86876,195.83542,195.86132
2026-08-16 20:00:00,195.85812,195.86277,195.85062,195.85713
2026-08-16 20:15:00,195.85334,195.86188,195.83851,195.84386
2026-08-16 20:30:00,195.84401,195.85281,195.8411,195.84292
2026-08-16 20:45:00,195.84401,195.85093,195.83368,195.83928
2026-08-16 21:00:00,195.83655,195.84532,195.83362,195.84075
2026-08-16 21:15:00,195.83655,195.84495,195.82789,195.83268
2026-08-16 21:30:00,195.83058,195.85495,195.82764,195.83128
2026-08-16 21:45:00,195.83259,195.83567,195.82296,195.82896
2026-08-16 22:00:00,195.82582,195.83454,195.81918,195.82638
2026-08-16 22:15:00,195.82199,195.83077,195.81906,195.82336
2026-08-16 22:30:00,195.82199,195.82774,195.81626,195.81746
2026-08-16 22:45:00,195.81893,195.82772,195.8137,195.82034
2026-08-16 23:00:00,195.81649,195.8252,195.8136,195.82085
2026-08-16 23:15:00,195.81649,195.90021,195.78368,195.88775
2026-08-16 23:30:00,195.88578,195.89449,195.88288,195.88439
2026-08-16 23:45:00,195.88578,195.89018,195.86791,195.87777
2026-08-17 00:00:00,195.87344,195.92061,195.85307,195.89912
2026-08-17 00:15:00,195.89442,195.91069,195.89442,195.90456
2026-08-17 00:30:00,195.90189,195.92394,195.8744,195.87802
2026-08-17 00:45:00,195.88324,195.89792,195.84371,195.85893
2026-08-17 01:00:00,195.8591,195.90674,195.8508,195.90575
2026-08-17 01:15:00,195.90189,195.92487,195.89517,195.90371
2026-08-17 01:30:00,195.90038,195.90917,195.89758,195.8997
2026-08-17 01:45:00,195.90038,195.91382,195.87585,195.90444
2026-08-17 02:00:00,195.9051,195.97808,195.86362,195.97639
2026-08-17 02:15:00,195.97286,195.97324,195.91533,195.92556
2026-08-17 02:30:00,195.92174,195.93588,195.86005,195.87782
2026-08-17 02:45:00,195.87905,195.88364,195.83127,195.83287
2026-08-17 03:00:00,195.83406,195.9621,195.80964,195.90869
2026-08-17 03:15:00,195.90597,195.98208,195.89992,195.91275
2026-08-17 03:30:00,195.90862,195.91614,195.83861,195.90683
2026-08-17 03:45:00,195.90411,195.91593,195.90359,195.90573
2026-08-17 04:00:00,195.90713,195.94778,195.85807,195.90927
2026-08-17 04:15:00,195.90785,195.91512,195.88424,195.91149
2026-08-17 04:30:00,195.90709,195.91591,195.88538,195.90585
2026-08-17 04:45:00,195.9043,195.93361,195.72388,195.91294
2026-08-17 05:00:00,195.88585,196.24139,195.88585,196.21945
2026-08-17 05:15:00,196.19918,196.22365,195.98171,196.16508
2026-08-17 05:30:00,196.13257,196.23024,195.91827,196.19973
2026-08-17 05:45:00,196.18684,196.26381,195.90903,195.96676
2026-08-17 06:00:00,196.06023,196.33478,195.84476,196.21477
2026-08-17 06:15:00,196.20862,196.2149,196.07738,196.17326
2026-08-17 06:30:00,196.16565,196.18454,196.1211,196.18006
2026-08-17 06:45:00,196.17264,196.19857,196.07343,196.14668
2026-08-17 07:00:00,196.13316,196.33589,196.05731,196.19201
2026-08-17 07:15:00,196.1985,196.23732,196.17229,196.19397
2026-08-17 07:30:00,196.19537,196.24662,196.06319,196.12236
2026-08-17 07:45:00,196.10981,196.10981,195.94242,195.96735
2026-08-17 08:00:00,195.96511,195.99353,195.90612,195.94746
2026-08-17 08:15:00,195.94861,195.95569,195.90708,195.91695
2026-08-17 08:30:00,195.91372,195.92087,195.83851,195.89418
2026-08-17 08:45:00,195.89012,195.8902,195.79415,195.79797
2026-08-17 09:00:00,195.80462,195.88248,195.78471,195.87523
2026-08-17 09:15:00,195.86502,195.9258,195.86502,195.89447
2026-08-17 09:30:00,195.89298,195.90009,195.85077,195.87259
2026-08-17 09:45:00,195.86761,195.93774,195.8671,195.93419
2026-08-17 10:00:00,195.92669,196.02768,195.89717,195.99318
2026-08-17 10:15:00,195.99014,195.99978,195.90995,195.94594
2026-08-17 10:30:00,195.93763,195.9652,195.87256,195.90001
2026-08-17 10:45:00,195.89118,195.91386,195.82533,195.89546
2026-08-17 11:00:00,195.88909,195.93796,195.84912,195.89831
2026-08-17 11:15:00,195.89135,195.94749,195.88569,195.92538
2026-08-17 11:30:00,195.92054,195.92712,195.84574,195.92611
2026-08-17 11:45:00,195.91996,195.94743,195.91116,195.93262
2026-08-17 12:00:00,195.93696,195.95609,195.90578,195.93419
2026-08-17 12:15:00,195.93457,195.96197,195.83903,195.91833
2026-08-17 12:30:00,195.90853,195.94598,195.89535,195.9318
2026-08-17 12:45:00,195.92845,195.92868,195.86839,195.88484
2026-08-17 13:00:00,195.87989,195.95525,195.87237,195.94588
2026-08-17 13:15:00,195.94677,195.96872,195.92037,195.96368
2026-08-17 13:30:00,195.95544,196.0014,195.95544,195.99229
2026-08-17 13:45:00,195.98623,196.03838,195.98623,196.03238
2026-08-17 14:00:00,196.0161,196.04792,196.0161,196.04439
2026-08-17 14:15:00,196.03834,196.08627,196.01567,196.07038
2026-08-17 14:30:00,196.07485,196.08882,196.02284,196.04213
2026-08-17 14:45:00,196.04473,196.06688,196.03342,196.05773
2026-08-17 15:00:00,196.05091,196.08743,196.04231,196.06293
2026-08-17 15:15:00,196.05973,196.07514,196.02436,196.06674
2026-08-17 15:30:00,196.05805,196.07141,195.96715,195.98232
2026-08-17 15:45:00,195.98555,196.09138,195.98051,196.069
2026-08-17 16:00:00,196.06886,196.08898,196.01418,196.03639
2026-08-17 16:15:00,196.02745,196.12193,196.02745,196.11458
2026-08-17 16:30:00,196.1044,196.13403,196.08627,196.11228
2026-08-17 16:45:00,196.11545,196.11831,196.02739,196.08328
2026-08-17 17:00:00,196.07347,196.15035,196.01201,196.13728
2026-08-17 17:15:00,196.11254,196.52656,196.11254,196.51378
2026-08-17 17:30:00,196.49617,196.66815,196.49208,196.65707
2026-08-17 17:45:00,196.65012,196.70522,196.59143,196.64338
2026-08-17 18:00:00,196.65508,196.762,196.61511,196.75396
2026-08-17 18:15:00,196.73775,196.87143,196.69629,196.85969
2026-08-17 18:30:00,196.84323,196.90333,196.7822,196.87045
2026-08-17 18:45:00,196.85866,196.89605,196.61682,196.68316
2026-08-17 19:00:00,196.66272,196.79041,196.63662,196.64286
2026-08-17 19:15:00,196.65294,196.72106,196.59877,196.70259
2026-08-17 19:30:00,196.7059,196.72407,196.60652,196.62962
2026-08-17 19:45:00,196.63383,196.63383,196.5842,196.59278
2026-08-17 20:00:00,196.58805,196.60288,196.52521,196.59549
2026-08-17 20:15:00,196.57939,196.58381,196.49442,196.49634
2026-08-17 20:30:00,196.499,196.53018,196.40401,196.42772
2026-08-17 20:45:00,196.42037,196.51496,196.41319,196.46473
2026-08-17 21:00:00,196.45702,196.52739,196.40418,196.4471
2026-08-17 21:15:00,196.46181,196.54959,196.42311,196.5332
2026-08-17 21:30:00,196.53747,196.57733,196.50673,196.511
2026-08-17 21:45:00,196.51486,196.64203,196.50821,196.63978
2026-08-17 22:00:00,196.63271,196.66719,196.58676,196.59307
2026-08-17 22:15:00,196.60163,196.62777,196.47398,196.57437
2026-08-17 22:30:00,196.55389,196.65539,196.5066,196.64372
2026-08-17 22:45:00,196.62648,196.71348,196.59283,196.68071
2026-08-17 23:00:00,196.67984,196.80713,196.67984,196.75525
2026-08-17 23:15:00,196.75678,196.87969,196.75678,196.85651
2026-08-17 23:30:00,196.8497,196.9966,196.8497,196.86467
2026-08-17 23:45:00,196.87208,196.95896,196.84009,196.89378
2026-08-18 00:00:00,196.90253,196.94001,196.79818,196.80158
2026-08-18 00:15:00,196.80321,196.90241,196.79147,196.82068
2026-08-18 00:30:00,196.83421,196.87275,196.79313,196.86515
2026-08-18 00:45:00,196.85443,196.87717,196.74404,196.78381
2026-08-18 01:00:00,196.779,196.8261,196.73921,196.8157
2026-08-18 01:15:00,196.81136,196.82773,196.71228,196.71596
2026-08-18 01:30:00,196.72174,196.78428,196.72174,196.75813
2026-08-18 01:45:00,196.75362,196.83286,196.70214,196.81846
2026-08-18 02:00:00,196.81404,196.83864,196.76052,196.79128
2026-08-18 02:15:00,196.77785,196.81965,196.77196,196.78323
2026-08-18 02:30:00,196.78727,196.83301,196.76433,196.80161
2026-08-18 02:45:00,196.80356,196.80865,196.72156,196.72461
2026-08-18 03:00:00,196.72976,196.75395,196.67683,196.68013
2026-08-18 03:15:00,196.68144,196.71398,196.65987,196.67669
2026-08-18 03:30:00,196.67795,196.70925,196.54065,196.58446
2026-08-18 03:45:00,196.57668,196.62227,196.56756,196.58358
2026-08-18 04:00:00,196.58694,196.59529,196.56005,196.59206
2026-08-18 04:15:00,196.58461,196.64322,196.56565,196.62557
2026-08-18 04:30:00,196.61615,196.64956,196.58557,196.60423
2026-08-18 04:45:00,196.59756,196.66107,196.58724,196.6474
2026-08-18 05:00:00,196.63656,196.65307,196.58376,196.62849
2026-08-18 05:15:00,196.61361,196.66528,196.59837,196.64039
2026-08-18 05:30:00,196.63457,196.64581,196.60503,196.6345
2026-08-18 05:45:00,196.63585,196.66594,196.62122,196.65398
2026-08-18 06:00:00,196.64693,196.69264,196.63469,196.67583
2026-08-18 06:15:00,196.6659,196.68182,196.64362,196.65129
2026-08-18 06:30:00,196.64701,196.65888,196.62662,196.6397
2026-08-18 06:45:00,196.6373,196.6686,196.61277,196.66081
2026-08-18 07:00:00,196.65021,196.79712,196.61429,196.69385
2026-08-18 07:15:00,196.69647,196.69647,196.59607,196.63915
2026-08-18 07:30:00,196.61961,196.65889,196.59833,196.63273
2026-08-18 07:45:00,196.62976,196.64819,196.56728,196.56996
2026-08-18 08:00:00,196.57821,196.66773,196.57821,196.61982
2026-08-18 08:15:00,196.61512,196.61718,196.56566,196.58787
2026-08-18 08:30:00,196.58268,196.60137,196.57295,196.59722
2026-08-18 08:45:00,196.59382,196.59382,196.55548,196.55667
2026-08-18 09:00:00,196.55828,196.58232,196.5094,196.54815
2026-08-18 09:15:00,196.5435,196.55541,196.53655,196.53922
2026-08-18 09:30:00,196.5397,196.56015,196.52283,196.54214
2026-08-18 09:45:00,196.53768,196.57889,196.52252,196.5493
2026-08-18 10:00:00,196.55309,196.59716,196.52591,196.57516
2026-08-18 10:15:00,196.5702,196.59313,196.55808,196.57945
2026-08-18 10:30:00,196.57606,196.67834,196.56685,196.67578
2026-08-18 10:45:00,196.66522,196.70214,196.60623,196.61083
2026-08-18 11:00:00,196.61272,196.71138,196.60814,196.68122
2026-08-18 11:15:00,196.68344,196.69493,196.60948,196.63865
2026-08-18 11:30:00,196.62912,196.6848,196.58851,196.59488
2026-08-18 11:45:00,196.60453,196.66002,196.58614,196.65808
2026-08-18 12:00:00,196.65363,196.67359,196.61894,196.64104
2026-08-18 12:15:00,196.63426,196.64948,196.58647,196.64063
2026-08-18 12:30:00,196.63806,196.63806,196.58309,196.62971
2026-08-18 12:45:00,196.62372,196.66732,196.62164,196.6481
2026-08-18 13:00:00,196.64483,196.66837,196.63448,196.64727
2026-08-18 13:15:00,196.64881,196.65827,196.60432,196.63691
2026-08-18 13:30:00,196.62393,196.64537,196.5805,196.61157
2026-08-18 13:45:00,196.60163,196.63489,196.57934,196.58199
2026-08-18 14:00:00,196.58421,196.71088,196.58388,196.70586
2026-08-18 14:15:00,196.69877,196.74236,196.67923,196.72533
2026-08-18 14:30:00,196.72218,196.79251,196.71543,196.78133
2026-08-18 14:45:00,196.77509,196.77967,196.72662,196.73115
2026-08-18 15:00:00,196.73768,196.73768,196.68708,196.70421
2026-08-18 15:15:00,196.70543,196.74663,196.70042,196.7218
2026-08-18 15:30:00,196.72405,196.75243,196.71148,196.7504
2026-08-18 15:45:00,196.74274,196.76875,196.68316,196.71485
2026-08-18 16:00:00,196.71045,196.72643,196.66677,196.669
2026-08-18 16:15:00,196.67578,196.75443,196.65725,196.74931
2026-08-18 16:30:00,196.74118,196.8003,196.73071,196.79026
2026-08-18 16:45:00,196.78131,196.82379,196.76134,196.80433
2026-08-18 17:00:00,196.7947,196.85611,196.7947,196.82462
2026-08-18 17:15:00,196.81554,196.92741,196.762,196.9213
2026-08-18 17:30:00,196.91194,197.00682,196.91194,196.97514
2026-08-18 17:45:00,196.98569,196.99132,196.88434,196.90375
2026-08-18 18:00:00,196.89873,196.90464,196.7051,196.74808
2026-08-18 18:15:00,196.73259,196.76779,196.69989,196.71763
2026-08-18 18:30:00,196.7208,196.7809,196.69966,196.72575
2026-08-18 18:45:00,196.72385,196.76637,196.68502,196.75413
2026-08-18 19:00:00,196.74324,196.76397,196.68075,196.70043
2026-08-18 19:15:00,196.68769,196.71304,196.63743,196.69278
2026-08-18 19:30:00,196.6796,196.7511,196.61758,196.61948
2026-08-18 19:45:00,196.6211,196.65498,196.61602,196.64501
2026-08-18 20:00:00,196.63631,196.6551,196.57759,196.60301
2026-08-18 20:15:00,196.59833,196.61359,196.55996,196.58417
2026-08-18 20:30:00,196.57432,196.59673,196.55526,196.59313
2026-08-18 20:45:00,196.58962,196.63268,196.57814,196.63119
2026-08-18 21:00:00,196.62269,196.65189,196.57903,196.58558
2026-08-18 21:15:00,196.59616,196.61292,196.55758,196.57881
2026-08-18 21:30:00,196.58582,196.5866,196.54135,196.57413
2026-08-18 21:45:00,196.57007,196.57997,196.51301,196.57884
2026-08-18 22:00:00,196.57249,196.60542,196.50842,196.55562
2026-08-18 22:15:00,196.542,196.59324,196.51347,196.51723
2026-08-18 22:30:00,196.52333,196.5482,196.48484,196.51458
2026-08-18 22:45:00,196.52274,196.5897,196.50514,196.56864
2026-08-18 23:00:00,196.57331,196.57851,196.47964,196.48538
2026-08-18 23:15:00,196.49351,196.51317,196.41774,196.44918
2026-08-18 23:30:00,196.44007,196.65773,196.42985,196.56529
2026-08-18 23:45:00,196.58798,196.63998,196.52363,196.57103
2026-08-19 00:00:00,196.55682,196.61266,196.51011,196.58761
2026-08-19 00:15:00,196.59137,196.64951,196.4819,196.4875
2026-08-19 00:30:00,196.49643,196.5122,196.4476,196.50751
2026-08-19 00:45:00,196.50096,196.60726,196.48678,196.55217
2026-08-19 01:00:00,196.5437,196.57552,196.4465,196.50307
2026-08-19 01:15:00,196.49772,196.50323,196.38437,196.40591
2026-08-19 01:30:00,196.39872,196.4902,196.39872,196.47385
2026-08-19 01:45:00,196.47437,196.5101,196.4398,196.5036
2026-08-19 02:00:00,196.49206,196.60669,196.49206,196.60201
2026-08-19 02:15:00,196.59705,196.66728,196.58737,196.61449
2026-08-19 02:30:00,196.62556,196.62556,196.5772,196.59397
2026-08-19 02:45:00,196.59554,196.62491,196.54362,196.55128
2026-08-19 03:00:00,196.55228,196.55753,196.46954,196.48698
2026-08-19 03:15:00,196.48419,196.54255,196.4616,196.51025
2026-08-19 03:30:00,196.50587,196.52893,196.47626,196.50532
2026-08-19 03:45:00,196.51019,196.53702,196.4878,196.51466
2026-08-19 04:00:00,196.51042,196.51099,196.43457,196.5057
2026-08-19 04:15:00,196.50127,196.51131,196.46462,196.47737
2026-08-19 04:30:00,196.47137,196.49458,196.45321,196.45864
2026-08-19 04:45:00,196.45978,196.46162,196.42906,196.45701
2026-08-19 05:00:00,196.45033,196.48033,196.41549,196.4714
2026-08-19 05:15:00,196.46594,196.48248,196.4451,196.46303
2026-08-19 05:30:00,196.45517,196.51526,196.45517,196.51091
2026-08-19 05:45:00,196.50718,196.51461,196.45596,196.4581
2026-08-19 06:00:00,196.46286,196.49755,196.45136,196.47794
2026-08-19 06:15:00,196.47137,196.48536,196.45767,196.47322
2026-08-19 06:30:00,196.46925,196.49865,196.46009,196.49643
2026-08-19 06:45:00,196.49071,196.49785,196.45684,196.4908
2026-08-19 07:00:00,196.47994,196.5172,196.44063,196.49441
2026-08-19 07:15:00,196.49605,196.52015,196.47943,196.49036
2026-08-19 07:30:00,196.49295,196.49951,196.4406,196.45661
2026-08-19 07:45:00,196.45632,196.53271,196.45413,196.48272
2026-08-19 08:00:00,196.50215,196.53373,196.44233,196.50635
2026-08-19 08:15:00,196.50121,196.51071,196.47662,196.48345
2026-08-19 08:30:00,196.47937,196.48658,196.44604,196.45503
2026-08-19 08:45:00,196.45127,196.47642,196.4488,196.4502
2026-08-19 09:00:00,196.45238,196.45962,196.41154,196.42346
2026-08-19 09:15:00,196.418,196.429,196.39832,196.42065
2026-08-19 09:30:00,196.41435,196.42387,196.36805,196.38408
2026-08-19 09:45:00,196.38005,196.42676,196.37429,196.41194
2026-08-19 10:00:00,196.40766,196.44396,196.35237,196.41446
2026-08-19 10:15:00,196.42381,196.45335,196.40382,196.40771
2026-08-19 10:30:00,196.4125,196.42269,196.34765,196.37029
2026-08-19 10:45:00,196.3657,196.37842,196.30946,196.31844
2026-08-19 11:00:00,196.32332,196.33372,196.26685,196.26929
2026-08-19 11:15:00,196.2725,196.31825,196.23587,196.31024
2026-08-19 11:30:00,196.30512,196.37176,196.28546,196.37024
2026-08-19 11:45:00,196.36115,196.4045,196.35848,196.38816
2026-08-19 12:00:00,196.38626,196.42148,196.36873,196.39103
2026-08-19 12:15:00,196.39917,196.47414,196.36006,196.36764
2026-08-19 12:30:00,196.37309,196.4242,196.3655,196.40565
2026-08-19 12:45:00,196.395,196.39995,196.3277,196.35428
2026-08-19 13:00:00,196.35121,196.40952,196.34155,196.40455
2026-08-19 13:15:00,196.39762,196.42429,196.39288,196.40932
2026-08-19 13:30:00,196.41223,196.48654,196.41223,196.4608
2026-08-19 13:45:00,196.45609,196.46668,196.42463,196.43796
2026-08-19 14:00:00,196.43459,196.43736,196.39757,196.42194
2026-08-19 14:15:00,196.41781,196.46134,196.38328,196.39708
2026-08-19 14:30:00,196.39279,196.41621,196.33637,196.39122
2026-08-19 14:45:00,196.38693,196.4246,196.35462,196.42178
2026-08-19 15:00:00,196.41113,196.43719,196.37154,196.40924
2026-08-19 15:15:00,196.40078,196.43011,196.34976,196.36374
2026-08-19 15:30:00,196.36775,196.38233,196.27879,196.34308
2026-08-19 15:45:00,196.32961,196.40649,196.31548,196.36117
2026-08-19 16:00:00,196.36849,196.39314,196.33469,196.36758
2026-08-19 16:15:00,196.36142,196.42229,196.32824,196.40461
2026-08-19 16:30:00,196.40122,196.4697,196.31886,196.46494
2026-08-19 16:45:00,196.45249,196.52533,196.43176,196.44736
2026-08-19 17:00:00,196.43929,196.46024,196.3425,196.37991
2026-08-19 17:15:00,196.37414,196.41072,196.34029,196.4032
2026-08-19 17:30:00,196.39293,196.44365,196.2677,196.27452
2026-08-19 17:45:00,196.28585,196.32634,196.25654,196.30272
2026-08-19 18:00:00,196.29391,196.32725,196.21569,196.30597
2026-08-19 18:15:00,196.30141,196.32354,196.16893,196.18617
2026-08-19 18:30:00,196.19017,196.23503,196.1576,196.2286
2026-08-19 18:45:00,196.21717,196.29137,196.19567,196.28982
2026-08-19 19:00:00,196.28087,196.37986,196.28087,196.3757
2026-08-19 19:15:00,196.37209,196.44164,196.35338,196.40546
2026-08-19 19:30:00,196.4159,196.44053,196.34734,196.37578
2026-08-19 19:45:00,196.36586,196.40041,196.32332,196.35699
2026-08-19 20:00:00,196.35091,196.37995,196.30575,196.32857
2026-08-19 20:15:00,196.33751,196.37595,196.2914,196.29645
2026-08-19 20:30:00,196.31083,196.39811,196.31083,196.35726
2026-08-19 20:45:00,196.36224,196.37744,196.31033,196.321
2026-08-19 21:00:00,196.31814,196.38292,196.30283,196.3517
2026-08-19 21:15:00,196.33785,196.39737,196.3084,196.393
2026-08-19 21:30:00,196.386,196.40663,196.3336,196.37371
2026-08-19 21:45:00,196.36749,196.41444,196.33988,196.41021
2026-08-19 22:00:00,196.39817,196.42618,196.36168,196.38769
2026-08-19 22:15:00,196.37943,196.42232,196.35404,196.40829
2026-08-19 22:30:00,196.3995,196.48469,196.03618,196.31294
2026-08-19 22:45:00,196.30041,196.50475,196.22287,196.43839
2026-08-19 23:00:00,196.44476,196.72599,196.44476,196.71257
2026-08-19 23:15:00,196.68502,196.8477,196.62375,196.83981
2026-08-19 23:30:00,196.8271,197.17362,196.80949,197.14882
2026-08-19 23:45:00,197.11198,197.48371,197.11198,197.47344
2026-08-20 00:00:00,197.45284,197.62331,197.36019,197.60182
2026-08-20 00:15:00,197.55605,197.6792,197.45183,197.65785
2026-08-20 00:30:00,197.62882,198.00647,197.59974,197.89635
2026-08-20 00:45:00,197.87067,197.87067,197.45375,197.62624
2026-08-20 01:00:00,197.59986,197.84574,197.48683,197.82944
2026-08-20 01:15:00,197.79401,197.89061,197.75993,197.87467
2026-08-20 01:30:00,197.86882,198.26654,197.86067,198.15833
2026-08-20 01:45:00,198.17016,198.23083,198.06514,198.09753
2026-08-20 02:00:00,198.07959,198.26798,198.03885,198.26328
2026-08-20 02:15:00,198.25239,198.26886,198.15664,198.16575
2026-08-20 02:30:00,198.1794,198.25058,198.12204,198.16773
2026-08-20 02:45:00,198.15596,198.22396,198.12409,198.16353
2026-08-20 03:00:00,198.18905,198.2223,198.13234,198.18858
2026-08-20 03:15:00,198.18404,198.2202,198.13623,198.18678
2026-08-20 03:30:00,198.19337,198.23389,198.13479,198.15588
2026-08-20 03:45:00,198.15667,198.19432,198.12232,198.14437
2026-08-20 04:00:00,198.15138,198.35757,198.11113,198.34976
2026-08-20 04:15:00,198.33179,198.40268,198.26943,198.27537
2026-08-20 04:30:00,198.27803,198.3746,198.26577,198.35773
2026-08-20 04:45:00,198.35424,198.3983,198.31851,198.39347
2026-08-20 05:00:00,198.37935,198.47064,198.34899,198.45429
2026-08-20 05:15:00,198.43728,198.45371,198.31363,198.31894
2026-08-20 05:30:00,198.32771,198.4386,198.30871,198.37906
2026-08-20 05:45:00,198.36611,198.41632,198.2495,198.26289
2026-08-20 06:00:00,198.28235,198.35368,198.17701,198.29232
2026-08-20 06:15:00,198.29779,198.39373,198.28926,198.36013
2026-08-20 06:30:00,198.37026,198.47477,198.36398,198.42398
2026-08-20 06:45:00,198.42649,198.43752,198.37667,198.38542
2026-08-20 07:00:00,198.40039,198.51037,197.74318,198.2535
2026-08-20 07:15:00,198.26544,198.28643,198.23431,198.27971
2026-08-20 07:30:00,198.27752,198.33816,198.25686,198.32879
2026-08-20 07:45:00,198.31622,198.40368,198.20606,198.2211
2026-08-20 08:00:00,198.24736,198.38597,198.15178,198.28939
2026-08-20 08:15:00,198.29502,198.31695,198.24819,198.27784
2026-08-20 08:30:00,198.26942,198.33704,198.26942,198.31718
2026-08-20 08:45:00,198.32518,198.40378,198.32225,198.37116
2026-08-20 09:00:00,198.37376,198.44297,198.2818,198.41806
2026-08-20 09:15:00,198.41327,198.42031,198.3504,198.39764
2026-08-20 09:30:00,198.39313,198.41909,198.3561,198.38556
2026-08-20 09:45:00,198.37197,198.39733,198.35068,198.38576
2026-08-20 10:00:00,198.37892,198.52085,198.36177,198.50225
2026-08-20 10:15:00,198.49717,198.49717,198.34777,198.36045
2026-08-20 10:30:00,198.35893,198.41341,198.32879,198.33244
2026-08-20 10:45:00,198.33904,198.36539,198.22383,198.2678
2026-08-20 11:00:00,198.25809,198.28786,198.06588,198.16236
2026-08-20 11:15:00,198.13181,198.32819,198.13181,198.31554
2026-08-20 11:30:00,198.29364,198.33435,198.22665,198.28365
2026-08-20 11:45:00,198.27025,198.31703,198.23556,198.24451
2026-08-20 12:00:00,198.26732,198.33159,198.23957,198.29057
2026-08-20 12:15:00,198.30203,198.30203,198.14676,198.16732
2026-08-20 12:30:00,198.15769,198.17683,198.08356,198.11415
2026-08-20 12:45:00,198.12168,198.13635,198.07625,198.09774
2026-08-20 13:00:00,198.09415,198.19243,198.06024,198.13794
2026-08-20 13:15:00,198.14941,198.16993,198.07052,198.09732
2026-08-20 13:30:00,198.10952,198.12605,198.06338,198.12022
2026-08-20 13:45:00,198.11321,198.20231,198.07606,198.15389
2026-08-20 14:00:00,198.15041,198.2188,198.13533,198.21548
2026-08-20 14:15:00,198.20699,198.21278,198.13634,198.15784
2026-08-20 14:30:00,198.14749,198.18451,198.1248,198.15261
2026-08-20 14:45:00,198.14809,198.30368,198.14809,198.22716
2026-08-20 15:00:00,198.22956,198.28308,198.20014,198.23443
2026-08-20 15:15:00,198.23691,198.2902,198.19056,198.25514
2026-08-20 15:30:00,198.26205,198.32479,198.23389,198.32165
2026-08-20 15:45:00,198.31565,198.34452,198.23258,198.29427
2026-08-20 16:00:00,198.30343,198.44341,198.2967,198.38514
2026-08-20 16:15:00,198.39934,198.43471,198.25885,198.2923
2026-08-20 16:30:00,198.30152,198.31248,198.21196,198.31027
2026-08-20 16:45:00,198.30487,198.37771,198.27278,198.32425
2026-08-20 17:00:00,198.31207,198.34108,198.09287,198.19371
2026-08-20 17:15:00,198.18202,198.23334,198.12659,198.22831
2026-08-20 17:30:00,198.21741,198.2871,198.19116,198.27788
2026-08-20 17:45:00,198.26182,198.48538,198.18632,198.48037
2026-08-20 18:00:00,198.46893,198.46893,198.36217,198.38278
2026-08-20 18:15:00,198.38482,198.5353,198.35447,198.51967
2026-08-20 18:30:00,198.51133,198.66906,198.44338,198.66719
2026-08-20 18:45:00,198.66109,198.68654,198.5781,198.65122
2026-08-20 19:00:00,198.66118,198.99087,198.62289,198.97625
2026-08-20 19:15:00,198.95474,199.00113,198.82447,198.89905
2026-08-20 19:30:00,198.88901,198.94984,198.8144,198.92351
2026-08-20 19:45:00,198.9039,198.99325,198.86124,198.9518
2026-08-20 20:00:00,198.95986,199.04671,198.90009,199.03781
2026-08-20 20:15:00,199.02539,199.08021,198.84577,198.90263
2026-08-20 20:30:00,198.87753,199.0668,198.87753,199.04
2026-08-20 20:45:00,199.02501,199.02501,198.8952,198.9313
2026-08-20 21:00:00,198.91961,199.02259,198.88387,198.93024
2026-08-20 21:15:00,198.91778,199.02174,198.91778,198.95717
2026-08-20 21:30:00,198.97471,198.97471,198.78511,198.80186
2026-08-20 21:45:00,198.83657,198.83657,198.66488,198.74555
2026-08-20 22:00:00,198.72611,198.90028,198.71683,198.89485
2026-08-20 22:15:00,198.88733,198.93446,198.83584,198.87888
2026-08-20 22:30:00,198.88123,198.93575,198.84521,198.91067
2026-08-20 22:45:00,198.8995,198.97294,198.81136,198.88588
2026-08-20 23:00:00,198.88616,198.93274,198.7415,198.78446
2026-08-20 23:15:00,198.79135,198.79863,198.62786,198.72589
2026-08-20 23:30:00,198.70826,198.81969,198.69648,198.74703
2026-08-20 23:45:00,198.75295,198.87945,198.69134,198.71262
2026-08-21 00:00:00,198.7523,198.83281,198.63402,198.6528
2026-08-21 00:15:00,198.6667,198.80385,198.61174,198.78698
2026-08-21 00:30:00,198.76308,198.87244,198.76308,198.80045
2026-08-21 00:45:00,198.80316,198.87538,198.73456,198.77401
2026-08-21 01:00:00,198.76674,198.89888,198.59822,198.65194
2026-08-21 01:15:00,198.65781,198.74289,198.58288,198.70485
2026-08-21 01:30:00,198.68413,198.75266,198.57151,198.58943
2026-08-21 01:45:00,198.6214,198.65107,198.53525,198.63714
2026-08-21 02:00:00,198.62217,198.72541,198.60325,198.63109
2026-08-21 02:15:00,198.64345,198.78162,198.63551,198.76621
2026-08-21 02:30:00,198.74585,198.78918,198.59772,198.60629
2026-08-21 02:45:00,198.62098,198.6702,198.57618,198.66517
2026-08-21 03:00:00,198.65318,198.68727,198.5657,198.59164
2026-08-21 03:15:00,198.57821,198.64848,198.57821,198.62823
2026-08-21 03:30:00,198.63012,198.65766,198.58565,198.62419
2026-08-21 03:45:00,198.631,198.70915,198.62607,198.69091
2026-08-21 04:00:00,198.69165,198.72914,198.65851,198.72137
2026-08-21 04:15:00,198.71686,198.76284,198.69879,198.72903
2026-08-21 04:30:00,198.74461,198.77882,198.71972,198.73857
2026-08-21 04:45:00,198.73298,198.75929,198.69864,198.74595
2026-08-21 05:00:00,198.74057,198.76835,198.70308,198.73801
2026-08-21 05:15:00,198.72921,198.77283,198.72819,198.75722
2026-08-21 05:30:00,198.76196,198.77865,198.71471,198.71671
2026-08-21 05:45:00,198.72223,198.7975,198.72223,198.79582
2026-08-21 06:00:00,198.79186,198.79186,198.72309,198.74515
2026-08-21 06:15:00,198.73668,198.75349,198.72638,198.72735
2026-08-21 06:30:00,198.72985,198.76306,198.71835,198.74423
2026-08-21 06:45:00,198.74427,198.75713,198.71643,198.73726
2026-08-21 07:00:00,198.73415,198.82549,198.65766,198.68606
2026-08-21 07:15:00,198.68185,198.69661,198.6554,198.6865
2026-08-21 07:30:00,198.68737,198.72326,198.67194,198.71936
2026-08-21 07:45:00,198.71678,198.73768,198.69088,198.69284
2026-08-21 08:00:00,198.69308,198.74159,198.67461,198.71931
2026-08-21 08:15:00,198.71077,198.73329,198.66132,198.71358
2026-08-21 08:30:00,198.71003,198.73519,198.70708,198.72496
2026-08-21 08:45:00,198.72709,198.74191,198.69235,198.70843
2026-08-21 09:00:00,198.71037,198.74464,198.69311,198.70971
2026-08-21 09:15:00,198.70275,198.71373,198.66997,198.67863
2026-08-21 09:30:00,198.68183,198.73542,198.64963,198.68282
2026-08-21 09:45:00,198.68843,198.74493,198.67304,198.74081
2026-08-21 10:00:00,198.73326,198.76034,198.68372,198.75944
2026-08-21 10:15:00,198.75268,198.80754,198.71226,198.79812
2026-08-21 10:30:00,198.77735,198.8741,198.77396,198.8442
2026-08-21 10:45:00,198.83845,198.88766,198.78014,198.81745
2026-08-21 11:00:00,198.81109,198.93632,198.80872,198.93101
2026-08-21 11:15:00,198.91866,198.91877,198.80947,198.83575
2026-08-21 11:30:00,198.81956,198.92197,198.81956,198.87333
2026-08-21 11:45:00,198.85875,198.88716,198.8109,198.8247
2026-08-21 12:00:00,198.82514,198.84286,198.78444,198.83783
2026-08-21 12:15:00,198.83414,198.94423,198.82504,198.89876
2026-08-21 12:30:00,198.90539,198.94054,198.82703,198.88475
2026-08-21 12:45:00,198.87929,199.01082,198.87818,198.97076
2026-08-21 13:00:00,198.9763,198.98764,198.92942,198.96268
2026-08-21 13:15:00,198.95986,198.97701,198.90803,198.9369
2026-08-21 13:30:00,198.92896,198.94942,198.87555,198.88974
2026-08-21 13:45:00,198.8873,198.89297,198.82714,198.85158
2026-08-21 14:00:00,198.84441,198.8596,198.78641,198.82747
2026-08-21 14:15:00,198.823,198.8506,198.78692,198.84446
2026-08-21 14:30:00,198.83273,198.84134,198.80026,198.82555
2026-08-21 14:45:00,198.83094,198.8493,198.79144,198.79283
2026-08-21 15:00:00,198.79624,198.80353,198.74646,198.7908
2026-08-21 15:15:00,198.78824,198.81107,198.76896,198.77273
2026-08-21 15:30:00,198.77414,198.80603,198.74038,198.74453
2026-08-21 15:45:00,198.75028,198.78418,198.71164,198.77598
2026-08-21 16:00:00,198.77158,198.78997,198.69177,198.73435
2026-08-21 16:15:00,198.72572,198.7729,198.70179,198.76671
2026-08-21 16:30:00,198.76228,198.77328,198.67767,198.71588
2026-08-21 16:45:00,198.70441,198.70441,198.61171,198.67875
2026-08-21 17:00:00,198.66443,198.71372,198.57123,198.61469
2026-08-21 17:15:00,198.60593,198.66823,198.57633,198.6017
2026-08-21 17:30:00,198.59472,198.6287,198.47761,198.5528
2026-08-21 17:45:00,198.53739,198.53739,198.34978,198.42862
2026-08-21 18:00:00,198.41607,198.4872,198.33186,198.47684
2026-08-21 18:15:00,198.46271,198.5104,198.4171,198.48115
2026-08-21 18:30:00,198.47593,198.47593,198.30542,198.35858
2026-08-21 18:45:00,198.34762,198.4067,198.23513,198.27213
2026-08-21 19:00:00,198.25533,198.33458,198.19696,198.29101
2026-08-21 19:15:00,198.28026,198.44594,198.28026,198.338
2026-08-21 19:30:00,198.35473,198.45238,198.31397,198.42338
2026-08-21 19:45:00,198.43002,198.51759,198.41935,198.42865
2026-08-21 20:00:00,198.44387,198.54001,198.39313,198.48921
2026-08-21 20:15:00,198.50662,198.56063,198.47464,198.506
2026-08-21 20:30:00,198.49096,198.6102,198.49096,198.60806
2026-08-21 20:45:00,198.60348,198.66036,198.5843,198.60822
2026-08-21 21:00:00,198.61469,198.64493,198.56622,198.61974
2026-08-21 21:15:00,198.62255,198.6745,198.56049,198.56706
2026-08-21 21:30:00,198.57747,198.58108,198.41543,198.42186
2026-08-21 21:45:00,198.43227,198.51564,198.40356,198.51145
2026-08-21 22:00:00,198.49809,198.57121,198.47822,198.52483
2026-08-21 22:15:00,198.52674,198.57065,198.48876,198.49546
2026-08-21 22:30:00,198.49932,198.51516,198.38299,198.44715
2026-08-21 22:45:00,198.42919,198.47483,198.4022,198.41423
2026-08-21 23:00:00,198.42868,198.47923,198.40046,198.40631
2026-08-21 23:15:00,198.41293,198.46956,198.40725,198.44962
2026-08-21 23:30:00,198.43539,198.53074,198.43539,198.52864
2026-08-21 23:45:00,198.52188,198.52851,198.39938,198.46958
2026-08-22 00:00:00,198.48852,198.48852,198.38085,198.38357
2026-08-22 00:15:00,198.38587,198.46096,198.35601,198.36228
2026-08-22 00:30:00,198.37901,198.46024,198.30099,198.39894
2026-08-22 00:45:00,198.3782,198.51377,198.3452,198.50124
2026-08-22 01:00:00,198.47576,198.47576,198.28106,198.3916
2026-08-22 01:15:00,198.38218,198.38295,198.2692,198.31856
2026-08-22 01:30:00,198.30614,198.44241,198.29228,198.43486
2026-08-22 01:45:00,198.42057,198.48709,198.39791,198.45364
2026-08-22 02:00:00,198.45941,198.47034,198.39175,198.43793
2026-08-22 02:15:00,198.42945,198.45801,198.32827,198.42415
2026-08-22 02:30:00,198.41774,198.48288,198.40638,198.45645
2026-08-22 02:45:00,198.4501,198.45355,198.41346,198.44556
2026-08-22 03:00:00,198.43958,198.48732,198.42928,198.45789
2026-08-22 03:15:00,198.4537,198.46749,198.42982,198.4428
2026-08-22 03:30:00,198.44883,198.50411,198.41624,198.47009
2026-08-22 03:45:00,198.47583,198.50407,198.4536,198.50193
2026-08-22 04:00:00,198.49597,198.5377,198.47076,198.50665
2026-08-22 04:15:00,198.50265,198.57025,198.49801,198.56855
2026-08-22 04:30:00,198.56393,198.57737,198.53913,198.54085
2026-08-22 04:45:00,198.54571,198.5834,198.53512,198.58053
2026-08-22 05:00:00,198.57229,198.58491,198.50474,198.52918
2026-08-22 05:15:00,198.52463,198.54751,198.50477,198.50564
2026-08-22 05:30:00,198.50657,198.53513,198.46037,198.49059
2026-08-22 05:45:00,198.49114,198.52225,198.46752,198.51975
2026-08-22 06:00:00,198.51262,198.52969,198.49253,198.49815
2026-08-22 06:15:00,198.4977,198.50866,198.46583,198.46978
2026-08-22 06:30:00,198.47571,198.47571,198.37699,198.38046
2026-08-22 06:45:00,198.38701,198.41168,198.36198,198.40605
2026-08-22 07:00:00,198.39435,198.47312,198.36928,198.43414
2026-08-22 07:15:00,198.44547,198.47365,198.4077,198.45304
2026-08-22 07:30:00,198.43249,198.49255,198.40511,198.45722
2026-08-22 07:45:00,198.45211,198.48835,198.40023,198.47356
2026-08-22 08:00:00,198.46922,198.50538,198.38974,198.4361
2026-08-22 08:15:00,198.43098,198.44513,198.42698,198.43925
2026-08-22 08:30:00,198.43658,198.44338,198.42841,198.4292
2026-08-22 08:45:00,198.4326,198.44506,198.36277,198.43873
2026-08-22 09:00:00,198.43585,198.49444,198.42233,198.44204
2026-08-22 09:15:00,198.43754,198.45022,198.43451,198.4449
2026-08-22 09:30:00,198.44194,198.45127,198.43577,198.43894
2026-08-22 09:45:00,198.44147,198.45415,198.43593,198.44756
2026-08-22 10:00:00,198.44468,198.47364,198.38581,198.47282
2026-08-22 10:15:00,198.4693,198.47879,198.45442,198.47304
2026-08-22 10:30:00,198.46915,198.47933,198.46716,198.47002
2026-08-22 10:45:00,198.47016,198.4793,198.45516,198.46963
2026-08-22 11:00:00,198.47067,198.49493,198.43308,198.4728
2026-08-22 11:15:00,198.47,198.47878,198.45945,198.47423
2026-08-22 11:30:00,198.46998,198.47888,198.42581,198.46729
2026-08-22 11:45:00,198.4624,198.47896,198.4624,198.46858
2026-08-22 12:00:00,198.46997,198.47811,198.42366,198.47296
2026-08-22 12:15:00,198.46994,198.47891,198.46715,198.47443
2026-08-22 12:30:00,198.46998,198.47821,198.45617,198.47053
2026-08-22 12:45:00,198.46879,198.47848,198.43432,198.46525
2026-08-22 13:00:00,198.45972,198.47798,198.40885,198.47283
2026-08-22 13:15:00,198.46902,198.47773,198.4262,198.4716
2026-08-22 13:30:00,198.46716,198.47732,198.46346,198.47046
2026-08-22 13:45:00,198.46838,198.47705,198.45576,198.46712
2026-08-22 14:00:00,198.46852,198.47544,198.41244,198.47172
2026-08-22 14:15:00,198.46687,198.48342,198.43501,198.47754
2026-08-22 14:30:00,198.47331,198.48267,198.4614,198.47577
2026-08-22 14:45:00,198.47295,198.48102,198.46974,198.4713
2026-08-22 15:00:00,198.47241,198.48,198.3883,198.47046
2026-08-22 15:15:00,198.47123,198.48165,198.46135,198.47527
2026-08-22 15:30:00,198.47127,198.48206,198.46938,198.47596
2026-08-22 15:45:00,198.47253,198.48116,198.45934,198.4711
2026-08-22 16:00:00,198.47203,198.50212,198.411,198.47275
2026-08-22 16:15:00,198.4737,198.48248,198.45924,198.47694
2026-08-22 16:30:00,198.47365,198.50238,198.43521,198.46286
2026-08-22 16:45:00,198.45524,198.48324,198.45524,198.47705
2026-08-22 17:00:00,198.47445,198.48876,198.43361,198.47457
2026-08-22 17:15:00,198.47593,198.48499,198.47295,198.4785
2026-08-22 17:30:00,198.47579,198.48485,198.46295,198.48051
2026-08-22 17:45:00,198.47625,198.48493,198.46311,198.4757
2026-08-22 18:00:00,198.47262,198.48448,198.47249,198.47401
2026-08-22 18:15:00,198.47548,198.50563,198.41585,198.47758
2026-08-22 18:30:00,198.474,198.48392,198.47176,198.47954
2026-08-22 18:45:00,198.47519,198.48413,198.45497,198.47736
2026-08-22 19:00:00,198.47583,198.48416,198.45352,198.47276
2026-08-22 19:15:00,198.46571,198.48339,198.46571,198.47841
2026-08-22 19:30:00,198.47427,198.49139,198.44894,198.47805
2026-08-22 19:45:00,198.47345,198.48423,198.47174,198.47814
2026-08-22 20:00:00,198.47582,198.49083,198.41385,198.47417
2026-08-22 20:15:00,198.47546,198.48452,198.46424,198.47697
2026-08-22 20:30:00,198.47221,198.48423,198.47221,198.48011
2026-08-22 20:45:00,198.47599,198.48447,198.46743,198.4783
2026-08-22 21:00:00,198.47522,198.48439,198.47269,198.47451
2026-08-22 21:15:00,198.47546,198.48416,198.46383,198.47476
2026-08-22 21:30:00,198.47515,198.48414,198.40688,198.41557
2026-08-22 21:45:00,198.42646,198.4717,198.42646,198.46649
2026-08-22 22:00:00,198.46282,198.47848,198.45984,198.46241
2026-08-22 22:15:00,198.46279,198.47172,198.45982,198.46185
2026-08-22 22:30:00,198.46279,198.4707,198.45675,198.46492
2026-08-22 22:45:00,198.46188,198.47543,198.45677,198.45991
2026-08-22 23:00:00,198.46035,198.46923,198.45747,198.46278
2026-08-22 23:15:00,198.46035,198.47313,198.39351,198.41224
2026-08-22 23:30:00,198.4136,198.42233,198.41063,198.41659
2026-08-22 23:45:00,198.4136,198.43363,198.41046,198.42915
2026-08-23 00:00:00,198.42473,198.47307,198.41045,198.45815
2026-08-23 00:15:00,198.45959,198.47081,198.45898,198.46055
2026-08-23 00:30:00,198.46203,198.47051,198.4359,198.4651
2026-08-23 00:45:00,198.46151,198.47083,198.45917,198.46668
2026-08-23 01:00:00,198.46222,198.49086,198.40359,198.45486
2026-08-23 01:15:00,198.453,198.46272,198.44927,198.44927
2026-08-23 01:30:00,198.45087,198.46178,198.44868,198.4573
2026-08-23 01:45:00,198.45303,198.46197,198.44857,198.4559
2026-08-23 02:00:00,198.45159,198.47726,198.44989,198.47092
2026-08-23 02:15:00,198.46834,198.47351,198.45931,198.46336
2026-08-23 02:30:00,198.46456,198.51258,198.40807,198.4139
2026-08-23 02:45:00,198.42597,198.47368,198.42597,198.47249
2026-08-23 03:00:00,198.4685,198.48505,198.46581,198.47409
2026-08-23 03:15:00,198.47081,198.48013,198.46845,198.47023
2026-08-23 03:30:00,198.47149,198.48121,198.43094,198.47376
2026-08-23 03:45:00,198.46826,198.47959,198.46709,198.47723
2026-08-23 04:00:00,198.47472,198.48358,198.46444,198.47847
2026-08-23 04:15:00,198.47466,198.48336,198.39782,198.45086
2026-08-23 04:30:00,198.44482,198.47586,198.44482,198.45784
2026-08-23 04:45:00,198.46275,198.47638,198.45984,198.47262
2026-08-23 05:00:00,198.46944,198.48532,198.46514,198.48365
2026-08-23 05:15:00,198.47783,198.47783,198.46532,198.47182
2026-08-23 05:30:00,198.46961,198.47826,198.45907,198.46315
2026-08-23 05:45:00,198.46454,198.47449,198.46158,198.46878
2026-08-23 06:00:00,198.4657,198.47942,198.39812,198.43879
2026-08-23 06:15:00,198.43421,198.44484,198.43314,198.43802
2026-08-23 06:30:00,198.43612,198.44949,198.43259,198.43933
2026-08-23 06:45:00,198.44082,198.44951,198.43537,198.44357
2026-08-23 07:00:00,198.43969,198.48062,198.43861,198.47628
2026-08-23 07:15:00,198.47184,198.48073,198.46061,198.46659
2026-08-23 07:30:00,198.46451,198.47885,198.43742,198.44863
2026-08-23 07:45:00,198.4629,198.47797,198.41638,198.47382
2026-08-23 08:00:00,198.46938,198.48393,198.4642,198.47364
2026-08-23 08:15:00,198.46936,198.4789,198.4669,198.47283
2026-08-23 08:30:00,198.47002,198.47569,198.46155,198.46478
2026-08-23 08:45:00,198.46586,198.47485,198.46296,198.46574
2026-08-23 09:00:00,198.46592,198.47823,198.45756,198.47351
2026-08-23 09:15:00,198.46967,198.50699,198.40534,198.45271
2026-08-23 09:30:00,198.44879,198.46646,198.44879,198.45715
2026-08-23 09:45:00,198.45773,198.46662,198.45184,198.45524
2026-08-23 10:00:00,198.45604,198.46913,198.45332,198.46766
2026-08-23 10:15:00,198.46439,198.47023,198.45677,198.46529
2026-08-23 10:30:00,198.4613,198.4701,198.45431,198.46118
2026-08-23 10:45:00,198.45836,198.46784,198.45602,198.45775
2026-08-23 11:00:00,198.45895,198.47635,198.40376,198.45417
2026-08-23 11:15:00,198.45131,198.46111,198.44927,198.45658
2026-08-23 11:30:00,198.45225,198.46059,198.44754,198.45361
2026-08-23 11:45:00,198.4517,198.46051,198.44689,198.44921
2026-08-23 12:00:00,198.4507,198.46016,198.44813,198.45464
2026-08-23 12:15:00,198.45127,198.46004,198.44563,198.45532
2026-08-23 12:30:00,198.45086,198.47458,198.44501,198.46748
2026-08-23 12:45:00,198.46593,198.46815,198.40465,198.45425
2026-08-23 13:00:00,198.45573,198.46459,198.44988,198.45815
2026-08-23 13:15:00,198.45396,198.46343,198.45166,198.45895
2026-08-23 13:30:00,198.45456,198.46334,198.44953,198.45582
2026-08-23 13:45:00,198.45345,198.46222,198.45058,198.45227
2026-08-23 14:00:00,198.45356,198.46154,198.44847,198.45738
2026-08-23 14:15:00,198.45275,198.46534,198.40172,198.44173
2026-08-23 14:30:00,198.43681,198.45966,198.43681,198.454
2026-08-23 14:45:00,198.45092,198.45886,198.44557,198.44964
2026-08-23 15:00:00,198.45056,198.45958,198.44766,198.45023
2026-08-23 15:15:00,198.45066,198.45913,198.44688,198.45406
2026-08-23 15:30:00,198.45042,198.4593,198.44589,198.45299
2026-08-23 15:45:00,198.44925,198.459,198.44728,198.44989
2026-08-23 16:00:00,198.45025,198.48749,198.40265,198.45152
2026-08-23 16:15:00,198.45256,198.46281,198.45111,198.45693
2026-08-23 16:30:00,198.4539,198.46189,198.44913,198.45715
2026-08-23 16:45:00,198.45302,198.46192,198.4494,198.45403
2026-08-23 17:00:00,198.45141,198.46126,198.44931,198.45102
2026-08-23 17:15:00,198.45233,198.46005,198.44705,198.45454
2026-08-23 17:30:00,198.45167,198.46059,198.44873,198.45607
2026-08-23 17:45:00,198.45167,198.49225,198.38942,198.41035
2026-08-23 18:00:00,198.40911,198.42102,198.40377,198.41082
2026-08-23 18:15:00,198.4123,198.42123,198.40933,198.41601
2026-08-23 18:30:00,198.4123,198.42561,198.40744,198.42133
2026-08-23 18:45:00,198.41688,198.42579,198.41396,198.41883
2026-08-23 19:00:00,198.41688,198.42938,198.41637,198.41912
2026-08-23 19:15:00,198.42054,198.43203,198.41752,198.4278
2026-08-23 19:30:00,198.42347,198.4324,198.42077,198.42776
2026-08-23 19:45:00,198.42347,198.43472,198.4205,198.42849
2026-08-23 20:00:00,198.42581,198.43464,198.42288,198.42466
2026-08-23 20:15:00,198.42581,198.43982,198.40711,198.4127
2026-08-23 20:30:00,198.41279,198.4215,198.40981,198.41669
2026-08-23 20:45:00,198.41279,198.42171,198.39721,198.40577
2026-08-23 21:00:00,198.40236,198.41126,198.39951,198.40171
2026-08-23 21:15:00,198.40236,198.40652,198.38978,198.3933
2026-08-23 21:30:00,198.39403,198.40294,198.37484,198.38345
2026-08-23 21:45:00,198.38017,198.38909,198.37719,198.38414
2026-08-23 22:00:00,198.38017,198.38811,198.37188,198.37755
2026-08-23 22:15:00,198.37483,198.38371,198.37195,198.37364
2026-08-23 22:30:00,198.37483,198.37935,198.36761,198.37315
2026-08-23 22:45:00,198.37057,198.37949,198.36418,198.37148
2026-08-23 23:00:00,198.36715,198.37607,198.36438,198.36908
2026-08-23 23:15:00,198.36715,198.37594,198.35593,198.35837
2026-08-23 23:30:00,198.35982,198.3687,198.35693,198.36159
2026-08-23 23:45:00,198.35989,198.36298,198.35126,198.35868
2026-08-24 00:00:00,198.35422,198.38964,198.34499,198.38414
2026-08-24 00:15:00,198.37237,198.42074,198.35101,198.3984
2026-08-24 00:30:00,198.40583,198.42093,198.3954,198.4061
2026-08-24 00:45:00,198.40215,198.41076,198.39331,198.40632
2026-08-24 01:00:00,198.40191,198.40191,198.12671,198.27274
2026-08-24 01:15:00,198.27012,198.27892,198.253,198.25675
2026-08-24 01:30:00,198.25791,198.2668,198.25501,198.25789
2026-08-24 01:45:00,198.25791,198.26864,198.24311,198.25207
2026-08-24 02:00:00,198.24815,198.46059,198.23838,198.45516
2026-08-24 02:15:00,198.45219,198.46035,198.42231,198.44504
2026-08-24 02:30:00,198.4461,198.45494,198.41398,198.43247
2026-08-24 02:45:00,198.42592,198.44237,198.42592,198.43755
2026-08-24 03:00:00,198.43376,198.44834,198.4092,198.4365
2026-08-24 03:15:00,198.43297,198.44238,198.43016,198.43172
2026-08-24 03:30:00,198.43359,198.45377,198.42548,198.43228
2026-08-24 03:45:00,198.4331,198.44205,198.42061,198.42649
2026-08-24 04:00:00,198.42331,198.45394,198.42236,198.44533
2026-08-24 04:15:00,198.44131,198.58117,198.35223,198.44262
2026-08-24 04:30:00,198.43948,198.44979,198.43803,198.43991
2026-08-24 04:45:00,198.43983,198.67916,198.2056,198.42773
2026-08-24 05:00:00,198.40158,198.9373,198.15981,198.56768
2026-08-24 05:15:00,198.60923,198.76523,198.28969,198.65641
2026-08-24 05:30:00,198.63723,198.76018,198.41879,198.61429
2026-08-24 05:45:00,198.60036,198.72722,198.39439,198.59485
2026-08-24 06:00:00,198.575,199.17918,198.2817,198.63587
2026-08-24 06:15:00,198.66061,199.04216,198.56702,198.86521
2026-08-24 06:30:00,198.83078,198.94646,198.58015,198.75053
2026-08-24 06:45:00,198.75593,198.81844,198.35449,198.3677
2026-08-24 07:00:00,198.36569,198.44483,198.30058,198.31102
2026-08-24 07:15:00,198.30695,198.33606,198.11165,198.12275
2026-08-24 07:30:00,198.12474,198.30583,197.85558,198.28274
2026-08-24 07:45:00,198.27688,198.43763,198.14693,198.16659
2026-08-24 08:00:00,198.21042,198.37591,198.21042,198.37439
2026-08-24 08:15:00,198.36618,198.48353,198.3637,198.47925
2026-08-24 08:30:00,198.47505,198.52185,198.40725,198.43548
2026-08-24 08:45:00,198.42676,198.44239,198.39816,198.40347
2026-08-24 09:00:00,198.40493,198.40764,198.3666,198.38332
2026-08-24 09:15:00,198.37783,198.41597,198.35796,198.41162
2026-08-24 09:30:00,198.40781,198.42806,198.38642,198.41781
2026-08-24 09:45:00,198.41576,198.4813,198.41226,198.45003
2026-08-24 10:00:00,198.45796,198.54689,198.43212,198.5032
2026-08-24 10:15:00,198.5084,198.53588,198.41379,198.41933
2026-08-24 10:30:00,198.41942,198.42406,198.34982,198.41522
2026-08-24 10:45:00,198.41039,198.47457,198.39424,198.46584
2026-08-24 11:00:00,198.45298,198.51546,198.43178,198.46981
2026-08-24 11:15:00,198.4612,198.53334,198.44523,198.50768
2026-08-24 11:30:00,198.49883,198.53168,198.46787,198.48695
2026-08-24 11:45:00,198.48003,198.5435,198.47784,198.48844
2026-08-24 12:00:00,198.49683,198.56301,198.4875,198.55627
2026-08-24 12:15:00,198.54148,198.57598,198.52796,198.55337
2026-08-24 12:30:00,198.54764,198.57706,198.53442,198.55485
2026-08-24 12:45:00,198.56117,198.5824,198.5356,198.56592
2026-08-24 13:00:00,198.56957,198.60382,198.54205,198.57229
2026-08-24 13:15:00,198.56317,198.58622,198.55227,198.56953
2026-08-24 13:30:00,198.57203,198.61304,198.57203,198.59009
2026-08-24 13:45:00,198.58322,198.60925,198.55432,198.57542
2026-08-24 14:00:00,198.57981,198.59164,198.4748,198.51811
2026-08-24 14:15:00,198.51139,198.5426,198.47288,198.48477
2026-08-24 14:30:00,198.50125,198.52663,198.47631,198.52021
2026-08-24 14:45:00,198.51572,198.5484,198.4982,198.52416
2026-08-24 15:00:00,198.51968,198.57788,198.51238,198.57122
2026-08-24 15:15:00,198.55919,198.56555,198.51001,198.55076
2026-08-24 15:30:00,198.5433,198.5433,198.47349,198.4791
2026-08-24 15:45:00,198.48722,198.53318,198.47088,198.52729
2026-08-24 16:00:00,198.5172,198.54191,198.47173,198.49307
2026-08-24 16:15:00,198.48931,198.50622,198.45883,198.47734
2026-08-24 16:30:00,198.47956,198.5298,198.418,198.42498
2026-08-24 16:45:00,198.43606,198.49016,198.34943,198.48517
2026-08-24 17:00:00,198.47629,198.57421,198.47629,198.52879
2026-08-24 17:15:00,198.53767,198.57261,198.4821,198.55238
2026-08-24 17:30:00,198.55176,198.62021,198.43959,198.45671
2026-08-24 17:45:00,198.49217,198.52429,198.41342,198.47775
2026-08-24 18:00:00,198.48583,198.51278,198.42819,198.4414
2026-08-24 18:15:00,198.44846,198.48618,198.35762,198.3972
2026-08-24 18:30:00,198.39079,198.45016,198.36742,198.44341
2026-08-24 18:45:00,198.42471,198.45331,198.388,198.44785
2026-08-24 19:00:00,198.43854,198.45795,198.40346,198.43953
2026-08-24 19:15:00,198.43503,198.44405,198.34926,198.35532
2026-08-24 19:30:00,198.36639,198.3925,198.29751,198.3359
2026-08-24 19:45:00,198.33121,198.45202,198.32617,198.42473
2026-08-24 20:00:00,198.41991,198.47335,198.40716,198.41893
2026-08-24 20:15:00,198.42202,198.42815,198.33302,198.35535
2026-08-24 20:30:00,198.367,198.3864,198.30755,198.31321
2026-08-24 20:45:00,198.32055,198.39032,198.28785,198.37237
2026-08-24 21:00:00,198.36089,198.40083,198.32139,198.39493
2026-08-24 21:15:00,198.38232,198.40665,198.32741,198.40238
2026-08-24 21:30:00,198.39823,198.53075,198.32435,198.34159
2026-08-24 21:45:00,198.36316,198.36316,198.26618,198.30914
2026-08-24 22:00:00,198.32229,198.325,198.21726,198.26613
2026-08-24 22:15:00,198.25643,198.29363,198.17509,198.24775
2026-08-24 22:30:00,198.26753,198.29296,198.1247,198.14043
2026-08-24 22:45:00,198.1546,198.18288,198.09544,198.17191
2026-08-24 23:00:00,198.16509,198.3147,198.16313,198.31035
2026-08-24 23:15:00,198.30133,198.38611,198.29693,198.38262
2026-08-24 23:30:00,198.37755,198.45673,198.36328,198.39994
2026-08-24 23:45:00,198.39587,198.40743,198.3465,198.35586
2026-08-25 00:00:00,198.35786,198.38254,198.27599,198.3344
2026-08-25 00:15:00,198.30988,198.44521,198.30776,198.44101
2026-08-25 00:30:00,198.4351,198.45358,198.31157,198.31381
2026-08-25 00:45:00,198.31741,198.3899,198.24724,198.38369
2026-08-25 01:00:00,198.37249,198.41216,198.32605,198.37439
2026-08-25 01:15:00,198.37116,198.42148,198.35534,198.41626
2026-08-25 01:30:00,198.40896,198.44918,198.35591,198.40211
2026-08-25 01:45:00,198.40345,198.40551,198.36589,198.39764
2026-08-25 02:00:00,198.39027,198.41321,198.30147,198.30756
2026-08-25 02:15:00,198.30792,198.34939,198.27882,198.3071
2026-08-25 02:30:00,198.29963,198.32924,198.24251,198.29199
2026-08-25 02:45:00,198.28297,198.30234,198.26206,198.29502
2026-08-25 03:00:00,198.28514,198.29697,198.19841,198.27863
2026-08-25 03:15:00,198.26983,198.31703,198.25854,198.2606
2026-08-25 03:30:00,198.26243,198.29177,198.25057,198.26999
2026-08-25 03:45:00,198.26337,198.2944,198.2303,198.28846
2026-08-25 04:00:00,198.28174,198.31798,198.27617,198.30652
2026-08-25 04:15:00,198.30591,198.3634,198.29393,198.35996
2026-08-25 04:30:00,198.35351,198.37401,198.34065,198.37035
2026-08-25 04:45:00,198.36596,198.37766,198.3262,198.34693
2026-08-25 05:00:00,198.34294,198.36872,198.30214,198.31255
2026-08-25 05:15:00,198.30863,198.33004,198.26937,198.27193
2026-08-25 05:30:00,198.27513,198.29366,198.24796,198.25484
2026-08-25 05:45:00,198.26263,198.31596,198.25836,198.31084
2026-08-25 06:00:00,198.30018,198.31326,198.28899,198.30232
2026-08-25 06:15:00,198.29763,198.31292,198.27627,198.28573
2026-08-25 06:30:00,198.28083,198.31556,198.26427,198.28224
2026-08-25 06:45:00,198.27646,198.3062,198.22961,198.23399
2026-08-25 07:00:00,198.24324,198.43504,198.24324,198.27353
2026-08-25 07:15:00,198.27444,198.29708,198.24468,198.24777
2026-08-25 07:30:00,198.24851,198.2769,198.21018,198.26518
2026-08-25 07:45:00,198.25799,198.33148,198.25588,198.26659
2026-08-25 08:00:00,198.26355,198.30293,198.23207,198.30139
2026-08-25 08:15:00,198.29762,198.31488,198.28337,198.29764
2026-08-25 08:30:00,198.29388,198.30439,198.27017,198.30181
2026-08-25 08:45:00,198.29745,198.3064,198.28804,198.30211
2026-08-25 09:00:00,198.29548,198.30269,198.25928,198.26741
2026-08-25 09:15:00,198.26433,198.32012,198.259,198.31529
2026-08-25 09:30:00,198.31156,198.34256,198.29958,198.34059
2026-08-25 09:45:00,198.33648,198.37975,198.32859,198.35923
2026-08-25 10:00:00,198.35638,198.39814,198.305,198.34576
2026-08-25 10:15:00,198.33623,198.35969,198.32785,198.3526
2026-08-25 10:30:00,198.34407,198.37876,198.33778,198.37095
2026-08-25 10:45:00,198.36256,198.45291,198.31476,198.44654
2026-08-25 11:00:00,198.43763,198.45461,198.31402,198.31768
2026-08-25 11:15:00,198.32001,198.34257,198.28567,198.31998
2026-08-25 11:30:00,198.31568,198.36011,198.29658,198.32729
2026-08-25 11:45:00,198.33176,198.35062,198.26132,198.30459
2026-08-25 12:00:00,198.3089,198.32661,198.28156,198.28478
2026-08-25 12:15:00,198.28889,198.32653,198.2824,198.32291
2026-08-25 12:30:00,198.31188,198.32511,198.25129,198.30909
2026-08-25 12:45:00,198.31642,198.3753,198.29376,198.33135
2026-08-25 13:00:00,198.33607,198.37146,198.32372,198.34882
2026-08-25 13:15:00,198.35619,198.37266,198.32594,198.33115
2026-08-25 13:30:00,198.33689,198.35088,198.32801,198.33994
2026-08-25 13:45:00,198.33622,198.33622,198.27969,198.28053
2026-08-25 14:00:00,198.28307,198.30335,198.24942,198.27588
2026-08-25 14:15:00,198.26658,198.2831,198.22089,198.24428
2026-08-25 14:30:00,198.2371,198.25167,198.14702,198.15161
2026-08-25 14:45:00,198.15488,198.17955,198.09528,198.17634
2026-08-25 15:00:00,198.17048,198.23583,198.15764,198.22299
2026-08-25 15:15:00,198.223,198.2535,198.18565,198.22856
2026-08-25 15:30:00,198.22193,198.23912,198.17632,198.18264
2026-08-25 15:45:00,198.19213,198.19213,198.13766,198.1408
2026-08-25 16:00:00,198.1464,198.25758,198.1464,198.23658
2026-08-25 16:15:00,198.2384,198.32744,198.22602,198.31282
2026-08-25 16:30:00,198.31262,198.34256,198.26176,198.29247
2026-08-25 16:45:00,198.28413,198.28876,198.20185,198.20607
2026-08-25 17:00:00,198.20964,198.33428,198.20964,198.31682
2026-08-25 17:15:00,198.31065,198.36499,198.2599,198.26318
2026-08-25 17:30:00,198.26812,198.39041,198.26436,198.31412
2026-08-25 17:45:00,198.30724,198.32896,198.26297,198.28288
2026-08-25 18:00:00,198.26797,198.39089,198.26797,198.36846
2026-08-25 18:15:00,198.37593,198.4682,198.34533,198.38098
2026-08-25 18:30:00,198.37149,198.41547,198.33364,198.39164
2026-08-25 18:45:00,198.3922,198.53743,198.33896,198.5316
2026-08-25 19:00:00,198.51856,198.55116,198.44009,198.49991
2026-08-25 19:15:00,198.50194,198.52051,198.45084,198.48488
2026-08-25 19:30:00,198.48643,198.59541,198.45438,198.50169
2026-08-25 19:45:00,198.51238,198.54877,198.44483,198.54315
2026-08-25 20:00:00,198.53121,198.54334,198.43247,198.48393
2026-08-25 20:15:00,198.48676,198.4963,198.3911,198.39261
2026-08-25 20:30:00,198.39382,198.42592,198.34292,198.39869
2026-08-25 20:45:00,198.41487,198.42483,198.37874,198.41329
2026-08-25 21:00:00,198.40964,198.44516,198.37497,198.42506
2026-08-25 21:15:00,198.43208,198.47995,198.40002,198.44968
2026-08-25 21:30:00,198.4481,198.47149,198.40859,198.41744
2026-08-25 21:45:00,198.43154,198.47037,198.36961,198.37709
2026-08-25 22:00:00,198.38938,198.42844,198.3343,198.40454
2026-08-25 22:15:00,198.40914,198.42414,198.36018,198.41817
2026-08-25 22:30:00,198.41008,198.47642,198.39276,198.46524
2026-08-25 22:45:00,198.46404,198.46404,198.37774,198.44595
2026-08-25 23:00:00,198.4325,198.52494,198.4325,198.46207
2026-08-25 23:15:00,198.47975,198.48545,198.36118,198.40986
2026-08-25 23:30:00,198.3945,198.46786,198.3945,198.43727
2026-08-25 23:45:00,198.45607,198.45607,198.36766,198.42616
2026-08-26 00:00:00,198.41234,198.52715,198.41155,198.52466
2026-08-26 00:15:00,198.52056,198.54043,198.39868,198.42117
2026-08-26 00:30:00,198.41465,198.43354,198.37279,198.40011
2026-08-26 00:45:00,198.38655,198.44962,198.35927,198.39697
2026-08-26 01:00:00,198.3898,198.41672,198.35679,198.38876
2026-08-26 01:15:00,198.39448,198.41819,198.36814,198.39266
2026-08-26 01:30:00,198.3816,198.46049,198.36135,198.42773
2026-08-26 01:45:00,198.42088,198.48442,198.4044,198.41043
2026-08-26 02:00:00,198.41826,198.42332,198.37881,198.40968
2026-08-26 02:15:00,198.40581,198.42187,198.38347,198.41679
2026-08-26 02:30:00,198.41166,198.45257,198.4036,198.41584
2026-08-26 02:45:00,198.41072,198.46114,198.40837,198.43285
2026-08-26 03:00:00,198.43605,198.49797,198.43605,198.49278
2026-08-26 03:15:00,198.48515,198.53004,198.46346,198.4942
2026-08-26 03:30:00,198.49162,198.53923,198.48149,198.50461
2026-08-26 03:45:00,198.51208,198.5437,198.49578,198.52245
2026-08-26 04:00:00,198.52463,198.52732,198.469,198.49347
2026-08-26 04:15:00,198.49763,198.53266,198.4939,198.51528
2026-08-26 04:30:00,198.51648,198.54079,198.51035,198.53002
2026-08-26 04:45:00,198.53103,198.55774,198.5233,198.5522
2026-08-26 05:00:00,198.54662,198.56455,198.52345,198.55301
2026-08-26 05:15:00,198.54778,198.61098,198.54509,198.57042
2026-08-26 05:30:00,198.56873,198.57401,198.51069,198.5382
2026-08-26 05:45:00,198.52933,198.58592,198.50806,198.57675
2026-08-26 06:00:00,198.55769,198.72936,198.54276,198.72146
2026-08-26 06:15:00,198.7073,198.72512,198.66578,198.70517
2026-08-26 06:30:00,198.70705,198.73093,198.67016,198.69888
2026-08-26 06:45:00,198.69405,198.72314,198.63427,198.66055
2026-08-26 07:00:00,198.6689,198.71475,198.53236,198.70773
2026-08-26 07:15:00,198.69515,198.69515,198.63524,198.66432
2026-08-26 07:30:00,198.66125,198.73602,198.65585,198.69523
2026-08-26 07:45:00,198.71175,198.73903,198.68992,198.69317
2026-08-26 08:00:00,198.69773,198.72385,198.66951,198.71267
2026-08-26 08:15:00,198.70841,198.71382,198.6642,198.67176
2026-08-26 08:30:00,198.66848,198.6884,198.66397,198.67989
2026-08-26 08:45:00,198.67596,198.68443,198.66848,198.67947
2026-08-26 09:00:00,198.67768,198.68029,198.63078,198.65503
2026-08-26 09:15:00,198.65405,198.6694,198.62834,198.63816
2026-08-26 09:30:00,198.6342,198.63803,198.57956,198.58246
2026-08-26 09:45:00,198.58903,198.62879,198.57738,198.57949
2026-08-26 10:00:00,198.58264,198.59156,198.56035,198.57234
2026-08-26 10:15:00,198.57571,198.62041,198.54849,198.55348
2026-08-26 10:30:00,198.55937,198.5818,198.48339,198.52085
2026-08-26 10:45:00,198.51388,198.54786,198.46785,198.50276
2026-08-26 11:00:00,198.51113,198.54415,198.46272,198.4836
2026-08-26 11:15:00,198.47831,198.49512,198.45133,198.46393
2026-08-26 11:30:00,198.46902,198.47725,198.31021,198.34084
2026-08-26 11:45:00,198.33243,198.33468,198.22899,198.27842
2026-08-26 12:00:00,198.28263,198.31108,198.15958,198.22608
2026-08-26 12:15:00,198.21133,198.26029,198.07893,198.11955
2026-08-26 12:30:00,198.10948,198.14953,198.10276,198.12658
2026-08-26 12:45:00,198.11942,198.13872,198.07849,198.08057
2026-08-26 13:00:00,198.08493,198.10143,198.02707,198.04792
2026-08-26 13:15:00,198.04013,198.05846,197.95649,197.97684
2026-08-26 13:30:00,197.98009,197.9907,197.85569,197.94779
2026-08-26 13:45:00,197.9443,197.95005,197.88856,197.92458
2026-08-26 14:00:00,197.91713,197.95309,197.90457,197.94309
2026-08-26 14:15:00,197.93885,197.94994,197.90505,197.94
2026-08-26 14:30:00,197.94024,197.94168,197.89534,197.91329
2026-08-26 14:45:00,197.90765,197.94327,197.89216,197.92146
2026-08-26 15:00:00,197.91706,197.93862,197.90081,197.90107
2026-08-26 15:15:00,197.90213,197.96358,197.89568,197.94031
2026-08-26 15:30:00,197.94182,197.98773,197.92831,197.93305
2026-08-26 15:45:00,197.93782,197.94715,197.87467,197.93904
2026-08-26 16:00:00,197.93565,197.98685,197.91761,197.96256
2026-08-26 16:15:00,197.96974,197.98229,197.92332,197.9333
2026-08-26 16:30:00,197.93761,197.98325,197.90321,197.98094
2026-08-26 16:45:00,197.97726,197.99334,197.90398,197.94447
2026-08-26 17:00:00,197.93815,197.97622,197.90595,197.95392
2026-08-26 17:15:00,197.96104,197.97943,197.89677,197.95037
2026-08-26 17:30:00,197.94563,197.96589,197.88868,197.89244
2026-08-26 17:45:00,197.89558,197.98174,197.88565,197.97662
2026-08-26 18:00:00,197.97267,198.00011,197.91554,197.9925
2026-08-26 18:15:00,197.98269,197.99264,197.93406,197.98267
2026-08-26 18:30:00,197.96963,197.99656,197.88401,197.91009
2026-08-26 18:45:00,197.8961,197.92116,197.82473,197.8757
2026-08-26 19:00:00,197.86753,197.92171,197.8141,197.81996
2026-08-26 19:15:00,197.82878,197.82878,197.71572,197.72042
2026-08-26 19:30:00,197.72894,197.7967,197.72656,197.74028
2026-08-26 19:45:00,197.74258,197.8396,197.73774,197.79585
2026-08-26 20:00:00,197.79928,197.79928,197.74711,197.7698
2026-08-26 20:15:00,197.76567,197.8125,197.75098,197.78247
2026-08-26 20:30:00,197.7704,197.81448,197.7704,197.80707
2026-08-26 20:45:00,197.79116,197.88179,197.79116,197.82662
2026-08-26 21:00:00,197.83658,197.92385,197.796,197.91692
2026-08-26 21:15:00,197.90312,197.93503,197.8326,197.87388
2026-08-26 21:30:00,197.86304,197.91279,197.86231,197.87597
2026-08-26 21:45:00,197.87129,197.88504,197.84929,197.88262
2026-08-26 22:00:00,197.87101,197.91878,197.8659,197.88407
2026-08-26 22:15:00,197.88038,197.91867,197.8028,197.80482
2026-08-26 22:30:00,197.81119,197.87529,197.66854,197.80001
2026-08-26 22:45:00,197.80348,197.9223,197.78801,197.89149
2026-08-26 23:00:00,197.87819,197.8925,197.7868,197.8334
2026-08-26 23:15:00,197.8204,197.95124,197.8204,197.89693
2026-08-26 23:30:00,197.91814,197.96655,197.87868,197.90958
2026-08-26 23:45:00,197.91897,197.91897,197.84104,197.87587
2026-08-27 00:00:00,197.86145,197.92739,197.8213,197.92397
2026-08-27 00:15:00,197.91305,197.9337,197.83049,197.83492
2026-08-27 00:30:00,197.83891,197.84903,197.72923,197.76374
2026-08-27 00:45:00,197.75202,197.78585,197.7057,197.72167
2026-08-27 01:00:00,197.73037,197.82756,197.68973,197.79647
2026-08-27 01:15:00,197.79223,197.84575,197.77959,197.81832
2026-08-27 01:30:00,197.80787,197.86879,197.80787,197.84082
2026-08-27 01:45:00,197.84303,197.88264,197.78873,197.85263
2026-08-27 02:00:00,197.85985,197.88332,197.81594,197.82486
2026-08-27 02:15:00,197.82759,197.84257,197.79615,197.81029
2026-08-27 02:30:00,197.80488,197.85337,197.80248,197.84011
2026-08-27 02:45:00,197.83623,197.89486,197.81148,197.89018
2026-08-27 03:00:00,197.88315,197.925,197.86953,197.89391
2026-08-27 03:15:00,197.89592,197.93681,197.89592,197.92351
2026-08-27 03:30:00,197.91661,197.94358,197.9136,197.91554
2026-08-27 03:45:00,197.92201,197.96453,197.90907,197.93884
2026-08-27 04:00:00,197.93196,197.97405,197.91579,197.97015
2026-08-27 04:15:00,197.96283,197.96965,197.93858,197.94096
2026-08-27 04:30:00,197.94287,197.94637,197.91071,197.91928
2026-08-27 04:45:00,197.92261,197.9434,197.88286,197.88523
2026-08-27 05:00:00,197.88877,197.93504,197.87077,197.89061
2026-08-27 05:15:00,197.88179,197.92568,197.88179,197.9204
2026-08-27 05:30:00,197.91679,197.9184,197.88388,197.88743
2026-08-27 05:45:00,197.89213,197.89426,197.81807,197.827
2026-08-27 06:00:00,197.83371,197.86635,197.82314,197.8456
2026-08-27 06:15:00,197.84132,197.85618,197.82498,197.84139
2026-08-27 06:30:00,197.83799,197.84118,197.80521,197.81219
2026-08-27 06:45:00,197.81247,197.84871,197.79636,197.8447
2026-08-27 07:00:00,197.83799,197.89145,197.69612,197.84093
2026-08-27 07:15:00,197.72929,197.95433,197.70949,197.80339
2026-08-27 07:30:00,197.78716,197.85873,197.78716,197.84889
2026-08-27 07:45:00,197.84565,197.90679,197.83114,197.88201
2026-08-27 08:00:00,197.87723,197.93633,197.81315,197.84878
2026-08-27 08:15:00,197.84241,197.85202,197.81821,197.84368
2026-08-27 08:30:00,197.83981,197.8498,197.8235,197.83732
2026-08-27 08:45:00,197.8337,197.83728,197.81724,197.83266
2026-08-27 09:00:00,197.82618,197.84966,197.78875,197.80984
2026-08-27 09:15:00,197.80543,197.84737,197.79379,197.82877
2026-08-27 09:30:00,197.82837,197.84688,197.81218,197.8362
2026-08-27 09:45:00,197.83706,197.85505,197.79495,197.8056
2026-08-27 10:00:00,197.80898,197.81057,197.65608,197.65902
2026-08-27 10:15:00,197.66294,197.69158,197.63428,197.68904
2026-08-27 10:30:00,197.67965,197.71054,197.63368,197.63692
2026-08-27 10:45:00,197.63685,197.6955,197.62858,197.69214
2026-08-27 11:00:00,197.68716,197.72544,197.65712,197.67233
2026-08-27 11:15:00,197.67808,197.72029,197.66006,197.68157
2026-08-27 11:30:00,197.67569,197.78155,197.65136,197.70746
2026-08-27 11:45:00,197.71929,197.76798,197.68931,197.75595
2026-08-27 12:00:00,197.75791,197.831,197.75473,197.79714
2026-08-27 12:15:00,197.80013,197.86951,197.79435,197.86478
2026-08-27 12:30:00,197.85776,197.88397,197.81321,197.82237
2026-08-27 12:45:00,197.81334,197.84427,197.78615,197.82962
2026-08-27 13:00:00,197.82541,197.84247,197.81168,197.8125
2026-08-27 13:15:00,197.81515,197.83428,197.80578,197.8127
2026-08-27 13:30:00,197.81334,197.86911,197.80949,197.81971
2026-08-27 13:45:00,197.82201,197.84837,197.82201,197.82541
2026-08-27 14:00:00,197.82727,197.89378,197.81251,197.88827
2026-08-27 14:15:00,197.88008,197.89344,197.84731,197.8744
2026-08-27 14:30:00,197.86901,197.89169,197.85144,197.88766
2026-08-27 14:45:00,197.87869,197.87869,197.83557,197.85337
2026-08-27 15:00:00,197.8618,197.8618,197.8132,197.83906
2026-08-27 15:15:00,197.83253,197.8677,197.80456,197.82676
2026-08-27 15:30:00,197.83057,197.83914,197.79957,197.83745
2026-08-27 15:45:00,197.83181,197.83181,197.77521,197.79951
2026-08-27 16:00:00,197.78837,197.81288,197.76398,197.81116
2026-08-27 16:15:00,197.80851,197.82051,197.74901,197.77318
2026-08-27 16:30:00,197.76408,197.84945,197.76408,197.81964
2026-08-27 16:45:00,197.81628,197.8219,197.75016,197.77395
2026-08-27 17:00:00,197.76841,197.80883,197.74166,197.7493
2026-08-27 17:15:00,197.74735,197.76062,197.67221,197.70328
2026-08-27 17:30:00,197.69473,197.73566,197.69268,197.71934
2026-08-27 17:45:00,197.71598,197.79037,197.68307,197.73727
2026-08-27 18:00:00,197.73218,197.75454,197.69885,197.74053
2026-08-27 18:15:00,197.73595,197.77389,197.66019,197.68291
2026-08-27 18:30:00,197.68591,197.75132,197.6534,197.7169
2026-08-27 18:45:00,197.72363,197.77539,197.72244,197.76306
2026-08-27 19:00:00,197.75735,197.76911,197.67847,197.7416
2026-08-27 19:15:00,197.74744,197.85032,197.71705,197.8434
2026-08-27 19:30:00,197.83359,197.87508,197.83214,197.84054
2026-08-27 19:45:00,197.84238,197.92478,197.84238,197.88496
2026-08-27 20:00:00,197.89506,197.93702,197.86048,197.93065
2026-08-27 20:15:00,197.92408,197.94544,197.89562,197.93797
2026-08-27 20:30:00,197.92767,197.94573,197.83886,197.86719
2026-08-27 20:45:00,197.87166,197.89918,197.85622,197.89771
2026-08-27 21:00:00,197.89188,197.90451,197.86725,197.89555
2026-08-27 21:15:00,197.88871,197.95153,197.88473,197.90741
2026-08-27 21:30:00,197.91364,197.96232,197.86769,197.93446
2026-08-27 21:45:00,197.93821,198.05515,197.93821,198.01611
2026-08-27 22:00:00,198.00698,198.0466,197.93797,198.01192
2026-08-27 22:15:00,198.00371,198.07318,197.95876,198.06659
2026-08-27 22:30:00,198.05243,198.098,198.01889,198.08174
2026-08-27 22:45:00,198.08502,198.11745,198.0615,198.06941
2026-08-27 23:00:00,198.07411,198.33721,198.05753,198.32684
2026-08-27 23:15:00,198.32382,198.47505,198.31906,198.38232
2026-08-27 23:30:00,198.38517,198.39399,198.2298,198.23107
2026-08-27 23:45:00,198.23314,198.30685,198.18344,198.24572
2026-08-28 00:00:00,198.24106,198.24106,198.11975,198.12803
2026-08-28 00:15:00,198.14039,198.20579,198.12554,198.1425
2026-08-28 00:30:00,198.14669,198.23128,198.14059,198.21429
2026-08-28 00:45:00,198.18774,198.25119,198.11196,198.22671
2026-08-28 01:00:00,198.21703,198.2491,198.13872,198.24517
2026-08-28 01:15:00,198.23298,198.30251,198.20016,198.23734
2026-08-28 01:30:00,198.22686,198.25229,198.17757,198.17963
2026-08-28 01:45:00,198.17964,198.21792,198.11246,198.20924
2026-08-28 02:00:00,198.20702,198.20702,198.09853,198.13856
2026-08-28 02:15:00,198.12348,198.19632,198.10997,198.19283
2026-08-28 02:30:00,198.18608,198.2077,198.16302,198.16576
2026-08-28 02:45:00,198.16961,198.19472,198.13406,198.13789
2026-08-28 03:00:00,198.14243,198.18375,198.12425,198.14662
2026-08-28 03:15:00,198.15021,198.21621,198.15009,198.19028
2026-08-28 03:30:00,198.18667,198.22136,198.17462,198.19694
2026-08-28 03:45:00,198.20543,198.22579,198.16316,198.16798
2026-08-28 04:00:00,198.17235,198.22544,198.1662,198.20986
2026-08-28 04:15:00,198.20354,198.21338,198.16702,198.1749
2026-08-28 04:30:00,198.17716,198.21773,198.16695,198.21498
2026-08-28 04:45:00,198.21086,198.23868,198.19973,198.22638
2026-08-28 05:00:00,198.22906,198.23709,198.19565,198.22393
2026-08-28 05:15:00,198.21887,198.24859,198.20844,198.21631
2026-08-28 05:30:00,198.21393,198.21519,198.18969,198.19863
2026-08-28 05:45:00,198.20179,198.22001,198.17066,198.18583
2026-08-28 06:00:00,198.18867,198.23039,198.18117,198.21488
2026-08-28 06:15:00,198.21733,198.21937,198.18356,198.19112
2026-08-28 06:30:00,198.19288,198.21075,198.18344,198.19768
2026-08-28 06:45:00,198.19548,198.22512,198.16528,198.223
2026-08-28 07:00:00,198.21921,198.33149,198.14366,198.31139
2026-08-28 07:15:00,198.30794,198.33648,198.21772,198.29285
2026-08-28 07:30:00,198.28202,198.28392,198.23971,198.26465
2026-08-28 07:45:00,198.25761,198.27768,198.23462,198.2473
2026-08-28 08:00:00,198.25693,198.2955,198.17228,198.20284
2026-08-28 08:15:00,198.20011,198.22703,198.18955,198.2155
2026-08-28 08:30:00,198.2114,198.23922,198.20788,198.20954
2026-08-28 08:45:00,198.21106,198.23754,198.20373,198.21725
2026-08-28 09:00:00,198.22099,198.2501,198.17837,198.24771
2026-08-28 09:15:00,198.24062,198.25444,198.18393,198.22366
2026-08-28 09:30:00,198.21752,198.22076,198.18992,198.21205
2026-08-28 09:45:00,198.20662,198.22439,198.1978,198.19894
2026-08-28 10:00:00,198.20004,198.20653,198.16725,198.20461
2026-08-28 10:15:00,198.1996,198.1996,198.15887,198.17799
2026-08-28 10:30:00,198.16985,198.18824,198.14128,198.16356
2026-08-28 10:45:00,198.1591,198.21382,198.14862,198.21062
2026-08-28 11:00:00,198.20548,198.26159,198.19721,198.20073
2026-08-28 11:15:00,198.20294,198.20432,198.15686,198.18228
2026-08-28 11:30:00,198.17382,198.22525,198.17382,198.21946
2026-08-28 11:45:00,198.2132,198.23208,198.17516,198.18178
2026-08-28 12:00:00,198.18846,198.21078,198.18115,198.19464
2026-08-28 12:15:00,198.19092,198.19463,198.14864,198.16493
2026-08-28 12:30:00,198.1602,198.20008,198.15689,198.18316
2026-08-28 12:45:00,198.17988,198.23405,198.17278,198.23009
2026-08-28 13:00:00,198.22416,198.25383,198.21882,198.24616
2026-08-28 13:15:00,198.23782,198.25102,198.20298,198.21984
2026-08-28 13:30:00,198.21356,198.23151,198.15291,198.16079
2026-08-28 13:45:00,198.15594,198.18706,198.14236,198.14447
2026-08-28 14:00:00,198.14831,198.15496,198.13075,198.13539
2026-08-28 14:15:00,198.13607,198.16566,198.11689,198.13871
2026-08-28 14:30:00,198.14045,198.15541,198.11126,198.1293
2026-08-28 14:45:00,198.12478,198.16499,198.12005,198.1613
2026-08-28 15:00:00,198.15386,198.21753,198.13568,198.21256
2026-08-28 15:15:00,198.20549,198.25065,198.1909,198.22467
2026-08-28 15:30:00,198.22879,198.25659,198.13789,198.1421
2026-08-28 15:45:00,198.14641,198.15156,198.09878,198.13503
2026-08-28 16:00:00,198.12968,198.19185,198.10836,198.11023
2026-08-28 16:15:00,198.11573,198.14502,198.0908,198.13875
2026-08-28 16:30:00,198.12697,198.18484,198.06374,198.0909
2026-08-28 16:45:00,198.08455,198.1124,198.0496,198.05297
2026-08-28 17:00:00,198.05574,198.11565,198.03994,198.11314
2026-08-28 17:15:00,198.10866,198.12247,198.03458,198.03787
2026-08-28 17:30:00,198.04325,198.15669,198.02256,198.15455
2026-08-28 17:45:00,198.14502,198.25795,198.14106,198.24082
2026-08-28 18:00:00,198.24316,198.33455,198.22961,198.329
2026-08-28 18:15:00,198.32121,198.35062,198.2956,198.33361
2026-08-28 18:30:00,198.32319,198.40616,198.32319,198.37127
2026-08-28 18:45:00,198.36688,198.45487,198.36012,198.44154
2026-08-28 19:00:00,198.4383,198.55254,198.36491,198.54725
2026-08-28 19:15:00,198.53977,198.5812,198.52483,198.52686
2026-08-28 19:30:00,198.53062,198.63932,198.53062,198.61283
2026-08-28 19:45:00,198.59638,198.67657,198.56619,198.5724
2026-08-28 20:00:00,198.58036,198.70544,198.55482,198.69944
2026-08-28 20:15:00,198.69663,198.69663,198.63417,198.66069
2026-08-28 20:30:00,198.64863,198.73848,198.64863,198.73226
2026-08-28 20:45:00,198.71951,198.77074,198.71539,198.73579
2026-08-28 21:00:00,198.73991,198.73991,198.68356,198.68482
2026-08-28 21:15:00,198.68851,198.70697,198.63624,198.63759
2026-08-28 21:30:00,198.64117,198.65838,198.60151,198.61839
2026-08-28 21:45:00,198.61142,198.63904,198.60944,198.63441
2026-08-28 22:00:00,198.62934,198.63654,198.51351,198.55363
2026-08-28 22:15:00,198.54341,198.56457,198.43448,198.43477
2026-08-28 22:30:00,198.43529,198.44787,198.38643,198.42363
2026-08-28 22:45:00,198.42529,198.56044,198.40981,198.55557
2026-08-28 23:00:00,198.54549,198.55414,198.44301,198.50302
2026-08-28 23:15:00,198.499,198.50686,198.43414,198.49212
2026-08-28 23:30:00,198.47264,198.52173,198.44249,198.49052
2026-08-28 23:45:00,198.4833,198.5043,198.40026,198.46731
2026-08-29 00:00:00,198.45175,198.59042,197.90813,197.96913
2026-08-29 00:15:00,197.99878,198.10235,197.82453,197.83453
2026-08-29 00:30:00,197.8529,198.08427,197.8404,197.9196
2026-08-29 00:45:00,197.9274,198.12759,197.89349,198.12125
2026-08-29 01:00:00,198.10625,198.11196,197.95831,197.98887
2026-08-29 01:15:00,198.00006,198.03043,197.95356,197.98882
2026-08-29 01:30:00,197.99262,198.05644,197.92118,197.95945
2026-08-29 01:45:00,197.95409,198.00024,197.84472,197.87145
2026-08-29 02:00:00,197.85916,197.92094,197.82127,197.87108
2026-08-29 02:15:00,197.85619,197.85619,197.76402,197.78806
2026-08-29 02:30:00,197.78948,197.89323,197.78948,197.88262
2026-08-29 02:45:00,197.87762,197.99605,197.85999,197.94031
2026-08-29 03:00:00,197.95117,197.95843,197.87992,197.94665
2026-08-29 03:15:00,197.94133,197.96145,197.90009,197.91417
2026-08-29 03:30:00,197.91578,197.92941,197.84874,197.86087
2026-08-29 03:45:00,197.86678,197.86802,197.82071,197.82354
2026-08-29 04:00:00,197.82925,197.92871,197.79259,197.8357
2026-08-29 04:15:00,197.83135,197.87914,197.82411,197.86932
2026-08-29 04:30:00,197.86442,197.87257,197.81758,197.82451
2026-08-29 04:45:00,197.82811,197.84251,197.77606,197.80471
2026-08-29 05:00:00,197.79817,197.83362,197.69409,197.76436
2026-08-29 05:15:00,197.75748,197.78832,197.7383,197.78315
2026-08-29 05:30:00,197.77939,197.81079,197.77217,197.78401
2026-08-29 05:45:00,197.78607,197.84778,197.78607,197.83814
2026-08-29 06:00:00,197.82398,197.87047,197.77881,197.80079
2026-08-29 06:15:00,197.79103,197.81325,197.72036,197.7467
2026-08-29 06:30:00,197.73847,197.7632,197.71014,197.72885
2026-08-29 06:45:00,197.73174,197.83281,197.72671,197.81527
2026-08-29 07:00:00,197.80645,197.88519,197.67418,197.77336
2026-08-29 07:15:00,197.76376,197.94542,197.7437,197.80785
2026-08-29 07:30:00,197.81226,197.94749,197.77826,197.83477
2026-08-29 07:45:00,197.85062,197.86538,197.70427,197.76315
2026-08-29 08:00:00,197.75992,198.01225,197.66915,197.72065
2026-08-29 08:15:00,197.72958,197.93694,197.71488,197.91642
2026-08-29 08:30:00,197.88934,197.93308,197.76903,197.81251
2026-08-29 08:45:00,197.82621,197.93464,197.76932,197.88965
2026-08-29 09:00:00,197.86854,198.04255,197.76469,197.80805
2026-08-29 09:15:00,197.82829,197.92818,197.79094,197.91244
2026-08-29 09:30:00,197.88892,197.93141,197.77133,197.80542
2026-08-29 09:45:00,197.81557,197.9214,197.76615,197.8778
2026-08-29 10:00:00,197.85865,198.13572,197.5311,198.13242
2026-08-29 10:15:00,198.12551,198.14194,198.06689,198.13241
2026-08-29 10:30:00,198.12768,198.14202,198.12768,198.13549
2026-08-29 10:45:00,198.1331,198.1407,198.07881,198.13182
2026-08-29 11:00:00,198.1331,198.14199,197.95302,198.13766
2026-08-29 11:15:00,198.13299,198.14097,198.07871,198.13717
2026-08-29 11:30:00,198.13308,198.142,197.9308,198.11048
2026-08-29 11:45:00,198.09404,198.14194,198.09404,198.13219
2026-08-29 12:00:00,198.13309,198.22103,197.98488,198.13222
2026-08-29 12:15:00,198.1327,198.14194,198.13018,198.13677
2026-08-29 12:30:00,198.13316,198.17914,198.05663,198.13668
2026-08-29 12:45:00,198.133,198.14181,198.07846,198.12741
2026-08-29 13:00:00,198.12209,198.23285,197.98732,198.13145
2026-08-29 13:15:00,198.13249,198.13967,197.88316,198.13088
2026-08-29 13:30:00,198.12614,198.14199,198.12614,198.13728
2026-08-29 13:45:00,198.13314,198.16356,198.07891,198.1355
2026-08-29 14:00:00,198.13308,198.16451,197.95962,198.13086
2026-08-29 14:15:00,198.12217,198.1418,198.12217,198.13597
2026-08-29 14:30:00,198.13304,198.14194,198.07888,198.13702
2026-08-29 14:45:00,198.13258,198.14192,198.13032,198.13467
2026-08-29 15:00:00,198.13302,198.16156,197.80772,198.12614
2026-08-29 15:15:00,198.11576,198.17735,198.0713,198.12768
2026-08-29 15:30:00,198.12208,198.14113,198.12208,198.13737
2026-08-29 15:45:00,198.13294,198.14478,198.06532,198.1336
2026-08-29 16:00:00,198.1317,198.18399,197.9912,198.13164
2026-08-29 16:15:00,198.13307,198.18004,198.06284,198.1374
2026-08-29 16:30:00,198.1331,198.14204,197.97496,198.08256
2026-08-29 16:45:00,198.04109,198.14203,198.04109,198.13573
2026-08-29 17:00:00,198.1331,198.14457,197.96263,198.13109
2026-08-29 17:15:00,198.13235,198.14179,198.04295,198.12493
2026-08-29 17:30:00,198.11674,198.14109,198.07896,198.1371
2026-08-29 17:45:00,198.13316,198.18456,198.05692,198.12021
2026-08-29 18:00:00,198.11307,198.14198,198.11307,198.13238
2026-08-29 18:15:00,198.1331,198.14178,197.97099,198.13668
2026-08-29 18:30:00,198.13112,198.142,198.13028,198.13657
2026-08-29 18:45:00,198.13315,198.14201,198.06876,198.13696
2026-08-29 19:00:00,198.13309,198.14772,198.07722,198.12059
2026-08-29 19:15:00,198.10992,198.17454,198.06408,198.12845
2026-08-29 19:30:00,198.12087,198.17902,198.05651,198.13501
2026-08-29 19:45:00,198.13221,198.14186,198.12998,198.13737
2026-08-29 20:00:00,198.13311,198.14162,197.96517,198.13521
2026-08-29 20:15:00,198.13305,198.14173,198.06509,198.12373
2026-08-29 20:30:00,198.11529,198.14182,198.11529,198.13618
2026-08-29 20:45:00,198.13308,198.16346,198.07808,198.13671
2026-08-29 21:00:00,198.1322,198.14188,198.13009,198.13444
2026-08-29 21:15:00,198.13308,198.16479,198.06201,198.13156
2026-08-29 21:30:00,198.13306,198.23276,197.92834,197.95146
2026-08-29 21:45:00,197.99517,198.14024,197.99517,198.13743
2026-08-29 22:00:00,198.133,198.16848,198.06806,198.13029
2026-08-29 22:15:00,198.12808,198.14171,198.12808,198.13181
2026-08-29 22:30:00,198.13318,198.1421,198.00482,198.13542
2026-08-29 22:45:00,198.13034,198.14173,198.06387,198.07274
2026-08-29 23:00:00,198.08238,198.14058,198.08238,198.13517
2026-08-29 23:15:00,198.13229,198.27632,197.92324,198.11758
2026-08-29 23:30:00,198.10912,198.13883,198.10912,198.1297
2026-08-29 23:45:00,198.12993,198.14515,198.06785,198.13177
2026-08-30 00:00:00,198.12769,198.14157,198.06587,198.0743
2026-08-30 00:15:00,198.08402,198.14119,198.08402,198.13254
2026-08-30 00:30:00,198.1331,198.14205,198.06773,198.12114
2026-08-30 00:45:00,198.11578,198.13808,198.11443,198.13459
2026-08-30 01:00:00,198.13138,198.31369,197.81466,198.06748
2026-08-30 01:15:00,198.06286,198.10369,198.02178,198.03015
2026-08-30 01:30:00,198.04537,198.10806,198.01779,198.09791
2026-08-30 01:45:00,198.09917,198.10683,198.02901,198.05629
2026-08-30 02:00:00,198.05344,198.1109,197.99227,198.06344
2026-08-30 02:15:00,198.05901,198.07822,198.00048,198.02542
2026-08-30 02:30:00,198.02382,198.1881,197.88119,197.89834
2026-08-30 02:45:00,197.9328,197.9582,197.8998,197.92284
2026-08-30 03:00:00,197.91888,198.02323,197.87594,197.99041
2026-08-30 03:15:00,197.98589,197.99606,197.98403,197.98924
2026-08-30 03:30:00,197.98721,198.01301,197.94853,197.96449
2026-08-30 03:45:00,197.96588,198.05475,197.90308,198.0267
2026-08-30 04:00:00,198.02399,198.1306,197.9796,198.12818
2026-08-30 04:15:00,198.12381,198.13922,197.95426,198.11275
2026-08-30 04:30:00,198.10527,198.13225,198.10527,198.1232
2026-08-30 04:45:00,198.12449,198.16371,198.04607,198.07912
2026-08-30 05:00:00,198.07438,198.17474,198.02052,198.16102
2026-08-30 05:15:00,198.14123,198.14123,198.05009,198.08996
2026-08-30 05:30:00,198.08676,198.09621,198.02162,198.04179
2026-08-30 05:45:00,198.04252,198.10548,198.04034,198.09608
2026-08-30 06:00:00,198.0966,198.10204,197.87773,198.01646
2026-08-30 06:15:00,198.0131,198.07172,197.96522,198.0208
2026-08-30 06:30:00,198.00363,198.00363,197.95508,197.98139
2026-08-30 06:45:00,197.97867,198.07243,197.92861,197.99664
2026-08-30 07:00:00,198.03124,198.13542,198.03124,198.13425
2026-08-30 07:15:00,198.13117,198.14127,198.06778,198.13647
2026-08-30 07:30:00,198.13228,198.14205,197.98274,198.13393
2026-08-30 07:45:00,198.12554,198.14181,197.9095,198.13141
2026-08-30 08:00:00,198.13276,198.20285,198.04485,198.12444
2026-08-30 08:15:00,198.11767,198.14009,198.11767,198.13607
2026-08-30 08:30:00,198.13168,198.14047,198.02431,198.06527
2026-08-30 08:45:00,198.06377,198.11352,198.05369,198.10333
2026-08-30 09:00:00,198.10481,198.18012,198.00874,198.04584
2026-08-30 09:15:00,198.04199,198.0508,197.84013,197.91427
2026-08-30 09:30:00,197.90993,197.92361,197.90806,197.91724
2026-08-30 09:45:00,197.91476,197.92107,197.87109,197.88655
2026-08-30 10:00:00,197.88791,198.01937,197.87146,197.98152
2026-08-30 10:15:00,197.97693,198.03619,197.91265,198.01074
2026-08-30 10:30:00,198.00638,198.05734,197.9387,197.96095
2026-08-30 10:45:00,197.95757,197.96969,197.95757,197.96172
2026-08-30 11:00:00,197.96264,198.05145,197.82608,197.85334
2026-08-30 11:15:00,197.91447,198.02543,197.91447,197.96767
2026-08-30 11:30:00,197.96403,197.96403,197.9064,197.92433
2026-08-30 11:45:00,197.92058,197.94924,197.87435,197.88745
2026-08-30 12:00:00,197.88765,197.89655,197.8847,197.88658
2026-08-30 12:15:00,197.88765,197.90373,197.85351,197.86536
2026-08-30 12:30:00,197.8626,198.04542,197.85974,198.0208
2026-08-30 12:45:00,198.01676,198.01676,197.82718,197.88963
2026-08-30 13:00:00,197.88741,197.89605,197.85148,197.85973
2026-08-30 13:15:00,197.86112,197.86991,197.85819,197.86426
2026-08-30 13:30:00,197.86112,197.86996,197.83259,197.84453
2026-08-30 13:45:00,197.8401,197.84897,197.83713,197.84151
2026-08-30 14:00:00,197.8401,197.84291,197.81576,197.8218
2026-08-30 14:15:00,197.82328,197.86079,197.77248,197.79246
2026-08-30 14:30:00,197.78843,197.79728,197.78556,197.7928
2026-08-30 14:45:00,197.78843,197.79718,197.7792,197.7843
2026-08-30 15:00:00,197.78195,197.79058,197.77898,197.78066
2026-08-30 15:15:00,197.78195,197.95152,197.75887,197.87368
2026-08-30 15:30:00,197.86923,197.87887,197.83287,197.84577
2026-08-30 15:45:00,197.8416,197.85041,197.83868,197.84452
2026-08-30 16:00:00,197.8416,197.9121,197.79229,197.82069
2026-08-30 16:15:00,197.82171,197.83113,197.81917,197.8219
2026-08-30 16:30:00,197.82223,197.82472,197.80691,197.8197
2026-08-30 16:45:00,197.816,197.82489,197.80158,197.81234
2026-08-30 17:00:00,197.8086,197.81981,197.80811,197.81063
2026-08-30 17:15:00,197.81107,197.81996,197.79685,197.80595
2026-08-30 17:30:00,197.80687,197.816,197.80437,197.81018
2026-08-30 17:45:00,197.8071,197.82779,197.77685,197.7987
2026-08-30 18:00:00,197.79459,197.8035,197.78472,197.79462
2026-08-30 18:15:00,197.79169,197.80286,197.79087,197.79267
2026-08-30 18:30:00,197.79397,197.8016,197.78438,197.79605
2026-08-30 18:45:00,197.79317,197.80229,197.79048,197.7978
2026-08-30 19:00:00,197.79342,197.80218,197.78468,197.79463
2026-08-30 19:15:00,197.79292,197.80183,197.78478,197.795
2026-08-30 19:30:00,197.78923,197.8015,197.78735,197.79619
2026-08-30 19:45:00,197.79262,197.80126,197.78448,197.79641
2026-08-30 20:00:00,197.79193,197.80111,197.78941,197.79416
2026-08-30 20:15:00,197.79236,197.84672,197.78886,197.82718
2026-08-30 20:30:00,197.82864,197.84004,197.82573,197.83294
2026-08-30 20:45:00,197.82885,197.87118,197.79683,197.86204
2026-08-30 21:00:00,197.85768,197.86658,197.85472,197.86006
2026-08-30 21:15:00,197.85768,197.89074,197.85766,197.87961
2026-08-30 21:30:00,197.88091,197.94319,197.78208,197.88047
2026-08-30 21:45:00,197.86952,197.9068,197.86952,197.90341
2026-08-30 22:00:00,197.89926,197.92318,197.89655,197.91733
2026-08-30 22:15:00,197.91438,197.92327,197.91157,197.91339
2026-08-30 22:30:00,197.91438,197.93519,197.90178,197.926
2026-08-30 22:45:00,197.92628,197.94028,197.92332,197.93957
2026-08-30 23:00:00,197.93581,197.9447,197.93288,197.93934
2026-08-30 23:15:00,197.93581,198.0975,197.8587,197.90185
2026-08-30 23:30:00,197.9023,197.91119,197.89933,197.90141
2026-08-30 23:45:00,197.9023,197.90715,197.89552,197.90134
2026-08-31 00:00:00,197.89825,197.93947,197.76796,197.84401
2026-08-31 00:15:00,197.83986,197.84873,197.83703,197.84219
2026-08-31 00:30:00,197.83986,197.86456,197.8369,197.85434
2026-08-31 00:45:00,197.85566,197.86432,197.85269,197.85855
2026-08-31 01:00:00,197.85566,197.93071,197.79609,197.92652
2026-08-31 01:15:00,197.9221,197.9392,197.92002,197.93492
2026-08-31 01:30:00,197.93297,197.95123,197.9313,197.93566
2026-08-31 01:45:00,197.93712,197.95408,197.93421,197.9486
2026-08-31 02:00:00,197.94521,198.03957,197.88678,198.03585
2026-08-31 02:15:00,198.03139,198.04053,198.01548,198.02162
2026-08-31 02:30:00,198.02023,198.02915,197.9019,197.97894
2026-08-31 02:45:00,197.96614,198.01963,197.96614,198.01483
2026-08-31 03:00:00,198.01091,198.06217,197.82882,198.0349
2026-08-31 03:15:00,198.03044,198.03992,198.028,198.03319
2026-08-31 03:30:00,198.03105,198.03591,198.01311,198.01826
2026-08-31 03:45:00,198.01962,198.11578,198.01456,198.102
2026-08-31 04:00:00,198.09458,198.13186,198.03334,198.11265
2026-08-31 04:15:00,198.10834,198.11722,197.97375,198.10945
2026-08-31 04:30:00,198.1067,198.11725,197.94657,198.0961
2026-08-31 04:45:00,198.06318,198.06318,197.62269,197.70935
2026-08-31 05:00:00,197.73833,198.22398,197.59542,197.87315
2026-08-31 05:15:00,197.93042,198.2415,197.72748,197.91559
2026-08-31 05:30:00,197.77709,198.30479,197.73801,198.06089
2026-08-31 05:45:00,197.98554,198.01792,197.77602,197.97975
2026-08-31 06:00:00,197.9254,198.15073,197.89334,198.14332
2026-08-31 06:15:00,198.13013,198.17774,197.65377,198.00338
2026-08-31 06:30:00,197.9512,198.13228,197.82065,197.87326
2026-08-31 06:45:00,197.88955,198.08769,197.78897,197.80401
2026-08-31 07:00:00,197.82455,198.10406,197.76692,197.83537
2026-08-31 07:15:00,197.83803,197.90212,197.79085,197.81562
2026-08-31 07:30:00,197.81123,197.84206,197.73316,197.7455
2026-08-31 07:45:00,197.74747,197.83743,197.73543,197.83546
2026-08-31 08:00:00,197.8292,197.87128,197.75144,197.86369
2026-08-31 08:15:00,197.85962,197.87156,197.83648,197.83935
2026-08-31 08:30:00,197.83923,197.89296,197.83698,197.86206
2026-08-31 08:45:00,197.85639,197.87936,197.82841,197.87517
2026-08-31 09:00:00,197.86929,197.94772,197.8581,197.93493
2026-08-31 09:15:00,197.93075,197.96097,197.9181,197.92062
2026-08-31 09:30:00,197.91873,197.93902,197.8915,197.93331
2026-08-31 09:45:00,197.93054,197.95931,197.9053,197.95605
2026-08-31 10:00:00,197.95135,197.96395,197.86181,197.89867
2026-08-31 10:15:00,197.90329,197.90526,197.80586,197.81176
2026-08-31 10:30:00,197.81985,197.90747,197.80242,197.90428
2026-08-31 10:45:00,197.8983,197.92553,197.8208,197.82604
2026-08-31 11:00:00,197.83361,197.84555,197.674,197.71168
2026-08-31 11:15:00,197.69884,197.72535,197.59393,197.60121
2026-08-31 11:30:00,197.59886,197.69831,197.5873,197.64107
2026-08-31 11:45:00,197.6513,197.68193,197.63187,197.67507
2026-08-31 12:00:00,197.66945,197.70675,197.6572,197.66635
2026-08-31 12:15:00,197.66933,197.66933,197.62004,197.63492
2026-08-31 12:30:00,197.63561,197.67219,197.56381,197.57453
2026-08-31 12:45:00,197.56962,197.63174,197.55913,197.62986
2026-08-31 13:00:00,197.6249,197.6249,197.5516,197.56758
2026-08-31 13:15:00,197.56397,197.60316,197.55812,197.58403
2026-08-31 13:30:00,197.5863,197.60691,197.55095,197.58295
2026-08-31 13:45:00,197.57776,197.57776,197.51826,197.53967
2026-08-31 14:00:00,197.53461,197.55258,197.45912,197.46198
2026-08-31 14:15:00,197.4688,197.52822,197.45726,197.46104
2026-08-31 14:30:00,197.46934,197.49258,197.42804,197.43664
2026-08-31 14:45:00,197.44738,197.47965,197.44139,197.47136
2026-08-31 15:00:00,197.46684,197.48802,197.40611,197.41624
2026-08-31 15:15:00,197.41318,197.46939,197.40738,197.44364
2026-08-31 15:30:00,197.43907,197.44123,197.39053,197.43708
2026-08-31 15:45:00,197.42961,197.50179,197.42961,197.49917
2026-08-31 16:00:00,197.48822,197.51424,197.40155,197.4232
2026-08-31 16:15:00,197.41775,197.53333,197.38851,197.52668
2026-08-31 16:30:00,197.51697,197.65737,197.51697,197.61811
2026-08-31 16:45:00,197.62617,197.65242,197.514,197.6143
2026-08-31 17:00:00,197.60068,197.60833,197.45042,197.45663
2026-08-31 17:15:00,197.46642,197.52116,197.36608,197.50614
2026-08-31 17:30:00,197.50133,197.591,197.47562,197.55861
2026-08-31 17:45:00,197.56231,197.6208,197.52896,197.56546
2026-08-31 18:00:00,197.55636,197.55636,197.40426,197.446
2026-08-31 18:15:00,197.44307,197.45876,197.35816,197.38316
2026-08-31 18:30:00,197.38585,197.41806,197.30441,197.41023
2026-08-31 18:45:00,197.39533,197.49669,197.39533,197.49157
2026-08-31 19:00:00,197.48696,197.55431,197.46851,197.51789
2026-08-31 19:15:00,197.50437,197.54693,197.42707,197.42795
2026-08-31 19:30:00,197.43172,197.4888,197.40788,197.47229
2026-08-31 19:45:00,197.46254,197.57911,197.46254,197.51377
2026-08-31 20:00:00,197.5137,197.64383,197.5137,197.57203
2026-08-31 20:15:00,197.56691,197.58754,197.53186,197.56689
2026-08-31 20:30:00,197.56229,197.57022,197.44483,197.45441
2026-08-31 20:45:00,197.47235,197.52839,197.43774,197.50052
2026-08-31 21:00:00,197.50388,197.51269,197.45325,197.50281
2026-08-31 21:15:00,197.49166,197.54304,197.47242,197.47421
2026-08-31 21:30:00,197.47976,197.5435,197.47976,197.53511
2026-08-31 21:45:00,197.52953,197.53559,197.4763,197.52412
2026-08-31 22:00:00,197.51302,197.58973,197.50526,197.57025
2026-08-31 22:15:00,197.56056,197.67677,197.54745,197.67002
2026-08-31 22:30:00,197.65954,197.70117,197.61325,197.6691
2026-08-31 22:45:00,197.66191,197.74798,197.5843,197.74545
2026-08-31 23:00:00,197.73655,197.79317,197.7285,197.77056
2026-08-31 23:15:00,197.76476,197.79884,197.69186,197.6977
2026-08-31 23:30:00,197.70903,197.76894,197.66775,197.68006
2026-08-31 23:45:00,197.70199,197.72647,197.65431,197.71597
2026-09-01 00:00:00,197.70638,197.8011,197.67335,197.79739
2026-09-01 00:15:00,197.78746,197.84573,197.74654,197.84409
2026-09-01 00:30:00,197.84071,197.85125,197.59236,197.60018
2026-09-01 00:45:00,197.61047,197.89077,197.53787,197.68871
2026-09-01 01:00:00,197.74515,197.74515,197.56008,197.56505
2026-09-01 01:15:00,197.56585,197.64128,197.55786,197.62909
2026-09-01 01:30:00,197.62099,197.65697,197.57763,197.58821
2026-09-01 01:45:00,197.59169,197.62057,197.5717,197.58341
2026-09-01 02:00:00,197.58613,197.60182,197.54748,197.55828
2026-09-01 02:15:00,197.5614,197.60573,197.54624,197.60182
2026-09-01 02:30:00,197.59722,197.64716,197.58049,197.58815
2026-09-01 02:45:00,197.59147,197.62374,197.56781,197.57169
2026-09-01 03:00:00,197.57619,197.61871,197.56685,197.6148
2026-09-01 03:15:00,197.60657,197.62998,197.59943,197.62167
2026-09-01 03:30:00,197.61636,197.63825,197.60335,197.63496
2026-09-01 03:45:00,197.62993,197.6646,197.61204,197.61368
2026-09-01 04:00:00,197.61786,197.64041,197.59823,197.63992
2026-09-01 04:15:00,197.63517,197.65674,197.6195,197.65114
2026-09-01 04:30:00,197.64559,197.68602,197.61378,197.67283
2026-09-01 04:45:00,197.67089,197.72128,197.65241,197.68617
2026-09-01 05:00:00,197.69982,197.72489,197.66169,197.71286
2026-09-01 05:15:00,197.70905,197.70905,197.61981,197.63377
2026-09-01 05:30:00,197.62876,197.65651,197.60491,197.624
2026-09-01 05:45:00,197.63067,197.68999,197.61934,197.62985
2026-09-01 06:00:00,197.63845,197.6636,197.61097,197.61881
2026-09-01 06:15:00,197.62126,197.63156,197.60351,197.62731
2026-09-01 06:30:00,197.62355,197.64532,197.60688,197.63837
2026-09-01 06:45:00,197.62977,197.65191,197.61016,197.61109
2026-09-01 07:00:00,197.6129,197.79056,197.52697,197.69922
2026-09-01 07:15:00,197.69395,197.70052,197.64678,197.66081
2026-09-01 07:30:00,197.65407,197.67942,197.65407,197.67432
2026-09-01 07:45:00,197.67223,197.69373,197.65248,197.66185
2026-09-01 08:00:00,197.65932,197.68611,197.57144,197.63549
2026-09-01 08:15:00,197.63791,197.65257,197.62577,197.65099
2026-09-01 08:30:00,197.64587,197.64587,197.62041,197.63716
2026-09-01 08:45:00,197.63212,197.64097,197.61476,197.63217
2026-09-01 09:00:00,197.63006,197.65798,197.61648,197.63122
2026-09-01 09:15:00,197.63599,197.65606,197.62136,197.6338
2026-09-01 09:30:00,197.63044,197.66329,197.61466,197.64653
2026-09-01 09:45:00,197.64137,197.65804,197.59829,197.61836
2026-09-01 10:00:00,197.62428,197.74058,197.60933,197.61357
2026-09-01 10:15:00,197.62067,197.647,197.53955,197.61393
2026-09-01 10:30:00,197.60607,197.67734,197.60478,197.67363
2026-09-01 10:45:00,197.66506,197.66506,197.5908,197.61779
2026-09-01 11:00:00,197.6131,197.61552,197.48985,197.49361
2026-09-01 11:15:00,197.5041,197.55162,197.466,197.48248
2026-09-01 11:30:00,197.47928,197.50209,197.4457,197.4706
2026-09-01 11:45:00,197.46096,197.49383,197.359,197.36175
2026-09-01 12:00:00,197.36516,197.44334,197.35924,197.39265
2026-09-01 12:15:00,197.39723,197.41956,197.36989,197.41837
2026-09-01 12:30:00,197.41476,197.41476,197.35159,197.40485
2026-09-01 12:45:00,197.39886,197.41699,197.35667,197.41327
2026-09-01 13:00:00,197.40913,197.41787,197.36922,197.40716
2026-09-01 13:15:00,197.40322,197.40322,197.33167,197.36893
2026-09-01 13:30:00,197.36381,197.38553,197.34388,197.35997
2026-09-01 13:45:00,197.36606,197.36606,197.3233,197.3258
2026-09-01 14:00:00,197.32741,197.38108,197.32017,197.35511
2026-09-01 14:15:00,197.35681,197.37962,197.33492,197.37754
2026-09-01 14:30:00,197.37198,197.38729,197.33276,197.38677
2026-09-01 14:45:00,197.3817,197.44088,197.37587,197.43862
2026-09-01 15:00:00,197.43109,197.49207,197.42482,197.49001
2026-09-01 15:15:00,197.48669,197.51022,197.47232,197.49623
2026-09-01 15:30:00,197.49184,197.53262,197.48516,197.50295
2026-09-01 15:45:00,197.51399,197.55464,197.48221,197.55155
2026-09-01 16:00:00,197.54631,197.57674,197.53037,197.54549
2026-09-01 16:15:00,197.54724,197.59914,197.54536,197.55491
2026-09-01 16:30:00,197.55402,197.60987,197.52953,197.59914
2026-09-01 16:45:00,197.58971,197.62104,197.54763,197.61755
2026-09-01 17:00:00,197.61063,197.6386,197.54988,197.55304
2026-09-01 17:15:00,197.55878,197.60646,197.5306,197.56938
2026-09-01 17:30:00,197.55613,197.59298,197.42908,197.49282
2026-09-01 17:45:00,197.48586,197.5087,197.449,197.47519
2026-09-01 18:00:00,197.46868,197.49894,197.33296,197.37474
2026-09-01 18:15:00,197.36126,197.44584,197.34452,197.41325
2026-09-01 18:30:00,197.40431,197.44118,197.34261,197.37989
2026-09-01 18:45:00,197.38493,197.46639,197.37808,197.45858
2026-09-01 19:00:00,197.43803,197.47854,197.41579,197.43656
2026-09-01 19:15:00,197.44222,197.56735,197.43071,197.52679
2026-09-01 19:30:00,197.543,197.66005,197.53,197.65778
2026-09-01 19:45:00,197.65395,197.69093,197.59795,197.62172
2026-09-01 20:00:00,197.61415,197.63782,197.57192,197.60753
2026-09-01 20:15:00,197.60287,197.61843,197.54984,197.56643
2026-09-01 20:30:00,197.56434,197.59056,197.55133,197.58714
2026-09-01 20:45:00,197.58416,197.63205,197.57297,197.6172
2026-09-01 21:00:00,197.60745,197.69045,197.59225,197.68844
2026-09-01 21:15:00,197.68264,197.73757,197.6369,197.69431
2026-09-01 21:30:00,197.70492,197.7418,197.62921,197.63102
2026-09-01 21:45:00,197.6348,197.65017,197.59725,197.63356
2026-09-01 22:00:00,197.6284,197.64242,197.59065,197.61808
2026-09-01 22:15:00,197.60838,197.74522,197.60838,197.72015
2026-09-01 22:30:00,197.72924,197.76575,197.65417,197.70638
2026-09-01 22:45:00,197.71475,197.72296,197.62178,197.66147
2026-09-01 23:00:00,197.65901,197.6973,197.58847,197.6235
2026-09-01 23:15:00,197.61402,197.61452,197.5155,197.51716
2026-09-01 23:30:00,197.51932,197.60805,197.51361,197.58627
2026-09-01 23:45:00,197.59357,197.60516,197.55734,197.56125
2026-09-02 00:00:00,197.56683,197.5993,197.50103,197.51182
2026-09-02 00:15:00,197.53216,197.53216,197.31844,197.32507
2026-09-02 00:30:00,197.33597,197.33597,197.26661,197.30195
2026-09-02 00:45:00,197.30641,197.30641,197.07746,197.08738
2026-09-02 01:00:00,197.10727,197.2407,197.10727,197.22172
2026-09-02 01:15:00,197.23055,197.32298,197.20629,197.28836
2026-09-02 01:30:00,197.29588,197.29588,197.23935,197.25855
2026-09-02 01:45:00,197.26401,197.28385,197.13453,197.1373
2026-09-02 02:00:00,197.14357,197.17744,197.07247,197.09034
2026-09-02 02:15:00,197.08482,197.21079,197.07423,197.17995
2026-09-02 02:30:00,197.17084,197.21625,197.1389,197.16416
2026-09-02 02:45:00,197.17698,197.19449,197.15495,197.1744
2026-09-02 03:00:00,197.1765,197.22242,197.1607,197.21852
2026-09-02 03:15:00,197.2127,197.23693,197.19795,197.23105
2026-09-02 03:30:00,197.21476,197.2806,197.20976,197.21303
2026-09-02 03:45:00,197.21816,197.2897,197.20691,197.25061
2026-09-02 04:00:00,197.26679,197.30359,197.24451,197.29578
2026-09-02 04:15:00,197.29064,197.42755,197.25199,197.42349
2026-09-02 04:30:00,197.41935,197.43682,197.32065,197.33832
2026-09-02 04:45:00,197.33549,197.37055,197.31194,197.35279
2026-09-02 05:00:00,197.34627,197.38498,197.33067,197.37808
2026-09-02 05:15:00,197.37428,197.40806,197.3561,197.39169
2026-09-02 05:30:00,197.39739,197.41912,197.34603,197.36892
2026-09-02 05:45:00,197.37246,197.46738,197.35577,197.46092
2026-09-02 06:00:00,197.45209,197.47016,197.37873,197.39284
2026-09-02 06:15:00,197.38561,197.40199,197.35342,197.35763
2026-09-02 06:30:00,197.36222,197.39414,197.34323,197.3515
2026-09-02 06:45:00,197.35517,197.40859,197.33716,197.38239
2026-09-02 07:00:00,197.38932,197.39755,197.28774,197.35146
2026-09-02 07:15:00,197.33714,197.37175,197.33714,197.37048
2026-09-02 07:30:00,197.36673,197.37285,197.33002,197.3615
2026-09-02 07:45:00,197.3535,197.36934,197.31076,197.3208
2026-09-02 08:00:00,197.32773,197.389,197.32773,197.38429
2026-09-02 08:15:00,197.37668,197.3973,197.36765,197.38002
2026-09-02 08:30:00,197.37654,197.38331,197.35179,197.374
2026-09-02 08:45:00,197.36811,197.39376,197.36461,197.39132
2026-09-02 09:00:00,197.38814,197.43739,197.36135,197.409
2026-09-02 09:15:00,197.40704,197.40704,197.34355,197.34552
2026-09-02 09:30:00,197.34607,197.35584,197.30697,197.33081
2026-09-02 09:45:00,197.32624,197.34903,197.31212,197.3301
2026-09-02 10:00:00,197.33634,197.33634,197.22614,197.23345
2026-09-02 10:15:00,197.24532,197.2736,197.19171,197.2129
2026-09-02 10:30:00,197.20371,197.30765,197.20371,197.25895
2026-09-02 10:45:00,197.26876,197.29778,197.23747,197.27059
2026-09-02 11:00:00,197.27121,197.31168,197.27121,197.27349
2026-09-02 11:15:00,197.2773,197.32455,197.26136,197.31709
2026-09-02 11:30:00,197.31541,197.31541,197.18341,197.2119
2026-09-02 11:45:00,197.20727,197.26445,197.20423,197.23316
2026-09-02 12:00:00,197.23274,197.28268,197.18181,197.22072
2026-09-02 12:15:00,197.20923,197.24772,197.13487,197.18259
2026-09-02 12:30:00,197.17673,197.2176,197.16001,197.18891
2026-09-02 12:45:00,197.18817,197.22809,197.18493,197.21932
2026-09-02 13:00:00,197.21618,197.23218,197.17651,197.17867
2026-09-02 13:15:00,197.18313,197.19502,197.13873,197.16138
2026-09-02 13:30:00,197.16725,197.16725,197.0724,197.08078
2026-09-02 13:45:00,197.07525,197.13061,197.05554,197.12771
2026-09-02 14:00:00,197.12034,197.12034,196.98834,196.99676
2026-09-02 14:15:00,196.99873,197.06426,196.98268,196.98771
2026-09-02 14:30:00,197.00094,197.01921,196.94739,196.95376
2026-09-02 14:45:00,196.96133,196.96133,196.82551,196.87555
2026-09-02 15:00:00,196.8644,196.88847,196.79928,196.80479
2026-09-02 15:15:00,196.81361,196.914,196.79046,196.85022
2026-09-02 15:30:00,196.86056,196.89594,196.78253,196.81274
2026-09-02 15:45:00,196.80263,196.82009,196.62365,196.63144
2026-09-02 16:00:00,196.6407,196.65403,196.24593,196.40386
2026-09-02 16:15:00,196.38977,196.51155,196.33256,196.34601
2026-09-02 16:30:00,196.35185,196.4485,196.28456,196.36304
2026-09-02 16:45:00,196.35529,196.36515,196.14144,196.23258
2026-09-02 17:00:00,196.24942,196.38742,196.20994,196.37801
2026-09-02 17:15:00,196.37438,196.45255,196.26033,196.303
2026-09-02 17:30:00,196.28962,196.34254,196.24891,196.27746
2026-09-02 17:45:00,196.2987,196.37947,196.18881,196.20017
2026-09-02 18:00:00,196.21961,196.27512,196.19838,196.23919
2026-09-02 18:15:00,196.22664,196.2656,196.09754,196.10404
2026-09-02 18:30:00,196.11466,196.14207,196.0518,196.11121
2026-09-02 18:45:00,196.11259,196.15713,196.06896,196.12567
2026-09-02 19:00:00,196.13276,196.26692,196.13276,196.16206
2026-09-02 19:15:00,196.16915,196.17689,196.08076,196.17205
2026-09-02 19:30:00,196.16037,196.18596,196.11788,196.17121
2026-09-02 19:45:00,196.16317,196.2012,196.10243,196.10982
2026-09-02 20:00:00,196.12376,196.13931,196.06321,196.07102
2026-09-02 20:15:00,196.0729,196.09981,196.04473,196.0722
2026-09-02 20:30:00,196.07403,196.10693,196.00697,196.09265
2026-09-02 20:45:00,196.09515,196.16696,196.08262,196.1567
2026-09-02 21:00:00,196.14033,196.19518,196.06433,196.07364
2026-09-02 21:15:00,196.09067,196.12787,196.03356,196.04703
2026-09-02 21:30:00,196.04996,196.10826,196.01149,196.0748
2026-09-02 21:45:00,196.07873,196.10574,196.02199,196.0328
2026-09-02 22:00:00,196.03562,196.10503,196.00009,196.09918
2026-09-02 22:15:00,196.08328,196.16891,196.01711,196.1524
2026-09-02 22:30:00,196.1366,196.168,195.96522,195.96803
2026-09-02 22:45:00,195.97208,196.10268,195.86879,195.87173
2026-09-02 23:00:00,195.87494,195.94372,195.82722,195.83166
2026-09-02 23:15:00,195.83811,196.06908,194.94804,195.27938
2026-09-02 23:30:00,195.18255,195.57175,195.12343,195.23556
2026-09-02 23:45:00,195.21602,195.35676,195.10784,195.32855
2026-09-03 00:00:00,195.2888,195.55132,195.23175,195.30575
2026-09-03 00:15:00,195.26717,195.28642,195.13572,195.20066
2026-09-03 00:30:00,195.20836,195.32289,195.18441,195.27727
2026-09-03 00:45:00,195.23209,195.46612,195.22624,195.23307
2026-09-03 01:00:00,195.24663,195.35963,195.20148,195.23548
2026-09-03 01:15:00,195.22589,195.25651,195.13368,195.21298
2026-09-03 01:30:00,195.21091,195.31081,195.17693,195.30218
2026-09-03 01:45:00,195.29067,195.32011,195.24203,195.31498
2026-09-03 02:00:00,195.30438,195.34263,195.28474,195.3169
2026-09-03 02:15:00,195.30605,195.39233,195.30056,195.36226
2026-09-03 02:30:00,195.36992,195.3798,195.32586,195.36073
2026-09-03 02:45:00,195.357,195.39032,195.34297,195.34591
2026-09-03 03:00:00,195.35027,195.37567,195.31255,195.3612
2026-09-03 03:15:00,195.36413,195.45657,195.34636,195.45425
2026-09-03 03:30:00,195.44839,195.44839,195.38497,195.41876
2026-09-03 03:45:00,195.40934,195.43239,195.32327,195.36322
2026-09-03 04:00:00,195.37635,195.41831,195.31338,195.38904
2026-09-03 04:15:00,195.40006,195.46755,195.37265,195.42255
2026-09-03 04:30:00,195.41799,195.4419,195.40023,195.41587
2026-09-03 04:45:00,195.41749,195.46906,195.40624,195.43247
2026-09-03 05:00:00,195.42552,195.50796,195.41159,195.50224
2026-09-03 05:15:00,195.49596,195.49596,195.4455,195.45573
2026-09-03 05:30:00,195.45738,195.45744,195.40357,195.42271
2026-09-03 05:45:00,195.4166,195.44881,195.31676,195.32322
2026-09-03 06:00:00,195.33356,195.33439,195.19171,195.19553
2026-09-03 06:15:00,195.19944,195.27461,195.19301,195.24729
2026-09-03 06:30:00,195.24726,195.26245,195.19825,195.24821
2026-09-03 06:45:00,195.24088,195.29394,195.23727,195.24168
2026-09-03 07:00:00,195.24623,195.36246,195.14516,195.27159
2026-09-03 07:15:00,195.26899,195.28834,195.23075,195.25818
2026-09-03 07:30:00,195.26243,195.28778,195.23903,195.25958
2026-09-03 07:45:00,195.24712,195.27698,195.15426,195.20107
2026-09-03 08:00:00,195.19743,195.25144,195.17271,195.23524
2026-09-03 08:15:00,195.23749,195.29921,195.23749,195.27256
2026-09-03 08:30:00,195.27423,195.32473,195.26783,195.29908
2026-09-03 08:45:00,195.30045,195.37245,195.29737,195.3463
2026-09-03 09:00:00,195.34232,195.40364,195.33078,195.39966
2026-09-03 09:15:00,195.39766,195.40302,195.32319,195.36083
2026-09-03 09:30:00,195.35695,195.40548,195.34544,195.39019
2026-09-03 09:45:00,195.39258,195.47386,195.38886,195.47069
2026-09-03 10:00:00,195.46526,195.50666,195.38062,195.48006
2026-09-03 10:15:00,195.45001,195.57432,195.43427,195.4576
2026-09-03 10:30:00,195.46377,195.47816,195.25228,195.31133
2026-09-03 10:45:00,195.29127,195.31069,195.15554,195.28502
2026-09-03 11:00:00,195.27778,195.29573,195.18674,195.25365
2026-09-03 11:15:00,195.23788,195.23788,195.01671,195.03627
2026-09-03 11:30:00,195.06526,195.06526,194.74814,194.91763
2026-09-03 11:45:00,194.90613,194.99464,194.88147,194.97739
2026-09-03 12:00:00,194.96871,195.00963,194.82763,194.9249
2026-09-03 12:15:00,194.89578,194.89578,194.57812,194.58554
2026-09-03 12:30:00,194.59786,194.66484,194.48922,194.65756
2026-09-03 12:45:00,194.64493,194.66275,194.43705,194.62167
2026-09-03 13:00:00,194.60339,194.60339,194.21598,194.28633
2026-09-03 13:15:00,194.26833,194.36817,194.19541,194.26868
2026-09-03 13:30:00,194.26557,194.43921,194.26557,194.37757
2026-09-03 13:45:00,194.38929,194.41166,194.25922,194.33296
2026-09-03 14:00:00,194.32139,194.40614,194.29572,194.30221
2026-09-03 14:15:00,194.30703,194.36973,194.25649,194.29725
2026-09-03 14:30:00,194.29018,194.29018,194.15049,194.17703
2026-09-03 14:45:00,194.18954,194.29245,194.18954,194.25508
2026-09-03 15:00:00,194.26107,194.35468,194.21693,194.30278
2026-09-03 15:15:00,194.30677,194.35561,194.21385,194.25439
2026-09-03 15:30:00,194.24543,194.29629,194.16328,194.23516
2026-09-03 15:45:00,194.21437,194.27328,193.99932,194.01569
2026-09-03 16:00:00,194.0199,194.07639,193.88907,193.91271
2026-09-03 16:15:00,193.92419,193.96692,193.84598,193.91893
2026-09-03 16:30:00,193.9072,194.40844,193.77373,194.25042
2026-09-03 16:45:00,194.24238,194.25988,193.91345,193.99328
2026-09-03 17:00:00,193.98172,194.00422,193.35261,193.60111
2026-09-03 17:15:00,193.56886,193.70723,193.52724,193.698
2026-09-03 17:30:00,193.67224,194.37304,193.5514,194.20718
2026-09-03 17:45:00,194.22063,194.31273,194.12876,194.22437
2026-09-03 18:00:00,194.20622,194.2201,193.87505,193.88376
2026-09-03 18:15:00,193.89985,194.07088,193.86009,193.94535
2026-09-03 18:30:00,193.9625,193.9625,193.77014,193.77681
2026-09-03 18:45:00,193.78706,193.78706,193.57184,193.67491
2026-09-03 19:00:00,193.66944,193.89944,193.51967,193.53091
2026-09-03 19:15:00,193.5401,193.5401,193.28318,193.35236
2026-09-03 19:30:00,193.33883,193.33883,193.08694,193.14383
2026-09-03 19:45:00,193.12865,193.23138,192.97308,193.22554
2026-09-03 20:00:00,193.21239,193.22489,193.01589,193.18246
2026-09-03 20:15:00,193.17506,193.30666,193.06067,193.07261
2026-09-03 20:30:00,193.09828,193.23765,193.07842,193.19297
2026-09-03 20:45:00,193.17022,193.24515,193.1221,193.19098
2026-09-03 21:00:00,193.18005,193.18296,192.92014,192.94137
2026-09-03 21:15:00,192.96883,193.08293,192.75738,192.95705
2026-09-03 21:30:00,192.94266,193.118,192.94266,193.07372
2026-09-03 21:45:00,193.081,193.10286,192.95877,193.00705
2026-09-03 22:00:00,192.99762,193.03819,192.86733,192.89857
2026-09-03 22:15:00,192.9492,192.9492,192.50313,192.52301
2026-09-03 22:30:00,192.53587,192.7734,192.4518,192.56662
2026-09-03 22:45:00,192.59939,192.75763,192.46338,192.74588
2026-09-03 23:00:00,192.71164,192.99358,192.71164,192.98198
2026-09-03 23:15:00,192.97457,193.07338,192.71121,192.86171
2026-09-03 23:30:00,192.86912,192.909,192.72348,192.81008
2026-09-03 23:45:00,192.79796,192.82134,192.4884,192.55026
2026-09-04 00:00:00,192.5767,192.5767,192.31537,192.33779
2026-09-04 00:15:00,192.3773,192.42913,192.263,192.32018
2026-09-04 00:30:00,192.3134,192.56832,192.29784,192.44887
2026-09-04 00:45:00,192.46038,192.47229,192.1535,192.20153
2026-09-04 01:00:00,192.19196,192.65629,192.10654,192.64805
2026-09-04 01:15:00,192.62753,192.76441,192.54863,192.72311
2026-09-04 01:30:00,192.69814,192.73727,192.47422,192.48369
2026-09-04 01:45:00,192.49633,192.54232,192.42167,192.51372
2026-09-04 02:00:00,192.50409,192.60706,192.44206,192.57276
2026-09-04 02:15:00,192.559,192.78627,192.53952,192.77349
2026-09-04 02:30:00,192.75449,192.81017,192.69761,192.74185
2026-09-04 02:45:00,192.76632,192.88417,192.76632,192.79895
2026-09-04 03:00:00,192.80201,192.88253,192.70677,192.81008
2026-09-04 03:15:00,192.82734,192.84264,192.7361,192.77707
2026-09-04 03:30:00,192.78473,192.79906,192.72332,192.74791
2026-09-04 03:45:00,192.75302,192.77237,192.71655,192.73401
2026-09-04 04:00:00,192.72649,192.74632,192.65448,192.72142
2026-09-04 04:15:00,192.70758,192.76697,192.70051,192.71774
2026-09-04 04:30:00,192.72085,192.80376,192.69273,192.79834
2026-09-04 04:45:00,192.79076,192.82649,192.74669,192.77249
2026-09-04 05:00:00,192.76876,192.87179,192.74355,192.86536
2026-09-04 05:15:00,192.84874,192.87906,192.79292,192.85897
2026-09-04 05:30:00,192.85114,192.95757,192.82867,192.87696
2026-09-04 05:45:00,192.86264,192.91726,192.8316,192.8905
2026-09-04 06:00:00,192.87485,192.9614,192.87485,192.92879
2026-09-04 06:15:00,192.92411,192.94538,192.86231,192.86372
2026-09-04 06:30:00,192.86383,192.93251,192.86177,192.93028
2026-09-04 06:45:00,192.92696,192.94164,192.91088,192.92537
2026-09-04 07:00:00,192.9265,193.15252,192.88432,193.13125
2026-09-04 07:15:00,193.12415,193.16667,193.08517,193.13511
2026-09-04 07:30:00,193.13214,193.1417,193.07021,193.09169
2026-09-04 07:45:00,193.09233,193.11806,193.05393,193.11407
2026-09-04 08:00:00,193.10665,193.14974,192.95045,192.98484
2026-09-04 08:15:00,192.98005,193.00067,192.95185,192.99542
2026-09-04 08:30:00,192.99178,193.08005,192.99027,193.07755
2026-09-04 08:45:00,193.07121,193.25699,193.04822,193.23769
2026-09-04 09:00:00,193.24138,193.29182,193.12623,193.20011
2026-09-04 09:15:00,193.19388,193.19388,193.05744,193.07531
2026-09-04 09:30:00,193.09165,193.09165,192.88229,192.95841
2026-09-04 09:45:00,192.95038,192.95905,192.75028,192.75568
2026-09-04 10:00:00,192.76459,192.77097,192.38646,192.70448
2026-09-04 10:15:00,192.68598,192.89241,192.62379,192.8835
2026-09-04 10:30:00,192.85973,193.0569,192.82105,192.8384
2026-09-04 10:45:00,192.86793,192.86793,192.6021,192.77676
2026-09-04 11:00:00,192.72668,192.93918,192.72668,192.92428
2026-09-04 11:15:00,192.8945,193.11292,192.88584,193.03729
2026-09-04 11:30:00,193.05059,193.19445,192.96533,193.19037
2026-09-04 11:45:00,193.18148,193.20218,192.98242,192.99232
2026-09-04 12:00:00,193.00451,193.09062,192.91335,193.08102
2026-09-04 12:15:00,193.07504,193.14791,193.04297,193.14312
2026-09-04 12:30:00,193.13943,193.17776,193.03819,193.04447
2026-09-04 12:45:00,193.05391,193.23355,193.05113,193.19946
2026-09-04 13:00:00,193.20592,193.25636,193.17106,193.17463
2026-09-04 13:15:00,193.17938,193.19661,193.11899,193.17637
2026-09-04 13:30:00,193.16075,193.44005,193.16075,193.40124
2026-09-04 13:45:00,193.40451,193.49984,193.39478,193.48273
2026-09-04 14:00:00,193.47151,193.50979,193.3795,193.49912
2026-09-04 14:15:00,193.47842,193.54876,193.46225,193.46918
2026-09-04 14:30:00,193.47064,193.50183,193.3805,193.4305
2026-09-04 14:45:00,193.42595,193.52359,193.41274,193.51775
2026-09-04 15:00:00,193.51222,193.56799,193.45107,193.45849
2026-09-04 15:15:00,193.46983,193.51802,193.41214,193.48489
2026-09-04 15:30:00,193.49896,193.57645,193.45978,193.56164
2026-09-04 15:45:00,193.55543,193.60609,193.5042,193.52983
2026-09-04 16:00:00,193.53243,193.70592,193.48486,193.50908
2026-09-04 16:15:00,193.54529,193.54529,193.39986,193.4179
2026-09-04 16:30:00,193.45474,193.46293,193.27666,193.28449
2026-09-04 16:45:00,193.2903,193.40855,193.22896,193.39672
2026-09-04 17:00:00,193.37868,193.53991,193.36562,193.39444
2026-09-04 17:15:00,193.39887,193.43809,193.25866,193.31585
2026-09-04 17:30:00,193.32868,193.39698,193.30703,193.38569
2026-09-04 17:45:00,193.3615,193.44197,193.26032,193.354
2026-09-04 18:00:00,193.36096,193.43708,193.30639,193.36577
2026-09-04 18:15:00,193.36035,193.39623,193.26385,193.35547
2026-09-04 18:30:00,193.36303,193.4038,193.27472,193.34918
2026-09-04 18:45:00,193.33583,193.44051,193.33583,193.40468
2026-09-04 19:00:00,193.39638,193.41603,193.30236,193.3133
2026-09-04 19:15:00,193.31464,193.37763,193.27016,193.37258
2026-09-04 19:30:00,193.36187,193.4579,193.33606,193.44964
2026-09-04 19:45:00,193.43533,193.43533,193.2757,193.28041
2026-09-04 20:00:00,193.28713,193.29209,193.19272,193.20852
2026-09-04 20:15:00,193.20372,193.25833,193.16046,193.1787
2026-09-04 20:30:00,193.18105,193.23196,193.09082,193.22875
2026-09-04 20:45:00,193.21989,193.23825,193.16175,193.16576
2026-09-04 21:00:00,193.16901,193.25218,193.13971,193.14749
2026-09-04 21:15:00,193.15986,193.19169,193.12499,193.12814
2026-09-04 21:30:00,193.13499,193.18165,193.13467,193.16091
2026-09-04 21:45:00,193.16538,193.17098,193.06567,193.11713
2026-09-04 22:00:00,193.11185,193.14194,193.03876,193.0459
2026-09-04 22:15:00,193.05833,193.16566,193.03882,193.11591
2026-09-04 22:30:00,193.12723,193.28608,192.49175,192.60088
2026-09-04 22:45:00,192.61073,192.66773,191.47109,191.97497
2026-09-04 23:00:00,192.01694,192.37458,191.88923,192.22872
2026-09-04 23:15:00,192.24531,192.35722,192.14025,192.20994
2026-09-04 23:30:00,192.18966,192.34215,192.09528,192.11685
2026-09-04 23:45:00,192.16585,192.44922,192.16585,192.41586
2026-09-05 00:00:00,192.39943,192.64029,192.30867,192.62335
2026-09-05 00:15:00,192.6019,192.73739,192.6019,192.7008
2026-09-05 00:30:00,192.68603,192.68603,192.46425,192.61075
2026-09-05 00:45:00,192.59046,192.74693,192.59046,192.74075
2026-09-05 01:00:00,192.72699,192.73705,192.61377,192.6484
2026-09-05 01:15:00,192.65882,192.77521,192.63643,192.77101
2026-09-05 01:30:00,192.76405,192.82979,192.72407,192.82272
2026-09-05 01:45:00,192.80722,192.84173,192.74483,192.81094
2026-09-05 02:00:00,192.78187,192.85825,192.78187,192.84938
2026-09-05 02:15:00,192.84475,192.87511,192.77726,192.86129
2026-09-05 02:30:00,192.85653,192.89185,192.8213,192.83302
2026-09-05 02:45:00,192.84082,192.8983,192.83889,192.87129
2026-09-05 03:00:00,192.88221,192.89371,192.80198,192.80731
2026-09-05 03:15:00,192.81327,192.83476,192.78507,192.82101
2026-09-05 03:30:00,192.8179,192.82299,192.70024,192.70407
2026-09-05 03:45:00,192.71467,192.77675,192.71467,192.77504
2026-09-05 04:00:00,192.7697,192.77882,192.72941,192.77455
2026-09-05 04:15:00,192.76585,192.78709,192.74648,192.77379
2026-09-05 04:30:00,192.76712,192.84313,192.7547,192.83024
2026-09-05 04:45:00,192.82286,192.87198,192.81159,192.84996
2026-09-05 05:00:00,192.84607,192.85583,192.80086,192.85256
2026-09-05 05:15:00,192.84699,192.9035,192.84563,192.9018
2026-09-05 05:30:00,192.89715,192.95616,192.88311,192.93651
2026-09-05 05:45:00,192.94266,192.95711,192.92566,192.95527
2026-09-05 06:00:00,192.95162,192.97498,192.91248,192.92244
2026-09-05 06:15:00,192.91883,192.94826,192.90486,192.91152
2026-09-05 06:30:00,192.92257,192.95158,192.89509,192.91014
2026-09-05 06:45:00,192.91372,192.92281,192.84806,192.90084
2026-09-05 07:00:00,192.90237,193.00085,192.88413,192.91708
2026-09-05 07:15:00,192.91772,192.96312,192.89791,192.92239
2026-09-05 07:30:00,192.92253,192.96532,192.90404,192.92416
2026-09-05 07:45:00,192.92749,192.96338,192.8555,192.93412
2026-09-05 08:00:00,192.93601,193.02284,192.79338,192.93087
2026-09-05 08:15:00,192.92463,192.93849,192.91792,192.93235
2026-09-05 08:30:00,192.92832,192.93482,192.91742,192.92158
2026-09-05 08:45:00,192.92544,192.93655,192.91827,192.93131
2026-09-05 09:00:00,192.92743,192.9814,192.84867,192.93007
2026-09-05 09:15:00,192.92469,192.93759,192.91899,192.93271
2026-09-05 09:30:00,192.92839,192.94866,192.91129,192.94338
2026-09-05 09:45:00,192.93355,192.94292,192.9218,192.93757
2026-09-05 10:00:00,192.93344,192.96991,192.90651,192.9597
2026-09-05 10:15:00,192.95416,192.96866,192.93223,192.96407
2026-09-05 10:30:00,192.958,192.96876,192.95737,192.96191
2026-09-05 10:45:00,192.96005,192.97142,192.93748,192.95875
2026-09-05 11:00:00,192.96016,192.98036,192.94807,192.96338
2026-09-05 11:15:00,192.96017,192.96802,192.94206,192.96436
2026-09-05 11:30:00,192.96001,192.9687,192.91252,192.95768
2026-09-05 11:45:00,192.95415,192.96872,192.95359,192.95879
2026-09-05 12:00:00,192.96021,192.98091,192.9423,192.96392
2026-09-05 12:15:00,192.95997,192.96868,192.95721,192.96429
2026-09-05 12:30:00,192.96003,192.97086,192.94312,192.96233
2026-09-05 12:45:00,192.96003,192.96851,192.94256,192.95966
2026-09-05 13:00:00,192.95529,192.9775,192.94406,192.96508
2026-09-05 13:15:00,192.96026,193.00047,192.90814,192.9644
2026-09-05 13:30:00,192.96041,192.96866,192.94582,192.96289
2026-09-05 13:45:00,192.95989,192.96852,192.94266,192.95912
2026-09-05 14:00:00,192.96001,192.97515,192.93887,192.96304
2026-09-05 14:15:00,192.95717,192.96857,192.9539,192.96231
2026-09-05 14:30:00,192.9589,192.96839,192.94317,192.96333
2026-09-05 14:45:00,192.95973,192.96844,192.9571,192.95968
2026-09-05 15:00:00,192.96005,192.97126,192.92353,192.96
2026-09-05 15:15:00,192.9617,192.96873,192.94502,192.96107
2026-09-05 15:30:00,192.95778,192.96865,192.95713,192.96405
2026-09-05 15:45:00,192.96002,192.9681,192.94523,192.96218
2026-09-05 16:00:00,192.95946,192.97508,192.95742,192.95882
2026-09-05 16:15:00,192.96009,192.96846,192.94329,192.96301
2026-09-05 16:30:00,192.96028,192.97319,192.92807,192.95532
2026-09-05 16:45:00,192.94879,192.96865,192.94879,192.96171
2026-09-05 17:00:00,192.96008,192.97845,192.94519,192.95845
2026-09-05 17:15:00,192.95991,192.96877,192.95716,192.96357
2026-09-05 17:30:00,192.96005,192.96796,192.94551,192.96442
2026-09-05 17:45:00,192.96008,192.96885,192.94348,192.95942
2026-09-05 18:00:00,192.95624,192.96868,192.95624,192.95865
2026-09-05 18:15:00,192.96005,192.96866,192.92936,192.964
2026-09-05 18:30:00,192.9598,192.96872,192.95736,192.9644
2026-09-05 18:45:00,192.96022,192.96869,192.94469,192.96257
2026-09-05 19:00:00,192.96004,192.96862,192.94554,192.96133
2026-09-05 19:15:00,192.95581,192.96819,192.95344,192.96433
2026-09-05 19:30:00,192.95956,192.97015,192.94366,192.96376
2026-09-05 19:45:00,192.95987,192.96872,192.95718,192.96329
2026-09-05 20:00:00,192.9601,192.96737,192.92612,192.95791
2026-09-05 20:15:00,192.95944,192.97887,192.94904,192.96291
2026-09-05 20:30:00,192.96413,192.9687,192.9573,192.96343
2026-09-05 20:45:00,192.96007,192.97233,192.95656,192.96634
2026-09-05 21:00:00,192.9619,192.96855,192.95717,192.95981
2026-09-05 21:15:00,192.95997,192.9682,192.94519,192.9586
2026-09-05 21:30:00,192.95966,192.96849,192.92073,192.92669
2026-09-05 21:45:00,192.93537,192.93578,192.92355,192.9306
2026-09-05 22:00:00,192.92644,192.94079,192.92477,192.93179
2026-09-05 22:15:00,192.92985,192.94912,192.92655,192.93909
2026-09-05 22:30:00,192.94045,192.94829,192.93402,192.93971
2026-09-05 22:45:00,192.93664,192.94675,192.93376,192.94315
2026-09-05 23:00:00,192.93913,192.94499,192.93177,192.93597
2026-09-05 23:15:00,192.93462,192.94567,192.91648,192.93271
2026-09-05 23:30:00,192.93409,192.9436,192.93049,192.93353
2026-09-05 23:45:00,192.93366,192.9423,192.92903,192.9356
2026-09-06 00:00:00,192.9313,192.94465,192.92722,192.94238
2026-09-06 00:15:00,192.93571,192.95073,192.93571,192.93941
2026-09-06 00:30:00,192.94048,192.94671,192.93308,192.93958
2026-09-06 00:45:00,192.9353,192.94353,192.93213,192.93893
2026-09-06 01:00:00,192.93485,192.94607,192.91591,192.93663
2026-09-06 01:15:00,192.93393,192.95096,192.9274,192.94519
2026-09-06 01:30:00,192.937,192.95126,192.937,192.94141
2026-09-06 01:45:00,192.94165,192.96092,192.93137,192.95055
2026-09-06 02:00:00,192.94724,192.95325,192.92629,192.94505
2026-09-06 02:15:00,192.94162,192.95513,192.93129,192.94895
2026-09-06 02:30:00,192.94949,192.9609,192.94087,192.94461
2026-09-06 02:45:00,192.94928,192.94928,192.91985,192.94879
2026-09-06 03:00:00,192.94495,192.95645,192.92245,192.9354
2026-09-06 03:15:00,192.93152,192.95664,192.93023,192.95066
2026-09-06 03:30:00,192.94807,192.96075,192.94097,192.95732
2026-09-06 03:45:00,192.95213,192.96348,192.94624,192.95741
2026-09-06 04:00:00,192.95574,192.95746,192.91554,192.92501
2026-09-06 04:15:00,192.92077,192.95295,192.90096,192.93359
2026-09-06 04:30:00,192.9321,192.93977,192.92577,192.92659
2026-09-06 04:45:00,192.928,192.93609,192.91557,192.92129
2026-09-06 05:00:00,192.91794,192.91834,192.89989,192.90781
2026-09-06 05:15:00,192.90367,192.91424,192.89825,192.90377
2026-09-06 05:30:00,192.90208,192.92831,192.87581,192.88302
2026-09-06 05:45:00,192.90227,192.96843,192.90227,192.96396
2026-09-06 06:00:00,192.96002,192.96309,192.91967,192.94128
2026-09-06 06:15:00,192.93704,192.94553,192.92868,192.94089
2026-09-06 06:30:00,192.93734,192.93734,192.92226,192.92374
2026-09-06 06:45:00,192.92497,192.94915,192.90522,192.92735
2026-09-06 07:00:00,192.93309,192.9463,192.91549,192.92658
2026-09-06 07:15:00,192.92264,192.93128,192.9108,192.91674
2026-09-06 07:30:00,192.91365,192.92226,192.91095,192.91276
2026-09-06 07:45:00,192.91358,192.92159,192.89318,192.90752
2026-09-06 08:00:00,192.90802,192.91321,192.89201,192.89637
2026-09-06 08:15:00,192.89302,192.96919,192.88274,192.91923
2026-09-06 08:30:00,192.91559,192.92267,192.9065,192.90759
2026-09-06 08:45:00,192.90784,192.91636,192.90478,192.90666
2026-09-06 09:00:00,192.90766,192.91131,192.88783,192.89327
2026-09-06 09:15:00,192.89049,192.89908,192.88235,192.89014
2026-09-06 09:30:00,192.88619,192.8929,192.8811,192.88593
2026-09-06 09:45:00,192.88377,192.93454,192.85491,192.92337
2026-09-06 10:00:00,192.92467,192.94382,192.92165,192.94016
2026-09-06 10:15:00,192.93734,192.95819,192.92797,192.95427
2026-09-06 10:30:00,192.94999,192.96099,192.9314,192.94114
2026-09-06 10:45:00,192.93956,192.94571,192.93361,192.93418
2026-09-06 11:00:00,192.93562,192.94391,192.90597,192.91715
2026-09-06 11:15:00,192.91355,192.91958,192.90821,192.91542
2026-09-06 11:30:00,192.91109,192.9182,192.90417,192.90835
2026-09-06 11:45:00,192.90642,192.95121,192.89024,192.94186
2026-09-06 12:00:00,192.94325,192.96006,192.94047,192.95568
2026-09-06 12:15:00,192.95153,192.96173,192.93361,192.95628
2026-09-06 12:30:00,192.95209,192.97147,192.9492,192.9653
2026-09-06 12:45:00,192.96279,192.96395,192.91154,192.93016
2026-09-06 13:00:00,192.93129,192.9399,192.92203,192.92565
2026-09-06 13:15:00,192.9257,192.954,192.92087,192.94831
2026-09-06 13:30:00,192.94447,192.95315,192.93122,192.93948
2026-09-06 13:45:00,192.93624,192.94491,192.93351,192.93554
2026-09-06 14:00:00,192.93624,192.94033,192.92546,192.92902
2026-09-06 14:15:00,192.92967,192.93836,192.90736,192.91761
2026-09-06 14:30:00,192.91434,192.92302,192.91145,192.91815
2026-09-06 14:45:00,192.91434,192.92196,192.90926,192.91208
2026-09-06 15:00:00,192.91214,192.9208,192.9093,192.91102
2026-09-06 15:15:00,192.91214,192.91897,192.90754,192.91299
2026-09-06 15:30:00,192.91038,192.91905,192.90609,192.91315
2026-09-06 15:45:00,192.90898,192.91766,192.90635,192.91097
2026-09-06 16:00:00,192.90898,192.91203,192.8793,192.88025
2026-09-06 16:15:00,192.88162,192.88986,192.87843,192.88446
2026-09-06 16:30:00,192.88123,192.89013,192.87779,192.88483
2026-09-06 16:45:00,192.88049,192.89247,192.8767,192.88308
2026-09-06 17:00:00,192.88159,192.88862,192.87723,192.87843
2026-09-06 17:15:00,192.87987,192.88872,192.87699,192.88342
2026-09-06 17:30:00,192.87956,192.88801,192.87658,192.88365
2026-09-06 17:45:00,192.87938,192.89211,192.87554,192.88038
2026-09-06 18:00:00,192.87813,192.88654,192.87519,192.87841
2026-09-06 18:15:00,192.87957,192.88708,192.87509,192.88243
2026-09-06 18:30:00,192.87796,192.88853,192.87561,192.88215
2026-09-06 18:45:00,192.87816,192.88652,192.87498,192.88081
2026-09-06 19:00:00,192.87785,192.88689,192.87553,192.87688
2026-09-06 19:15:00,192.8778,192.89059,192.87321,192.87981
2026-09-06 19:30:00,192.88028,192.88628,192.8749,192.88128
2026-09-06 19:45:00,192.87771,192.88656,192.8749,192.88149
2026-09-06 20:00:00,192.87795,192.8862,192.87478,192.87725
2026-09-06 20:15:00,192.87765,193.1796,192.83665,193.08312
2026-09-06 20:30:00,193.08362,193.09223,193.08079,193.08708
2026-09-06 20:45:00,193.08362,193.31824,192.99359,193.25205
2026-09-06 21:00:00,193.24872,193.25738,193.24594,193.2481
2026-09-06 21:15:00,193.24872,193.4451,193.1186,193.38057
2026-09-06 21:30:00,193.381,193.54866,193.37814,193.49663
2026-09-06 21:45:00,193.497,193.5057,193.48819,193.49446
2026-09-06 22:00:00,193.49107,193.60542,193.47283,193.57214
2026-09-06 22:15:00,193.57288,193.58146,193.56943,193.57165
2026-09-06 22:30:00,193.57225,193.67335,193.53827,193.6437
2026-09-06 22:45:00,193.64018,193.72122,193.58795,193.69792
2026-09-06 23:00:00,193.6944,193.70301,193.69153,193.69395
2026-09-06 23:15:00,193.6944,193.70226,193.29697,193.53484
2026-09-06 23:30:00,193.53595,193.54457,193.5331,193.53859
2026-09-06 23:45:00,193.53595,193.64317,193.52187,193.61829
2026-09-07 00:00:00,193.6142,193.77355,192.91068,193.04008
2026-09-07 00:15:00,193.05364,193.05534,192.98401,192.98646
2026-09-07 00:30:00,192.98776,193.26805,192.98511,193.10923
2026-09-07 00:45:00,193.10504,193.17921,192.96389,193.00918
2026-09-07 01:00:00,192.99824,193.24639,192.92819,193.16347
2026-09-07 01:15:00,193.16103,193.39621,193.12207,193.31921
2026-09-07 01:30:00,193.32056,193.32925,193.31766,193.32487
2026-09-07 01:45:00,193.32056,193.51347,193.18876,193.29239
2026-09-07 02:00:00,193.28829,193.39166,192.9423,192.96122
2026-09-07 02:15:00,192.95782,193.23979,192.91316,193.1445
2026-09-07 02:30:00,193.14527,193.38967,192.96438,193.30478
2026-09-07 02:45:00,193.306,193.30674,193.29536,193.30183
2026-09-07 03:00:00,193.29813,193.5228,192.976,193.02071
2026-09-07 03:15:00,193.01678,193.02461,192.96486,192.97447
2026-09-07 03:30:00,192.97204,193.24411,192.923,193.0738
2026-09-07 03:45:00,193.07494,193.17721,192.83734,193.02098
2026-09-07 04:00:00,193.04456,193.04456,192.92757,192.95935
2026-09-07 04:15:00,192.95536,193.25274,192.7645,192.94728
2026-09-07 04:30:00,192.94492,192.94492,192.91662,192.91716
2026-09-07 04:45:00,192.91851,193.13197,192.80629,192.89761
2026-09-07 05:00:00,192.8774,193.39572,192.59478,192.65753
2026-09-07 05:15:00,192.79705,193.31077,192.34472,193.04751
2026-09-07 05:30:00,193.01604,193.39561,192.63122,193.05529
2026-09-07 05:45:00,192.95624,193.38401,192.62225,192.82953
2026-09-07 06:00:00,192.89301,193.03764,192.62995,192.68522
2026-09-07 06:15:00,192.70247,192.82322,192.59655,192.7062
2026-09-07 06:30:00,192.71952,192.77006,192.52567,192.72187
2026-09-07 06:45:00,192.7297,192.76703,192.65275,192.7223
2026-09-07 07:00:00,192.71611,192.88539,192.6761,192.81384
2026-09-07 07:15:00,192.84538,192.84538,192.73594,192.81717
2026-09-07 07:30:00,192.79263,192.79263,192.64223,192.71146
2026-09-07 07:45:00,192.7215,192.76218,192.70326,192.72841
2026-09-07 08:00:00,192.72447,192.92639,192.70125,192.88057
2026-09-07 08:15:00,192.87227,192.90289,192.87227,192.87746
2026-09-07 08:30:00,192.87652,192.9096,192.86263,192.90537
2026-09-07 08:45:00,192.90062,192.90062,192.84872,192.84957
2026-09-07 09:00:00,192.85293,192.86468,192.7762,192.78283
2026-09-07 09:15:00,192.79352,192.80765,192.75975,192.78188
2026-09-07 09:30:00,192.78464,192.82305,192.75381,192.81981
2026-09-07 09:45:00,192.81322,192.89386,192.80405,192.87286
2026-09-07 10:00:00,192.8591,192.89896,192.73234,192.762
2026-09-07 10:15:00,192.76587,192.80502,192.55338,192.56514
2026-09-07 10:30:00,192.58607,192.61384,192.44749,192.54893
2026-09-07 10:45:00,192.53686,192.64006,192.53505,192.58054
2026-09-07 11:00:00,192.5916,192.62893,192.49131,192.55208
2026-09-07 11:15:00,192.54516,192.6499,192.50639,192.5928
2026-09-07 11:30:00,192.5644,192.69978,192.5644,192.64299
2026-09-07 11:45:00,192.64896,192.64896,192.55022,192.57282
2026-09-07 12:00:00,192.56744,192.6674,192.53179,192.65687
2026-09-07 12:15:00,192.6474,192.66017,192.59976,192.60808
2026-09-07 12:30:00,192.61104,192.68368,192.57743,192.68048
2026-09-07 12:45:00,192.67022,192.6976,192.60753,192.61099
2026-09-07 13:00:00,192.61796,192.66312,192.58206,192.60296
2026-09-07 13:15:00,192.59802,192.59868,192.54032,192.54877
2026-09-07 13:30:00,192.56383,192.58662,192.52742,192.57656
2026-09-07 13:45:00,192.56841,192.57882,192.49555,192.49951
2026-09-07 14:00:00,192.50636,192.62362,192.50132,192.61734
2026-09-07 14:15:00,192.60842,192.64214,192.60373,192.62924
2026-09-07 14:30:00,192.62654,192.63939,192.51304,192.52937
2026-09-07 14:45:00,192.52074,192.57522,192.51695,192.52253
2026-09-07 15:00:00,192.53173,192.55692,192.51398,192.54493
2026-09-07 15:15:00,192.53596,192.56265,192.51895,192.54647
2026-09-07 15:30:00,192.54124,192.54124,192.43242,192.46752
2026-09-07 15:45:00,192.46042,192.46042,192.26117,192.26912
2026-09-07 16:00:00,192.28267,192.28267,192.14234,192.20566
2026-09-07 16:15:00,192.18899,192.23544,192.02772,192.12815
2026-09-07 16:30:00,192.11925,192.22324,192.10291,192.21995
2026-09-07 16:45:00,192.21037,192.33128,192.19257,192.32768
2026-09-07 17:00:00,192.31737,192.36169,192.19359,192.22898
2026-09-07 17:15:00,192.21276,192.29028,192.09824,192.10768
2026-09-07 17:30:00,192.11011,192.21147,192.08698,192.1849
2026-09-07 17:45:00,192.16721,192.20974,192.02354,192.08566
2026-09-07 18:00:00,192.08029,192.09803,191.63513,191.71865
