time,open,high,low,close
2026-07-17 16:15:00,185.87185,185.92026,185.84073,185.88411
2026-07-17 16:30:00,185.8949,185.95993,185.86008,185.9572
2026-07-17 16:45:00,185.95065,185.96102,185.70453,185.80714
2026-07-17 17:00:00,185.79135,185.8131,185.69213,185.69704
2026-07-17 17:15:00,185.70344,185.71424,185.63531,185.7111
2026-07-17 17:30:00,185.70798,185.73987,185.68087,185.70116
2026-07-17 17:45:00,185.70912,185.76024,185.7049,185.73325
2026-07-17 18:00:00,185.73967,185.82419,185.73558,185.76308
2026-07-17 18:15:00,185.78895,185.81198,185.68945,185.80864
2026-07-17 18:30:00,185.80003,185.82671,185.75333,185.78673
2026-07-17 18:45:00,185.77385,185.82738,185.77385,185.78373
2026-07-17 19:00:00,185.78958,185.84584,185.78297,185.80545
2026-07-17 19:15:00,185.82109,185.86145,185.79146,185.85461
2026-07-17 19:30:00,185.85134,185.85811,185.77594,185.78029
2026-07-17 19:45:00,185.78625,185.814,185.75532,185.75941
2026-07-17 20:00:00,185.76604,185.76604,185.68672,185.75128
2026-07-17 20:15:00,185.74818,185.76044,185.66232,185.69194
2026-07-17 20:30:00,185.68852,185.69585,185.64354,185.66635
2026-07-17 20:45:00,185.65813,185.68299,185.53428,185.53769
2026-07-17 21:00:00,185.54417,185.57163,185.47605,185.57079
2026-07-17 21:15:00,185.56715,185.58707,185.53456,185.56067
2026-07-17 21:30:00,185.55628,185.63033,185.54597,185.5992
2026-07-17 21:45:00,185.60626,185.61686,185.54058,185.59913
2026-07-17 22:00:00,185.59472,185.66879,185.57924,185.61486
2026-07-17 22:15:00,185.6223,185.64117,185.60229,185.60883
2026-07-17 22:30:00,185.61919,185.62217,185.54375,185.57962
2026-07-17 22:45:00,185.57594,185.62729,185.55422,185.59671
2026-07-17 23:00:00,185.6073,185.65831,185.58566,185.65778
2026-07-17 23:15:00,185.65603,185.65603,185.5752,185.59184
2026-07-17 23:30:00,185.59882,185.63142,185.56911,185.6074
2026-07-17 23:45:00,185.60194,185.72553,185.59455,185.65545
2026-07-18 00:00:00,185.66642,185.70541,185.63745,185.68534
2026-07-18 00:15:00,185.6821,185.77385,185.66969,185.72392
2026-07-18 00:30:00,185.74472,185.79943,185.69504,185.79629
2026-07-18 00:45:00,185.7879,185.8187,185.77018,185.79992
2026-07-18 01:00:00,185.7915,185.83775,185.74437,185.75821
2026-07-18 01:15:00,185.77073,185.81323,185.75218,185.78094
2026-07-18 01:30:00,185.77174,185.81016,185.75806,185.77771
2026-07-18 01:45:00,185.78302,185.83342,185.75896,185.81642
2026-07-18 02:00:00,185.82112,185.87646,185.77926,185.87224
2026-07-18 02:15:00,185.86519,185.90023,185.85251,185.8992
2026-07-18 02:30:00,185.89442,185.91156,185.87173,185.8939
2026-07-18 02:45:00,185.89006,185.90334,185.82797,185.82991
2026-07-18 03:00:00,185.8342,185.86229,185.75019,185.77455
2026-07-18 03:15:00,185.76735,185.79114,185.76522,185.79075
2026-07-18 03:30:00,185.78774,185.79862,185.76733,185.78498
2026-07-18 03:45:00,185.77943,185.7963,185.75724,185.76404
2026-07-18 04:00:00,185.76487,185.77317,185.7339,185.7623
2026-07-18 04:15:00,185.75521,185.80624,185.75123,185.77677
2026-07-18 04:30:00,185.76697,185.79758,185.7663,185.77396
2026-07-18 04:45:00,185.7692,185.78665,185.74945,185.77966
2026-07-18 05:00:00,185.77779,185.7944,185.73616,185.77583
2026-07-18 05:15:00,185.77829,185.81226,185.77309,185.80359
2026-07-18 05:30:00,185.79914,185.83181,185.77359,185.8302
2026-07-18 05:45:00,185.8209,185.84714,185.77739,185.78362
2026-07-18 06:00:00,185.79341,185.81912,185.7831,185.78545
2026-07-18 06:15:00,185.7896,185.8111,185.76215,185.79841
2026-07-18 06:30:00,185.79503,185.80102,185.76609,185.78132
2026-07-18 06:45:00,185.77725,185.78173,185.74648,185.76071
2026-07-18 07:00:00,185.76121,185.86705,185.74624,185.81863
2026-07-18 07:15:00,185.81645,185.83906,185.752,185.82902
2026-07-18 07:30:00,185.82521,185.85307,185.80789,185.83668
2026-07-18 07:45:00,185.81572,185.85275,185.80746,185.81209
2026-07-18 08:00:00,185.81278,185.87643,185.76657,185.83571
2026-07-18 08:15:00,185.83417,185.85658,185.79404,185.81888
2026-07-18 08:30:00,185.83121,185.85136,185.7734,185.83635
2026-07-18 08:45:00,185.80583,185.85019,185.79462,185.80188
2026-07-18 09:00:00,185.80008,185.84835,185.7733,185.83356
2026-07-18 09:15:00,185.80573,185.85091,185.79514,185.79687
2026-07-18 09:30:00,185.80204,185.85149,185.79524,185.83541
2026-07-18 09:45:00,185.80404,185.84968,185.79233,185.83129
2026-07-18 10:00:00,185.80002,185.84135,185.753,185.76966
2026-07-18 10:15:00,185.76159,185.79077,185.75495,185.75941
2026-07-18 10:30:00,185.7607,185.82233,185.75473,185.76561
2026-07-18 10:45:00,185.76671,185.78459,185.75549,185.77063
2026-07-18 11:00:00,185.76078,185.78142,185.72659,185.75859
2026-07-18 11:15:00,185.75724,185.79077,185.75183,185.7591
2026-07-18 11:30:00,185.76027,185.81201,185.7561,185.76551
2026-07-18 11:45:00,185.7667,185.77619,185.75486,185.76979
2026-07-18 12:00:00,185.75853,185.81086,185.71888,185.75963
2026-07-18 12:15:00,185.7589,185.77585,185.7535,185.76128
2026-07-18 12:30:00,185.75746,185.80958,185.74004,185.75444
2026-07-18 12:45:00,185.75559,185.82032,185.75557,185.77237
2026-07-18 13:00:00,185.76557,185.79371,185.72161,185.7682
2026-07-18 13:15:00,185.75786,185.81268,185.75134,185.76674
2026-07-18 13:30:00,185.76296,185.77291,185.75444,185.76844
2026-07-18 13:45:00,185.76054,185.80811,185.75571,185.76139
2026-07-18 14:00:00,185.75817,185.79266,185.7268,185.77349
2026-07-18 14:15:00,185.76719,185.7747,185.75691,185.76166
2026-07-18 14:30:00,185.76253,185.81644,185.76059,185.76552
2026-07-18 14:45:00,185.76609,185.77341,185.75933,185.76595
2026-07-18 15:00:00,185.76299,185.82477,185.75836,185.77773
2026-07-18 15:15:00,185.77098,185.78487,185.75428,185.76622
2026-07-18 15:30:00,185.76735,185.77946,185.75932,185.76231
2026-07-18 15:45:00,185.76348,185.78278,185.75316,185.77035
2026-07-18 16:00:00,185.76542,185.77395,185.73073,185.76994
2026-07-18 16:15:00,185.76263,185.78228,185.75344,185.76895
2026-07-18 16:30:00,185.76303,185.79921,185.74009,185.77078
2026-07-18 16:45:00,185.77274,185.77648,185.75887,185.76915
2026-07-18 17:00:00,185.76292,185.7808,185.73703,185.77027
2026-07-18 17:15:00,185.76339,185.77378,185.75685,185.76915
2026-07-18 17:30:00,185.76299,185.77802,185.76063,185.76189
2026-07-18 17:45:00,185.76326,185.7844,185.74537,185.7665
2026-07-18 18:00:00,185.76771,185.77602,185.75678,185.77001
2026-07-18 18:15:00,185.75872,185.81415,185.74954,185.77026
2026-07-18 18:30:00,185.76077,185.77395,185.75725,185.75775
2026-07-18 18:45:00,185.75913,185.80353,185.75658,185.76764
2026-07-18 19:00:00,185.75994,185.81822,185.7575,185.76501
2026-07-18 19:15:00,185.76735,185.77502,185.75676,185.77012
2026-07-18 19:30:00,185.76047,185.79702,185.74588,185.75849
2026-07-18 19:45:00,185.75941,185.77501,185.75526,185.76885
2026-07-18 20:00:00,185.76009,185.80211,185.75715,185.76966
2026-07-18 20:15:00,185.75869,185.79738,185.75728,185.76389
2026-07-18 20:30:00,185.76689,185.7757,185.75726,185.75873
2026-07-18 20:45:00,185.75918,185.81844,185.75435,185.75916
2026-07-18 21:00:00,185.76014,185.77385,185.75617,185.76954
2026-07-18 21:15:00,185.75881,185.79313,185.74773,185.77058
2026-07-18 21:30:00,185.76048,185.82053,185.74569,185.81084
2026-07-18 21:45:00,185.79789,185.79789,185.75452,185.75577
2026-07-18 22:00:00,185.75703,185.82265,185.74245,185.76092
2026-07-18 22:15:00,185.75852,185.76542,185.75425,185.76112
2026-07-18 22:30:00,185.75698,185.82265,185.7541,185.75843
2026-07-18 22:45:00,185.75696,185.82265,185.75425,185.77435
2026-07-18 23:00:00,185.77007,185.77007,185.7545,185.76046
2026-07-18 23:15:00,185.757,185.82265,185.73141,185.76507
2026-07-18 23:30:00,185.76119,185.76693,185.75428,185.75882
2026-07-18 23:45:00,185.75699,185.82265,185.74617,185.75598
2026-07-19 00:00:00,185.75728,185.76545,185.7542,185.76105
2026-07-19 00:15:00,185.75698,185.76534,185.75446,185.76099
2026-07-19 00:30:00,185.75698,185.82265,185.7542,185.76634
2026-07-19 00:45:00,185.76385,185.77096,185.75996,185.76159
2026-07-19 01:00:00,185.76267,185.82053,185.72943,185.76944
2026-07-19 01:15:00,185.7695,185.78579,185.76083,185.78502
2026-07-19 01:30:00,185.77991,185.78482,185.77027,185.77617
2026-07-19 01:45:00,185.77304,185.8099,185.77064,185.77876
2026-07-19 02:00:00,185.7794,185.79394,185.74945,185.78518
2026-07-19 02:15:00,185.78578,185.81601,185.78473,185.79831
2026-07-19 02:30:00,185.79339,185.82755,185.75195,185.81939
2026-07-19 02:45:00,185.80155,185.80155,185.76954,185.77127
2026-07-19 03:00:00,185.77459,185.81566,185.74448,185.77156
2026-07-19 03:15:00,185.76633,185.76671,185.75482,185.7601
2026-07-19 03:30:00,185.75758,185.82265,185.74017,185.76699
2026-07-19 03:45:00,185.76299,185.82053,185.76034,185.80054
2026-07-19 04:00:00,185.76374,185.78192,185.75368,185.7692
2026-07-19 04:15:00,185.77052,185.81628,185.76316,185.76479
2026-07-19 04:30:00,185.76608,185.76608,185.75435,185.76117
2026-07-19 04:45:00,185.757,185.82265,185.75322,185.75875
2026-07-19 05:00:00,185.75741,185.82124,185.73802,185.74517
2026-07-19 05:15:00,185.75852,185.77662,185.75463,185.76078
2026-07-19 05:30:00,185.75711,185.8227,185.75429,185.76649
2026-07-19 05:45:00,185.76249,185.80282,185.75627,185.76065
2026-07-19 06:00:00,185.75858,185.80322,185.73784,185.76489
2026-07-19 06:15:00,185.76611,185.79503,185.75113,185.78376
2026-07-19 06:30:00,185.76354,185.78629,185.76111,185.78081
2026-07-19 06:45:00,185.77553,185.83484,185.76513,185.79387
2026-07-19 07:00:00,185.7912,185.79211,185.75552,185.76889
2026-07-19 07:15:00,185.76991,185.81352,185.76743,185.78469
2026-07-19 07:30:00,185.78491,185.80569,185.76914,185.79596
2026-07-19 07:45:00,185.76994,185.83642,185.76908,185.79028
2026-07-19 08:00:00,185.78733,185.82145,185.7504,185.77674
2026-07-19 08:15:00,185.77719,185.78458,185.77336,185.77537
2026-07-19 08:30:00,185.77614,185.81202,185.77415,185.7844
2026-07-19 08:45:00,185.78139,185.81202,185.77842,185.80255
2026-07-19 09:00:00,185.78119,185.81202,185.76879,185.78766
2026-07-19 09:15:00,185.78515,185.81886,185.77454,185.79235
2026-07-19 09:30:00,185.79316,185.79672,185.78572,185.79092
2026-07-19 09:45:00,185.78846,185.80777,185.78588,185.79529
2026-07-19 10:00:00,185.79125,185.80567,185.78852,185.80082
2026-07-19 10:15:00,185.79106,185.80566,185.79012,185.79178
2026-07-19 10:30:00,185.79313,185.81202,185.77377,185.78061
2026-07-19 10:45:00,185.77786,185.78436,185.77335,185.78023
2026-07-19 11:00:00,185.77605,185.81457,185.77356,185.78657
2026-07-19 11:15:00,185.78507,185.78719,185.76264,185.76264
2026-07-19 11:30:00,185.76401,185.82053,185.76066,185.76417
2026-07-19 11:45:00,185.76426,185.81827,185.75578,185.77601
2026-07-19 12:00:00,185.77273,185.77596,185.75806,185.76287
2026-07-19 12:15:00,185.76058,185.8211,185.74389,185.76706
2026-07-19 12:30:00,185.76825,185.77728,185.75494,185.75702
2026-07-19 12:45:00,185.75726,185.82056,185.75606,185.76109
2026-07-19 13:00:00,185.7573,185.82872,185.75403,185.77094
2026-07-19 13:15:00,185.76818,185.77111,185.75889,185.75923
2026-07-19 13:30:00,185.76066,185.81857,185.75024,185.76856
2026-07-19 13:45:00,185.76898,185.77706,185.76606,185.77217
2026-07-19 14:00:00,185.7688,185.8184,185.76615,185.77883
2026-07-19 14:15:00,185.77535,185.81415,185.75895,185.78639
2026-07-19 14:30:00,185.78842,185.79231,185.78061,185.78249
2026-07-19 14:45:00,185.78339,185.8099,185.77441,185.79055
2026-07-19 15:00:00,185.78775,185.7953,185.78427,185.79086
2026-07-19 15:15:00,185.78699,185.80777,185.7861,185.7922
2026-07-19 15:30:00,185.78994,185.80565,185.7871,185.79377
2026-07-19 15:45:00,185.7948,185.80031,185.78942,185.79485
2026-07-19 16:00:00,185.79218,185.81415,185.75124,185.78885
2026-07-19 16:15:00,185.78479,185.79248,185.78118,185.78544
2026-07-19 16:30:00,185.78389,185.80777,185.77893,185.78604
2026-07-19 16:45:00,185.78742,185.80777,185.78463,185.79299
2026-07-19 17:00:00,185.79301,185.79846,185.78753,185.79437
2026-07-19 17:15:00,185.79019,185.80565,185.78759,185.79445
2026-07-19 17:30:00,185.79274,185.80075,185.78973,185.79108
2026-07-19 17:45:00,185.79243,185.82011,185.77181,185.79009
2026-07-19 18:00:00,185.79022,185.80628,185.78851,185.8042
2026-07-19 18:15:00,185.80063,185.80421,185.79117,185.7962
2026-07-19 18:30:00,185.79377,185.81616,185.79153,185.79732
2026-07-19 18:45:00,185.79845,185.80549,185.79281,185.79999
2026-07-19 19:00:00,185.79551,185.81503,185.79338,185.80567
2026-07-19 19:15:00,185.80228,185.81567,185.7968,185.81063
2026-07-19 19:30:00,185.80759,185.81595,185.80218,185.80313
2026-07-19 19:45:00,185.80387,185.82016,185.8011,185.81131
2026-07-19 20:00:00,185.81184,185.82014,185.80912,185.81512
2026-07-19 20:15:00,185.81184,185.82019,185.80908,185.8154
2026-07-19 20:30:00,185.81184,185.81996,185.80905,185.81163
2026-07-19 20:45:00,185.81184,185.8202,185.78932,185.79066
2026-07-19 21:00:00,185.79209,185.8011,185.77832,185.78522
2026-07-19 21:15:00,185.78262,185.79094,185.77985,185.7866
2026-07-19 21:30:00,185.78262,185.83711,185.75836,185.81238
2026-07-19 21:45:00,185.81029,185.81865,185.8075,185.809
2026-07-19 22:00:00,185.81029,185.8185,185.80752,185.81315
2026-07-19 22:15:00,185.81029,185.81861,185.80758,185.81444
2026-07-19 22:30:00,185.81029,185.81859,185.80753,185.81168
2026-07-19 22:45:00,185.81029,185.832,185.76064,185.7609
2026-07-19 23:00:00,185.76202,185.7677,185.75656,185.76285
2026-07-19 23:15:00,185.7592,185.81897,185.72465,185.79796
2026-07-19 23:30:00,185.79381,185.83165,185.78938,185.80477
2026-07-19 23:45:00,185.80284,185.81107,185.80008,185.80154
2026-07-20 00:00:00,185.80284,185.8274,185.70905,185.7487
2026-07-20 00:15:00,185.74444,185.75278,185.74032,185.74575
2026-07-20 00:30:00,185.74186,185.75014,185.73911,185.74463
2026-07-20 00:45:00,185.74186,185.81917,185.73085,185.81651
2026-07-20 01:00:00,185.8126,185.85158,185.80681,185.81533
2026-07-20 01:15:00,185.82021,185.82835,185.80657,185.80991
2026-07-20 01:30:00,185.81248,185.82084,185.80971,185.8157
2026-07-20 01:45:00,185.81248,185.82081,185.8098,185.8119
2026-07-20 02:00:00,185.81248,185.81636,185.76409,185.76609
2026-07-20 02:15:00,185.76686,185.77514,185.76423,185.76977
2026-07-20 02:30:00,185.76678,185.81037,185.76207,185.76974
2026-07-20 02:45:00,185.77762,185.77802,185.7583,185.76608
2026-07-20 03:00:00,185.76364,185.83795,185.73409,185.82411
2026-07-20 03:15:00,185.8252,185.8286,185.7461,185.7921
2026-07-20 03:30:00,185.7894,185.79873,185.78647,185.79295
2026-07-20 03:45:00,185.78883,185.79825,185.7873,185.78841
2026-07-20 04:00:00,185.78849,185.81957,185.73473,185.76797
2026-07-20 04:15:00,185.776,186.02975,185.58686,185.76596
2026-07-20 04:30:00,185.77399,186.20462,185.69942,185.77882
2026-07-20 04:45:00,185.77467,185.88712,185.27146,185.33086
2026-07-20 05:00:00,185.43225,185.87856,185.43225,185.71357
2026-07-20 05:15:00,185.72422,185.8799,185.64508,185.72333
2026-07-20 05:30:00,185.72838,185.93955,185.65609,185.82277
2026-07-20 05:45:00,185.7314,185.94543,185.59449,185.78768
2026-07-20 06:00:00,185.76792,185.88868,185.60511,185.61987
2026-07-20 06:15:00,185.64817,185.90939,185.62759,185.65867
2026-07-20 06:30:00,185.66207,185.95172,185.58353,185.76129
2026-07-20 06:45:00,185.67733,185.86841,185.6363,185.78466
2026-07-20 07:00:00,185.68966,185.86633,185.65045,185.68352
2026-07-20 07:15:00,185.69405,185.85498,185.65509,185.74215
2026-07-20 07:30:00,185.69758,185.79452,185.60818,185.71963
2026-07-20 07:45:00,185.62989,185.78975,185.62989,185.65928
2026-07-20 08:00:00,185.64862,185.81256,185.62333,185.76714
2026-07-20 08:15:00,185.76427,185.77538,185.68595,185.73669
2026-07-20 08:30:00,185.73213,185.74566,185.71221,185.73461
2026-07-20 08:45:00,185.73001,185.74336,185.68975,185.69348
2026-07-20 09:00:00,185.69609,185.71453,185.67348,185.71165
2026-07-20 09:15:00,185.70967,185.71839,185.65917,185.71119
2026-07-20 09:30:00,185.70122,185.72891,185.69685,185.71467
2026-07-20 09:45:00,185.71833,185.7407,185.68634,185.73125
2026-07-20 10:00:00,185.73332,185.77343,185.7186,185.74665
2026-07-20 10:15:00,185.75426,185.75907,185.71705,185.72149
2026-07-20 10:30:00,185.73215,185.7459,185.65482,185.68397
2026-07-20 10:45:00,185.67422,185.6922,185.59605,185.619
2026-07-20 11:00:00,185.61424,185.65563,185.59391,185.59871
2026-07-20 11:15:00,185.60296,185.68699,185.59514,185.68328
2026-07-20 11:30:00,185.67805,185.69061,185.62712,185.63636
2026-07-20 11:45:00,185.65063,185.68798,185.61099,185.68039
2026-07-20 12:00:00,185.67487,185.696,185.65952,185.68217
2026-07-20 12:15:00,185.6792,185.71082,185.66089,185.70639
2026-07-20 12:30:00,185.70006,185.7707,185.69441,185.75112
2026-07-20 12:45:00,185.76137,185.78424,185.73337,185.77164
2026-07-20 13:00:00,185.77601,185.78041,185.72879,185.76287
2026-07-20 13:15:00,185.75821,185.78629,185.75069,185.77737
2026-07-20 13:30:00,185.77337,185.79307,185.75584,185.79091
2026-07-20 13:45:00,185.78718,185.80007,185.77045,185.78829
2026-07-20 14:00:00,185.78474,185.81874,185.7749,185.80817
2026-07-20 14:15:00,185.80497,185.83183,185.79423,185.83
2026-07-20 14:30:00,185.82689,185.83228,185.79345,185.81425
2026-07-20 14:45:00,185.81913,185.82294,185.78042,185.79485
2026-07-20 15:00:00,185.79257,185.81121,185.75918,185.78148
2026-07-20 15:15:00,185.77541,185.79307,185.76344,185.79038
2026-07-20 15:30:00,185.7882,185.7882,185.72191,185.7253
2026-07-20 15:45:00,185.73362,185.78779,185.72241,185.7698
2026-07-20 16:00:00,185.77721,185.80148,185.72603,185.74986
2026-07-20 16:15:00,185.73938,185.76932,185.72276,185.73677
2026-07-20 16:30:00,185.73268,185.75006,185.67227,185.70639
2026-07-20 16:45:00,185.72663,185.76625,185.69113,185.72863
2026-07-20 17:00:00,185.74478,185.78299,185.72278,185.74432
2026-07-20 17:15:00,185.75363,185.83842,185.74181,185.83274
2026-07-20 17:30:00,185.82555,185.89151,185.82555,185.83614
2026-07-20 17:45:00,185.85015,185.8552,185.77994,185.82257
2026-07-20 18:00:00,185.82006,185.83557,185.77639,185.78425
2026-07-20 18:15:00,185.79804,185.79804,185.72468,185.75059
2026-07-20 18:30:00,185.74421,185.79214,185.7249,185.77486
2026-07-20 18:45:00,185.78722,185.78722,185.70462,185.73573
2026-07-20 19:00:00,185.73785,185.75398,185.67847,185.69441
2026-07-20 19:15:00,185.69001,185.69001,185.63597,185.64282
2026-07-20 19:30:00,185.64838,185.68057,185.6328,185.66926
2026-07-20 19:45:00,185.65951,185.67775,185.62359,185.64743
2026-07-20 20:00:00,185.6389,185.69466,185.63511,185.66651
2026-07-20 20:15:00,185.67242,185.67754,185.63649,185.67109
2026-07-20 20:30:00,185.667,185.7247,185.64363,185.69516
2026-07-20 20:45:00,185.70918,185.71286,185.66079,185.66689
2026-07-20 21:00:00,185.676,185.68878,185.62082,185.66218
2026-07-20 21:15:00,185.65909,185.69326,185.65374,185.6895
2026-07-20 21:30:00,185.68435,185.73756,185.59763,185.62261
2026-07-20 21:45:00,185.63187,185.63773,185.54056,185.54356
2026-07-20 22:00:00,185.55248,185.59913,185.50277,185.5152
2026-07-20 22:15:00,185.53617,185.53617,185.43455,185.46413
2026-07-20 22:30:00,185.45671,185.51766,185.43367,185.49467
2026-07-20 22:45:00,185.49232,185.58794,185.4775,185.53614
2026-07-20 23:00:00,185.54476,185.54476,185.45949,185.48813
2026-07-20 23:15:00,185.4824,185.4865,185.43974,185.48082
2026-07-20 23:30:00,185.47218,185.49835,185.39062,185.41439
2026-07-20 23:45:00,185.4116,185.5087,185.39762,185.50079
2026-07-21 00:00:00,185.48742,185.54532,185.46759,185.51717
2026-07-21 00:15:00,185.51987,185.57846,185.51822,185.57811
2026-07-21 00:30:00,185.5735,185.59586,185.43557,185.46905
2026-07-21 00:45:00,185.46551,185.49495,185.37323,185.38438
2026-07-21 01:00:00,185.4041,185.47587,185.3878,185.46164
2026-07-21 01:15:00,185.45796,185.47594,185.41272,185.47593
2026-07-21 01:30:00,185.47334,185.51866,185.45785,185.46049
2026-07-21 01:45:00,185.46131,185.52545,185.45947,185.52108
2026-07-21 02:00:00,185.51482,185.55398,185.49408,185.55144
2026-07-21 02:15:00,185.54776,185.57524,185.52783,185.53321
2026-07-21 02:30:00,185.54138,185.56132,185.46944,185.48127
2026-07-21 02:45:00,185.48664,185.49918,185.46344,185.48065
2026-07-21 03:00:00,185.48396,185.48601,185.44171,185.44874
2026-07-21 03:15:00,185.45832,185.48591,185.4408,185.47247
2026-07-21 03:30:00,185.46307,185.4764,185.43606,185.44043
2026-07-21 03:45:00,185.44515,185.45486,185.4283,185.45042
2026-07-21 04:00:00,185.44812,185.46912,185.4407,185.46015
2026-07-21 04:15:00,185.46149,185.50965,185.45433,185.50163
2026-07-21 04:30:00,185.49851,185.50493,185.47352,185.48682
2026-07-21 04:45:00,185.48316,185.52133,185.47055,185.51795
2026-07-21 05:00:00,185.51398,185.52405,185.48351,185.48716
2026-07-21 05:15:00,185.48913,185.50415,185.47867,185.49042
2026-07-21 05:30:00,185.49324,185.51642,185.48406,185.51527
2026-07-21 05:45:00,185.50814,185.5273,185.47087,185.51962
2026-07-21 06:00:00,185.51373,185.53868,185.47886,185.4968
2026-07-21 06:15:00,185.49447,185.5145,185.4741,185.51049
2026-07-21 06:30:00,185.50407,185.51509,185.47583,185.49948
2026-07-21 06:45:00,185.49159,185.52014,185.46688,185.49559
2026-07-21 07:00:00,185.49227,185.54799,185.46709,185.52152
2026-07-21 07:15:00,185.5115,185.54614,185.45507,185.51682
2026-07-21 07:30:00,185.48785,185.53075,185.43634,185.45991
2026-07-21 07:45:00,185.46146,185.51499,185.42938,185.44199
2026-07-21 08:00:00,185.44148,185.47189,185.41428,185.4578
2026-07-21 08:15:00,185.45635,185.4704,185.42738,185.43572
2026-07-21 08:30:00,185.4403,185.46599,185.43875,185.46339
2026-07-21 08:45:00,185.46162,185.47529,185.4503,185.46764
2026-07-21 09:00:00,185.45903,185.4818,185.45571,185.47847
2026-07-21 09:15:00,185.47403,185.48455,185.45858,185.47745
2026-07-21 09:30:00,185.4707,185.48519,185.46389,185.4771
2026-07-21 09:45:00,185.4714,185.49499,185.46547,185.49367
2026-07-21 10:00:00,185.48666,185.51642,185.46941,185.4956
2026-07-21 10:15:00,185.48923,185.50418,185.44815,185.47158
2026-07-21 10:30:00,185.46443,185.50719,185.45634,185.50287
2026-07-21 10:45:00,185.49686,185.53808,185.49324,185.52421
2026-07-21 11:00:00,185.5202,185.52348,185.48167,185.4966
2026-07-21 11:15:00,185.50031,185.51956,185.46205,185.4676
2026-07-21 11:30:00,185.47499,185.52359,185.44374,185.51842
2026-07-21 11:45:00,185.50984,185.52459,185.49898,185.51945
2026-07-21 12:00:00,185.51626,185.542,185.5023,185.51863
2026-07-21 12:15:00,185.51562,185.52226,185.48706,185.49018
2026-07-21 12:30:00,185.49487,185.50107,185.46578,185.46707
2026-07-21 12:45:00,185.47097,185.48225,185.42025,185.42846
2026-07-21 13:00:00,185.43236,185.4617,185.40851,185.42548
2026-07-21 13:15:00,185.43362,185.4391,185.41985,185.43157
2026-07-21 13:30:00,185.42878,185.46091,185.42596,185.44622
2026-07-21 13:45:00,185.44737,185.47094,185.43336,185.44095
2026-07-21 14:00:00,185.44767,185.48799,185.43865,185.48437
2026-07-21 14:15:00,185.47988,185.49163,185.46596,185.48171
2026-07-21 14:30:00,185.47983,185.52807,185.46435,185.51959
2026-07-21 14:45:00,185.5139,185.54333,185.50034,185.54285
2026-07-21 15:00:00,185.54034,185.56338,185.50962,185.53027
2026-07-21 15:15:00,185.53384,185.56291,185.53287,185.55063
2026-07-21 15:30:00,185.55076,185.58332,185.54677,185.56468
2026-07-21 15:45:00,185.57089,185.58919,185.54175,185.57187
2026-07-21 16:00:00,185.5668,185.60083,185.54441,185.59833
2026-07-21 16:15:00,185.59318,185.64255,185.57835,185.60545
2026-07-21 16:30:00,185.6068,185.67509,185.59911,185.67074
2026-07-21 16:45:00,185.66468,185.68753,185.61703,185.6512
2026-07-21 17:00:00,185.65777,185.72504,185.63535,185.67916
2026-07-21 17:15:00,185.67885,185.77841,185.67885,185.75948
2026-07-21 17:30:00,185.77108,185.77569,185.71418,185.71889
2026-07-21 17:45:00,185.72793,185.76941,185.70237,185.76358
2026-07-21 18:00:00,185.75341,185.81233,185.72587,185.80734
2026-07-21 18:15:00,185.79203,185.84198,185.79203,185.82799
2026-07-21 18:30:00,185.82535,185.84262,185.77874,185.82738
2026-07-21 18:45:00,185.83327,185.85509,185.79987,185.80703
2026-07-21 19:00:00,185.80991,185.8468,185.80778,185.83345
2026-07-21 19:15:00,185.82617,185.85863,185.80575,185.81201
2026-07-21 19:30:00,185.822,185.89913,185.79799,185.83548
2026-07-21 19:45:00,185.8392,185.86221,185.81772,185.84123
2026-07-21 20:00:00,185.84248,185.88363,185.81227,185.84713
2026-07-21 20:15:00,185.85658,185.87775,185.82189,185.87411
2026-07-21 20:30:00,185.86218,185.92706,185.86143,185.87339
2026-07-21 20:45:00,185.87493,185.88271,185.78606,185.7883
2026-07-21 21:00:00,185.79284,185.83802,185.77203,185.83221
2026-07-21 21:15:00,185.81803,185.87705,185.81803,185.87301
2026-07-21 21:30:00,185.86878,185.90172,185.85898,185.88326
2026-07-21 21:45:00,185.88514,185.9,185.83015,185.84031
2026-07-21 22:00:00,185.83831,185.86114,185.79727,185.81736
2026-07-21 22:15:00,185.81587,185.86698,185.78483,185.83838
2026-07-21 22:30:00,185.85287,185.88738,185.80788,185.82153
2026-07-21 22:45:00,185.82733,185.90344,185.76988,185.79459
2026-07-21 23:00:00,185.80014,185.83472,185.7685,185.81545
2026-07-21 23:15:00,185.82038,185.82292,185.74702,185.76683
2026-07-21 23:30:00,185.76359,185.81396,185.69841,185.73535
2026-07-21 23:45:00,185.73185,185.87284,185.71917,185.85059
2026-07-22 00:00:00,185.8596,186.03163,185.85157,186.02284
2026-07-22 00:15:00,186.0068,186.03361,185.90612,185.93701
2026-07-22 00:30:00,185.93357,185.94285,185.87696,185.91594
2026-07-22 00:45:00,185.90874,185.95967,185.85623,185.91843
2026-07-22 01:00:00,185.93274,185.94937,185.86356,185.88526
2026-07-22 01:15:00,185.8899,185.95541,185.86474,185.95397
2026-07-22 01:30:00,185.9482,185.97993,185.91791,185.95426
2026-07-22 01:45:00,185.95013,185.97367,185.91471,185.97012
2026-07-22 02:00:00,185.96397,185.99451,185.95328,185.9708
2026-07-22 02:15:00,185.97295,186.00221,185.93969,185.96398
2026-07-22 02:30:00,185.95671,185.97566,185.93121,185.97115
2026-07-22 02:45:00,185.96715,185.98681,185.92688,185.97281
2026-07-22 03:00:00,185.97107,185.99687,185.93385,185.99337
2026-07-22 03:15:00,185.98808,185.99225,185.95999,185.9641
2026-07-22 03:30:00,185.96597,185.99557,185.94688,185.96686
2026-07-22 03:45:00,185.96118,185.98416,185.94544,185.97172
2026-07-22 04:00:00,185.96719,186.11098,185.88468,186.01951
2026-07-22 04:15:00,186.02871,186.04411,185.99705,186.04126
2026-07-22 04:30:00,186.03379,186.10398,186.00978,186.10028
2026-07-22 04:45:00,186.09632,186.12391,186.08073,186.10023
2026-07-22 05:00:00,186.09445,186.11506,186.06777,186.11226
2026-07-22 05:15:00,186.10908,186.11032,186.07039,186.0722
2026-07-22 05:30:00,186.07427,186.08522,186.05583,186.08049
2026-07-22 05:45:00,186.07681,186.09905,186.0675,186.09417
2026-07-22 06:00:00,186.09241,186.12892,186.07656,186.10793
2026-07-22 06:15:00,186.10303,186.11491,186.07751,186.11134
2026-07-22 06:30:00,186.10433,186.11399,186.0723,186.08386
2026-07-22 06:45:00,186.08085,186.09187,186.01917,186.02368
2026-07-22 07:00:00,186.03019,186.03019,185.9434,186.00327
2026-07-22 07:15:00,186.00433,186.04118,185.98963,186.02868
2026-07-22 07:30:00,186.02181,186.07184,186.00386,186.06488
2026-07-22 07:45:00,186.05001,186.07328,186.01267,186.05683
2026-07-22 08:00:00,186.03476,186.05831,186.00732,186.03123
2026-07-22 08:15:00,186.02306,186.05298,186.01653,186.05046
2026-07-22 08:30:00,186.04627,186.05568,186.02756,186.05568
2026-07-22 08:45:00,186.05237,186.06107,186.0261,186.05643
2026-07-22 09:00:00,186.05259,186.07064,186.01041,186.05518
2026-07-22 09:15:00,186.05319,186.07478,186.0395,186.04953
2026-07-22 09:30:00,186.05559,186.08677,186.0429,186.08197
2026-07-22 09:45:00,186.07922,186.10448,186.0707,186.08127
2026-07-22 10:00:00,186.0926,186.11162,186.02125,186.0272
2026-07-22 10:15:00,186.03666,186.03922,185.96624,186.0358
2026-07-22 10:30:00,186.03091,186.04747,185.98591,186.00903
2026-07-22 10:45:00,186.01629,186.08248,186.00454,186.06386
2026-07-22 11:00:00,186.05584,186.09085,186.03807,186.08261
2026-07-22 11:15:00,186.08094,186.08873,186.0544,186.07097
2026-07-22 11:30:00,186.07317,186.08612,186.02231,186.04807
2026-07-22 11:45:00,186.04226,186.07276,186.04226,186.06128
2026-07-22 12:00:00,186.05743,186.09963,186.02589,186.09516
2026-07-22 12:15:00,186.09273,186.09949,186.0462,186.07749
2026-07-22 12:30:00,186.06885,186.07278,186.03449,186.05322
2026-07-22 12:45:00,186.04983,186.08207,186.03589,186.06993
2026-07-22 13:00:00,186.06625,186.10551,186.05395,186.08247
2026-07-22 13:15:00,186.07581,186.1192,186.07581,186.10578
2026-07-22 13:30:00,186.11157,186.11346,186.06456,186.09099
2026-07-22 13:45:00,186.08849,186.12958,186.08207,186.12844
2026-07-22 14:00:00,186.1216,186.14766,186.10937,186.14363
2026-07-22 14:15:00,186.13921,186.16245,186.12857,186.14994
2026-07-22 14:30:00,186.14661,186.155,186.12994,186.13691
2026-07-22 14:45:00,186.14014,186.16388,186.12348,186.16053
2026-07-22 15:00:00,186.14971,186.17541,186.13069,186.1379
2026-07-22 15:15:00,186.14993,186.1617,186.12529,186.14099
2026-07-22 15:30:00,186.1451,186.15434,186.10208,186.10334
2026-07-22 15:45:00,186.10763,186.14633,186.05792,186.06062
2026-07-22 16:00:00,186.0624,186.14698,186.05084,186.11722
2026-07-22 16:15:00,186.11123,186.14301,186.08335,186.10035
2026-07-22 16:30:00,186.11204,186.16499,186.07571,186.14871
2026-07-22 16:45:00,186.15205,186.18378,186.11175,186.11443
2026-07-22 17:00:00,186.11621,186.13686,186.0847,186.10985
2026-07-22 17:15:00,186.10142,186.19591,186.09291,186.19296
2026-07-22 17:30:00,186.19001,186.24493,185.83814,185.84946
2026-07-22 17:45:00,185.85466,185.91799,185.82647,185.9158
2026-07-22 18:00:00,185.91138,185.98707,185.8657,185.98614
2026-07-22 18:15:00,185.98045,186.06642,185.95809,186.044
2026-07-22 18:30:00,186.03686,186.07151,185.9977,186.02554
2026-07-22 18:45:00,186.03201,186.03994,185.9325,185.94007
2026-07-22 19:00:00,185.95337,185.99444,185.93637,185.964
2026-07-22 19:15:00,185.95019,185.96954,185.92726,185.95277
2026-07-22 19:30:00,185.94901,186.04119,185.94901,185.97052
2026-07-22 19:45:00,185.97973,185.98958,185.93966,185.95248
2026-07-22 20:00:00,185.95778,185.96432,185.89297,185.96092
2026-07-22 20:15:00,185.95009,186.01232,185.94357,185.96903
2026-07-22 20:30:00,185.97239,185.97347,185.92164,185.9387
2026-07-22 20:45:00,185.9404,186.03045,185.91871,185.92922
2026-07-22 21:00:00,185.94263,185.94263,185.8704,185.92045
2026-07-22 21:15:00,185.91818,185.96196,185.89431,185.93451
2026-07-22 21:30:00,185.91967,185.96955,185.91967,185.96592
2026-07-22 21:45:00,185.95875,186.02233,185.95795,186.01436
2026-07-22 22:00:00,186.00342,186.06517,186.0021,186.06245
2026-07-22 22:15:00,186.05512,186.07615,186.03616,186.06844
2026-07-22 22:30:00,186.05992,186.1144,186.04946,186.05667
2026-07-22 22:45:00,186.06289,186.10309,185.99798,186.08775
2026-07-22 23:00:00,186.0806,186.14352,186.06026,186.09562
2026-07-22 23:15:00,186.10369,186.17649,186.08883,186.14932
2026-07-22 23:30:00,186.16023,186.21405,186.11224,186.15721
2026-07-22 23:45:00,186.1516,186.16626,186.1039,186.11949
2026-07-23 00:00:00,186.14163,186.20063,186.07309,186.17303
2026-07-23 00:15:00,186.12233,186.19679,186.09385,186.1231
2026-07-23 00:30:00,186.11839,186.11839,186.05559,186.06022
2026-07-23 00:45:00,186.06562,186.11976,186.04983,186.11543
2026-07-23 01:00:00,186.10852,186.11839,186.07557,186.10352
2026-07-23 01:15:00,186.10485,186.1742,186.08707,186.17297
2026-07-23 01:30:00,186.16853,186.1798,186.08979,186.11108
2026-07-23 01:45:00,186.10789,186.14739,186.09036,186.13155
2026-07-23 02:00:00,186.12336,186.14422,186.02518,186.04277
2026-07-23 02:15:00,186.05651,186.12562,186.02469,186.12377
2026-07-23 02:30:00,186.12102,186.12491,186.07584,186.08706
2026-07-23 02:45:00,186.08359,186.10301,186.07525,186.09916
2026-07-23 03:00:00,186.09284,186.17618,186.08387,186.17183
2026-07-23 03:15:00,186.16526,186.19161,186.14876,186.17494
2026-07-23 03:30:00,186.18353,186.18353,186.14282,186.17117
2026-07-23 03:45:00,186.15848,186.19449,186.1514,186.16855
2026-07-23 04:00:00,186.16554,186.18978,186.13164,186.15236
2026-07-23 04:15:00,186.1467,186.16791,186.12892,186.14565
2026-07-23 04:30:00,186.14378,186.14378,186.10981,186.13025
2026-07-23 04:45:00,186.12545,186.16153,186.10475,186.15714
2026-07-23 05:00:00,186.15593,186.16727,186.13689,186.15736
2026-07-23 05:15:00,186.15305,186.18138,186.1457,186.16321
2026-07-23 05:30:00,186.16419,186.18421,186.14854,186.18135
2026-07-23 05:45:00,186.17657,186.1931,186.15807,186.1749
2026-07-23 06:00:00,186.16794,186.20014,186.16794,186.1943
2026-07-23 06:15:00,186.18629,186.20174,186.17754,186.19319
2026-07-23 06:30:00,186.19135,186.20383,186.16393,186.20183
2026-07-23 06:45:00,186.19818,186.21959,186.18358,186.21537
2026-07-23 07:00:00,186.21246,186.21246,186.09634,186.14323
2026-07-23 07:15:00,186.13075,186.1551,186.08798,186.10288
2026-07-23 07:30:00,186.10677,186.115,186.0749,186.09486
2026-07-23 07:45:00,186.09138,186.10809,186.07183,186.10313
2026-07-23 08:00:00,186.09964,186.12157,186.0503,186.0784
2026-07-23 08:15:00,186.07348,186.08552,186.04595,186.06209
2026-07-23 08:30:00,186.06974,186.1045,186.0609,186.09357
2026-07-23 08:45:00,186.09107,186.10346,186.06904,186.09955
2026-07-23 09:00:00,186.08785,186.11477,186.07705,186.11206
2026-07-23 09:15:00,186.10733,186.122,186.09153,186.11375
2026-07-23 09:30:00,186.11458,186.13312,186.10323,186.11796
2026-07-23 09:45:00,186.1152,186.13783,186.109,186.13545
2026-07-23 10:00:00,186.13087,186.15777,186.11529,186.12048
2026-07-23 10:15:00,186.12934,186.16146,186.11817,186.1325
2026-07-23 10:30:00,186.14454,186.16207,186.12544,186.15876
2026-07-23 10:45:00,186.15059,186.19576,186.14658,186.18582
2026-07-23 11:00:00,186.17648,186.2114,186.14529,186.18144
2026-07-23 11:15:00,186.17669,186.20495,186.16462,186.19697
2026-07-23 11:30:00,186.19404,186.20663,186.12555,186.14606
2026-07-23 11:45:00,186.15523,186.17358,186.1321,186.15811
2026-07-23 12:00:00,186.15307,186.20339,186.14045,186.19695
2026-07-23 12:15:00,186.18552,186.24264,186.17941,186.236
2026-07-23 12:30:00,186.22695,186.3371,186.22695,186.33533
2026-07-23 12:45:00,186.33125,186.3568,186.32091,186.35546
2026-07-23 13:00:00,186.34737,186.38125,186.30375,186.31085
2026-07-23 13:15:00,186.32173,186.35764,186.29961,186.33223
2026-07-23 13:30:00,186.33962,186.38639,186.33807,186.36268
2026-07-23 13:45:00,186.36908,186.37315,186.34692,186.36878
2026-07-23 14:00:00,186.36397,186.47345,186.34275,186.4699
2026-07-23 14:15:00,186.46215,186.46215,186.38729,186.44448
2026-07-23 14:30:00,186.44135,186.47883,186.4103,186.42654
2026-07-23 14:45:00,186.42171,186.45957,186.40665,186.44489
2026-07-23 15:00:00,186.42898,186.48525,186.42898,186.46295
2026-07-23 15:15:00,186.46578,186.46578,186.41739,186.42007
2026-07-23 15:30:00,186.42279,186.42758,186.39103,186.41435
2026-07-23 15:45:00,186.40712,186.45407,186.40299,186.44768
2026-07-23 16:00:00,186.44245,186.49862,186.41126,186.42623
2026-07-23 16:15:00,186.41777,186.44212,186.36007,186.36567
2026-07-23 16:30:00,186.37537,186.37571,186.32363,186.3392
2026-07-23 16:45:00,186.3517,186.39337,186.33878,186.36491
2026-07-23 17:00:00,186.35279,186.4116,186.35269,186.40533
2026-07-23 17:15:00,186.39949,186.44523,186.37451,186.41441
2026-07-23 17:30:00,186.4183,186.49724,186.4183,186.49098
2026-07-23 17:45:00,186.4806,186.72645,186.4585,186.58845
2026-07-23 18:00:00,186.59723,186.61664,186.5702,186.61266
2026-07-23 18:15:00,186.60754,186.61292,186.52434,186.53577
2026-07-23 18:30:00,186.53773,186.55625,186.44072,186.46213
2026-07-23 18:45:00,186.45601,186.47974,186.38219,186.41115
2026-07-23 19:00:00,186.41634,186.43873,186.39064,186.40753
2026-07-23 19:15:00,186.41366,186.46633,186.40027,186.43375
2026-07-23 19:30:00,186.44327,186.44327,186.40189,186.43487
2026-07-23 19:45:00,186.42938,186.47431,186.42092,186.47197
2026-07-23 20:00:00,186.47013,186.47013,186.3939,186.39945
2026-07-23 20:15:00,186.40743,186.41808,186.33485,186.37243
2026-07-23 20:30:00,186.3657,186.39424,186.34408,186.34664
2026-07-23 20:45:00,186.35158,186.36376,186.31003,186.32701
2026-07-23 21:00:00,186.3312,186.3336,186.29139,186.32844
2026-07-23 21:15:00,186.32184,186.34212,186.25719,186.26492
2026-07-23 21:30:00,186.27624,186.28626,186.13677,186.27988
2026-07-23 21:45:00,186.27196,186.31699,186.16552,186.30018
2026-07-23 22:00:00,186.29299,186.30602,186.2286,186.29243
2026-07-23 22:15:00,186.28811,186.29884,186.13724,186.26254
2026-07-23 22:30:00,186.25184,186.33565,186.20173,186.29903
2026-07-23 22:45:00,186.3097,186.35693,186.24156,186.35257
2026-07-23 23:00:00,186.34634,186.36525,186.26771,186.27629
2026-07-23 23:15:00,186.2909,186.3825,186.23767,186.37695
2026-07-23 23:30:00,186.36486,186.44838,186.34596,186.44619
2026-07-23 23:45:00,186.4412,186.51838,186.39992,186.48566
2026-07-24 00:00:00,186.49269,186.49275,186.37029,186.3775
2026-07-24 00:15:00,186.38286,186.39122,186.30924,186.38963
2026-07-24 00:30:00,186.38279,186.43889,186.36171,186.36803
2026-07-24 00:45:00,186.37827,186.4476,186.33907,186.44084
2026-07-24 01:00:00,186.42862,186.44728,186.3387,186.36624
2026-07-24 01:15:00,186.35392,186.39807,186.24625,186.33443
2026-07-24 01:30:00,186.32835,186.36535,186.29927,186.31675
2026-07-24 01:45:00,186.33478,186.34934,186.26414,186.29819
2026-07-24 02:00:00,186.29615,186.36954,186.28709,186.36706
2026-07-24 02:15:00,186.36264,186.37477,186.30275,186.33812
2026-07-24 02:30:00,186.33143,186.35728,186.29229,186.34954
2026-07-24 02:45:00,186.33966,186.37784,186.32062,186.37565
2026-07-24 03:00:00,186.37218,186.38029,186.30544,186.31576
2026-07-24 03:15:00,186.32019,186.33903,186.29515,186.33529
2026-07-24 03:30:00,186.32921,186.33813,186.30728,186.32871
2026-07-24 03:45:00,186.3222,186.34642,186.3024,186.32781
2026-07-24 04:00:00,186.32374,186.34811,186.30998,186.33638
2026-07-24 04:15:00,186.33309,186.33919,186.29342,186.32568
2026-07-24 04:30:00,186.31631,186.34414,186.30992,186.31781
2026-07-24 04:45:00,186.31927,186.35376,186.31155,186.33466
2026-07-24 05:00:00,186.33853,186.36875,186.33074,186.33793
2026-07-24 05:15:00,186.3452,186.38737,186.34095,186.38194
2026-07-24 05:30:00,186.37123,186.39785,186.34997,186.39579
2026-07-24 05:45:00,186.38876,186.42071,186.38391,186.39155
2026-07-24 06:00:00,186.40132,186.41885,186.38689,186.40872
2026-07-24 06:15:00,186.40529,186.42757,186.3906,186.42301
2026-07-24 06:30:00,186.41691,186.46133,186.41481,186.46014
2026-07-24 06:45:00,186.4535,186.47258,186.41975,186.448
2026-07-24 07:00:00,186.44483,186.45136,186.3524,186.3974
2026-07-24 07:15:00,186.4055,186.46193,186.4055,186.44633
2026-07-24 07:30:00,186.44261,186.44835,186.36868,186.3727
2026-07-24 07:45:00,186.37183,186.43037,186.3468,186.36202
2026-07-24 08:00:00,186.38966,186.43115,186.35566,186.41029
2026-07-24 08:15:00,186.41497,186.45144,186.40836,186.42373
2026-07-24 08:30:00,186.43215,186.45052,186.40606,186.42398
2026-07-24 08:45:00,186.42014,186.46479,186.41541,186.45981
2026-07-24 09:00:00,186.45613,186.47105,186.43554,186.43899
2026-07-24 09:15:00,186.4418,186.45186,186.40851,186.41047
2026-07-24 09:30:00,186.41141,186.43055,186.37819,186.40234
2026-07-24 09:45:00,186.39546,186.43112,186.3953,186.42926
2026-07-24 10:00:00,186.42345,186.49899,186.39394,186.45347
2026-07-24 10:15:00,186.45161,186.49954,186.43039,186.45252
2026-07-24 10:30:00,186.45972,186.51084,186.44685,186.50688
2026-07-24 10:45:00,186.49608,186.54295,186.4844,186.5341
2026-07-24 11:00:00,186.524,186.54812,186.48077,186.53472
2026-07-24 11:15:00,186.53114,186.53741,186.47237,186.47734
2026-07-24 11:30:00,186.48771,186.51227,186.4186,186.43956
2026-07-24 11:45:00,186.43725,186.48503,186.42822,186.45047
2026-07-24 12:00:00,186.44604,186.4745,186.43907,186.46356
2026-07-24 12:15:00,186.45693,186.46836,186.43306,186.44497
2026-07-24 12:30:00,186.45239,186.48447,186.42971,186.43535
2026-07-24 12:45:00,186.43836,186.45673,186.40542,186.43183
2026-07-24 13:00:00,186.42453,186.42453,186.37497,186.40912
2026-07-24 13:15:00,186.40247,186.47462,186.40228,186.47168
2026-07-24 13:30:00,186.46595,186.49066,186.45656,186.45916
2026-07-24 13:45:00,186.46202,186.46819,186.43726,186.45874
2026-07-24 14:00:00,186.44556,186.47891,186.43744,186.46446
2026-07-24 14:15:00,186.45775,186.49808,186.44724,186.46786
2026-07-24 14:30:00,186.46289,186.47123,186.40539,186.41888
2026-07-24 14:45:00,186.41547,186.43211,186.40154,186.41509
2026-07-24 15:00:00,186.41584,186.45425,186.41263,186.42845
2026-07-24 15:15:00,186.42948,186.46616,186.42506,186.44513
2026-07-24 15:30:00,186.45201,186.4812,186.43653,186.4387
2026-07-24 15:45:00,186.44476,186.46185,186.40166,186.42574
2026-07-24 16:00:00,186.42268,186.4426,186.37204,186.40559
2026-07-24 16:15:00,186.39847,186.48413,186.39847,186.45846
2026-07-24 16:30:00,186.46687,186.52178,186.45657,186.46538
2026-07-24 16:45:00,186.47863,186.49118,186.44607,186.47629
2026-07-24 17:00:00,186.47775,186.54928,186.45226,186.49817
2026-07-24 17:15:00,186.51224,186.61018,186.49768,186.60763
2026-07-24 17:30:00,186.60188,186.60927,186.54136,186.59028
2026-07-24 17:45:00,186.57817,186.60876,186.53903,186.54473
2026-07-24 18:00:00,186.55357,186.56237,186.49775,186.51567
2026-07-24 18:15:00,186.51186,186.51758,186.43171,186.45499
2026-07-24 18:30:00,186.44789,186.4864,186.42855,186.47389
2026-07-24 18:45:00,186.47862,186.49014,186.38859,186.39022
2026-07-24 19:00:00,186.393,186.45344,186.3846,186.45145
2026-07-24 19:15:00,186.44754,186.46816,186.39917,186.46627
2026-07-24 19:30:00,186.46071,186.46801,186.4169,186.4407
2026-07-24 19:45:00,186.43507,186.45722,186.39968,186.40424
2026-07-24 20:00:00,186.41326,186.48926,186.40034,186.48154
2026-07-24 20:15:00,186.47611,186.53683,186.4429,186.53204
2026-07-24 20:30:00,186.52236,186.52236,186.47331,186.4797
2026-07-24 20:45:00,186.48715,186.4968,186.43392,186.46219
2026-07-24 21:00:00,186.45078,186.4889,186.42883,186.48707
2026-07-24 21:15:00,186.47925,186.50958,186.44318,186.45081
2026-07-24 21:30:00,186.46289,186.46289,186.38318,186.38962
2026-07-24 21:45:00,186.39325,186.42529,186.30794,186.31757
2026-07-24 22:00:00,186.32578,186.39427,186.29514,186.37263
2026-07-24 22:15:00,186.38009,186.39017,186.32806,186.35429
2026-07-24 22:30:00,186.35391,186.36724,186.25662,186.25929
2026-07-24 22:45:00,186.26311,186.3174,186.25577,186.30747
2026-07-24 23:00:00,186.29415,186.34089,186.23198,186.33452
2026-07-24 23:15:00,186.32448,186.36277,186.29538,186.32752
2026-07-24 23:30:00,186.33328,186.34896,186.28416,186.32298
2026-07-24 23:45:00,186.33632,186.36699,186.2906,186.33906
2026-07-25 00:00:00,186.34638,186.36711,186.26844,186.30988
2026-07-25 00:15:00,186.3149,186.36577,186.29505,186.33832
2026-07-25 00:30:00,186.34273,186.36382,186.30527,186.31056
2026-07-25 00:45:00,186.3183,186.34469,186.24864,186.31377
2026-07-25 01:00:00,186.32523,186.44651,186.31008,186.38763
2026-07-25 01:15:00,186.39615,186.42695,186.349,186.39026
2026-07-25 01:30:00,186.38694,186.45316,186.35341,186.41393
2026-07-25 01:45:00,186.43577,186.43577,186.38189,186.3847
2026-07-25 02:00:00,186.39086,186.41059,186.34422,186.40877
2026-07-25 02:15:00,186.40541,186.40919,186.36596,186.38017
2026-07-25 02:30:00,186.37677,186.39445,186.35186,186.36973
2026-07-25 02:45:00,186.36528,186.37489,186.33469,186.36445
2026-07-25 03:00:00,186.36087,186.36958,186.26246,186.29555
2026-07-25 03:15:00,186.28781,186.30187,186.2556,186.28681
2026-07-25 03:30:00,186.28414,186.30816,186.25668,186.2686
2026-07-25 03:45:00,186.26477,186.28032,186.24492,186.25296
2026-07-25 04:00:00,186.25747,186.27573,186.23657,186.2585
2026-07-25 04:15:00,186.26261,186.27433,186.23615,186.26302
2026-07-25 04:30:00,186.26283,186.28967,186.25376,186.2825
2026-07-25 04:45:00,186.27894,186.29995,186.27298,186.29209
2026-07-25 05:00:00,186.28881,186.2971,186.25988,186.27673
2026-07-25 05:15:00,186.28822,186.29914,186.26403,186.28082
2026-07-25 05:30:00,186.27284,186.33112,186.27005,186.31266
2026-07-25 05:45:00,186.30815,186.31427,186.2833,186.30677
2026-07-25 06:00:00,186.30056,186.31668,186.29752,186.31315
2026-07-25 06:15:00,186.30815,186.31566,186.2771,186.28278
2026-07-25 06:30:00,186.29267,186.29971,186.27673,186.29483
2026-07-25 06:45:00,186.28908,186.3471,186.27994,186.34358
2026-07-25 07:00:00,186.34003,186.4305,186.27948,186.38758
2026-07-25 07:15:00,186.38873,186.40981,186.37011,186.39885
2026-07-25 07:30:00,186.37783,186.41216,186.36439,186.40013
2026-07-25 07:45:00,186.38455,186.41754,186.38387,186.39988
2026-07-25 08:00:00,186.38666,186.40851,186.3513,186.38592
2026-07-25 08:15:00,186.38666,186.40535,186.38389,186.38613
2026-07-25 08:30:00,186.38666,186.40535,186.38395,186.39996
2026-07-25 08:45:00,186.38666,186.40535,186.37581,186.39234
2026-07-25 09:00:00,186.38876,186.40486,186.36374,186.38856
2026-07-25 09:15:00,186.38876,186.39973,186.38598,186.38777
2026-07-25 09:30:00,186.38876,186.39973,186.38607,186.39683
2026-07-25 09:45:00,186.38876,186.39973,186.386,186.39728
2026-07-25 10:00:00,186.38876,186.40224,186.36296,186.39885
2026-07-25 10:15:00,186.39507,186.43555,186.37688,186.40234
2026-07-25 10:30:00,186.40366,186.41239,186.40139,186.407
2026-07-25 10:45:00,186.40417,186.41298,186.4015,186.40933
2026-07-25 11:00:00,186.40516,186.41326,186.382,186.40666
2026-07-25 11:15:00,186.4052,186.41451,186.40352,186.40472
2026-07-25 11:30:00,186.40611,186.41905,186.39605,186.41726
2026-07-25 11:45:00,186.41264,186.4252,186.39204,186.40515
2026-07-25 12:00:00,186.40096,186.41088,186.37802,186.40456
2026-07-25 12:15:00,186.40268,186.41105,186.40001,186.40145
2026-07-25 12:30:00,186.40277,186.4138,186.36505,186.37299
2026-07-25 12:45:00,186.36883,186.42864,186.36617,186.381
2026-07-25 13:00:00,186.37702,186.38494,186.35125,186.37904
2026-07-25 13:15:00,186.37639,186.43492,186.34377,186.38114
2026-07-25 13:30:00,186.38216,186.39356,186.37939,186.38504
2026-07-25 13:45:00,186.3852,186.42227,186.38368,186.39371
2026-07-25 14:00:00,186.39009,186.41752,186.36697,186.39719
2026-07-25 14:15:00,186.39396,186.40233,186.39129,186.39339
2026-07-25 14:30:00,186.39398,186.41804,186.39125,186.39644
2026-07-25 14:45:00,186.39712,186.40547,186.39446,186.40021
2026-07-25 15:00:00,186.39709,186.42117,186.37416,186.41646
2026-07-25 15:15:00,186.41277,186.42109,186.40744,186.41224
2026-07-25 15:30:00,186.41229,186.42059,186.36715,186.37152
2026-07-25 15:45:00,186.37265,186.42652,186.37038,186.38247
2026-07-25 16:00:00,186.38004,186.38804,186.36001,186.38396
2026-07-25 16:15:00,186.3799,186.42226,186.34812,186.35761
2026-07-25 16:30:00,186.35583,186.43501,186.33686,186.39087
2026-07-25 16:45:00,186.38467,186.40004,186.38467,186.39483
2026-07-25 17:00:00,186.39174,186.41655,186.36847,186.39945
2026-07-25 17:15:00,186.39526,186.40367,186.39251,186.39671
2026-07-25 17:30:00,186.39531,186.41592,186.39482,186.39677
2026-07-25 17:45:00,186.39816,186.41592,186.39538,186.40425
2026-07-25 18:00:00,186.40056,186.40882,186.39781,186.40458
2026-07-25 18:15:00,186.40044,186.42032,186.38401,186.40922
2026-07-25 18:30:00,186.40711,186.41607,186.40512,186.40667
2026-07-25 18:45:00,186.40793,186.41647,186.40542,186.41253
2026-07-25 19:00:00,186.40826,186.438,186.36503,186.382
2026-07-25 19:15:00,186.37813,186.38635,186.37522,186.38085
2026-07-25 19:30:00,186.37799,186.4244,186.37086,186.38343
2026-07-25 19:45:00,186.38432,186.39269,186.38151,186.38396
2026-07-25 20:00:00,186.38431,186.42228,186.38313,186.39848
2026-07-25 20:15:00,186.395,186.40761,186.37446,186.38991
2026-07-25 20:30:00,186.3865,186.39333,186.34125,186.35578
2026-07-25 20:45:00,186.35892,186.42861,186.35415,186.35699
2026-07-25 21:00:00,186.35883,186.36422,186.34903,186.35824
2026-07-25 21:15:00,186.35537,186.3819,186.35241,186.36128
2026-07-25 21:30:00,186.35739,186.43072,186.35218,186.39199
2026-07-25 21:45:00,186.37801,186.38639,186.37524,186.37679
2026-07-25 22:00:00,186.37801,186.4015,186.37115,186.38718
2026-07-25 22:15:00,186.38455,186.39293,186.38177,186.38867
2026-07-25 22:30:00,186.38455,186.40461,186.38255,186.39141
2026-07-25 22:45:00,186.38978,186.40498,186.38705,186.39886
2026-07-25 23:00:00,186.39396,186.40234,186.3912,186.39727
2026-07-25 23:15:00,186.39396,186.40697,186.38618,186.40108
2026-07-25 23:30:00,186.39689,186.40528,186.31748,186.36349
2026-07-25 23:45:00,186.36175,186.40652,186.35397,186.36034
2026-07-26 00:00:00,186.36168,186.43494,186.3342,186.36763
2026-07-26 00:15:00,186.36341,186.36578,186.35167,186.35741
2026-07-26 00:30:00,186.35336,186.43578,186.34499,186.36404
2026-07-26 00:45:00,186.36158,186.36997,186.35654,186.35688
2026-07-26 01:00:00,186.35799,186.43501,186.33549,186.39245
2026-07-26 01:15:00,186.38799,186.42647,186.35456,186.40807
2026-07-26 01:30:00,186.37017,186.37855,186.36735,186.37323
2026-07-26 01:45:00,186.37015,186.42655,186.36769,186.37751
2026-07-26 02:00:00,186.37825,186.42495,186.31686,186.36375
2026-07-26 02:15:00,186.36433,186.43073,186.36008,186.37684
2026-07-26 02:30:00,186.37357,186.42652,186.3708,186.40924
2026-07-26 02:45:00,186.37118,186.40857,186.37118,186.40054
2026-07-26 03:00:00,186.40078,186.43706,186.35076,186.38811
2026-07-26 03:15:00,186.3891,186.39748,186.38644,186.39183
2026-07-26 03:30:00,186.38913,186.41804,186.38449,186.39718
2026-07-26 03:45:00,186.39323,186.43308,186.34193,186.40733
2026-07-26 04:00:00,186.35979,186.37561,186.30621,186.36593
2026-07-26 04:15:00,186.36723,186.42815,186.36463,186.3954
2026-07-26 04:30:00,186.39256,186.40307,186.3902,186.39887
2026-07-26 04:45:00,186.39471,186.41266,186.39321,186.40117
2026-07-26 05:00:00,186.39972,186.40222,186.33918,186.36723
2026-07-26 05:15:00,186.37438,186.39311,186.35355,186.35693
2026-07-26 05:30:00,186.36202,186.40444,186.34508,186.35627
2026-07-26 05:45:00,186.3521,186.36043,186.33321,186.33793
2026-07-26 06:00:00,186.33589,186.37618,186.27712,186.36202
2026-07-26 06:15:00,186.36341,186.42864,186.35854,186.40641
2026-07-26 06:30:00,186.36522,186.382,186.36033,186.36937
2026-07-26 06:45:00,186.36536,186.43289,186.35325,186.37348
2026-07-26 07:00:00,186.37083,186.37672,186.31999,186.36295
2026-07-26 07:15:00,186.36397,186.42862,186.3614,186.36551
2026-07-26 07:30:00,186.3657,186.37563,186.35231,186.36998
2026-07-26 07:45:00,186.35588,186.38946,186.33568,186.36731
2026-07-26 08:00:00,186.36404,186.43422,186.30559,186.35118
2026-07-26 08:15:00,186.35168,186.36058,186.34858,186.35159
2026-07-26 08:30:00,186.35235,186.43501,186.35041,186.36685
2026-07-26 08:45:00,186.36379,186.43077,186.36099,186.40864
2026-07-26 09:00:00,186.36379,186.42864,186.32664,186.37542
2026-07-26 09:15:00,186.37285,186.42652,186.36516,186.40315
2026-07-26 09:30:00,186.3976,186.40872,186.39633,186.40301
2026-07-26 09:45:00,186.4005,186.41379,186.39787,186.4064
2026-07-26 10:00:00,186.40237,186.41076,186.35874,186.37535
2026-07-26 10:15:00,186.37351,186.42655,186.37271,186.37941
2026-07-26 10:30:00,186.38076,186.42232,186.37421,186.38972
2026-07-26 10:45:00,186.38663,186.39712,186.38381,186.39376
2026-07-26 11:00:00,186.38957,186.42326,186.38312,186.39795
2026-07-26 11:15:00,186.39656,186.40495,186.39401,186.39517
2026-07-26 11:30:00,186.39656,186.40775,186.39602,186.40311
2026-07-26 11:45:00,186.39939,186.41076,186.39877,186.40824
2026-07-26 12:00:00,186.40409,186.41246,186.40134,186.40619
2026-07-26 12:15:00,186.40409,186.41359,186.40222,186.40415
2026-07-26 12:30:00,186.40541,186.4138,186.3429,186.3545
2026-07-26 12:45:00,186.35481,186.43275,186.35065,186.35641
2026-07-26 13:00:00,186.35257,186.43713,186.34239,186.35928
2026-07-26 13:15:00,186.35653,186.36096,186.35004,186.35166
2026-07-26 13:30:00,186.35251,186.43713,186.34971,186.3524
2026-07-26 13:45:00,186.35292,186.36082,186.34979,186.35594
2026-07-26 14:00:00,186.35253,186.43713,186.35024,186.36065
2026-07-26 14:15:00,186.35719,186.43421,186.33898,186.39042
2026-07-26 14:30:00,186.38641,186.39175,186.36813,186.37555
2026-07-26 14:45:00,186.37642,186.42228,186.37049,186.38596
2026-07-26 15:00:00,186.38306,186.39514,186.34945,186.36316
2026-07-26 15:15:00,186.35932,186.43318,186.35798,186.37113
2026-07-26 15:30:00,186.36882,186.42864,186.36604,186.37582
2026-07-26 15:45:00,186.37703,186.3851,186.37417,186.3796
2026-07-26 16:00:00,186.37696,186.43289,186.34568,186.3996
2026-07-26 16:15:00,186.39545,186.40437,186.3396,186.39769
2026-07-26 16:30:00,186.39551,186.4244,186.37351,186.38536
2026-07-26 16:45:00,186.38674,186.42016,186.38398,186.39524
2026-07-26 17:00:00,186.39214,186.39952,186.38855,186.3955
2026-07-26 17:15:00,186.39131,186.41804,186.38874,186.39667
2026-07-26 17:30:00,186.39505,186.40332,186.39228,186.39359
2026-07-26 17:45:00,186.39496,186.41974,186.38911,186.4155
2026-07-26 18:00:00,186.41157,186.42019,186.40911,186.41794
2026-07-26 18:15:00,186.41402,186.42114,186.40923,186.41392
2026-07-26 18:30:00,186.41161,186.42367,186.37243,186.38262
2026-07-26 18:45:00,186.38377,186.39112,186.37899,186.38617
2026-07-26 19:00:00,186.38171,186.42514,186.38033,186.39231
2026-07-26 19:15:00,186.38853,186.42134,186.38395,186.39863
2026-07-26 19:30:00,186.39562,186.40239,186.36582,186.37424
2026-07-26 19:45:00,186.37498,186.40822,186.3722,186.38642
2026-07-26 20:00:00,186.38693,186.39526,186.38421,186.39024
2026-07-26 20:15:00,186.38693,186.40118,186.36476,186.37569
2026-07-26 20:30:00,186.3721,186.38023,186.3693,186.37353
2026-07-26 20:45:00,186.37372,186.3821,186.37094,186.37272
2026-07-26 21:00:00,186.37372,186.38206,186.37102,186.37639
2026-07-26 21:15:00,186.37372,186.38205,186.37095,186.37768
2026-07-26 21:30:00,186.37372,186.3821,185.94647,186.08857
2026-07-26 21:45:00,186.08724,186.09561,186.08466,186.08584
2026-07-26 22:00:00,186.08724,186.0956,186.08445,186.09084
2026-07-26 22:15:00,186.08724,186.09549,186.08448,186.0914
2026-07-26 22:30:00,186.08724,186.09557,186.08452,186.08922
2026-07-26 22:45:00,186.08724,186.09546,186.08446,186.08595
2026-07-26 23:00:00,186.08724,186.09561,186.08445,186.09142
2026-07-26 23:15:00,186.08724,186.32508,185.92881,186.02926
2026-07-26 23:30:00,186.02538,186.08445,186.02266,186.05102
2026-07-26 23:45:00,186.04824,186.0566,186.0456,186.04731
2026-07-27 00:00:00,186.04824,186.35802,185.9299,186.33283
2026-07-27 00:15:00,186.32859,186.33696,186.32595,186.33253
2026-07-27 00:30:00,186.32859,186.3369,186.32584,186.33133
2026-07-27 00:45:00,186.32859,186.36985,186.32304,186.35558
2026-07-27 01:00:00,186.35658,186.56729,185.96657,186.24552
2026-07-27 01:15:00,186.25131,186.27109,186.25131,186.26624
2026-07-27 01:30:00,186.26283,186.38903,186.26035,186.3238
2026-07-27 01:45:00,186.31739,186.32569,186.31464,186.31693
2026-07-27 02:00:00,186.31739,186.36995,186.2761,186.29582
2026-07-27 02:15:00,186.29725,186.2975,186.28606,186.29148
2026-07-27 02:30:00,186.28859,186.51372,185.96001,186.16664
2026-07-27 02:45:00,186.12796,186.27491,186.12796,186.26727
2026-07-27 03:00:00,186.26725,186.39064,186.23037,186.34082
2026-07-27 03:15:00,186.342,186.3607,186.33796,186.3532
2026-07-27 03:30:00,186.35074,186.35912,186.34794,186.35481
2026-07-27 03:45:00,186.35074,186.35973,186.34874,186.35316
2026-07-27 04:00:00,186.35136,186.36049,186.3023,186.35124
2026-07-27 04:15:00,186.35252,186.529,186.01059,186.30864
2026-07-27 04:30:00,186.32243,186.35529,186.30691,186.35228
2026-07-27 04:45:00,186.34691,186.49167,185.9002,186.33451
2026-07-27 05:00:00,186.36905,186.65021,186.15412,186.47851
2026-07-27 05:15:00,186.45891,186.65911,186.18928,186.34061
2026-07-27 05:30:00,186.36074,186.72667,185.98691,186.23153
2026-07-27 05:45:00,186.30943,186.74127,185.98169,186.47699
2026-07-27 06:00:00,186.46984,186.544,186.07342,186.23733
2026-07-27 06:15:00,186.40807,186.66751,186.09152,186.51721
2026-07-27 06:30:00,186.50672,186.64907,186.08101,186.62083
2026-07-27 06:45:00,186.58166,186.58166,185.99769,186.12888
2026-07-27 07:00:00,186.36146,186.52623,185.99927,186.42446
2026-07-27 07:15:00,186.42295,186.53014,186.40017,186.4768
2026-07-27 07:30:00,186.49188,186.50113,186.42746,186.49509
2026-07-27 07:45:00,186.49223,186.53837,186.35838,186.38583
2026-07-27 08:00:00,186.39259,186.51616,186.37272,186.47266
2026-07-27 08:15:00,186.46408,186.49844,186.4504,186.48914
2026-07-27 08:30:00,186.48124,186.50109,186.44174,186.46174
2026-07-27 08:45:00,186.46113,186.47567,186.42334,186.44943
2026-07-27 09:00:00,186.4462,186.46035,186.42331,186.42489
2026-07-27 09:15:00,186.42783,186.43944,186.41483,186.43139
2026-07-27 09:30:00,186.42419,186.4628,186.41092,186.4616
2026-07-27 09:45:00,186.45666,186.46953,186.43278,186.45213
2026-07-27 10:00:00,186.4437,186.50568,186.41514,186.47249
2026-07-27 10:15:00,186.47994,186.6311,186.46665,186.62248
2026-07-27 10:30:00,186.61053,186.6389,186.55172,186.55718
2026-07-27 10:45:00,186.56578,186.59521,186.54039,186.59064
2026-07-27 11:00:00,186.58534,186.624,186.5562,186.58157
2026-07-27 11:15:00,186.57858,186.59812,186.53753,186.56425
2026-07-27 11:30:00,186.56807,186.59439,186.52012,186.58402
2026-07-27 11:45:00,186.58009,186.63412,186.57441,186.58242
2026-07-27 12:00:00,186.59036,186.62536,186.56113,186.61403
2026-07-27 12:15:00,186.60866,186.62196,186.5682,186.59281
2026-07-27 12:30:00,186.58908,186.59309,186.55171,186.57368
2026-07-27 12:45:00,186.57365,186.59828,186.5652,186.57391
2026-07-27 13:00:00,186.5746,186.59295,186.53706,186.54119
2026-07-27 13:15:00,186.54615,186.58238,186.54151,186.56512
2026-07-27 13:30:00,186.56214,186.57263,186.53535,186.56771
2026-07-27 13:45:00,186.55941,186.57282,186.5369,186.54905
2026-07-27 14:00:00,186.54621,186.55174,186.52529,186.5348
2026-07-27 14:15:00,186.5319,186.54694,186.51543,186.5295
2026-07-27 14:30:00,186.53005,186.56857,186.52859,186.54939
2026-07-27 14:45:00,186.55759,186.55759,186.53059,186.55011
2026-07-27 15:00:00,186.54636,186.57582,186.5296,186.5727
2026-07-27 15:15:00,186.56632,186.60392,186.56535,186.57792
2026-07-27 15:30:00,186.57548,186.59782,186.53664,186.58595
2026-07-27 15:45:00,186.58255,186.61493,186.56296,186.59027
2026-07-27 16:00:00,186.59768,186.67875,186.58639,186.64692
2026-07-27 16:15:00,186.66512,186.67584,186.56586,186.67253
2026-07-27 16:30:00,186.6665,186.75389,186.63468,186.66244
2026-07-27 16:45:00,186.67646,186.67946,186.56229,186.58412
2026-07-27 17:00:00,186.57825,186.57825,186.49388,186.54433
2026-07-27 17:15:00,186.52414,186.54812,186.35653,186.38932
2026-07-27 17:30:00,186.3815,186.40385,186.28752,186.38114
2026-07-27 17:45:00,186.39333,186.41944,186.34156,186.3708
2026-07-27 18:00:00,186.38887,186.3966,186.33723,186.37436
2026-07-27 18:15:00,186.36816,186.38977,186.3446,186.38367
2026-07-27 18:30:00,186.38048,186.43596,186.36982,186.39935
2026-07-27 18:45:00,186.41102,186.47142,186.38838,186.46647
2026-07-27 19:00:00,186.4579,186.4699,186.3981,186.45237
2026-07-27 19:15:00,186.44845,186.48489,186.4088,186.4332
2026-07-27 19:30:00,186.42914,186.45039,186.39671,186.41444
2026-07-27 19:45:00,186.42524,186.44535,186.35142,186.37964
2026-07-27 20:00:00,186.37172,186.45873,186.35364,186.40822
2026-07-27 20:15:00,186.39976,186.44032,186.38604,186.41052
2026-07-27 20:30:00,186.41134,186.48756,186.40479,186.48062
2026-07-27 20:45:00,186.47149,186.48947,186.40988,186.43309
2026-07-27 21:00:00,186.43007,186.43792,186.40209,186.42898
2026-07-27 21:15:00,186.42635,186.4413,186.40108,186.42169
2026-07-27 21:30:00,186.41463,186.45606,186.38501,186.39291
2026-07-27 21:45:00,186.40622,186.40622,186.30773,186.34752
2026-07-27 22:00:00,186.33349,186.40339,186.32701,186.35248
2026-07-27 22:15:00,186.34709,186.37302,186.30527,186.32297
2026-07-27 22:30:00,186.31823,186.31891,186.22639,186.28746
2026-07-27 22:45:00,186.27051,186.36943,186.27051,186.3671
2026-07-27 23:00:00,186.36262,186.38784,186.28308,186.32263
2026-07-27 23:15:00,186.33692,186.33912,186.25762,186.27469
2026-07-27 23:30:00,186.26861,186.3524,186.23609,186.29671
2026-07-27 23:45:00,186.30155,186.31932,186.22645,186.23131
2026-07-28 00:00:00,186.24191,186.27014,186.21691,186.25561
2026-07-28 00:15:00,186.24138,186.26693,186.21693,186.24123
2026-07-28 00:30:00,186.23798,186.24409,186.19296,186.20237
2026-07-28 00:45:00,186.21223,186.25471,186.1767,186.19972
2026-07-28 01:00:00,186.19451,186.19666,186.1315,186.13746
2026-07-28 01:15:00,186.14745,186.19883,186.14672,186.19559
2026-07-28 01:30:00,186.19305,186.21558,186.18115,186.2074
2026-07-28 01:45:00,186.20348,186.24588,186.17186,186.22583
2026-07-28 02:00:00,186.2372,186.25415,186.20298,186.22859
2026-07-28 02:15:00,186.2393,186.29229,186.22756,186.26
2026-07-28 02:30:00,186.25749,186.26725,186.23247,186.23865
2026-07-28 02:45:00,186.24539,186.26798,186.22665,186.23227
2026-07-28 03:00:00,186.23473,186.24829,186.16332,186.20288
2026-07-28 03:15:00,186.20365,186.205,186.13801,186.1392
2026-07-28 03:30:00,186.13969,186.19132,186.12876,186.14998
2026-07-28 03:45:00,186.14571,186.20685,186.139,186.20004
2026-07-28 04:00:00,186.19323,186.20568,186.1776,186.19312
2026-07-28 04:15:00,186.18926,186.1919,186.16325,186.17648
2026-07-28 04:30:00,186.17095,186.19532,186.13607,186.1743
2026-07-28 04:45:00,186.16902,186.19698,186.15276,186.17772
2026-07-28 05:00:00,186.18092,186.2083,186.15452,186.15626
2026-07-28 05:15:00,186.16,186.18453,186.14694,186.18151
2026-07-28 05:30:00,186.17584,186.19301,186.15491,186.18364
2026-07-28 05:45:00,186.18056,186.18961,186.15663,186.1765
2026-07-28 06:00:00,186.17268,186.21745,186.1658,186.21604
2026-07-28 06:15:00,186.21383,186.22637,186.17515,186.17989
2026-07-28 06:30:00,186.18965,186.19954,186.14839,186.1707
2026-07-28 06:45:00,186.16762,186.17512,186.1394,186.15432
2026-07-28 07:00:00,186.151,186.21084,186.04358,186.20246
2026-07-28 07:15:00,186.18977,186.2276,186.11182,186.14265
2026-07-28 07:30:00,186.2013,186.23407,186.11299,186.16565
2026-07-28 07:45:00,186.19834,186.21176,186.12529,186.20157
2026-07-28 08:00:00,186.19593,186.21243,186.15446,186.18409
2026-07-28 08:15:00,186.18508,186.20783,186.17098,186.18356
2026-07-28 08:30:00,186.18715,186.19946,186.16921,186.17942
2026-07-28 08:45:00,186.18198,186.18503,186.16089,186.17828
2026-07-28 09:00:00,186.173,186.18278,186.1443,186.16588
2026-07-28 09:15:00,186.16132,186.18171,186.15249,186.17626
2026-07-28 09:30:00,186.16873,186.19637,186.16428,186.18252
2026-07-28 09:45:00,186.17687,186.21116,186.14892,186.20808
2026-07-28 10:00:00,186.20428,186.2593,186.186,186.24973
2026-07-28 10:15:00,186.24779,186.264,186.22905,186.25902
2026-07-28 10:30:00,186.25483,186.27688,186.238,186.2509
2026-07-28 10:45:00,186.26479,186.27783,186.22622,186.27426
2026-07-28 11:00:00,186.26381,186.31254,186.25248,186.28006
2026-07-28 11:15:00,186.28803,186.28803,186.25383,186.28306
2026-07-28 11:30:00,186.27806,186.29425,186.25919,186.26359
2026-07-28 11:45:00,186.27072,186.27236,186.2287,186.26691
2026-07-28 12:00:00,186.26338,186.29826,186.25209,186.29316
2026-07-28 12:15:00,186.29042,186.2917,186.22444,186.22726
2026-07-28 12:30:00,186.23395,186.25141,186.21208,186.24158
2026-07-28 12:45:00,186.23642,186.27797,186.21967,186.27601
2026-07-28 13:00:00,186.27253,186.27294,186.23417,186.26876
2026-07-28 13:15:00,186.26248,186.30993,186.25861,186.28245
2026-07-28 13:30:00,186.28975,186.32564,186.27425,186.28973
2026-07-28 13:45:00,186.29829,186.30747,186.25898,186.27905
2026-07-28 14:00:00,186.2687,186.285,186.21876,186.22443
2026-07-28 14:15:00,186.23092,186.25105,186.21202,186.22124
2026-07-28 14:30:00,186.21924,186.24197,186.19396,186.19513
2026-07-28 14:45:00,186.1994,186.2259,186.15719,186.16739
2026-07-28 15:00:00,186.15987,186.17993,186.07926,186.097
2026-07-28 15:15:00,186.09311,186.09694,186.05395,186.05834
2026-07-28 15:30:00,186.06107,186.11993,186.06107,186.11288
2026-07-28 15:45:00,186.10333,186.12142,186.07465,186.11485
2026-07-28 16:00:00,186.10654,186.13165,186.07272,186.07914
2026-07-28 16:15:00,186.08775,186.15245,186.06795,186.14771
2026-07-28 16:30:00,186.14539,186.16953,186.10998,186.13008
2026-07-28 16:45:00,186.12783,186.14488,186.07602,186.11385
2026-07-28 17:00:00,186.1061,186.21625,186.0929,186.19
2026-07-28 17:15:00,186.20203,186.23412,186.16141,186.22754
2026-07-28 17:30:00,186.21987,186.22018,186.17606,186.1854
2026-07-28 17:45:00,186.20181,186.20181,186.12946,186.14415
2026-07-28 18:00:00,186.14763,186.22149,186.14763,186.21205
2026-07-28 18:15:00,186.18959,186.28826,186.18959,186.27332
2026-07-28 18:30:00,186.26118,186.32098,186.24502,186.31391
2026-07-28 18:45:00,186.30374,186.32164,186.27415,186.31423
2026-07-28 19:00:00,186.30546,186.32535,186.21218,186.21776
2026-07-28 19:15:00,186.21839,186.23653,186.1982,186.22691
2026-07-28 19:30:00,186.22373,186.22373,186.1706,186.20188
2026-07-28 19:45:00,186.19905,186.19905,186.10246,186.1304
2026-07-28 20:00:00,186.12334,186.13302,186.07801,186.13027
2026-07-28 20:15:00,186.12235,186.20341,186.11784,186.1898
2026-07-28 20:30:00,186.18451,186.2461,186.16871,186.19621
2026-07-28 20:45:00,186.2038,186.28697,186.18832,186.24256
2026-07-28 21:00:00,186.25147,186.2563,186.18168,186.21588
2026-07-28 21:15:00,186.20865,186.30727,186.20865,186.30183
2026-07-28 21:30:00,186.29695,186.32268,186.27952,186.31751
2026-07-28 21:45:00,186.31452,186.36064,186.25165,186.34297
2026-07-28 22:00:00,186.34448,186.3669,186.25322,186.31708
2026-07-28 22:15:00,186.31233,186.32921,186.22201,186.24103
2026-07-28 22:30:00,186.23679,186.26569,186.19703,186.26275
2026-07-28 22:45:00,186.25868,186.29517,186.23744,186.29266
2026-07-28 23:00:00,186.28897,186.31745,186.26608,186.28149
2026-07-28 23:15:00,186.29434,186.3208,186.26533,186.29134
2026-07-28 23:30:00,186.28519,186.32458,186.27956,186.30118
2026-07-28 23:45:00,186.30621,186.35186,186.28343,186.29444
2026-07-29 00:00:00,186.30481,186.39179,186.30481,186.38945
2026-07-29 00:15:00,186.38402,186.41654,186.32693,186.40669
2026-07-29 00:30:00,186.40212,186.44887,186.38618,186.44442
2026-07-29 00:45:00,186.44061,186.5964,186.42249,186.59075
2026-07-29 01:00:00,186.58215,186.62919,186.51496,186.60666
2026-07-29 01:15:00,186.59887,186.61053,186.5337,186.56547
2026-07-29 01:30:00,186.56961,186.60144,186.53509,186.59837
2026-07-29 01:45:00,186.58792,186.61403,186.56378,186.57612
2026-07-29 02:00:00,186.58314,186.64893,186.5675,186.64766
2026-07-29 02:15:00,186.64474,186.67622,186.62504,186.67357
2026-07-29 02:30:00,186.66375,186.69099,186.60503,186.63008
2026-07-29 02:45:00,186.62609,186.65382,186.60349,186.60841
2026-07-29 03:00:00,186.61548,186.6231,186.55966,186.588
2026-07-29 03:15:00,186.58298,186.6436,186.57739,186.5923
2026-07-29 03:30:00,186.5982,186.60824,186.57289,186.60474
2026-07-29 03:45:00,186.59872,186.60173,186.55366,186.56845
2026-07-29 04:00:00,186.5726,186.59531,186.52789,186.56189
2026-07-29 04:15:00,186.55474,186.58064,186.53082,186.55528
2026-07-29 04:30:00,186.55367,186.5825,186.54075,186.57726
2026-07-29 04:45:00,186.57186,186.58815,186.55704,186.58647
2026-07-29 05:00:00,186.58228,186.61495,186.57616,186.59866
2026-07-29 05:15:00,186.59104,186.63819,186.58625,186.61214
2026-07-29 05:30:00,186.61671,186.62215,186.59489,186.61101
2026-07-29 05:45:00,186.60572,186.64927,186.5809,186.61473
2026-07-29 06:00:00,186.603,186.62253,186.58815,186.61106
2026-07-29 06:15:00,186.60748,186.61913,186.57239,186.57655
2026-07-29 06:30:00,186.58026,186.60777,186.56946,186.60524
2026-07-29 06:45:00,186.59883,186.61405,186.5642,186.58448
2026-07-29 07:00:00,186.57999,186.63549,186.47207,186.6237
2026-07-29 07:15:00,186.60739,186.66148,186.5774,186.60733
2026-07-29 07:30:00,186.63104,186.63104,186.55161,186.58751
2026-07-29 07:45:00,186.60349,186.65618,186.58948,186.60981
2026-07-29 08:00:00,186.61596,186.6254,186.57827,186.6156
2026-07-29 08:15:00,186.6126,186.6126,186.54331,186.54847
2026-07-29 08:30:00,186.55743,186.57838,186.54589,186.57368
2026-07-29 08:45:00,186.57068,186.57719,186.54774,186.55799
2026-07-29 09:00:00,186.55416,186.56472,186.51335,186.54516
2026-07-29 09:15:00,186.54138,186.57465,186.53961,186.56027
2026-07-29 09:30:00,186.56361,186.57816,186.55516,186.57437
2026-07-29 09:45:00,186.5643,186.5924,186.55182,186.58842
2026-07-29 10:00:00,186.5847,186.60708,186.53827,186.55629
2026-07-29 10:15:00,186.5519,186.58763,186.53106,186.56555
2026-07-29 10:30:00,186.56977,186.57791,186.50222,186.50742
2026-07-29 10:45:00,186.51565,186.52298,186.40904,186.45986
2026-07-29 11:00:00,186.45937,186.49971,186.45697,186.48409
2026-07-29 11:15:00,186.48235,186.55244,186.46837,186.51877
2026-07-29 11:30:00,186.52229,186.54413,186.45052,186.49186
2026-07-29 11:45:00,186.48909,186.51362,186.47121,186.5011
2026-07-29 12:00:00,186.49184,186.55287,186.4846,186.54708
2026-07-29 12:15:00,186.53517,186.55821,186.50684,186.51746
2026-07-29 12:30:00,186.52654,186.54887,186.51255,186.52519
2026-07-29 12:45:00,186.5299,186.57764,186.50353,186.57658
2026-07-29 13:00:00,186.5724,186.57395,186.53688,186.5625
2026-07-29 13:15:00,186.55948,186.59382,186.54094,186.57389
2026-07-29 13:30:00,186.57601,186.59885,186.53591,186.54294
2026-07-29 13:45:00,186.54844,186.55398,186.46723,186.47605
2026-07-29 14:00:00,186.48982,186.50714,186.43782,186.45685
2026-07-29 14:15:00,186.45131,186.4862,186.3774,186.40677
2026-07-29 14:30:00,186.39869,186.41892,186.22277,186.24872
2026-07-29 14:45:00,186.24426,186.35836,186.18977,186.33706
2026-07-29 15:00:00,186.33176,186.36579,186.31754,186.34684
2026-07-29 15:15:00,186.35103,186.35103,186.23414,186.25903
2026-07-29 15:30:00,186.26414,186.35012,186.24035,186.29457
2026-07-29 15:45:00,186.28938,186.35936,186.28706,186.35094
2026-07-29 16:00:00,186.342,186.42495,186.34107,186.36986
2026-07-29 16:15:00,186.3753,186.39182,186.28031,186.34933
2026-07-29 16:30:00,186.34461,186.38169,186.28513,186.30631
2026-07-29 16:45:00,186.3024,186.32818,186.26166,186.30432
2026-07-29 17:00:00,186.29541,186.37413,186.28274,186.34319
2026-07-29 17:15:00,186.35053,186.42886,186.33167,186.42535
2026-07-29 17:30:00,186.41589,186.49612,186.41589,186.47649
2026-07-29 17:45:00,186.46793,186.58362,186.44709,186.57696
2026-07-29 18:00:00,186.5737,186.58648,186.50891,186.51802
2026-07-29 18:15:00,186.53475,186.53475,186.43905,186.45992
2026-07-29 18:30:00,186.45379,186.47739,186.42648,186.44769
2026-07-29 18:45:00,186.45688,186.49611,186.42195,186.42791
2026-07-29 19:00:00,186.43947,186.45725,186.37155,186.37596
2026-07-29 19:15:00,186.38108,186.38343,186.33894,186.36949
2026-07-29 19:30:00,186.3659,186.37644,186.29619,186.37017
2026-07-29 19:45:00,186.36032,186.43136,186.36032,186.38243
2026-07-29 20:00:00,186.38908,186.42514,186.37578,186.401
2026-07-29 20:15:00,186.40158,186.42588,186.3473,186.42255
2026-07-29 20:30:00,186.41822,186.4445,186.40353,186.40872
2026-07-29 20:45:00,186.40927,186.41666,186.33068,186.33268
2026-07-29 21:00:00,186.33747,186.40555,186.32813,186.39559
2026-07-29 21:15:00,186.39362,186.39986,186.35086,186.36409
2026-07-29 21:30:00,186.35422,186.38518,186.2957,186.30583
2026-07-29 21:45:00,186.32322,186.33338,186.26705,186.27097
2026-07-29 22:00:00,186.27476,186.29168,186.25023,186.2697
2026-07-29 22:15:00,186.27192,186.34831,186.24392,186.32962
2026-07-29 22:30:00,186.33008,186.40363,186.28833,186.37973
2026-07-29 22:45:00,186.38801,186.4145,186.36015,186.382
2026-07-29 23:00:00,186.38939,186.40426,186.34761,186.37685
2026-07-29 23:15:00,186.38363,186.45071,186.3765,186.44644
2026-07-29 23:30:00,186.44207,186.47325,186.41597,186.45293
2026-07-29 23:45:00,186.44562,186.5581,186.44562,186.52972
2026-07-30 00:00:00,186.54227,186.57027,186.50311,186.5321
2026-07-30 00:15:00,186.52846,186.5845,186.50173,186.58261
2026-07-30 00:30:00,186.57319,186.67099,186.56534,186.60312
2026-07-30 00:45:00,186.62931,186.64796,186.51601,186.52356
2026-07-30 01:00:00,186.53682,186.56987,186.49298,186.52445
2026-07-30 01:15:00,186.52809,186.54729,186.45752,186.47472
2026-07-30 01:30:00,186.46459,186.49032,186.45305,186.48821
2026-07-30 01:45:00,186.47903,186.53482,186.47903,186.51869
2026-07-30 02:00:00,186.52228,186.54661,186.47279,186.49528
2026-07-30 02:15:00,186.49576,186.5409,186.46658,186.53957
2026-07-30 02:30:00,186.53361,186.55123,186.49015,186.53169
2026-07-30 02:45:00,186.52736,186.6023,186.52174,186.60014
2026-07-30 03:00:00,186.59862,186.66203,186.58196,186.64195
2026-07-30 03:15:00,186.63742,186.66048,186.60552,186.62437
2026-07-30 03:30:00,186.64633,186.71882,186.6219,186.71568
2026-07-30 03:45:00,186.70804,186.72372,186.63298,186.66498
2026-07-30 04:00:00,186.66264,187.06458,186.59779,186.89555
2026-07-30 04:15:00,186.87502,186.88724,186.75289,186.80497
2026-07-30 04:30:00,186.7977,186.90813,186.61169,186.89323
2026-07-30 04:45:00,186.85342,187.06552,186.85342,187.06047
2026-07-30 05:00:00,187.05097,187.0838,186.94593,186.99977
2026-07-30 05:15:00,187.03459,187.22566,187.03459,187.10246
2026-07-30 05:30:00,187.10688,187.24157,187.06982,187.23554
2026-07-30 05:45:00,187.21598,187.27447,187.17764,187.19348
2026-07-30 06:00:00,187.22152,187.28565,187.18168,187.27883
2026-07-30 06:15:00,187.26929,187.35631,187.25916,187.34843
2026-07-30 06:30:00,187.33008,187.45568,187.33008,187.45185
2026-07-30 06:45:00,187.44779,187.47987,187.40798,187.41543
2026-07-30 07:00:00,187.42676,187.47456,187.20817,187.27254
2026-07-30 07:15:00,187.26622,187.33496,187.2186,187.33198
2026-07-30 07:30:00,187.32489,187.36571,187.21687,187.34529
2026-07-30 07:45:00,187.34119,187.35637,187.24424,187.31082
2026-07-30 08:00:00,187.30761,187.4272,187.30474,187.42362
2026-07-30 08:15:00,187.4203,187.45272,187.40554,187.45113
2026-07-30 08:30:00,187.44694,187.4498,187.42532,187.43829
2026-07-30 08:45:00,187.43224,187.44405,187.42033,187.42954
2026-07-30 09:00:00,187.43085,187.44213,187.35988,187.37536
2026-07-30 09:15:00,187.3914,187.40425,187.34837,187.34947
2026-07-30 09:30:00,187.3513,187.35744,187.31467,187.32181
2026-07-30 09:45:00,187.33306,187.33643,187.24804,187.31139
2026-07-30 10:00:00,187.30125,187.30125,187.13891,187.19919
2026-07-30 10:15:00,187.20516,187.34789,187.19706,187.33684
2026-07-30 10:30:00,187.31656,187.33019,187.27639,187.28078
2026-07-30 10:45:00,187.28655,187.3259,187.24298,187.32294
2026-07-30 11:00:00,187.3116,187.33756,187.26525,187.27038
2026-07-30 11:15:00,187.27376,187.32541,187.26736,187.29568
2026-07-30 11:30:00,187.28468,187.30627,187.24787,187.27735
2026-07-30 11:45:00,187.27818,187.322,187.2548,187.27202
2026-07-30 12:00:00,187.26601,187.28605,187.22318,187.22662
2026-07-30 12:15:00,187.2318,187.26489,187.21639,187.23697
2026-07-30 12:30:00,187.24251,187.27215,187.23103,187.25866
2026-07-30 12:45:00,187.25693,187.27023,187.23163,187.24605
2026-07-30 13:00:00,187.24121,187.29065,187.23418,187.28207
2026-07-30 13:15:00,187.27968,187.29188,187.21679,187.22627
2026-07-30 13:30:00,187.23081,187.28313,187.21067,187.26407
2026-07-30 13:45:00,187.26207,187.26207,187.20833,187.21178
2026-07-30 14:00:00,187.21414,187.25408,187.19927,187.2343
2026-07-30 14:15:00,187.2372,187.25754,187.2171,187.24281
2026-07-30 14:30:00,187.24012,187.24595,187.21601,187.24368
2026-07-30 14:45:00,187.23937,187.24974,187.22011,187.23138
2026-07-30 15:00:00,187.22749,187.28937,187.21525,187.28452
2026-07-30 15:15:00,187.27479,187.30504,187.22535,187.3008
2026-07-30 15:30:00,187.29472,187.31701,187.25048,187.26711
2026-07-30 15:45:00,187.26314,187.28627,187.22999,187.25036
2026-07-30 16:00:00,187.25172,187.29481,187.21844,187.25491
2026-07-30 16:15:00,187.24798,187.29321,187.22171,187.23996
2026-07-30 16:30:00,187.23695,187.29241,187.22417,187.25419
2026-07-30 16:45:00,187.24962,187.36092,187.24397,187.31658
2026-07-30 17:00:00,187.31973,187.35713,187.21307,187.22529
2026-07-30 17:15:00,187.24741,187.26932,187.1563,187.16812
2026-07-30 17:30:00,187.18865,187.25504,187.16698,187.22972
2026-07-30 17:45:00,187.23323,187.28699,187.21381,187.2649
2026-07-30 18:00:00,187.26348,187.3442,187.26348,187.32351
2026-07-30 18:15:00,187.31283,187.41754,187.30801,187.41236
2026-07-30 18:30:00,187.40312,187.43351,187.31003,187.37438
2026-07-30 18:45:00,187.36716,187.4192,187.33463,187.34326
2026-07-30 19:00:00,187.35752,187.3985,187.31482,187.37891
2026-07-30 19:15:00,187.36974,187.4126,187.33844,187.39049
2026-07-30 19:30:00,187.39789,187.39789,187.29447,187.29977
2026-07-30 19:45:00,187.30888,187.31739,187.21132,187.23209
2026-07-30 20:00:00,187.23111,187.23285,187.00214,187.01849
2026-07-30 20:15:00,187.05225,187.0604,186.60305,186.80757
2026-07-30 20:30:00,186.77668,186.88521,186.77165,186.87713
2026-07-30 20:45:00,186.86184,186.93747,186.81384,186.83959
2026-07-30 21:00:00,186.84659,186.88082,186.74187,186.82624
2026-07-30 21:15:00,186.81811,186.87255,186.72532,186.87023
2026-07-30 21:30:00,186.86002,186.93678,186.84685,186.90271
2026-07-30 21:45:00,186.9118,186.93306,186.8329,186.90148
2026-07-30 22:00:00,186.91221,187.01745,186.91221,187.0032
2026-07-30 22:15:00,186.98341,187.0177,186.93596,186.9489
2026-07-30 22:30:00,186.95512,187.02957,186.81774,186.82689
2026-07-30 22:45:00,186.84357,186.97762,186.77838,186.97232
2026-07-30 23:00:00,186.96272,186.97114,186.85863,186.87504
2026-07-30 23:15:00,186.8904,186.91876,186.80642,186.87833
2026-07-30 23:30:00,186.87383,186.98421,184.49497,184.58276
2026-07-30 23:45:00,184.77613,185.2753,184.24657,184.29699
2026-07-31 00:00:00,184.41063,184.84599,183.1249,183.32105
2026-07-31 00:15:00,183.27951,183.44448,182.12815,183.08303
2026-07-31 00:30:00,183.21922,183.74635,183.11458,183.72491
2026-07-31 00:45:00,183.70249,183.83677,183.267,183.28728
2026-07-31 01:00:00,183.3261,183.51203,182.99406,183.4257
2026-07-31 01:15:00,183.44309,183.61432,183.37871,183.58182
2026-07-31 01:30:00,183.565,183.71247,183.54649,183.57538
2026-07-31 01:45:00,183.57164,183.75747,183.56628,183.70892
2026-07-31 02:00:00,183.69085,183.84458,183.68771,183.72876
2026-07-31 02:15:00,183.74591,183.84089,183.7128,183.80276
2026-07-31 02:30:00,183.81206,183.96598,183.80027,183.96086
2026-07-31 02:45:00,183.95146,184.01427,183.89446,183.97234
2026-07-31 03:00:00,183.98228,184.05538,183.94836,183.95807
2026-07-31 03:15:00,183.97445,184.13754,183.94156,184.07845
2026-07-31 03:30:00,184.08788,184.08788,182.74853,183.4964
2026-07-31 03:45:00,183.38521,183.51558,183.01679,183.3494
2026-07-31 04:00:00,183.35891,183.40373,183.22809,183.30713
2026-07-31 04:15:00,183.29617,183.42089,183.2273,183.35639
2026-07-31 04:30:00,183.36383,183.44672,183.32774,183.39238
2026-07-31 04:45:00,183.38525,183.45709,183.34435,183.4216
2026-07-31 05:00:00,183.41115,183.58126,183.31596,183.57223
2026-07-31 05:15:00,183.55721,183.73462,183.48927,183.72699
2026-07-31 05:30:00,183.71166,183.8449,183.71166,183.79648
2026-07-31 05:45:00,183.80226,183.82439,183.68186,183.7302
2026-07-31 06:00:00,183.70633,183.81977,183.70633,183.81628
2026-07-31 06:15:00,183.80873,183.90921,183.79071,183.87916
2026-07-31 06:30:00,183.89374,183.91489,183.82841,183.88088
2026-07-31 06:45:00,183.87346,184.00316,183.86524,183.92567
2026-07-31 07:00:00,183.95016,183.95016,183.80498,183.83707
2026-07-31 07:15:00,183.84326,183.86356,183.82939,183.84124
2026-07-31 07:30:00,183.84015,183.95644,183.84015,183.95098
2026-07-31 07:45:00,183.94341,183.99412,183.92424,183.96482
2026-07-31 08:00:00,183.97472,184.06712,183.85297,184.02168
2026-07-31 08:15:00,184.0263,184.18379,184.02437,184.13464
2026-07-31 08:30:00,184.14363,184.1894,183.8411,184.04691
2026-07-31 08:45:00,184.04107,184.13563,183.97124,184.11196
2026-07-31 09:00:00,184.12015,184.24233,183.99162,184.23759
2026-07-31 09:15:00,184.22557,184.29106,184.17887,184.28337
2026-07-31 09:30:00,184.2729,184.61013,184.26772,184.59449
2026-07-31 09:45:00,184.57376,184.61697,184.54463,184.57626
2026-07-31 10:00:00,184.58946,184.83672,184.58946,184.72613
2026-07-31 10:15:00,184.70505,184.77876,184.58628,184.68396
2026-07-31 10:30:00,184.67365,184.89425,184.66944,184.87737
2026-07-31 10:45:00,184.87139,185.09499,184.81124,184.88628
2026-07-31 11:00:00,184.86812,185.05264,184.86812,184.95931
2026-07-31 11:15:00,184.94006,184.94006,184.7841,184.84727
2026-07-31 11:30:00,184.82708,184.9812,184.82243,184.94008
2026-07-31 11:45:00,184.93487,185.03074,184.90156,185.02205
2026-07-31 12:00:00,185.00706,185.03335,184.8986,184.90457
2026-07-31 12:15:00,184.91396,184.95527,184.82776,184.85292
2026-07-31 12:30:00,184.85957,184.92614,184.77754,184.90096
2026-07-31 12:45:00,184.9048,184.9654,184.73845,184.83427
2026-07-31 13:00:00,184.82766,185.19976,184.745,185.02325
2026-07-31 13:15:00,185.05381,185.14172,184.99948,185.07985
2026-07-31 13:30:00,185.07092,185.1389,184.90937,184.95118
2026-07-31 13:45:00,184.95646,184.96534,184.77569,184.90256
2026-07-31 14:00:00,184.91973,184.99289,184.86781,184.99156
2026-07-31 14:15:00,184.98617,185.06056,184.95765,185.05843
2026-07-31 14:30:00,185.05184,185.05201,184.91929,184.9223
2026-07-31 14:45:00,184.92726,185.01358,184.89328,184.92632
2026-07-31 15:00:00,184.91408,184.94206,184.80456,184.85818
2026-07-31 15:15:00,184.86465,184.91226,184.8007,184.91002
2026-07-31 15:30:00,184.8991,184.95882,184.83646,184.89325
2026-07-31 15:45:00,184.90513,184.91712,184.79194,184.79524
2026-07-31 16:00:00,184.80184,184.83313,184.62979,184.74834
2026-07-31 16:15:00,184.73191,184.85583,184.6379,184.69793
2026-07-31 16:30:00,184.6905,184.86475,184.61441,184.78619
2026-07-31 16:45:00,184.77054,184.77858,184.3635,184.58028
2026-07-31 17:00:00,184.56729,184.75377,184.5512,184.72236
2026-07-31 17:15:00,184.71595,184.81161,184.61804,184.79653
2026-07-31 17:30:00,184.78855,184.99195,184.78073,184.98399
2026-07-31 17:45:00,184.9648,185.00561,184.54832,184.63991
2026-07-31 18:00:00,184.62475,184.66629,184.50002,184.66229
2026-07-31 18:15:00,184.64699,184.64699,184.37425,184.46422
2026-07-31 18:30:00,184.44375,184.48682,184.0981,184.11216
2026-07-31 18:45:00,184.13055,184.4586,182.77041,182.83542
2026-07-31 19:00:00,182.97254,183.71812,182.66624,183.68772
2026-07-31 19:15:00,183.64631,183.99746,183.64631,183.93448
2026-07-31 19:30:00,183.95094,184.0768,183.7704,183.95853
2026-07-31 19:45:00,183.97705,184.15162,183.90168,184.14034
2026-07-31 20:00:00,184.11653,184.13888,183.98524,184.08151
2026-07-31 20:15:00,184.07878,184.21428,184.02341,184.07957
2026-07-31 20:30:00,184.0599,184.08938,183.95479,184.01601
2026-07-31 20:45:00,184.0028,184.0634,183.99495,184.03124
2026-07-31 21:00:00,184.03253,184.09953,184.00674,184.0257
2026-07-31 21:15:00,184.02396,184.07468,183.95284,184.02869
2026-07-31 21:30:00,184.00168,184.14835,184.00168,184.03069
2026-07-31 21:45:00,184.03084,184.09932,183.96864,184.01543
2026-07-31 22:00:00,184.00455,184.07622,183.96859,184.06551
2026-07-31 22:15:00,184.04899,184.2236,184.04899,184.15663
2026-07-31 22:30:00,184.17236,184.26742,184.11998,184.26596
2026-07-31 22:45:00,184.25998,184.2915,184.22037,184.22912
2026-07-31 23:00:00,184.24483,184.3149,184.19977,184.28521
2026-07-31 23:15:00,184.29577,184.41303,183.4589,183.48177
2026-07-31 23:30:00,183.53959,183.73134,182.56493,182.9033
2026-07-31 23:45:00,182.83153,183.28188,182.78114,182.91554
2026-08-01 00:00:00,182.932,182.94687,182.1648,182.8704
2026-08-01 00:15:00,182.83131,182.99457,182.68783,182.81247
2026-08-01 00:30:00,182.79923,183.21161,182.78899,183.1381
2026-08-01 00:45:00,183.15659,183.38992,183.07483,183.22531
2026-08-01 01:00:00,183.1911,183.27409,182.60082,183.1017
2026-08-01 01:15:00,183.07076,183.30537,183.0214,183.29576
2026-08-01 01:30:00,183.28059,183.39358,183.21384,183.26597
2026-08-01 01:45:00,183.2601,183.36068,183.23431,183.31337
2026-08-01 02:00:00,183.31623,183.41169,183.24767,183.40338
2026-08-01 02:15:00,183.38287,183.41547,183.31733,183.32688
2026-08-01 02:30:00,183.34272,183.39554,183.30376,183.36709
2026-08-01 02:45:00,183.38581,183.53192,183.36174,183.52626
2026-08-01 03:00:00,183.51197,183.73144,183.48382,183.72645
2026-08-01 03:15:00,183.71631,183.92478,182.85447,182.93968
2026-08-01 03:30:00,183.09735,183.09735,182.49982,182.51121
2026-08-01 03:45:00,182.53005,183.4025,182.09358,182.77882
2026-08-01 04:00:00,182.72887,183.15844,182.62247,182.92691
2026-08-01 04:15:00,182.95087,183.11511,182.83927,183.08966
2026-08-01 04:30:00,183.03399,183.1757,183.03399,183.17104
2026-08-01 04:45:00,183.16503,183.40344,183.13438,183.24496
2026-08-01 05:00:00,183.26828,183.37842,183.23529,183.34596
2026-08-01 05:15:00,183.32808,183.4529,183.32808,183.41306
2026-08-01 05:30:00,183.40541,183.57549,183.36438,183.49194
2026-08-01 05:45:00,183.47321,183.52544,183.40125,183.51305
2026-08-01 06:00:00,183.49199,183.58356,182.83544,183.20532
2026-08-01 06:15:00,183.16033,183.27723,182.12915,182.69905
2026-08-01 06:30:00,182.62024,182.62024,181.92921,181.94277
2026-08-01 06:45:00,181.96533,182.20232,181.50648,181.56653
2026-08-01 07:00:00,181.6622,181.95355,181.40875,181.58951
2026-08-01 07:15:00,181.59175,181.62419,181.55914,181.60183
2026-08-01 07:30:00,181.59874,181.68543,181.53949,181.60546
2026-08-01 07:45:00,181.59645,181.69374,181.52995,181.57599
2026-08-01 08:00:00,181.60064,182.48915,181.44259,181.56494
2026-08-01 08:15:00,181.60326,181.69645,181.55887,181.66326
2026-08-01 08:30:00,181.63123,181.69061,181.49254,181.61261
2026-08-01 08:45:00,181.60485,181.72647,181.57952,181.69659
2026-08-01 09:00:00,181.63962,182.32712,181.51883,181.57277
2026-08-01 09:15:00,181.60313,181.71706,181.57009,181.66437
2026-08-01 09:30:00,181.63932,181.72206,181.58592,181.60712
2026-08-01 09:45:00,181.60453,181.71839,181.572,181.66418
2026-08-01 10:00:00,181.64085,182.55507,181.55403,181.76259
2026-08-01 10:15:00,181.76378,181.81796,181.68716,181.76407
2026-08-01 10:30:00,181.76022,181.80914,181.66351,181.76768
2026-08-01 10:45:00,181.76126,181.80909,181.69413,181.76726
2026-08-01 11:00:00,181.76198,182.48529,181.73704,181.76032
2026-08-01 11:15:00,181.76157,181.79205,181.68743,181.76278
2026-08-01 11:30:00,181.76293,181.91294,181.59822,181.75163
2026-08-01 11:45:00,181.74025,181.81465,181.69065,181.7675
2026-08-01 12:00:00,181.76199,182.15683,181.69154,181.76035
2026-08-01 12:15:00,181.7615,181.77128,181.6853,181.76081
2026-08-01 12:30:00,181.7619,181.81507,181.67625,181.76814
2026-08-01 12:45:00,181.76352,181.78568,181.71295,181.76277
2026-08-01 13:00:00,181.75478,182.3683,181.64378,181.76127
2026-08-01 13:15:00,181.76197,181.83388,181.56687,181.76579
2026-08-01 13:30:00,181.76139,181.77054,181.75894,181.7672
2026-08-01 13:45:00,181.76139,181.92385,181.71534,181.76571
2026-08-01 14:00:00,181.76126,182.41135,181.52485,181.74486
2026-08-01 14:15:00,181.74728,181.77264,181.74728,181.76317
2026-08-01 14:30:00,181.76442,181.78784,181.7163,181.76709
2026-08-01 14:45:00,181.76424,181.77237,181.76015,181.7686
2026-08-01 15:00:00,181.76455,182.16698,181.73555,181.76731
2026-08-01 15:15:00,181.76302,181.90318,181.72564,181.76532
2026-08-01 15:30:00,181.76027,181.7721,181.75747,181.76737
2026-08-01 15:45:00,181.76308,181.83605,181.71862,181.76838
2026-08-01 16:00:00,181.76354,182.47939,181.71221,181.76829
2026-08-01 16:15:00,181.76448,181.78583,181.71426,181.76314
2026-08-01 16:30:00,181.76445,181.82567,181.64584,181.7398
2026-08-01 16:45:00,181.72107,181.77244,181.72107,181.76886
2026-08-01 17:00:00,181.76463,182.47807,181.69402,181.76724
2026-08-01 17:15:00,181.76235,181.77136,181.75981,181.76713
2026-08-01 17:30:00,181.76378,181.82145,181.72812,181.76323
2026-08-01 17:45:00,181.76328,181.84866,181.7031,181.76429
2026-08-01 18:00:00,181.75286,181.7713,181.75237,181.76796
2026-08-01 18:15:00,181.76292,181.82022,181.64006,181.7684
2026-08-01 18:30:00,181.76482,181.77306,181.76053,181.76215
2026-08-01 18:45:00,181.7634,181.87173,181.71377,181.76949
2026-08-01 19:00:00,181.76659,181.90529,181.73082,181.7648
2026-08-01 19:15:00,181.75859,181.77777,181.74737,181.7691
2026-08-01 19:30:00,181.7665,181.81508,181.70136,181.76645
2026-08-01 19:45:00,181.77214,181.77569,181.76353,181.76906
2026-08-01 20:00:00,181.76658,181.79622,181.62929,181.76824
2026-08-01 20:15:00,181.76293,181.84662,181.71804,181.76179
2026-08-01 20:30:00,181.75655,181.77152,181.75175,181.76165
2026-08-01 20:45:00,181.76303,181.92625,181.72932,181.7661
2026-08-01 21:00:00,181.76338,181.77011,181.67173,181.76801
2026-08-01 21:15:00,181.76258,181.83395,181.72401,181.76745
2026-08-01 21:30:00,181.76338,181.92839,181.63073,181.72769
2026-08-01 21:45:00,181.71486,181.76629,181.67963,181.76416
2026-08-01 22:00:00,181.76008,181.94095,181.71599,181.76393
2026-08-01 22:15:00,181.75971,181.77038,181.75893,181.76425
2026-08-01 22:30:00,181.76223,181.94098,181.7154,181.76075
2026-08-01 22:45:00,181.76199,181.93888,181.71002,181.72076
2026-08-01 23:00:00,181.74098,181.77008,181.73861,181.76612
2026-08-01 23:15:00,181.7623,181.93678,181.64284,181.75384
2026-08-01 23:30:00,181.74837,181.77025,181.74837,181.76131
2026-08-01 23:45:00,181.76224,181.93677,181.72054,181.76607
2026-08-02 00:00:00,181.76663,181.94098,181.72603,181.73441
2026-08-02 00:15:00,181.74427,181.78912,181.74427,181.77594
2026-08-02 00:30:00,181.77268,181.93468,181.72846,181.79434
2026-08-02 00:45:00,181.7904,181.80265,181.7904,181.79389
2026-08-02 01:00:00,181.79462,181.92629,181.65239,181.82231
2026-08-02 01:15:00,181.81923,181.91159,181.77177,181.77997
2026-08-02 01:30:00,181.78906,181.84064,181.78906,181.83285
2026-08-02 01:45:00,181.83288,181.90739,181.7231,181.81695
2026-08-02 02:00:00,181.81129,182.2301,181.78324,181.78786
2026-08-02 02:15:00,181.78558,181.92852,181.73165,181.78843
2026-08-02 02:30:00,181.78442,181.90529,181.67018,181.67842
2026-08-02 02:45:00,181.69354,181.83516,181.69354,181.78079
2026-08-02 03:00:00,181.78071,182.20863,181.48209,181.78947
2026-08-02 03:15:00,181.78556,181.7967,181.77526,181.7781
2026-08-02 03:30:00,181.77929,181.93048,181.73354,181.80057
2026-08-02 03:45:00,181.79913,181.92419,181.78271,181.78825
2026-08-02 04:00:00,181.79493,182.24548,181.45666,181.81838
2026-08-02 04:15:00,181.8184,181.91161,181.66281,181.771
2026-08-02 04:30:00,181.75843,181.80901,181.75843,181.80366
2026-08-02 04:45:00,181.80151,181.91777,181.74905,181.78736
2026-08-02 05:00:00,181.78326,182.20442,181.47032,181.86222
2026-08-02 05:15:00,181.73975,181.76927,181.70514,181.76803
2026-08-02 05:30:00,181.76399,181.93591,181.70541,181.76991
2026-08-02 05:45:00,181.76645,181.80525,181.66079,181.6869
2026-08-02 06:00:00,181.70443,182.32211,181.67755,181.79777
2026-08-02 06:15:00,181.79815,181.92405,181.76452,181.88127
2026-08-02 06:30:00,181.80333,181.80333,181.73826,181.79788
2026-08-02 06:45:00,181.7945,181.90242,181.74344,181.78902
2026-08-02 07:00:00,181.78935,182.30532,181.71666,181.83168
2026-08-02 07:15:00,181.83236,181.91002,181.77968,181.84157
2026-08-02 07:30:00,181.83866,181.91866,181.70795,181.88314
2026-08-02 07:45:00,181.83128,181.86842,181.67412,181.77881
2026-08-02 08:00:00,181.78702,182.20898,181.73417,181.79036
2026-08-02 08:15:00,181.78444,181.79816,181.78444,181.79288
2026-08-02 08:30:00,181.79023,181.92629,181.69909,181.79393
2026-08-02 08:45:00,181.78756,181.91577,181.78756,181.87859
2026-08-02 09:00:00,181.8086,182.25387,181.63317,181.82329
2026-08-02 09:15:00,181.82455,181.9095,181.66158,181.81565
2026-08-02 09:30:00,181.80528,181.84238,181.80528,181.83935
2026-08-02 09:45:00,181.83525,181.90318,181.76454,181.8408
2026-08-02 10:00:00,181.83923,181.90657,181.80197,181.81443
2026-08-02 10:15:00,181.81582,181.91097,181.77291,181.82827
2026-08-02 10:30:00,181.8229,181.90704,181.77824,181.82012
2026-08-02 10:45:00,181.81179,181.84671,181.81179,181.84179
2026-08-02 11:00:00,181.83951,181.90289,181.63941,181.80045
2026-08-02 11:15:00,181.81006,181.84195,181.76504,181.81304
2026-08-02 11:30:00,181.80868,181.86578,181.75394,181.82289
2026-08-02 11:45:00,181.81922,181.87616,181.78903,181.80874
2026-08-02 12:00:00,181.80575,181.83296,181.80321,181.82372
2026-08-02 12:15:00,181.82447,181.85942,181.76745,181.80164
2026-08-02 12:30:00,181.81547,181.88145,181.68907,181.79074
2026-08-02 12:45:00,181.78752,181.92768,181.66055,181.82086
2026-08-02 13:00:00,181.81736,181.91369,181.76802,181.82507
2026-08-02 13:15:00,181.82022,181.83862,181.82022,181.82965
2026-08-02 13:30:00,181.8306,181.90529,181.77832,181.84244
2026-08-02 13:45:00,181.83973,181.84902,181.83813,181.84477
2026-08-02 14:00:00,181.84093,181.92227,181.74134,181.83649
2026-08-02 14:15:00,181.83039,181.92487,181.67896,181.81755
2026-08-02 14:30:00,181.80495,181.85632,181.80495,181.85122
2026-08-02 14:45:00,181.84849,181.8969,181.74467,181.82896
2026-08-02 15:00:00,181.82243,181.862,181.80956,181.85646
2026-08-02 15:15:00,181.85491,181.89464,181.793,181.85839
2026-08-02 15:30:00,181.85975,181.89255,181.71273,181.804
2026-08-02 15:45:00,181.78106,181.83903,181.78106,181.83453
2026-08-02 16:00:00,181.83046,181.90428,181.67158,181.83558
2026-08-02 16:15:00,181.8336,181.84018,181.73784,181.81146
2026-08-02 16:30:00,181.81273,181.91159,181.74828,181.83047
2026-08-02 16:45:00,181.8264,181.90739,181.76191,181.82282
2026-08-02 17:00:00,181.81638,181.84584,181.81638,181.84022
2026-08-02 17:15:00,181.83772,181.9032,181.76926,181.84887
2026-08-02 17:30:00,181.84462,181.85479,181.84317,181.84656
2026-08-02 17:45:00,181.84663,181.899,181.7005,181.84359
2026-08-02 18:00:00,181.83959,181.89569,181.77273,181.81257
2026-08-02 18:15:00,181.79754,181.8454,181.79754,181.83943
2026-08-02 18:30:00,181.84004,181.8806,181.79388,181.80862
2026-08-02 18:45:00,181.80931,181.85348,181.79892,181.84968
2026-08-02 19:00:00,181.84659,181.8891,181.7763,181.80419
2026-08-02 19:15:00,181.80053,181.86448,181.66554,181.71794
2026-08-02 19:30:00,181.71568,181.72386,181.71298,181.71449
2026-08-02 19:45:00,181.71568,181.75416,181.68341,181.69845
2026-08-02 20:00:00,181.69581,181.70397,181.69311,181.69984
2026-08-02 20:15:00,181.69581,181.70392,181.69315,181.69732
2026-08-02 20:30:00,181.69581,181.70395,181.65377,181.66473
2026-08-02 20:45:00,181.66609,181.67426,181.66337,181.66947
2026-08-02 21:00:00,181.66609,181.67407,181.66337,181.67016
2026-08-02 21:15:00,181.66609,181.67424,181.66341,181.66788
2026-08-02 21:30:00,181.66609,182.00937,181.63686,181.90397
2026-08-02 21:45:00,181.90534,181.91352,181.90261,181.90879
2026-08-02 22:00:00,181.90534,181.91337,181.90262,181.90941
2026-08-02 22:15:00,181.90534,181.91349,181.90268,181.9072
2026-08-02 22:30:00,181.90534,181.91341,181.90264,181.90406
2026-08-02 22:45:00,181.90534,181.91351,181.90261,181.90937
2026-08-02 23:00:00,181.90534,181.91352,181.90282,181.90923
2026-08-02 23:15:00,181.90534,182.09088,181.77469,181.98507
2026-08-02 23:30:00,181.98271,181.99076,181.98,181.9816
2026-08-02 23:45:00,181.98271,181.99086,181.98006,181.98708
2026-08-03 00:00:00,181.98271,182.15552,181.50762,181.63313
2026-08-03 00:15:00,181.63012,181.63829,181.6274,181.63376
2026-08-03 00:30:00,181.63012,181.63815,181.62741,181.63262
2026-08-03 00:45:00,181.63012,181.68787,181.5212,181.55334
2026-08-03 01:00:00,181.55451,181.99255,181.54456,181.83397
2026-08-03 01:15:00,181.8311,181.83926,181.82839,181.83484
2026-08-03 01:30:00,181.8311,181.83921,181.82844,181.83344
2026-08-03 01:45:00,181.8311,181.83927,181.82842,181.82994
2026-08-03 02:00:00,181.8311,182.32657,181.53336,181.7571
2026-08-03 02:15:00,181.7549,181.76113,181.75015,181.75688
2026-08-03 02:30:00,181.75283,181.98485,181.74223,181.80935
2026-08-03 02:45:00,181.83426,181.83426,181.71484,181.71521
2026-08-03 03:00:00,181.71656,182.03987,181.51662,181.76215
2026-08-03 03:15:00,181.75912,181.77142,181.75782,181.76421
2026-08-03 03:30:00,181.76013,181.76829,181.75745,181.7619
2026-08-03 03:45:00,181.76013,181.76614,181.75521,181.75634
2026-08-03 04:00:00,181.75764,182.20913,181.62277,181.64901
2026-08-03 04:15:00,181.69944,182.03536,181.67263,181.77048
2026-08-03 04:30:00,181.75845,181.80777,181.69857,181.7651
2026-08-03 04:45:00,181.76206,181.83411,181.52639,181.53752
2026-08-03 05:00:00,181.56783,182.01995,181.29211,181.53372
2026-08-03 05:15:00,181.52509,181.87428,181.17932,181.40079
2026-08-03 05:30:00,181.4226,181.86169,181.17815,181.46041
2026-08-03 05:45:00,181.53049,181.86096,181.20223,181.26683
2026-08-03 06:00:00,181.35461,181.62446,181.12678,181.30374
2026-08-03 06:15:00,181.45184,181.54155,181.02521,181.38778
2026-08-03 06:30:00,181.37264,181.66241,181.01065,181.56142
2026-08-03 06:45:00,181.51592,181.56747,181.06982,181.30283
2026-08-03 07:00:00,181.52354,181.81911,181.1535,181.80574
2026-08-03 07:15:00,181.78688,181.9735,181.4679,181.65325
2026-08-03 07:30:00,181.85262,181.906,181.49579,181.87783
2026-08-03 07:45:00,181.87079,181.9748,181.48967,181.89661
2026-08-03 08:00:00,181.87998,181.98669,181.38184,181.45903
2026-08-03 08:15:00,181.46468,181.83981,181.44746,181.8339
2026-08-03 08:30:00,181.82372,181.82372,181.55253,181.64228
2026-08-03 08:45:00,181.62568,181.65903,181.45101,181.64693
2026-08-03 09:00:00,181.62374,181.94595,181.50313,181.92315
2026-08-03 09:15:00,181.8932,182.24158,181.88352,182.10766
2026-08-03 09:30:00,182.16849,182.23852,181.99358,182.23329
2026-08-03 09:45:00,182.22139,182.24319,181.92647,181.93435
2026-08-03 10:00:00,181.94764,182.09991,181.87712,182.08855
2026-08-03 10:15:00,182.07344,182.58717,180.96861,181.09385
2026-08-03 10:30:00,181.2645,181.2645,179.61549,179.66382
2026-08-03 10:45:00,179.72956,180.2781,179.14481,180.25415
2026-08-03 11:00:00,180.20079,180.47994,179.44814,180.1953
2026-08-03 11:15:00,180.16159,180.30877,180.03208,180.2686
2026-08-03 11:30:00,180.25294,180.43611,180.15249,180.30553
2026-08-03 11:45:00,180.32045,180.34861,180.19831,180.31656
2026-08-03 12:00:00,180.30186,180.6183,180.28464,180.51624
2026-08-03 12:15:00,180.53135,180.53135,180.40867,180.51907
2026-08-03 12:30:00,180.50745,180.50745,180.24346,180.3646
2026-08-03 12:45:00,180.34301,180.49577,180.34301,180.40579
2026-08-03 13:00:00,180.4205,180.5783,180.3735,180.49925
2026-08-03 13:15:00,180.52027,180.52608,180.38377,180.48423
2026-08-03 13:30:00,180.47827,180.51548,180.39571,180.41595
2026-08-03 13:45:00,180.43095,180.51952,180.43095,180.47575
2026-08-03 14:00:00,180.47984,180.4966,180.35504,180.4691
2026-08-03 14:15:00,180.45206,180.5384,180.38874,180.50117
2026-08-03 14:30:00,180.50887,180.54147,180.39934,180.45061
2026-08-03 14:45:00,180.4526,180.55827,180.37642,180.47546
2026-08-03 15:00:00,180.48231,180.50083,180.38565,180.48416
2026-08-03 15:15:00,180.47899,180.51416,180.41557,180.47952
2026-08-03 15:30:00,180.47061,180.51502,180.41734,180.45285
2026-08-03 15:45:00,180.46125,180.49517,180.42698,180.43263
2026-08-03 16:00:00,180.43716,180.49447,180.39934,180.47507
2026-08-03 16:15:00,180.4656,180.71195,180.39454,180.64571
2026-08-03 16:30:00,180.65286,180.73296,180.56089,180.66148
2026-08-03 16:45:00,180.66895,180.80957,180.6612,180.75017
2026-08-03 17:00:00,180.75883,180.76623,180.51368,180.52632
2026-08-03 17:15:00,180.5464,180.65266,180.44557,180.53686
2026-08-03 17:30:00,180.54194,180.65064,180.47169,180.63824
2026-08-03 17:45:00,180.62002,180.72698,180.61313,180.72236
2026-08-03 18:00:00,180.71286,180.71991,180.57634,180.65164
2026-08-03 18:15:00,180.63206,180.7269,180.60095,180.7177
2026-08-03 18:30:00,180.70994,180.83473,180.57928,180.81846
2026-08-03 18:45:00,180.80793,180.89825,180.77684,180.8913
2026-08-03 19:00:00,180.87819,180.97708,180.80985,180.91345
2026-08-03 19:15:00,180.93295,180.93295,180.78607,180.87284
2026-08-03 19:30:00,180.88218,181.14203,180.8783,181.13831
2026-08-03 19:45:00,181.12929,181.12929,180.88403,181.02969
2026-08-03 20:00:00,181.00701,181.00859,180.83369,180.89711
2026-08-03 20:15:00,180.89177,180.89878,180.76005,180.87573
2026-08-03 20:30:00,180.86779,180.86779,180.76871,180.8238
2026-08-03 20:45:00,180.82748,180.90599,180.68286,180.7077
2026-08-03 21:00:00,180.71538,180.81275,180.68292,180.75504
2026-08-03 21:15:00,180.7634,180.84025,180.67781,180.83634
2026-08-03 21:30:00,180.82229,180.94256,180.82229,180.87394
2026-08-03 21:45:00,180.88249,180.98616,180.65599,180.68588
2026-08-03 22:00:00,180.70782,180.76774,180.6382,180.64587
2026-08-03 22:15:00,180.65789,180.72692,180.61285,180.71747
2026-08-03 22:30:00,180.70164,180.82127,180.65096,180.81519
2026-08-03 22:45:00,180.80268,180.83702,180.7026,180.75731
2026-08-03 23:00:00,180.73939,180.85854,180.73939,180.78451
2026-08-03 23:15:00,180.80114,180.80114,180.41825,180.51847
2026-08-03 23:30:00,180.50885,180.52098,180.21944,180.26699
2026-08-03 23:45:00,180.26048,180.40642,180.20622,180.3925
2026-08-04 00:00:00,180.37841,180.42567,180.2855,180.37046
2026-08-04 00:15:00,180.35936,180.41018,180.15897,180.29493
2026-08-04 00:30:00,180.31227,180.37605,180.20192,180.36447
2026-08-04 00:45:00,180.33461,180.46562,180.23592,180.24554
2026-08-04 01:00:00,180.26527,180.41117,180.23726,180.34082
2026-08-04 01:15:00,180.33251,180.47141,180.32384,180.39967
2026-08-04 01:30:00,180.41944,180.43393,180.28869,180.42349
2026-08-04 01:45:00,180.39427,180.69671,180.37638,180.66781
2026-08-04 02:00:00,180.66359,180.67734,180.55005,180.59761
2026-08-04 02:15:00,180.58965,180.60025,180.45975,180.48632
2026-08-04 02:30:00,180.48428,180.62746,180.46611,180.53962
2026-08-04 02:45:00,180.55208,180.57036,180.51984,180.53131
2026-08-04 03:00:00,180.53677,180.58438,180.49634,180.55458
2026-08-04 03:15:00,180.55949,180.60254,180.54983,180.59409
2026-08-04 03:30:00,180.58719,180.62783,180.54729,180.57641
2026-08-04 03:45:00,180.57166,180.62521,180.54972,180.62039
2026-08-04 04:00:00,180.61082,180.67257,180.57964,180.58137
2026-08-04 04:15:00,180.58507,180.61539,180.52921,180.58843
2026-08-04 04:30:00,180.58326,180.5933,180.5264,180.53462
2026-08-04 04:45:00,180.54299,180.60691,180.45896,180.46847
2026-08-04 05:00:00,180.48543,180.60183,180.4382,180.59156
2026-08-04 05:15:00,180.57782,180.61517,180.56788,180.58441
2026-08-04 05:30:00,180.59664,180.63552,180.56974,180.63282
2026-08-04 05:45:00,180.62814,180.68036,180.60754,180.6487
2026-08-04 06:00:00,180.65951,180.74941,180.65505,180.74129
2026-08-04 06:15:00,180.73024,180.89445,180.70178,180.88837
2026-08-04 06:30:00,180.87706,180.89862,180.78235,180.87448
2026-08-04 06:45:00,180.86167,180.93272,180.84766,180.92361
2026-08-04 07:00:00,180.91669,180.96131,180.85537,180.91546
2026-08-04 07:15:00,180.94495,180.96005,180.90219,180.91547
2026-08-04 07:30:00,180.93872,180.95664,180.89758,180.95468
2026-08-04 07:45:00,180.94954,180.96099,180.89546,180.92621
2026-08-04 08:00:00,180.94261,181.19612,180.92277,181.14645
2026-08-04 08:15:00,181.13793,181.15975,181.11082,181.11903
2026-08-04 08:30:00,181.12349,181.14508,181.02897,181.12021
2026-08-04 08:45:00,181.1314,181.13333,181.09479,181.11413
2026-08-04 09:00:00,181.11122,181.12112,181.04249,181.10809
2026-08-04 09:15:00,181.10323,181.13571,181.03174,181.13113
2026-08-04 09:30:00,181.12396,181.29619,181.11725,181.29513
2026-08-04 09:45:00,181.2919,181.41227,181.27288,181.30561
2026-08-04 10:00:00,181.32316,181.32316,181.14466,181.15822
2026-08-04 10:15:00,181.1686,181.22479,181.0034,181.11338
2026-08-04 10:30:00,181.10669,181.2589,181.0971,181.25426
2026-08-04 10:45:00,181.24311,181.32746,181.14473,181.20588
2026-08-04 11:00:00,181.19973,181.31658,181.17657,181.3002
2026-08-04 11:15:00,181.29152,181.31119,181.2231,181.29576
2026-08-04 11:30:00,181.28762,181.31724,181.20622,181.26359
2026-08-04 11:45:00,181.26098,181.43285,181.2546,181.43077
2026-08-04 12:00:00,181.42171,181.56393,181.4058,181.51168
2026-08-04 12:15:00,181.50588,181.55184,181.44941,181.54456
2026-08-04 12:30:00,181.52939,181.53887,181.47935,181.51849
2026-08-04 12:45:00,181.51698,181.5713,181.46212,181.52468
2026-08-04 13:00:00,181.53455,181.53541,181.44961,181.47917
2026-08-04 13:15:00,181.47181,181.49261,181.39439,181.4407
2026-08-04 13:30:00,181.43491,181.49286,181.35769,181.37521
2026-08-04 13:45:00,181.38247,181.44867,181.38232,181.44508
2026-08-04 14:00:00,181.43406,181.44217,181.37625,181.40656
2026-08-04 14:15:00,181.40401,181.45199,181.39228,181.40315
2026-08-04 14:30:00,181.40159,181.40798,181.26926,181.29456
2026-08-04 14:45:00,181.2829,181.36441,181.27571,181.34883
2026-08-04 15:00:00,181.34532,181.37555,181.28761,181.32568
2026-08-04 15:15:00,181.3299,181.39099,181.3249,181.38469
2026-08-04 15:30:00,181.37946,181.46982,181.35475,181.46147
2026-08-04 15:45:00,181.44787,181.4784,181.44218,181.47572
2026-08-04 16:00:00,181.46525,181.51514,181.39274,181.45398
2026-08-04 16:15:00,181.47077,181.48179,181.35785,181.39469
2026-08-04 16:30:00,181.41152,181.49178,181.37816,181.4855
2026-08-04 16:45:00,181.47507,181.52168,181.41077,181.44606
2026-08-04 17:00:00,181.43933,181.55033,181.43116,181.5099
2026-08-04 17:15:00,181.51005,181.57621,181.47137,181.54733
2026-08-04 17:30:00,181.54342,181.70382,181.44904,181.69682
2026-08-04 17:45:00,181.68218,181.69943,181.58891,181.65901
2026-08-04 18:00:00,181.6723,181.69699,181.6266,181.63183
2026-08-04 18:15:00,181.63889,181.66251,181.54353,181.60843
2026-08-04 18:30:00,181.5916,181.62691,181.5463,181.56694
2026-08-04 18:45:00,181.57373,181.63396,181.54403,181.60787
2026-08-04 19:00:00,181.59778,181.7462,181.58983,181.73876
2026-08-04 19:15:00,181.72535,181.72709,181.66476,181.72485
2026-08-04 19:30:00,181.72008,181.74294,181.68245,181.73071
2026-08-04 19:45:00,181.72548,181.78205,181.70563,181.7283
2026-08-04 20:00:00,181.72023,181.80099,181.69658,181.79267
2026-08-04 20:15:00,181.78772,181.80116,181.72776,181.73356
2026-08-04 20:30:00,181.743,181.75128,181.68511,181.73809
2026-08-04 20:45:00,181.73334,181.78968,181.69938,181.73154
2026-08-04 21:00:00,181.72474,181.74241,181.67983,181.68454
2026-08-04 21:15:00,181.68742,181.7256,181.6531,181.6612
2026-08-04 21:30:00,181.66221,181.73078,181.49599,181.58835
2026-08-04 21:45:00,181.56911,181.60299,181.359,181.397
2026-08-04 22:00:00,181.42023,181.42023,181.1888,181.28183
2026-08-04 22:15:00,181.28578,181.48369,181.26495,181.44604
2026-08-04 22:30:00,181.43005,181.47192,181.40221,181.44078
2026-08-04 22:45:00,181.44714,181.45429,181.30892,181.37093
2026-08-04 23:00:00,181.36362,181.42458,181.32244,181.37465
2026-08-04 23:15:00,181.37156,181.37746,181.25934,181.29472
2026-08-04 23:30:00,181.31767,181.31767,181.18117,181.2714
2026-08-04 23:45:00,181.26349,181.43751,181.2505,181.4319
2026-08-05 00:00:00,181.42342,181.45391,181.33918,181.45145
2026-08-05 00:15:00,181.44461,181.54989,181.38401,181.51013
2026-08-05 00:30:00,181.51956,181.61307,181.49948,181.55772
2026-08-05 00:45:00,181.57399,181.61358,181.52237,181.59404
2026-08-05 01:00:00,181.5812,181.63334,181.47836,181.50243
2026-08-05 01:15:00,181.49661,181.50621,181.4341,181.48234
2026-08-05 01:30:00,181.48116,181.49523,181.35909,181.38565
2026-08-05 01:45:00,181.3815,181.47033,181.33048,181.45247
2026-08-05 02:00:00,181.45897,181.52675,181.45057,181.52173
2026-08-05 02:15:00,181.51062,181.51062,181.3962,181.4332
2026-08-05 02:30:00,181.4274,181.52766,181.39419,181.52215
2026-08-05 02:45:00,181.50881,181.55287,181.49608,181.51566
2026-08-05 03:00:00,181.52653,181.6032,181.48434,181.5605
2026-08-05 03:15:00,181.56872,181.62574,181.53652,181.5982
2026-08-05 03:30:00,181.60019,181.64188,181.57132,181.63813
2026-08-05 03:45:00,181.62877,181.65852,181.60532,181.62888
2026-08-05 04:00:00,181.64263,181.6904,181.61589,181.67828
2026-08-05 04:15:00,181.67184,181.71583,181.65877,181.71501
2026-08-05 04:30:00,181.70867,181.75319,181.6971,181.74857
2026-08-05 04:45:00,181.74481,181.83108,181.74065,181.78834
2026-08-05 05:00:00,181.80575,181.96397,181.79079,181.95595
2026-08-05 05:15:00,181.94261,181.97028,181.91367,181.96249
2026-08-05 05:30:00,181.95893,181.97717,181.91693,181.96094
2026-08-05 05:45:00,181.9563,181.9899,181.90051,181.90539
2026-08-05 06:00:00,181.91469,181.94397,181.89475,181.89943
2026-08-05 06:15:00,181.90219,181.92341,181.85613,181.90495
2026-08-05 06:30:00,181.90098,181.92125,181.88632,181.91091
2026-08-05 06:45:00,181.90719,181.9488,181.89161,181.9092
2026-08-05 07:00:00,181.92486,181.9446,181.84126,181.94343
2026-08-05 07:15:00,181.94069,181.94819,181.85433,181.87247
2026-08-05 07:30:00,181.86992,181.94908,181.8598,181.94015
2026-08-05 07:45:00,181.91904,181.96739,181.8525,181.88355
2026-08-05 08:00:00,181.8823,181.91284,181.83917,181.88523
2026-08-05 08:15:00,181.87726,181.91298,181.8628,181.90962
2026-08-05 08:30:00,181.9014,181.94619,181.9014,181.92593
2026-08-05 08:45:00,181.92062,181.92083,181.88285,181.90379
2026-08-05 09:00:00,181.90137,181.97581,181.87057,181.97158
2026-08-05 09:15:00,181.96564,181.97446,181.91343,181.94206
2026-08-05 09:30:00,181.93215,181.97442,181.92498,181.95529
2026-08-05 09:45:00,181.95108,181.96123,181.87854,181.88925
2026-08-05 10:00:00,181.90858,181.95613,181.83954,181.88311
2026-08-05 10:15:00,181.87944,181.88171,181.75152,181.82891
2026-08-05 10:30:00,181.81511,181.85357,181.76504,181.83422
2026-08-05 10:45:00,181.82863,181.83696,181.59348,181.68532
2026-08-05 11:00:00,181.66698,181.73424,181.65235,181.67914
2026-08-05 11:15:00,181.67451,181.73452,181.63694,181.71657
2026-08-05 11:30:00,181.72027,181.76392,181.69808,181.7448
2026-08-05 11:45:00,181.75517,181.75517,181.69162,181.72587
2026-08-05 12:00:00,181.72228,181.81752,181.70236,181.71435
2026-08-05 12:15:00,181.72808,181.72808,181.55273,181.57122
2026-08-05 12:30:00,181.59963,181.66649,181.53744,181.57862
2026-08-05 12:45:00,181.57557,181.65944,181.53054,181.60217
2026-08-05 13:00:00,181.61209,181.63897,181.58992,181.61661
2026-08-05 13:15:00,181.62202,181.66262,181.59889,181.65294
2026-08-05 13:30:00,181.6469,181.70998,181.6376,181.68007
2026-08-05 13:45:00,181.68674,181.69885,181.62307,181.6292
2026-08-05 14:00:00,181.63746,181.63943,181.58446,181.63028
2026-08-05 14:15:00,181.6274,181.66021,181.60153,181.62537
2026-08-05 14:30:00,181.63525,181.79403,181.62812,181.79139
2026-08-05 14:45:00,181.78525,181.89232,181.77438,181.86091
2026-08-05 15:00:00,181.83802,181.88074,181.82193,181.83522
2026-08-05 15:15:00,181.83824,181.85979,181.81813,181.85091
2026-08-05 15:30:00,181.84078,181.90407,181.82876,181.83239
2026-08-05 15:45:00,181.83854,181.88435,181.81339,181.87041
2026-08-05 16:00:00,181.86552,181.92582,181.80419,181.88681
2026-08-05 16:15:00,181.87964,181.97096,181.85774,181.91698
2026-08-05 16:30:00,181.90933,181.93123,181.78068,181.91718
2026-08-05 16:45:00,181.90284,182.02951,181.90284,181.98255
2026-08-05 17:00:00,181.99839,181.99839,181.91316,181.96321
2026-08-05 17:15:00,181.95039,181.99125,181.83102,181.86359
2026-08-05 17:30:00,181.8568,181.96046,181.85208,181.94859
2026-08-05 17:45:00,181.94083,181.99198,181.92192,181.99078
2026-08-05 18:00:00,181.98498,182.06788,181.9648,182.04489
2026-08-05 18:15:00,182.04155,182.13225,182.01796,182.11989
2026-08-05 18:30:00,182.10205,182.17728,182.06888,182.08697
2026-08-05 18:45:00,182.08226,182.10338,182.02662,182.0572
2026-08-05 19:00:00,182.06316,182.15923,182.00778,182.1498
2026-08-05 19:15:00,182.13349,182.13349,182.02502,182.09229
2026-08-05 19:30:00,182.08242,182.13984,182.03328,182.0427
2026-08-05 19:45:00,182.05794,182.0866,182.01543,182.04017
2026-08-05 20:00:00,182.04208,182.10615,182.00364,182.05548
2026-08-05 20:15:00,182.03997,182.11131,181.99017,182.01341
2026-08-05 20:30:00,182.00904,182.06238,181.98397,182.04677
2026-08-05 20:45:00,182.0411,182.06441,181.97439,181.99285
2026-08-05 21:00:00,181.99667,182.01744,181.94306,181.96334
2026-08-05 21:15:00,181.95851,181.981,181.87613,181.96363
2026-08-05 21:30:00,181.95463,182.06932,181.93206,182.01729
2026-08-05 21:45:00,182.03422,182.04894,181.96943,182.04618
2026-08-05 22:00:00,182.04012,182.09531,182.01766,182.04447
2026-08-05 22:15:00,182.05376,182.06716,181.92797,181.98407
2026-08-05 22:30:00,181.979,182.02464,181.94025,181.9922
2026-08-05 22:45:00,181.98382,182.01955,181.96869,182.00425
2026-08-05 23:00:00,182.00569,182.01145,181.90251,181.92034
2026-08-05 23:15:00,181.92076,182.0716,181.92076,182.02417
2026-08-05 23:30:00,182.03535,182.03561,181.83389,181.84679
2026-08-05 23:45:00,181.86551,181.89044,181.76616,181.87149
2026-08-06 00:00:00,181.86677,181.89005,181.76542,181.81033
2026-08-06 00:15:00,181.81584,181.94282,181.81584,181.90105
2026-08-06 00:30:00,181.90862,181.96947,181.85751,181.95088
2026-08-06 00:45:00,181.94504,182.03076,181.91612,181.94774
2026-08-06 01:00:00,181.96215,181.9818,181.84729,181.98029
2026-08-06 01:15:00,181.97501,181.9944,181.93535,181.95945
2026-08-06 01:30:00,181.97106,182.0113,181.9232,182.00848
2026-08-06 01:45:00,182.0062,182.0432,181.95261,182.03864
2026-08-06 02:00:00,182.03206,182.05983,181.98333,182.02687
2026-08-06 02:15:00,182.02151,182.06835,182.00283,182.03718
2026-08-06 02:30:00,182.03217,182.0646,182.02628,182.05612
2026-08-06 02:45:00,182.05111,182.1386,182.03601,182.1166
2026-08-06 03:00:00,182.12476,182.14811,182.07724,182.14572
2026-08-06 03:15:00,182.14426,182.17666,182.12776,182.14236
2026-08-06 03:30:00,182.14824,182.20762,182.12779,182.20472
2026-08-06 03:45:00,182.19821,182.23312,182.18574,182.2297
2026-08-06 04:00:00,182.22481,182.25188,182.18077,182.20109
2026-08-06 04:15:00,182.19773,182.24708,182.18456,182.22266
2026-08-06 04:30:00,182.21388,182.23136,182.16573,182.19184
2026-08-06 04:45:00,182.18554,182.20838,182.15314,182.1588
2026-08-06 05:00:00,182.17151,182.20456,182.15568,182.1679
2026-08-06 05:15:00,182.17181,182.19594,182.15553,182.16056
2026-08-06 05:30:00,182.16557,182.18082,182.13017,182.16606
2026-08-06 05:45:00,182.16095,182.21325,182.14752,182.1837
2026-08-06 06:00:00,182.19446,182.24181,182.16623,182.21884
2026-08-06 06:15:00,182.22572,182.28887,182.22572,182.28251
2026-08-06 06:30:00,182.27644,182.29811,182.24863,182.25468
2026-08-06 06:45:00,182.26361,182.29297,182.24212,182.29115
2026-08-06 07:00:00,182.28829,182.3026,182.23307,182.24805
2026-08-06 07:15:00,182.27549,182.27853,182.22585,182.25429
2026-08-06 07:30:00,182.25164,182.27058,182.21894,182.22418
2026-08-06 07:45:00,182.21982,182.2524,182.18223,182.20003
2026-08-06 08:00:00,182.19144,182.23608,182.17923,182.23046
2026-08-06 08:15:00,182.22227,182.23558,182.213,182.2229
2026-08-06 08:30:00,182.22056,182.23472,182.1994,182.2196
2026-08-06 08:45:00,182.21489,182.22961,182.18271,182.18518
2026-08-06 09:00:00,182.18878,182.19512,182.15528,182.15763
2026-08-06 09:15:00,182.16309,182.17669,182.15009,182.17366
2026-08-06 09:30:00,182.1703,182.18105,182.13782,182.15245
2026-08-06 09:45:00,182.14702,182.17883,182.09321,182.15131
2026-08-06 10:00:00,182.15317,182.23126,182.13912,182.22906
2026-08-06 10:15:00,182.22567,182.26143,182.20205,182.24559
2026-08-06 10:30:00,182.23859,182.26398,182.21636,182.23891
2026-08-06 10:45:00,182.23492,182.34171,182.22632,182.27765
2026-08-06 11:00:00,182.28127,182.28675,182.22118,182.26021
2026-08-06 11:15:00,182.2524,182.28247,182.18592,182.19109
2026-08-06 11:30:00,182.20076,182.20765,182.12903,182.16703
2026-08-06 11:45:00,182.16411,182.19409,182.13942,182.18576
2026-08-06 12:00:00,182.18181,182.21664,182.14143,182.16445
2026-08-06 12:15:00,182.17066,182.22258,182.15892,182.196
2026-08-06 12:30:00,182.19991,182.21039,182.18416,182.20234
2026-08-06 12:45:00,182.19903,182.21612,182.14201,182.16706
2026-08-06 13:00:00,182.15972,182.22148,182.15564,182.18928
2026-08-06 13:15:00,182.19948,182.21088,182.17495,182.17677
2026-08-06 13:30:00,182.18103,182.19119,182.14791,182.17364
2026-08-06 13:45:00,182.17106,182.17448,182.1321,182.16946
2026-08-06 14:00:00,182.15759,182.17899,182.1477,182.17214
2026-08-06 14:15:00,182.16836,182.17201,182.13135,182.14924
2026-08-06 14:30:00,182.15395,182.18466,182.14694,182.15783
2026-08-06 14:45:00,182.15374,182.18248,182.14477,182.17886
2026-08-06 15:00:00,182.17508,182.19387,182.12862,182.13519
2026-08-06 15:15:00,182.14626,182.16949,182.12806,182.15556
2026-08-06 15:30:00,182.16075,182.1822,182.14824,182.15606
2026-08-06 15:45:00,182.15855,182.20801,182.13344,182.20177
2026-08-06 16:00:00,182.19789,182.21676,182.16205,182.19128
2026-08-06 16:15:00,182.18932,182.26169,182.17665,182.23026
2026-08-06 16:30:00,182.23646,182.2719,182.18299,182.23457
2026-08-06 16:45:00,182.22555,182.24747,182.1982,182.21232
2026-08-06 17:00:00,182.20769,182.22281,182.08362,182.15862
2026-08-06 17:15:00,182.1379,182.18132,182.10114,182.14252
2026-08-06 17:30:00,182.13718,182.26112,182.13691,182.24013
2026-08-06 17:45:00,182.24985,182.26967,182.19477,182.2283
2026-08-06 18:00:00,182.23784,182.2919,182.19102,182.2322
2026-08-06 18:15:00,182.22864,182.26448,182.19053,182.19762
2026-08-06 18:30:00,182.20752,182.21755,182.15974,182.17945
2026-08-06 18:45:00,182.18929,182.20215,182.14097,182.20139
2026-08-06 19:00:00,182.19853,182.20908,182.1549,182.20602
2026-08-06 19:15:00,182.20158,182.20829,182.16108,182.20473
2026-08-06 19:30:00,182.1989,182.22362,182.14171,182.15702
2026-08-06 19:45:00,182.14989,182.18644,182.13803,182.16589
2026-08-06 20:00:00,182.17442,182.19727,182.12768,182.15635
2026-08-06 20:15:00,182.17821,182.20291,182.1433,182.18692
2026-08-06 20:30:00,182.1899,182.21479,182.16577,182.19611
2026-08-06 20:45:00,182.19403,182.20818,182.16668,182.20612
2026-08-06 21:00:00,182.20025,182.32134,182.20025,182.31776
2026-08-06 21:15:00,182.31325,182.3332,182.2889,182.30078
2026-08-06 21:30:00,182.30614,182.30802,182.22902,182.23892
2026-08-06 21:45:00,182.24266,182.2704,182.20177,182.24366
2026-08-06 22:00:00,182.25229,182.25775,182.16102,182.1845
2026-08-06 22:15:00,182.17558,182.24159,182.17359,182.23745
2026-08-06 22:30:00,182.23512,182.30899,182.20225,182.28146
2026-08-06 22:45:00,182.27327,182.28462,182.18755,182.2064
2026-08-06 23:00:00,182.22219,182.23692,182.1858,182.2062
2026-08-06 23:15:00,182.20181,182.25155,182.18747,182.21197
2026-08-06 23:30:00,182.20512,182.30259,182.18454,182.29766
2026-08-06 23:45:00,182.29014,182.30483,182.18198,182.22652
2026-08-07 00:00:00,182.21822,182.51508,182.13849,182.44207
2026-08-07 00:15:00,182.47651,182.51491,182.39809,182.48285
2026-08-07 00:30:00,182.47784,182.55942,182.46522,182.50131
2026-08-07 00:45:00,182.49491,182.53147,182.4604,182.52651
2026-08-07 01:00:00,182.51706,182.62277,182.49111,182.61891
2026-08-07 01:15:00,182.60775,182.65019,182.52411,182.56695
2026-08-07 01:30:00,182.55536,182.57542,182.49169,182.50027
2026-08-07 01:45:00,182.50253,182.57714,182.50031,182.54891
2026-08-07 02:00:00,182.55907,182.61676,182.53397,182.58402
2026-08-07 02:15:00,182.59491,182.61835,182.4195,182.53702
2026-08-07 02:30:00,182.53244,182.62786,182.53052,182.56831
2026-08-07 02:45:00,182.58227,182.63636,182.57959,182.63246
2026-08-07 03:00:00,182.62649,182.64822,182.54013,182.54489
2026-08-07 03:15:00,182.5523,182.56974,182.50389,182.52052
2026-08-07 03:30:00,182.51665,182.53309,182.49032,182.51564
2026-08-07 03:45:00,182.51809,182.54078,182.48661,182.53645
2026-08-07 04:00:00,182.53026,182.55683,182.50379,182.52529
2026-08-07 04:15:00,182.53592,182.54489,182.4883,182.51666
2026-08-07 04:30:00,182.51307,182.52538,182.49711,182.49918
2026-08-07 04:45:00,182.50166,182.51338,182.44875,182.46092
2026-08-07 05:00:00,182.46607,182.49432,182.44688,182.47664
2026-08-07 05:15:00,182.48221,182.55794,182.44184,182.53841
2026-08-07 05:30:00,182.53051,182.55049,182.51628,182.52866
2026-08-07 05:45:00,182.52453,182.60418,182.51337,182.54141
2026-08-07 06:00:00,182.54621,182.58458,182.50735,182.57272
2026-08-07 06:15:00,182.56903,182.60266,182.55245,182.57736
2026-08-07 06:30:00,182.57276,182.59104,182.54949,182.58723
2026-08-07 06:45:00,182.58399,182.63582,182.56953,182.63287
2026-08-07 07:00:00,182.6261,182.6496,182.54063,182.57615
2026-08-07 07:15:00,182.56985,182.6335,182.55163,182.59812
2026-08-07 07:30:00,182.59161,182.59161,182.54769,182.57525
2026-08-07 07:45:00,182.57087,182.6061,182.51844,182.60371
2026-08-07 08:00:00,182.59764,182.6387,182.57899,182.60096
2026-08-07 08:15:00,182.60702,182.6246,182.59144,182.60713
2026-08-07 08:30:00,182.60451,182.60753,182.57094,182.58426
2026-08-07 08:45:00,182.58064,182.60155,182.56289,182.59957
2026-08-07 09:00:00,182.59577,182.61256,182.54582,182.54902
2026-08-07 09:15:00,182.54935,182.57705,182.52327,182.56321
2026-08-07 09:30:00,182.56078,182.56197,182.52728,182.53253
2026-08-07 09:45:00,182.53677,182.57036,182.53624,182.55504
2026-08-07 10:00:00,182.55636,182.61848,182.55443,182.61534
2026-08-07 10:15:00,182.61071,182.64583,182.60375,182.6385
2026-08-07 10:30:00,182.63682,182.66723,182.60808,182.63517
2026-08-07 10:45:00,182.62887,182.72947,182.58404,182.61274
2026-08-07 11:00:00,182.61009,182.63828,182.54033,182.54434
2026-08-07 11:15:00,182.54924,182.55212,182.47405,182.52627
2026-08-07 11:30:00,182.5212,182.52815,182.34082,182.38522
2026-08-07 11:45:00,182.36746,182.4525,182.36746,182.43357
2026-08-07 12:00:00,182.42717,182.48968,182.42216,182.44452
2026-08-07 12:15:00,182.45432,182.4698,182.42437,182.46076
2026-08-07 12:30:00,182.45753,182.46049,182.42557,182.45368
2026-08-07 12:45:00,182.44993,182.48897,182.42302,182.48603
2026-08-07 13:00:00,182.47771,182.52005,182.46925,182.51663
2026-08-07 13:15:00,182.51156,182.52411,182.50462,182.50632
2026-08-07 13:30:00,182.51053,182.54794,182.49842,182.54768
2026-08-07 13:45:00,182.54328,182.5731,182.49862,182.54729
2026-08-07 14:00:00,182.54024,182.54985,182.50381,182.53959
2026-08-07 14:15:00,182.53788,182.55169,182.51642,182.52475
2026-08-07 14:30:00,182.52664,182.5611,182.49993,182.55006
2026-08-07 14:45:00,182.55205,182.56177,182.51297,182.53654
2026-08-07 15:00:00,182.53089,182.53089,182.49734,182.50787
2026-08-07 15:15:00,182.51196,182.53961,182.48651,182.49065
2026-08-07 15:30:00,182.4978,182.51213,182.46901,182.50454
2026-08-07 15:45:00,182.50219,182.50413,182.44322,182.44995
2026-08-07 16:00:00,182.46083,182.47441,182.40287,182.4472
2026-08-07 16:15:00,182.45187,182.46093,182.40034,182.44423
2026-08-07 16:30:00,182.45048,182.4815,182.40807,182.41249
2026-08-07 16:45:00,182.41973,182.48771,182.41439,182.43614
2026-08-07 17:00:00,182.4426,182.48641,182.39,182.45693
2026-08-07 17:15:00,182.46458,182.52073,182.44201,182.51441
2026-08-07 17:30:00,182.51087,182.53839,182.47188,182.49575
2026-08-07 17:45:00,182.49201,182.60212,182.48484,182.59576
2026-08-07 18:00:00,182.58463,182.58463,182.50238,182.53328
2026-08-07 18:15:00,182.52739,182.57996,182.52302,182.54105
2026-08-07 18:30:00,182.53471,182.57146,182.49242,182.51049
2026-08-07 18:45:00,182.51793,182.55017,182.47928,182.53312
2026-08-07 19:00:00,182.52753,182.57648,182.49938,182.57413
2026-08-07 19:15:00,182.56602,182.59657,182.5386,182.54665
2026-08-07 19:30:00,182.56171,182.56452,182.51144,182.54935
2026-08-07 19:45:00,182.54264,182.60524,182.53726,182.59047
2026-08-07 20:00:00,182.58334,182.60234,182.56161,182.57919
2026-08-07 20:15:00,182.57462,182.62083,182.55546,182.59404
2026-08-07 20:30:00,182.59734,182.61514,182.42499,182.4616
2026-08-07 20:45:00,182.45185,182.52405,182.44755,182.49463
2026-08-07 21:00:00,182.49933,182.52852,182.44658,182.51831
2026-08-07 21:15:00,182.51131,182.56323,182.50521,182.5456
2026-08-07 21:30:00,182.54721,182.59493,182.53255,182.5891
2026-08-07 21:45:00,182.58089,182.60838,182.55512,182.60792
2026-08-07 22:00:00,182.6052,182.67473,182.59688,182.663
2026-08-07 22:15:00,182.65554,182.6914,182.55557,182.57801
2026-08-07 22:30:00,182.57449,183.06989,181.31417,181.94725
2026-08-07 22:45:00,181.91496,182.13433,181.88458,182.12006
2026-08-07 23:00:00,182.09676,182.19424,182.01833,182.03178
2026-08-07 23:15:00,182.05706,182.14983,181.99776,182.10004
2026-08-07 23:30:00,182.12227,182.33069,182.11069,182.32109
2026-08-07 23:45:00,182.3165,182.35884,182.24228,182.33898
2026-08-08 00:00:00,182.32209,182.35082,182.23438,182.29893
2026-08-08 00:15:00,182.28593,182.38713,182.28593,182.35832
2026-08-08 00:30:00,182.37613,182.38785,182.30269,182.35008
2026-08-08 00:45:00,182.33907,182.47672,182.31613,182.4626
2026-08-08 01:00:00,182.46684,182.51373,182.42309,182.50508
2026-08-08 01:15:00,182.48672,182.50421,182.25163,182.25968
2026-08-08 01:30:00,182.27208,182.27925,182.0403,182.04538
2026-08-08 01:45:00,182.05869,182.20935,182.03457,182.13944
2026-08-08 02:00:00,182.1303,182.18063,182.01402,182.07596
2026-08-08 02:15:00,182.0853,182.11212,181.91036,181.94482
2026-08-08 02:30:00,181.92373,182.01332,181.92373,182.0057
2026-08-08 02:45:00,181.99981,182.0543,181.96724,182.02115
2026-08-08 03:00:00,182.01286,182.06387,181.99213,182.00615
2026-08-08 03:15:00,182.00952,182.02099,181.96974,181.98991
2026-08-08 03:30:00,181.983,182.06108,181.96526,182.05768
2026-08-08 03:45:00,182.05388,182.08868,182.03174,182.0816
2026-08-08 04:00:00,182.0772,182.21107,182.05889,182.20334
2026-08-08 04:15:00,182.1891,182.24725,182.16475,182.22187
2026-08-08 04:30:00,182.22431,182.2533,182.19078,182.20714
2026-08-08 04:45:00,182.20233,182.21678,182.168,182.17216
2026-08-08 05:00:00,182.18226,182.27572,182.17849,182.27077
2026-08-08 05:15:00,182.26189,182.28947,182.20507,182.23466
2026-08-08 05:30:00,182.24648,182.24648,182.16439,182.20555
2026-08-08 05:45:00,182.20279,182.20632,182.1213,182.17147
2026-08-08 06:00:00,182.16476,182.26521,182.14471,182.25873
2026-08-08 06:15:00,182.24853,182.36681,182.24853,182.32233
2026-08-08 06:30:00,182.31793,182.49043,182.29285,182.39378
2026-08-08 06:45:00,182.39946,182.44379,182.35296,182.39207
2026-08-08 07:00:00,182.4043,182.53216,182.33957,182.41901
2026-08-08 07:15:00,182.41569,182.41745,182.39555,182.40415
2026-08-08 07:30:00,182.40358,182.42324,182.39416,182.4119
2026-08-08 07:45:00,182.40746,182.42041,182.38577,182.41081
2026-08-08 08:00:00,182.40866,182.60844,182.32071,182.40616
2026-08-08 08:15:00,182.41003,182.41874,182.402,182.41455
2026-08-08 08:30:00,182.41237,182.4203,182.40117,182.41245
2026-08-08 08:45:00,182.40781,182.42044,182.39987,182.4133
2026-08-08 09:00:00,182.41203,182.57632,182.3761,182.40273
2026-08-08 09:15:00,182.40923,182.41972,182.39987,182.41398
2026-08-08 09:30:00,182.41233,182.42035,182.3998,182.41261
2026-08-08 09:45:00,182.40777,182.42023,182.39992,182.41357
2026-08-08 10:00:00,182.41222,182.61709,182.36399,182.42148
2026-08-08 10:15:00,182.42275,182.43024,182.41791,182.42572
2026-08-08 10:30:00,182.42231,182.43018,182.41936,182.42612
2026-08-08 10:45:00,182.42205,182.43023,182.41662,182.42408
2026-08-08 11:00:00,182.42205,182.55734,182.39767,182.42082
2026-08-08 11:15:00,182.42205,182.43338,182.41737,182.42622
2026-08-08 11:30:00,182.42205,182.43023,182.38908,182.42371
2026-08-08 11:45:00,182.41964,182.4302,182.41903,182.42479
2026-08-08 12:00:00,182.42209,182.55656,182.37307,182.42115
2026-08-08 12:15:00,182.42207,182.43027,182.41933,182.42179
2026-08-08 12:30:00,182.42206,182.42997,182.41581,182.42549
2026-08-08 12:45:00,182.42205,182.43304,182.41822,182.42565
2026-08-08 13:00:00,182.42245,182.55364,182.35152,182.42126
2026-08-08 13:15:00,182.42183,182.43303,182.38906,182.42734
2026-08-08 13:30:00,182.4225,182.43027,182.41958,182.42496
2026-08-08 13:45:00,182.42206,182.43058,182.41738,182.42588
2026-08-08 14:00:00,182.42215,182.58307,182.41532,182.42234
2026-08-08 14:15:00,182.42226,182.43024,182.41936,182.42089
2026-08-08 14:30:00,182.42205,182.43138,182.41765,182.42455
2026-08-08 14:45:00,182.42204,182.4323,182.41959,182.42843
2026-08-08 15:00:00,182.42459,182.5558,182.35413,182.42378
2026-08-08 15:15:00,182.42213,182.48657,182.41863,182.42176
2026-08-08 15:30:00,182.42356,182.43025,182.41946,182.42583
2026-08-08 15:45:00,182.42205,182.43055,182.41919,182.42639
2026-08-08 16:00:00,182.4223,182.55485,182.4086,182.42364
2026-08-08 16:15:00,182.42209,182.4303,182.41627,182.42064
2026-08-08 16:30:00,182.422,182.43219,182.39389,182.41257
2026-08-08 16:45:00,182.41877,182.43019,182.41619,182.42605
2026-08-08 17:00:00,182.42204,182.57651,182.40233,182.42361
2026-08-08 17:15:00,182.42134,182.43645,182.42021,182.42259
2026-08-08 17:30:00,182.42634,182.43452,182.41528,182.43063
2026-08-08 17:45:00,182.42632,182.43715,182.41921,182.43233
2026-08-08 18:00:00,182.42882,182.43442,182.41023,182.42924
2026-08-08 18:15:00,182.42635,182.43626,182.39907,182.42249
2026-08-08 18:30:00,182.42617,182.43452,182.42106,182.42282
2026-08-08 18:45:00,182.42633,182.4344,182.41699,182.42967
2026-08-08 19:00:00,182.42638,182.43476,182.41635,182.43001
2026-08-08 19:15:00,182.42659,182.43437,182.42008,182.42288
2026-08-08 19:30:00,182.42633,182.43454,182.41539,182.4226
2026-08-08 19:45:00,182.4263,182.43452,182.42117,182.42905
2026-08-08 20:00:00,182.42633,182.43585,182.39607,182.43015
2026-08-08 20:15:00,182.42631,182.43451,182.41414,182.42209
2026-08-08 20:30:00,182.42708,182.43454,182.42019,182.42255
2026-08-08 20:45:00,182.42633,182.43598,182.41374,182.429
2026-08-08 21:00:00,182.42629,182.43451,182.42115,182.43038
2026-08-08 21:15:00,182.42633,182.43443,182.41703,182.42779
2026-08-08 21:30:00,182.42633,182.4345,182.41405,182.41584
2026-08-08 21:45:00,182.42097,182.4345,182.4167,182.42969
2026-08-08 22:00:00,182.42631,182.43447,182.41459,182.43012
2026-08-08 22:15:00,182.426,182.43443,182.42093,182.42809
2026-08-08 22:30:00,182.42631,182.43487,182.41657,182.42237
2026-08-08 22:45:00,182.42618,182.43444,182.41263,182.42968
2026-08-08 23:00:00,182.42755,182.43426,182.41732,182.43015
2026-08-08 23:15:00,182.42621,182.43425,182.41544,182.42655
2026-08-08 23:30:00,182.42401,182.43406,182.41953,182.42236
2026-08-08 23:45:00,182.42607,182.43508,182.41621,182.42993
2026-08-09 00:00:00,182.42526,182.43416,182.41639,182.43183
2026-08-09 00:15:00,182.42873,182.43295,182.41782,182.42803
2026-08-09 00:30:00,182.42494,182.43394,182.41394,182.42677
2026-08-09 00:45:00,182.42349,182.43326,182.41829,182.42188
2026-08-09 01:00:00,182.42556,182.44373,182.41448,182.42604
2026-08-09 01:15:00,182.42293,182.43303,182.41158,182.42842
2026-08-09 01:30:00,182.42533,182.42763,182.4085,182.41351
2026-08-09 01:45:00,182.41357,182.47421,182.40045,182.42638
2026-08-09 02:00:00,182.42154,182.47042,182.3932,182.42897
2026-08-09 02:15:00,182.42647,182.43421,182.41079,182.43011
2026-08-09 02:30:00,182.42617,182.43771,182.42107,182.42695
2026-08-09 02:45:00,182.42603,182.43468,182.41609,182.4228
2026-08-09 03:00:00,182.42657,182.46855,182.39906,182.42901
2026-08-09 03:15:00,182.42602,182.4344,182.42082,182.4304
2026-08-09 03:30:00,182.42631,182.4345,182.41491,182.42729
2026-08-09 03:45:00,182.42596,182.43616,182.42088,182.42384
2026-08-09 04:00:00,182.42669,182.47643,182.388,182.43344
2026-08-09 04:15:00,182.42986,182.43793,182.41629,182.43538
2026-08-09 04:30:00,182.43135,182.43914,182.4258,182.43294
2026-08-09 04:45:00,182.43095,182.4372,182.41711,182.42239
2026-08-09 05:00:00,182.42618,182.47573,182.38689,182.4439
2026-08-09 05:15:00,182.44077,182.44213,182.42364,182.43779
2026-08-09 05:30:00,182.43393,182.44204,182.41969,182.43118
2026-08-09 05:45:00,182.42852,182.43654,182.4222,182.42377
2026-08-09 06:00:00,182.42762,182.46885,182.42095,182.42602
2026-08-09 06:15:00,182.42944,182.43744,182.4243,182.43291
2026-08-09 06:30:00,182.42896,182.43781,182.40863,182.42039
2026-08-09 06:45:00,182.4171,182.43563,182.41196,182.42229
2026-08-09 07:00:00,182.42587,182.46818,182.39833,182.42281
2026-08-09 07:15:00,182.42644,182.43412,182.41417,182.42918
2026-08-09 07:30:00,182.42625,182.4345,182.42114,182.43003
2026-08-09 07:45:00,182.42631,182.43416,182.39685,182.42868
2026-08-09 08:00:00,182.42627,182.46897,182.40377,182.42191
2026-08-09 08:15:00,182.42593,182.43434,182.42065,182.42878
2026-08-09 08:30:00,182.42631,182.43452,182.41425,182.43023
2026-08-09 08:45:00,182.42622,182.43444,182.41967,182.42801
2026-08-09 09:00:00,182.4263,182.46348,182.42116,182.42256
2026-08-09 09:15:00,182.42638,182.48445,182.41453,182.44529
2026-08-09 09:30:00,182.44122,182.44508,182.41621,182.44141
2026-08-09 09:45:00,182.4373,182.48023,182.43486,182.44432
2026-08-09 10:00:00,182.44284,182.45037,182.43856,182.44111
2026-08-09 10:15:00,182.4425,182.47567,182.44129,182.45116
2026-08-09 10:30:00,182.44743,182.4739,182.4448,182.45421
2026-08-09 10:45:00,182.45012,182.45925,182.4481,182.45321
2026-08-09 11:00:00,182.45104,182.47179,182.43234,182.45691
2026-08-09 11:15:00,182.45814,182.46663,182.45582,182.46278
2026-08-09 11:30:00,182.45853,182.46786,182.45442,182.4637
2026-08-09 11:45:00,182.45991,182.46808,182.44274,182.44567
2026-08-09 12:00:00,182.44822,182.45779,182.43801,182.44149
2026-08-09 12:15:00,182.44232,182.47535,182.43781,182.44645
2026-08-09 12:30:00,182.44685,182.45627,182.41062,182.43345
2026-08-09 12:45:00,182.43018,182.48053,182.41786,182.43277
2026-08-09 13:00:00,182.42935,182.48234,182.42662,182.43474
2026-08-09 13:15:00,182.43248,182.43863,182.42664,182.42846
2026-08-09 13:30:00,182.42937,182.48234,182.42718,182.43427
2026-08-09 13:45:00,182.43161,182.43898,182.42693,182.43358
2026-08-09 14:00:00,182.42978,182.48023,182.429,182.43454
2026-08-09 14:15:00,182.43235,182.48023,182.42325,182.44817
2026-08-09 14:30:00,182.44202,182.44975,182.43436,182.44004
2026-08-09 14:45:00,182.43738,182.47601,182.43481,182.44691
2026-08-09 15:00:00,182.44285,182.45115,182.44034,182.44453
2026-08-09 15:15:00,182.443,182.4739,182.44097,182.4461
2026-08-09 15:30:00,182.44746,182.4739,182.44476,182.45337
2026-08-09 15:45:00,182.44974,182.45899,182.44826,182.45518
2026-08-09 16:00:00,182.45108,182.48023,182.41485,182.4311
2026-08-09 16:15:00,182.42935,182.43749,182.42667,182.42804
2026-08-09 16:30:00,182.42935,182.48234,182.42652,182.43346
2026-08-09 16:45:00,182.42955,182.48234,182.42689,182.43659
2026-08-09 17:00:00,182.43255,182.43967,182.42797,182.43301
2026-08-09 17:15:00,182.4306,182.48234,182.42878,182.43554
2026-08-09 17:30:00,182.43664,182.44502,182.4316,182.4342
2026-08-09 17:45:00,182.43422,182.48023,182.42194,182.44936
2026-08-09 18:00:00,182.4457,182.47601,182.43635,182.44413
2026-08-09 18:15:00,182.44103,182.45058,182.43983,182.44175
2026-08-09 18:30:00,182.44243,182.46923,182.43829,182.44624
2026-08-09 18:45:00,182.4468,182.45521,182.44439,182.45021
2026-08-09 19:00:00,182.44704,182.4739,182.4446,182.45424
2026-08-09 19:15:00,182.4507,182.47179,182.44799,182.45477
2026-08-09 19:30:00,182.45165,182.46175,182.45093,182.45267
2026-08-09 19:45:00,182.45367,182.47179,182.45012,182.45827
2026-08-09 20:00:00,182.45567,182.46414,182.45331,182.45992
2026-08-09 20:15:00,182.45603,182.46424,182.45349,182.45805
2026-08-09 20:30:00,182.45603,182.46422,182.45237,182.45473
2026-08-09 20:45:00,182.45601,182.46411,182.45332,182.45887
2026-08-09 21:00:00,182.45603,182.46419,182.45338,182.46011
2026-08-09 21:15:00,182.45603,182.46419,182.44226,182.44773
2026-08-09 21:30:00,182.44642,182.45654,182.39912,182.40652
2026-08-09 21:45:00,182.40757,182.42547,182.40144,182.42161
2026-08-09 22:00:00,182.41802,182.4257,182.17481,182.25927
2026-08-09 22:15:00,182.25532,182.26351,182.25259,182.25776
2026-08-09 22:30:00,182.25532,182.26842,182.06132,182.1245
2026-08-09 22:45:00,182.12539,182.23334,181.97316,182.02105
2026-08-09 23:00:00,182.02158,182.02971,182.01893,182.02478
2026-08-09 23:15:00,182.02158,182.62804,181.76518,182.22055
2026-08-09 23:30:00,182.21742,182.22558,182.21479,182.21682
2026-08-09 23:45:00,182.21742,182.22123,182.04056,182.09808
2026-08-10 00:00:00,182.09894,182.58457,182.05328,182.16351
2026-08-10 00:15:00,182.16058,182.29496,182.14385,182.25062
2026-08-10 00:30:00,182.24704,182.35855,182.05847,182.12177
2026-08-10 00:45:00,182.11947,182.12755,182.10994,182.11164
2026-08-10 01:00:00,182.11283,182.24601,182.01047,182.18206
2026-08-10 01:15:00,182.17966,182.28114,182.00899,182.06944
2026-08-10 01:30:00,182.06539,182.0735,182.06271,182.06685
2026-08-10 01:45:00,182.06539,182.07356,181.93345,181.97272
2026-08-10 02:00:00,181.97408,182.22471,181.87886,182.15321
2026-08-10 02:15:00,182.15004,182.15315,182.00009,182.04907
2026-08-10 02:30:00,182.04499,182.07726,181.99298,182.01394
2026-08-10 02:45:00,182.01203,182.02009,182.00932,182.01076
2026-08-10 03:00:00,182.01203,182.6952,181.84491,182.27832
2026-08-10 03:15:00,182.2745,182.28389,182.27307,182.27901
2026-08-10 03:30:00,182.27487,182.28363,182.07795,182.14406
2026-08-10 03:45:00,182.14179,182.1498,181.98365,182.03367
2026-08-10 04:00:00,182.03468,182.61165,181.9397,182.41129
2026-08-10 04:15:00,182.1983,182.65723,181.98742,182.15162
2026-08-10 04:30:00,182.15344,182.66906,182.07502,182.42514
2026-08-10 04:45:00,182.20218,182.56851,181.914,181.99876
2026-08-10 05:00:00,182.04889,182.79683,181.94863,182.38166
2026-08-10 05:15:00,182.44835,182.80456,182.19529,182.41609
2026-08-10 05:30:00,182.37381,182.82835,182.21123,182.57138
2026-08-10 05:45:00,182.52866,182.96785,182.32351,182.40713
2026-08-10 06:00:00,182.38492,182.5651,182.30739,182.51356
2026-08-10 06:15:00,182.48159,182.48159,182.24748,182.37546
2026-08-10 06:30:00,182.37224,182.5276,182.27645,182.34386
2026-08-10 06:45:00,182.36781,182.42662,182.28627,182.3403
2026-08-10 07:00:00,182.37075,182.49513,182.26611,182.43954
2026-08-10 07:15:00,182.43211,182.44663,182.2814,182.403
2026-08-10 07:30:00,182.38912,182.41335,182.32016,182.34599
2026-08-10 07:45:00,182.34113,182.38628,182.32342,182.35791
2026-08-10 08:00:00,182.3388,182.46642,182.3362,182.46072
2026-08-10 08:15:00,182.45718,182.45857,182.42139,182.45624
2026-08-10 08:30:00,182.44956,182.51622,182.44166,182.51304
2026-08-10 08:45:00,182.5001,182.53066,182.48651,182.49745
2026-08-10 09:00:00,182.49882,182.52915,182.44798,182.48704
2026-08-10 09:15:00,182.48988,182.49642,182.42279,182.42765
2026-08-10 09:30:00,182.43529,182.47459,182.40417,182.47178
2026-08-10 09:45:00,182.45956,182.50445,182.45452,182.4852
2026-08-10 10:00:00,182.47971,182.50516,182.42435,182.50081
2026-08-10 10:15:00,182.49061,182.50354,182.4547,182.49716
2026-08-10 10:30:00,182.48986,182.5069,182.47954,182.49423
2026-08-10 10:45:00,182.48962,182.56813,182.47912,182.55383
2026-08-10 11:00:00,182.55466,182.70042,182.54921,182.6571
2026-08-10 11:15:00,182.65025,182.72476,182.61592,182.72055
2026-08-10 11:30:00,182.71753,182.82215,182.67668,182.81024
2026-08-10 11:45:00,182.80621,182.90491,182.75466,182.90054
2026-08-10 12:00:00,182.8904,182.90836,182.84134,182.88779
2026-08-10 12:15:00,182.87798,182.90413,182.8453,182.8629
2026-08-10 12:30:00,182.85642,182.86017,182.82048,182.83963
2026-08-10 12:45:00,182.83627,182.84293,182.79869,182.83055
2026-08-10 13:00:00,182.82129,182.82129,182.71586,182.73891
2026-08-10 13:15:00,182.73028,182.74361,182.69271,182.71114
2026-08-10 13:30:00,182.7026,182.73954,182.69081,182.73911
2026-08-10 13:45:00,182.73622,182.73866,182.70068,182.72553
2026-08-10 14:00:00,182.72105,182.79022,182.71009,182.78509
2026-08-10 14:15:00,182.77618,182.80593,182.76335,182.78362
2026-08-10 14:30:00,182.78701,182.80955,182.78606,182.80681
2026-08-10 14:45:00,182.79809,182.89734,182.79624,182.88958
2026-08-10 15:00:00,182.86676,182.9334,182.86676,182.92806
2026-08-10 15:15:00,182.91934,182.95928,182.91526,182.91823
2026-08-10 15:30:00,182.92264,182.94763,182.89684,182.94542
2026-08-10 15:45:00,182.93826,182.98369,182.93545,182.97211
2026-08-10 16:00:00,182.96712,183.03437,182.94585,183.02089
2026-08-10 16:15:00,182.99818,183.10013,182.99818,183.09786
2026-08-10 16:30:00,183.09343,183.10504,183.03945,183.04713
2026-08-10 16:45:00,183.06047,183.06047,182.97903,183.00146
2026-08-10 17:00:00,183.00308,183.10303,182.98973,183.08926
2026-08-10 17:15:00,183.0837,183.15087,183.06712,183.12408
2026-08-10 17:30:00,183.12698,183.25318,183.1088,183.23395
2026-08-10 17:45:00,183.22336,183.27254,183.19074,183.23589
2026-08-10 18:00:00,183.23025,183.2796,183.19176,183.24794
2026-08-10 18:15:00,183.25762,183.29433,183.25524,183.28821
2026-08-10 18:30:00,183.27982,183.3635,183.27795,183.3484
2026-08-10 18:45:00,183.34469,183.4835,183.28797,183.47836
2026-08-10 19:00:00,183.46819,183.5108,183.41699,183.48237
2026-08-10 19:15:00,183.48106,183.49707,183.43838,183.46984
2026-08-10 19:30:00,183.46052,183.54662,183.46052,183.53694
2026-08-10 19:45:00,183.51787,183.64463,183.51787,183.59857
2026-08-10 20:00:00,183.60836,183.61571,183.54461,183.5817
2026-08-10 20:15:00,183.57893,183.58765,183.51523,183.54914
2026-08-10 20:30:00,183.54303,183.55956,183.49615,183.49856
2026-08-10 20:45:00,183.50099,183.5139,183.44993,183.49137
2026-08-10 21:00:00,183.48318,183.5349,183.45611,183.49543
2026-08-10 21:15:00,183.49051,183.49051,183.41005,183.43178
2026-08-10 21:30:00,183.42495,183.4964,183.42495,183.46074
2026-08-10 21:45:00,183.46776,183.50308,183.45959,183.49372
2026-08-10 22:00:00,183.48839,183.49207,183.16963,183.35651
2026-08-10 22:15:00,183.34575,183.39808,183.26127,183.35062
2026-08-10 22:30:00,183.3411,183.43574,183.33275,183.42419
2026-08-10 22:45:00,183.41928,183.55358,183.40567,183.55138
2026-08-10 23:00:00,183.54841,183.59733,183.50674,183.57499
2026-08-10 23:15:00,183.58238,183.63177,183.55581,183.63047
2026-08-10 23:30:00,183.62789,183.64601,183.56792,183.62492
2026-08-10 23:45:00,183.62748,183.65664,183.54893,183.57218
2026-08-11 00:00:00,183.55296,183.60812,183.54944,183.5828
2026-08-11 00:15:00,183.57152,183.59402,183.49782,183.55468
2026-08-11 00:30:00,183.57183,183.64823,183.55574,183.60045
2026-08-11 00:45:00,183.6144,183.62929,183.55915,183.62821
2026-08-11 01:00:00,183.6258,183.6545,183.53783,183.62617
2026-08-11 01:15:00,183.62154,183.64269,183.49816,183.53308
2026-08-11 01:30:00,183.53342,183.56433,183.50048,183.52519
2026-08-11 01:45:00,183.53053,183.5925,183.51659,183.59114
2026-08-11 02:00:00,183.58729,183.63744,183.55906,183.63641
2026-08-11 02:15:00,183.63178,183.63685,183.56108,183.60888
2026-08-11 02:30:00,183.60288,183.66501,183.54778,183.63479
2026-08-11 02:45:00,183.63193,183.66996,183.56917,183.66684
2026-08-11 03:00:00,183.66004,183.74979,183.62736,183.7014
2026-08-11 03:15:00,183.71159,183.71377,183.65165,183.69042
2026-08-11 03:30:00,183.6836,183.71439,183.66842,183.69772
2026-08-11 03:45:00,183.69367,183.71486,183.67189,183.68218
2026-08-11 04:00:00,183.68455,183.73178,183.66232,183.73089
2026-08-11 04:15:00,183.72699,183.74505,183.69876,183.73355
2026-08-11 04:30:00,183.72894,183.76054,183.68682,183.75713
2026-08-11 04:45:00,183.75211,183.89466,183.7379,183.82878
2026-08-11 05:00:00,183.82114,183.82165,183.76583,183.79234
2026-08-11 05:15:00,183.79319,183.84486,183.7798,183.83995
2026-08-11 05:30:00,183.83604,183.9432,183.83226,183.87582
2026-08-11 05:45:00,183.88719,183.90316,183.83705,183.84734
2026-08-11 06:00:00,183.85601,183.90458,183.81787,183.90131
2026-08-11 06:15:00,183.89065,183.92225,183.89065,183.91594
2026-08-11 06:30:00,183.91175,183.91918,183.88751,183.90094
2026-08-11 06:45:00,183.89815,183.903,183.87573,183.89924
2026-08-11 07:00:00,183.89359,183.94008,183.74225,183.86486
2026-08-11 07:15:00,183.86688,183.90688,183.83223,183.85762
2026-08-11 07:30:00,183.84745,183.87152,183.81166,183.86933
2026-08-11 07:45:00,183.86428,183.87988,183.82149,183.85508
2026-08-11 08:00:00,183.83715,183.90439,183.83413,183.89636
2026-08-11 08:15:00,183.89382,183.90566,183.84041,183.87378
2026-08-11 08:30:00,183.86891,183.88353,183.82884,183.83517
2026-08-11 08:45:00,183.8422,183.85793,183.8232,183.85364
2026-08-11 09:00:00,183.84764,183.86639,183.80145,183.84413
2026-08-11 09:15:00,183.84576,183.85307,183.82408,183.85079
2026-08-11 09:30:00,183.8465,183.86876,183.84207,183.86235
2026-08-11 09:45:00,183.86009,183.86582,183.74438,183.74753
2026-08-11 10:00:00,183.75519,183.79954,183.73879,183.78319
2026-08-11 10:15:00,183.78064,183.84077,183.76998,183.83973
2026-08-11 10:30:00,183.83291,183.84923,183.58774,183.59997
2026-08-11 10:45:00,183.61338,183.76491,183.61338,183.75928
2026-08-11 11:00:00,183.75099,183.76585,183.69296,183.74917
2026-08-11 11:15:00,183.74054,183.76492,183.71121,183.71534
2026-08-11 11:30:00,183.71619,183.76659,183.71403,183.76341
2026-08-11 11:45:00,183.75835,183.80629,183.74052,183.79986
2026-08-11 12:00:00,183.78977,183.84739,183.7727,183.8431
2026-08-11 12:15:00,183.8355,183.87013,183.81059,183.82529
2026-08-11 12:30:00,183.83874,183.86541,183.82293,183.85251
2026-08-11 12:45:00,183.84518,183.86885,183.79845,183.80279
2026-08-11 13:00:00,183.80939,183.81818,183.76214,183.80335
2026-08-11 13:15:00,183.80053,183.80481,183.74448,183.76524
2026-08-11 13:30:00,183.7624,183.77981,183.73784,183.77731
2026-08-11 13:45:00,183.77057,183.79308,183.73348,183.77597
2026-08-11 14:00:00,183.76682,183.79258,183.76133,183.77868
2026-08-11 14:15:00,183.77925,183.78528,183.74759,183.77092
2026-08-11 14:30:00,183.76561,183.79649,183.74887,183.78623
2026-08-11 14:45:00,183.78038,183.80735,183.75196,183.75581
2026-08-11 15:00:00,183.76096,183.76592,183.72543,183.73378
2026-08-11 15:15:00,183.73844,183.74986,183.71832,183.73128
2026-08-11 15:30:00,183.73419,183.7471,183.69736,183.71945
2026-08-11 15:45:00,183.72125,183.75563,183.70623,183.74087
2026-08-11 16:00:00,183.74273,183.76994,183.72348,183.75381
2026-08-11 16:15:00,183.76074,183.77863,183.65417,183.69854
2026-08-11 16:30:00,183.69423,183.70987,183.65356,183.69466
2026-08-11 16:45:00,183.69109,183.69972,183.64312,183.67114
2026-08-11 17:00:00,183.659,183.84415,183.6498,183.81596
2026-08-11 17:15:00,183.81952,183.82198,183.7601,183.76134
2026-08-11 17:30:00,183.76416,183.79144,183.71496,183.76178
2026-08-11 17:45:00,183.75951,183.79865,183.73657,183.79631
2026-08-11 18:00:00,183.78713,183.80385,183.737,183.76614
2026-08-11 18:15:00,183.7717,183.79961,183.74553,183.75439
2026-08-11 18:30:00,183.75504,183.82087,183.73429,183.82054
2026-08-11 18:45:00,183.8183,183.85112,183.79814,183.8393
2026-08-11 19:00:00,183.82191,183.87632,183.80655,183.84574
2026-08-11 19:15:00,183.84183,183.84183,183.76768,183.77031
2026-08-11 19:30:00,183.77811,183.79289,183.74778,183.76412
2026-08-11 19:45:00,183.75999,183.78079,183.74552,183.77666
2026-08-11 20:00:00,183.77221,183.81939,183.75042,183.79975
2026-08-11 20:15:00,183.79664,183.8047,183.69509,183.70075
2026-08-11 20:30:00,183.71613,183.77108,183.71297,183.73739
2026-08-11 20:45:00,183.74675,183.75237,183.6693,183.67632
2026-08-11 21:00:00,183.68541,183.73549,183.59556,183.63147
2026-08-11 21:15:00,183.62565,183.70054,183.60178,183.69476
2026-08-11 21:30:00,183.68673,183.70192,183.64052,183.68036
2026-08-11 21:45:00,183.67425,183.7333,183.66453,183.73209
2026-08-11 22:00:00,183.72796,183.76296,183.70758,183.75746
2026-08-11 22:15:00,183.74227,183.84333,183.74227,183.79596
2026-08-11 22:30:00,183.80705,183.84207,183.78613,183.79073
2026-08-11 22:45:00,183.79241,183.85664,183.7865,183.85205
2026-08-11 23:00:00,183.84859,183.84859,183.73349,183.76461
2026-08-11 23:15:00,183.77497,183.81188,183.73801,183.79017
2026-08-11 23:30:00,183.78774,183.82738,183.73471,183.80528
2026-08-11 23:45:00,183.81412,183.86302,183.80206,183.81749
2026-08-12 00:00:00,183.82686,183.85111,183.79242,183.82785
2026-08-12 00:15:00,183.82095,183.83593,183.75132,183.75803
2026-08-12 00:30:00,183.77014,183.8082,183.75336,183.80478
2026-08-12 00:45:00,183.79787,183.81535,183.76659,183.8089
2026-08-12 01:00:00,183.80669,183.81613,183.74188,183.75151
2026-08-12 01:15:00,183.75728,183.79781,183.72925,183.79601
2026-08-12 01:30:00,183.79187,183.83901,183.78453,183.83004
2026-08-12 01:45:00,183.82203,183.86592,183.81051,183.8281
2026-08-12 02:00:00,183.83087,183.83729,183.77166,183.80066
2026-08-12 02:15:00,183.79362,183.80246,183.73429,183.7932
2026-08-12 02:30:00,183.79119,183.81804,183.77516,183.78728
2026-08-12 02:45:00,183.79473,183.80856,183.77434,183.798
2026-08-12 03:00:00,183.78991,183.81171,183.76191,183.78598
2026-08-12 03:15:00,183.78078,183.82602,183.77162,183.80195
2026-08-12 03:30:00,183.80363,183.83605,183.78963,183.81921
2026-08-12 03:45:00,183.82092,183.82719,183.79883,183.81121
2026-08-12 04:00:00,183.8153,183.82934,183.79411,183.81982
2026-08-12 04:15:00,183.81668,183.83673,183.79374,183.83317
2026-08-12 04:30:00,183.82949,183.85093,183.80916,183.84873
2026-08-12 04:45:00,183.84527,183.86264,183.7871,183.79276
2026-08-12 05:00:00,183.80304,183.84742,183.80304,183.82769
2026-08-12 05:15:00,183.82163,183.86516,183.80881,183.86217
2026-08-12 05:30:00,183.85693,183.86214,183.81749,183.84079
2026-08-12 05:45:00,183.83723,183.88314,183.81732,183.86244
2026-08-12 06:00:00,183.86751,183.89326,183.84084,183.86186
2026-08-12 06:15:00,183.85873,183.86643,183.83352,183.83933
2026-08-12 06:30:00,183.84391,183.92737,183.83778,183.90602
2026-08-12 06:45:00,183.91235,183.92058,183.86276,183.88503
2026-08-12 07:00:00,183.88137,183.88833,183.8341,183.86035
2026-08-12 07:15:00,183.84539,183.87649,183.80412,183.81075
2026-08-12 07:30:00,183.80584,183.83383,183.79841,183.81375
2026-08-12 07:45:00,183.81934,183.83987,183.79669,183.8269
2026-08-12 08:00:00,183.83074,183.88574,183.82678,183.88367
2026-08-12 08:15:00,183.87941,183.88802,183.86861,183.88497
2026-08-12 08:30:00,183.88079,183.89448,183.83574,183.84047
2026-08-12 08:45:00,183.8409,183.85995,183.83268,183.85456
2026-08-12 09:00:00,183.84715,183.86851,183.84377,183.84569
2026-08-12 09:15:00,183.84893,183.88484,183.84256,183.87788
2026-08-12 09:30:00,183.87383,183.87383,183.84182,183.85918
2026-08-12 09:45:00,183.85525,183.87451,183.84107,183.86068
2026-08-12 10:00:00,183.86337,183.8897,183.77562,183.82927
2026-08-12 10:15:00,183.82011,183.8314,183.79693,183.82809
2026-08-12 10:30:00,183.82286,183.86405,183.81457,183.84685
2026-08-12 10:45:00,183.8434,183.91289,183.83152,183.89266
2026-08-12 11:00:00,183.89814,183.92609,183.83625,183.83839
2026-08-12 11:15:00,183.84306,183.8527,183.81648,183.8305
2026-08-12 11:30:00,183.83323,183.86834,183.82799,183.84434
2026-08-12 11:45:00,183.84053,183.86026,183.81991,183.85037
2026-08-12 12:00:00,183.8478,183.87501,183.84092,183.85319
2026-08-12 12:15:00,183.86042,183.92502,183.84572,183.89476
2026-08-12 12:30:00,183.89981,183.95332,183.89399,183.94974
2026-08-12 12:45:00,183.9455,183.95033,183.90478,183.90982
2026-08-12 13:00:00,183.9156,183.96314,183.90731,183.9439
2026-08-12 13:15:00,183.9491,183.97189,183.93038,183.96627
2026-08-12 13:30:00,183.95757,183.97294,183.92556,183.94586
2026-08-12 13:45:00,183.94201,183.95243,183.899,183.91591
2026-08-12 14:00:00,183.91298,183.93606,183.89817,183.91701
2026-08-12 14:15:00,183.90923,183.92998,183.89025,183.89742
2026-08-12 14:30:00,183.90114,183.92643,183.85829,183.86417
2026-08-12 14:45:00,183.8716,183.91169,183.85788,183.90832
2026-08-12 15:00:00,183.90505,183.90749,183.86953,183.87367
2026-08-12 15:15:00,183.8822,183.89321,183.8398,183.87459
2026-08-12 15:30:00,183.8692,183.88281,183.83669,183.86197
2026-08-12 15:45:00,183.85617,183.8791,183.83063,183.876
2026-08-12 16:00:00,183.87133,183.88705,183.8409,183.88138
2026-08-12 16:15:00,183.87688,183.88883,183.81731,183.87081
2026-08-12 16:30:00,183.87395,183.89736,183.83352,183.86099
2026-08-12 16:45:00,183.85634,183.87567,183.83222,183.86151
2026-08-12 17:00:00,183.86408,183.90978,183.83686,183.90473
2026-08-12 17:15:00,183.89722,183.92605,183.87468,183.89458
2026-08-12 17:30:00,183.89023,183.89444,183.84002,183.87517
2026-08-12 17:45:00,183.87261,183.88124,183.84635,183.86344
2026-08-12 18:00:00,183.86132,183.8865,183.81034,183.82416
2026-08-12 18:15:00,183.82616,183.86599,183.80178,183.86151
2026-08-12 18:30:00,183.85493,183.87156,183.81516,183.85853
2026-08-12 18:45:00,183.84604,183.86891,183.81612,183.82451
2026-08-12 19:00:00,183.83936,183.83975,183.79557,183.82678
2026-08-12 19:15:00,183.82161,183.82899,183.32382,183.59246
2026-08-12 19:30:00,183.58342,183.67,183.53972,183.56442
2026-08-12 19:45:00,183.56185,183.61195,183.53782,183.60955
2026-08-12 20:00:00,183.60569,183.69089,183.59413,183.65511
2026-08-12 20:15:00,183.65285,183.67775,183.60963,183.63324
2026-08-12 20:30:00,183.64324,183.65815,183.58044,183.58535
2026-08-12 20:45:00,183.59257,183.63086,183.54933,183.6207
2026-08-12 21:00:00,183.61247,183.63724,183.55418,183.57419
2026-08-12 21:15:00,183.5682,183.62171,183.54078,183.60366
2026-08-12 21:30:00,183.61127,183.62277,183.57231,183.60095
2026-08-12 21:45:00,183.59524,183.67942,183.57292,183.67137
2026-08-12 22:00:00,183.66873,183.70672,183.59448,183.62847
2026-08-12 22:15:00,183.62324,183.66474,183.57199,183.59859
2026-08-12 22:30:00,183.59223,183.72688,183.42932,183.5592
2026-08-12 22:45:00,183.54331,183.72578,183.52582,183.62037
2026-08-12 23:00:00,183.64344,183.65397,183.49573,183.54189
2026-08-12 23:15:00,183.56673,183.57302,183.47405,183.53495
2026-08-12 23:30:00,183.54272,183.62745,183.52502,183.61081
2026-08-12 23:45:00,183.60653,183.69841,183.58362,183.69328
2026-08-13 00:00:00,183.68017,183.80316,183.68017,183.79035
2026-08-13 00:15:00,183.78676,183.83375,183.71418,183.72462
2026-08-13 00:30:00,183.7436,183.82251,183.68414,183.81829
2026-08-13 00:45:00,183.80959,183.81522,183.71894,183.77816
2026-08-13 01:00:00,183.7822,183.80238,183.74196,183.78675
2026-08-13 01:15:00,183.77775,183.78975,183.73175,183.77976
2026-08-13 01:30:00,183.77637,183.81954,183.73603,183.77919
2026-08-13 01:45:00,183.78335,183.78335,183.72706,183.74631
2026-08-13 02:00:00,183.7468,183.77665,183.69093,183.7688
2026-08-13 02:15:00,183.74981,183.76638,183.70284,183.74977
2026-08-13 02:30:00,183.74703,183.75237,183.7104,183.74548
2026-08-13 02:45:00,183.73771,183.77165,183.71226,183.76659
2026-08-13 03:00:00,183.76179,183.77512,183.73679,183.76885
2026-08-13 03:15:00,183.76523,183.79483,183.75289,183.78982
2026-08-13 03:30:00,183.78747,183.8397,183.77687,183.79862
2026-08-13 03:45:00,183.81793,183.83859,183.77437,183.77803
2026-08-13 04:00:00,183.78402,183.82521,183.75855,183.78786
2026-08-13 04:15:00,183.79537,183.82725,183.75516,183.78853
2026-08-13 04:30:00,183.78198,183.79394,183.7442,183.77246
2026-08-13 04:45:00,183.77918,183.78549,183.74001,183.74175
2026-08-13 05:00:00,183.74621,183.79263,183.74621,183.78451
2026-08-13 05:15:00,183.78143,183.78734,183.75532,183.7758
2026-08-13 05:30:00,183.77235,183.79384,183.74277,183.78966
2026-08-13 05:45:00,183.78275,183.79585,183.75234,183.78588
2026-08-13 06:00:00,183.77282,183.80154,183.76002,183.78463
2026-08-13 06:15:00,183.78105,183.80302,183.73987,183.74449
2026-08-13 06:30:00,183.74427,183.76479,183.71917,183.73824
2026-08-13 06:45:00,183.7398,183.75909,183.71445,183.74292
2026-08-13 07:00:00,183.74617,183.82838,183.68581,183.74037
2026-08-13 07:15:00,183.72388,183.76559,183.70532,183.74879
2026-08-13 07:30:00,183.72728,183.76145,183.70873,183.73442
2026-08-13 07:45:00,183.71274,183.75646,183.69067,183.71541
2026-08-13 08:00:00,183.71703,183.77378,183.7157,183.75847
2026-08-13 08:15:00,183.75352,183.78584,183.74386,183.75373
2026-08-13 08:30:00,183.74943,183.75543,183.73117,183.74257
2026-08-13 08:45:00,183.73991,183.74153,183.72017,183.7384
2026-08-13 09:00:00,183.73494,183.74671,183.70245,183.71257
2026-08-13 09:15:00,183.71647,183.72802,183.64993,183.68087
2026-08-13 09:30:00,183.6845,183.73019,183.66646,183.72576
2026-08-13 09:45:00,183.72277,183.72615,183.67205,183.67528
2026-08-13 10:00:00,183.68113,183.72861,183.65304,183.70944
2026-08-13 10:15:00,183.71454,183.75478,183.67908,183.7008
2026-08-13 10:30:00,183.69553,183.71347,183.62881,183.63274
2026-08-13 10:45:00,183.63653,183.70614,183.62433,183.70127
2026-08-13 11:00:00,183.69203,183.70476,183.65967,183.66442
2026-08-13 11:15:00,183.6684,183.6963,183.6497,183.69355
2026-08-13 11:30:00,183.69091,183.7117,183.65837,183.67752
2026-08-13 11:45:00,183.67139,183.67917,183.64074,183.666
2026-08-13 12:00:00,183.6585,183.71587,183.6465,183.69097
2026-08-13 12:15:00,183.69431,183.73053,183.69031,183.71091
2026-08-13 12:30:00,183.71505,183.72945,183.6827,183.70851
2026-08-13 12:45:00,183.70503,183.72854,183.69457,183.71844
2026-08-13 13:00:00,183.7163,183.73033,183.68579,183.7122
2026-08-13 13:15:00,183.7097,183.75256,183.70308,183.74797
2026-08-13 13:30:00,183.73804,183.76183,183.7153,183.73494
2026-08-13 13:45:00,183.72908,183.73674,183.70491,183.71634
2026-08-13 14:00:00,183.71041,183.73345,183.6956,183.72684
2026-08-13 14:15:00,183.72223,183.73348,183.71065,183.71447
2026-08-13 14:30:00,183.71655,183.75468,183.69467,183.75386
2026-08-13 14:45:00,183.74971,183.75478,183.48486,183.49704
2026-08-13 15:00:00,183.51502,183.63988,183.51135,183.61704
2026-08-13 15:15:00,183.618,183.67733,183.57397,183.6543
2026-08-13 15:30:00,183.66128,183.68068,183.64375,183.66282
2026-08-13 15:45:00,183.65941,183.66368,183.56345,183.58928
2026-08-13 16:00:00,183.58588,183.66003,183.57702,183.65524
2026-08-13 16:15:00,183.64586,183.6515,183.59331,183.60476
2026-08-13 16:30:00,183.60988,183.62697,183.52939,183.62125
2026-08-13 16:45:00,183.61805,183.61805,183.55353,183.57744
2026-08-13 17:00:00,183.56524,183.61931,183.56512,183.59595
2026-08-13 17:15:00,183.58794,183.65575,183.58794,183.63579
2026-08-13 17:30:00,183.62902,183.68244,183.60375,183.63965
2026-08-13 17:45:00,183.64385,183.70693,183.63179,183.70507
2026-08-13 18:00:00,183.69924,183.69924,183.6409,183.69413
2026-08-13 18:15:00,183.69036,183.71319,183.66876,183.70841
2026-08-13 18:30:00,183.70165,183.75158,183.68183,183.73054
2026-08-13 18:45:00,183.73749,183.75601,183.70056,183.71876
2026-08-13 19:00:00,183.71532,183.762,183.70118,183.76012
2026-08-13 19:15:00,183.75534,183.80494,183.73515,183.79991
2026-08-13 19:30:00,183.79293,183.81761,183.76887,183.78604
2026-08-13 19:45:00,183.78369,183.79101,183.72865,183.78512
2026-08-13 20:00:00,183.76542,183.82898,183.76542,183.80815
2026-08-13 20:15:00,183.81262,183.83371,183.79189,183.82823
2026-08-13 20:30:00,183.82071,183.85736,183.8124,183.82559
2026-08-13 20:45:00,183.83064,183.84341,183.79805,183.8413
2026-08-13 21:00:00,183.83553,183.83553,183.79575,183.80003
2026-08-13 21:15:00,183.80513,183.81576,183.76733,183.79747
2026-08-13 21:30:00,183.79161,183.80313,183.75202,183.76162
2026-08-13 21:45:00,183.76516,183.7933,183.74914,183.79246
2026-08-13 22:00:00,183.78874,183.79811,183.75434,183.77921
2026-08-13 22:15:00,183.78426,183.78426,183.74613,183.75772
2026-08-13 22:30:00,183.76033,183.79691,183.66211,183.69155
2026-08-13 22:45:00,183.68231,183.78768,183.68231,183.77704
2026-08-13 23:00:00,183.75603,183.79715,183.69849,183.72136
2026-08-13 23:15:00,183.71629,183.77401,183.70661,183.753
2026-08-13 23:30:00,183.75075,183.79398,183.73265,183.75985
2026-08-13 23:45:00,183.75523,183.75841,183.68462,183.73435
2026-08-14 00:00:00,183.72919,183.79146,183.55557,183.5649
2026-08-14 00:15:00,183.5749,183.65123,183.56713,183.6118
2026-08-14 00:30:00,183.60451,183.68389,183.5746,183.66802
2026-08-14 00:45:00,183.66515,183.74895,183.64695,183.74556
2026-08-14 01:00:00,183.73747,183.82258,183.72118,183.81852
2026-08-14 01:15:00,183.80728,183.82606,183.76822,183.78166
2026-08-14 01:30:00,183.79962,183.83666,183.76299,183.76537
2026-08-14 01:45:00,183.77051,183.79797,183.73883,183.74457
2026-08-14 02:00:00,183.75431,183.79646,183.73845,183.79364
2026-08-14 02:15:00,183.78151,183.81343,183.73569,183.80806
2026-08-14 02:30:00,183.8007,183.84555,183.79437,183.82094
2026-08-14 02:45:00,183.82969,183.89452,183.82969,183.89178
2026-08-14 03:00:00,183.88624,183.90831,183.85715,183.87919
2026-08-14 03:15:00,183.87362,183.88532,183.83831,183.86974
2026-08-14 03:30:00,183.85875,183.92464,183.85875,183.89448
2026-08-14 03:45:00,183.90007,183.92893,183.88854,183.90811
2026-08-14 04:00:00,183.91456,183.92457,183.86329,183.88653
2026-08-14 04:15:00,183.8788,183.90322,183.86254,183.88
2026-08-14 04:30:00,183.87721,183.90794,183.86439,183.89542
2026-08-14 04:45:00,183.89256,183.91874,183.88286,183.89542
2026-08-14 05:00:00,183.90037,183.9278,183.89169,183.92124
2026-08-14 05:15:00,183.91767,183.93213,183.90577,183.92741
2026-08-14 05:30:00,183.92353,183.93805,183.89633,183.93209
2026-08-14 05:45:00,183.9268,183.93315,183.87889,183.88321
2026-08-14 06:00:00,183.89443,183.9248,183.8717,183.88852
2026-08-14 06:15:00,183.89237,183.94616,183.88538,183.92915
2026-08-14 06:30:00,183.93002,183.95757,183.91674,183.94877
2026-08-14 06:45:00,183.94424,183.95182,183.89164,183.91098
2026-08-14 07:00:00,183.92065,183.95453,183.8299,183.8491
2026-08-14 07:15:00,183.85109,183.90238,183.85109,183.88317
2026-08-14 07:30:00,183.87457,183.9296,183.87457,183.90167
2026-08-14 07:45:00,183.90334,183.93435,183.89824,183.91572
2026-08-14 08:00:00,183.91226,183.9291,183.8803,183.91132
2026-08-14 08:15:00,183.91012,183.93625,183.88873,183.93358
2026-08-14 08:30:00,183.92856,183.94671,183.91249,183.92452
2026-08-14 08:45:00,183.92265,183.93241,183.89814,183.90014
2026-08-14 09:00:00,183.90386,183.92018,183.8871,183.91687
2026-08-14 09:15:00,183.91231,183.9359,183.9015,183.93232
2026-08-14 09:30:00,183.92911,183.93931,183.91323,183.916
2026-08-14 09:45:00,183.91818,183.9284,183.88961,183.90011
2026-08-14 10:00:00,183.89771,183.98194,183.86776,183.95974
2026-08-14 10:15:00,183.96354,183.96961,183.89666,183.93575
2026-08-14 10:30:00,183.93086,183.94028,183.88885,183.91115
2026-08-14 10:45:00,183.91138,183.94114,183.86947,183.89154
2026-08-14 11:00:00,183.89343,183.91554,183.85752,183.87069
2026-08-14 11:15:00,183.88314,183.91507,183.86908,183.9028
2026-08-14 11:30:00,183.89639,183.94845,183.89273,183.9443
2026-08-14 11:45:00,183.94087,183.95169,183.9016,183.91257
2026-08-14 12:00:00,183.923,183.93638,183.90596,183.92044
2026-08-14 12:15:00,183.92619,183.93202,183.88595,183.88996
2026-08-14 12:30:00,183.89526,183.90214,183.86691,183.89664
2026-08-14 12:45:00,183.89213,183.91128,183.86898,183.87404
2026-08-14 13:00:00,183.87534,183.88449,183.83797,183.85516
2026-08-14 13:15:00,183.85819,183.89415,183.83353,183.85409
2026-08-14 13:30:00,183.84946,183.88623,183.83814,183.86787
2026-08-14 13:45:00,183.86269,183.91273,183.85736,183.90646
2026-08-14 14:00:00,183.90324,183.91372,183.86573,183.90457
2026-08-14 14:15:00,183.90185,183.90185,183.85626,183.86216
2026-08-14 14:30:00,183.86635,183.90469,183.85632,183.88769
2026-08-14 14:45:00,183.8841,183.91455,183.8655,183.87933
2026-08-14 15:00:00,183.88305,183.88758,183.85582,183.87005
2026-08-14 15:15:00,183.86701,183.88008,183.84095,183.87527
2026-08-14 15:30:00,183.86799,183.88762,183.79293,183.83802
2026-08-14 15:45:00,183.83283,183.86469,183.80765,183.82866
2026-08-14 16:00:00,183.82519,183.84391,183.69489,183.70927
2026-08-14 16:15:00,183.71632,183.81893,183.71632,183.77115
2026-08-14 16:30:00,183.7855,183.84335,183.7855,183.84155
2026-08-14 16:45:00,183.83904,183.85362,183.78194,183.84889
2026-08-14 17:00:00,183.84568,183.88681,183.80066,183.88522
2026-08-14 17:15:00,183.88188,183.94018,183.85675,183.93536
2026-08-14 17:30:00,183.92805,183.94168,183.88743,183.92804
2026-08-14 17:45:00,183.91879,183.94456,183.8892,183.91637
2026-08-14 18:00:00,183.91219,183.94381,183.8778,183.91182
2026-08-14 18:15:00,183.92335,183.95521,183.84233,183.84579
2026-08-14 18:30:00,183.85311,183.88496,183.75811,183.88217
2026-08-14 18:45:00,183.87537,183.93483,183.84458,183.93291
2026-08-14 19:00:00,183.92287,183.96616,183.8773,183.9021
2026-08-14 19:15:00,183.89912,183.91574,183.85965,183.88959
2026-08-14 19:30:00,183.89933,183.92425,183.84434,183.86399
2026-08-14 19:45:00,183.86019,183.89479,183.82176,183.89357
2026-08-14 20:00:00,183.88737,183.89738,183.82591,183.86211
2026-08-14 20:15:00,183.8487,183.92073,183.84195,183.90366
2026-08-14 20:30:00,183.90658,183.92179,183.87411,183.91933
2026-08-14 20:45:00,183.91418,183.94695,183.90236,183.94494
2026-08-14 21:00:00,183.93499,184.00366,183.93499,184.00049
2026-08-14 21:15:00,183.99695,184.02979,183.96724,184.02746
2026-08-14 21:30:00,184.02403,184.10539,184.00597,184.0374
2026-08-14 21:45:00,184.05167,184.09386,184.0113,184.0487
2026-08-14 22:00:00,184.04561,184.05313,183.89292,183.94303
2026-08-14 22:15:00,183.93801,183.94537,183.70006,183.70345
2026-08-14 22:30:00,183.71289,183.85678,183.61846,183.76113
2026-08-14 22:45:00,183.76965,183.84953,183.75645,183.83825
2026-08-14 23:00:00,183.82843,183.92082,183.79001,183.91788
2026-08-14 23:15:00,183.91117,183.97029,183.88151,183.92126
2026-08-14 23:30:00,183.91737,184.03306,183.86998,184.02188
2026-08-14 23:45:00,183.99583,184.08828,183.93232,184.06078
2026-08-15 00:00:00,184.05275,184.1652,184.04495,184.1392
2026-08-15 00:15:00,184.14881,184.18007,184.09695,184.14426
2026-08-15 00:30:00,184.13521,184.16981,184.09881,184.12356
2026-08-15 00:45:00,184.13119,184.19058,184.08899,184.18589
2026-08-15 01:00:00,184.17351,184.22499,184.13235,184.2207
2026-08-15 01:15:00,184.21603,184.30114,184.19071,184.25106
2026-08-15 01:30:00,184.26534,184.36286,184.26534,184.36073
2026-08-15 01:45:00,184.3573,184.40806,184.34568,184.35688
2026-08-15 02:00:00,184.36307,184.45813,184.35802,184.38459
2026-08-15 02:15:00,184.38737,184.46237,184.38663,184.43828
2026-08-15 02:30:00,184.4434,184.45113,184.38148,184.39824
2026-08-15 02:45:00,184.41022,184.44076,184.40328,184.40444
2026-08-15 03:00:00,184.40475,184.4141,184.35356,184.3568
2026-08-15 03:15:00,184.35918,184.37328,184.32113,184.32364
2026-08-15 03:30:00,184.32681,184.34416,184.28922,184.29967
2026-08-15 03:45:00,184.30608,184.31796,184.2852,184.29226
2026-08-15 04:00:00,184.29736,184.31759,184.28608,184.31328
2026-08-15 04:15:00,184.30857,184.33183,184.28562,184.3296
2026-08-15 04:30:00,184.32302,184.34698,184.31836,184.32793
2026-08-15 04:45:00,184.33612,184.35854,184.31303,184.35678
2026-08-15 05:00:00,184.35256,184.37185,184.31004,184.37111
2026-08-15 05:15:00,184.36465,184.38022,184.3504,184.36478
2026-08-15 05:30:00,184.36481,184.39014,184.33159,184.36086
2026-08-15 05:45:00,184.3653,184.38822,184.34638,184.36436
2026-08-15 06:00:00,184.36036,184.37141,184.32838,184.35741
2026-08-15 06:15:00,184.35408,184.36235,184.32679,184.32945
2026-08-15 06:30:00,184.33006,184.36026,184.31297,184.31723
2026-08-15 06:45:00,184.32506,184.34964,184.29589,184.34383
2026-08-15 07:00:00,184.33788,184.39116,184.22838,184.2714
2026-08-15 07:15:00,184.27073,184.31353,184.25915,184.30139
2026-08-15 07:30:00,184.29151,184.30477,184.22346,184.2569
2026-08-15 07:45:00,184.27529,184.30445,184.23442,184.25645
2026-08-15 08:00:00,184.27489,184.31169,184.2351,184.27619
2026-08-15 08:15:00,184.29479,184.31019,184.2402,184.30825
2026-08-15 08:30:00,184.30229,184.30669,184.23838,184.25916
2026-08-15 08:45:00,184.29153,184.30666,184.23808,184.30178
2026-08-15 09:00:00,184.29816,184.3192,184.23298,184.26726
2026-08-15 09:15:00,184.29499,184.31019,184.23625,184.30411
2026-08-15 09:30:00,184.29945,184.30857,184.23978,184.25959
2026-08-15 09:45:00,184.29104,184.31877,184.23862,184.29909
2026-08-15 10:00:00,184.29437,184.35014,184.25545,184.3452
2026-08-15 10:15:00,184.34042,184.3506,184.32733,184.34543
2026-08-15 10:30:00,184.33792,184.34966,184.33628,184.34597
2026-08-15 10:45:00,184.34059,184.38183,184.32806,184.34623
2026-08-15 11:00:00,184.34996,184.35403,184.31343,184.34667
2026-08-15 11:15:00,184.34199,184.3503,184.29206,184.34656
2026-08-15 11:30:00,184.34122,184.34937,184.28356,184.33915
2026-08-15 11:45:00,184.33184,184.34952,184.33184,184.34049
2026-08-15 12:00:00,184.3411,184.35372,184.31779,184.33999
2026-08-15 12:15:00,184.34066,184.34895,184.33853,184.34434
2026-08-15 12:30:00,184.34122,184.35194,184.30912,184.34632
2026-08-15 12:45:00,184.34046,184.34994,184.32192,184.3451
2026-08-15 13:00:00,184.33967,184.34917,184.31179,184.33977
2026-08-15 13:15:00,184.3408,184.34797,184.27137,184.34356
2026-08-15 13:30:00,184.34104,184.34971,184.3384,184.3465
2026-08-15 13:45:00,184.34058,184.34938,184.28781,184.34548
2026-08-15 14:00:00,184.34113,184.34896,184.31123,184.34421
2026-08-15 14:15:00,184.3373,184.3513,184.33686,184.34578
2026-08-15 14:30:00,184.34061,184.35072,184.28142,184.34724
2026-08-15 14:45:00,184.34253,184.35133,184.33907,184.34575
2026-08-15 15:00:00,184.34122,184.34983,184.26083,184.33988
2026-08-15 15:15:00,184.34138,184.35242,184.32992,184.34489
2026-08-15 15:30:00,184.33966,184.3507,184.33887,184.3473
2026-08-15 15:45:00,184.34185,184.35148,184.32191,184.34639
2026-08-15 16:00:00,184.34242,184.35018,184.31367,184.34701
2026-08-15 16:15:00,184.34248,184.35343,184.32794,184.34706
2026-08-15 16:30:00,184.34275,184.35373,184.28781,184.32997
2026-08-15 16:45:00,184.3153,184.41107,184.31038,184.34659
2026-08-15 17:00:00,184.34216,184.34937,184.2776,184.34178
2026-08-15 17:15:00,184.34279,184.3504,184.33877,184.34739
2026-08-15 17:30:00,184.34261,184.35049,184.32191,184.34661
2026-08-15 17:45:00,184.34131,184.35484,184.31978,184.34499
2026-08-15 18:00:00,184.33758,184.34984,184.33758,184.34111
2026-08-15 18:15:00,184.34169,184.35779,184.27844,184.34578
2026-08-15 18:30:00,184.34089,184.3503,184.33909,184.34651
2026-08-15 18:45:00,184.34159,184.35029,184.30912,184.34689
2026-08-15 19:00:00,184.34207,184.34987,184.27716,184.3411
2026-08-15 19:15:00,184.33564,184.35009,184.33564,184.3409
2026-08-15 19:30:00,184.342,184.35386,184.29634,184.34614
2026-08-15 19:45:00,184.34127,184.35002,184.33887,184.347
2026-08-15 20:00:00,184.3421,184.35009,184.28364,184.3457
2026-08-15 20:15:00,184.34161,184.35022,184.31552,184.34372
2026-08-15 20:30:00,184.33839,184.35027,184.33804,184.34603
2026-08-15 20:45:00,184.34163,184.38067,184.27502,184.34676
2026-08-15 21:00:00,184.341,184.35332,184.33924,184.34612
2026-08-15 21:15:00,184.342,184.36713,184.32193,184.34172
2026-08-15 21:30:00,184.34293,184.37868,184.27289,184.28424
2026-08-15 21:45:00,184.29358,184.34574,184.29358,184.34104
2026-08-15 22:00:00,184.33698,184.34626,184.26863,184.33722
2026-08-15 22:15:00,184.33498,184.34705,184.33457,184.33828
2026-08-15 22:30:00,184.33957,184.34863,184.27076,184.34104
2026-08-15 22:45:00,184.33671,184.34497,184.27076,184.32375
2026-08-15 23:00:00,184.32572,184.34143,184.32556,184.33621
2026-08-15 23:15:00,184.33331,184.3797,184.27018,184.32997
2026-08-15 23:30:00,184.32601,184.33639,184.32498,184.32768
2026-08-15 23:45:00,184.32812,184.33308,184.27502,184.3242
2026-08-16 00:00:00,184.32087,184.32912,184.27716,184.31152
2026-08-16 00:15:00,184.31187,184.32319,184.31187,184.31487
2026-08-16 00:30:00,184.31514,184.32783,184.28262,184.31076
2026-08-16 00:45:00,184.31172,184.32022,184.30932,184.31467
2026-08-16 01:00:00,184.31195,184.34912,184.26164,184.30201
2026-08-16 01:15:00,184.29807,184.30697,184.28994,184.29196
2026-08-16 01:30:00,184.29365,184.30566,184.29365,184.2961
2026-08-16 01:45:00,184.29737,184.30469,184.28445,184.2988
2026-08-16 02:00:00,184.2959,184.36232,184.20122,184.31778
2026-08-16 02:15:00,184.31365,184.36017,184.27614,184.32009
2026-08-16 02:30:00,184.3186,184.32691,184.27929,184.29396
2026-08-16 02:45:00,184.31117,184.31117,184.26562,184.30543
2026-08-16 03:00:00,184.30197,184.30603,184.19355,184.30326
2026-08-16 03:15:00,184.29906,184.33242,184.29721,184.326
2026-08-16 03:30:00,184.32422,184.34096,184.27502,184.33202
2026-08-16 03:45:00,184.33335,184.34711,184.26863,184.33961
2026-08-16 04:00:00,184.3383,184.34109,184.23689,184.33912
2026-08-16 04:15:00,184.33473,184.34584,184.26339,184.31626
2026-08-16 04:30:00,184.31375,184.33234,184.30443,184.32316
2026-08-16 04:45:00,184.32423,184.34374,184.28141,184.33876
2026-08-16 05:00:00,184.33429,184.34226,184.2406,184.34065
2026-08-16 05:15:00,184.33601,184.34023,184.31676,184.33524
2026-08-16 05:30:00,184.33176,184.34426,184.27063,184.33012
2026-08-16 05:45:00,184.32631,184.33588,184.32436,184.32705
2026-08-16 06:00:00,184.32772,184.34084,184.23349,184.28077
2026-08-16 06:15:00,184.27772,184.29664,184.26677,184.29202
2026-08-16 06:30:00,184.28784,184.30711,184.28772,184.29895
2026-08-16 06:45:00,184.29899,184.322,184.2794,184.31834
2026-08-16 07:00:00,184.31282,184.33346,184.22173,184.32948
2026-08-16 07:15:00,184.327,184.33282,184.27509,184.32226
2026-08-16 07:30:00,184.31828,184.35604,184.27289,184.33413
2026-08-16 07:45:00,184.33215,184.34673,184.2702,184.32641
2026-08-16 08:00:00,184.32756,184.34367,184.23948,184.33146
2026-08-16 08:15:00,184.32826,184.33747,184.32657,184.33345
2026-08-16 08:30:00,184.32932,184.33758,184.27289,184.32537
2026-08-16 08:45:00,184.32407,184.33026,184.27716,184.29233
2026-08-16 09:00:00,184.32187,184.33184,184.22205,184.31898
2026-08-16 09:15:00,184.31518,184.3241,184.27029,184.30272
2026-08-16 09:30:00,184.29848,184.30899,184.29745,184.3028
2026-08-16 09:45:00,184.30072,184.30694,184.28781,184.29762
2026-08-16 10:00:00,184.29886,184.32157,184.28331,184.31769
2026-08-16 10:15:00,184.31348,184.3173,184.28137,184.31311
2026-08-16 10:30:00,184.30923,184.31745,184.28568,184.30774
2026-08-16 10:45:00,184.30497,184.31407,184.30317,184.30488
2026-08-16 11:00:00,184.30581,184.3139,184.24921,184.29955
2026-08-16 11:15:00,184.29474,184.36884,184.28279,184.32631
2026-08-16 11:30:00,184.32281,184.32486,184.28142,184.31996
2026-08-16 11:45:00,184.31666,184.32488,184.28142,184.31422
2026-08-16 12:00:00,184.31097,184.33289,184.30896,184.31641
2026-08-16 12:15:00,184.31731,184.31916,184.28328,184.31054
2026-08-16 12:30:00,184.30761,184.36245,184.30503,184.3357
2026-08-16 12:45:00,184.33197,184.33197,184.2415,184.31681
2026-08-16 13:00:00,184.31438,184.32269,184.28142,184.30756
2026-08-16 13:15:00,184.30882,184.31807,184.30685,184.31252
2026-08-16 13:30:00,184.30999,184.3183,184.28355,184.31014
2026-08-16 13:45:00,184.30608,184.31467,184.30377,184.30809
2026-08-16 14:00:00,184.30641,184.31171,184.28568,184.30213
2026-08-16 14:15:00,184.3035,184.34983,184.23899,184.27121
2026-08-16 14:30:00,184.25797,184.30265,184.25797,184.29959
2026-08-16 14:45:00,184.29512,184.31105,184.28701,184.30288
2026-08-16 15:00:00,184.30128,184.3074,184.29621,184.29721
2026-08-16 15:15:00,184.29857,184.30433,184.29006,184.30035
2026-08-16 15:30:00,184.29648,184.30513,184.28969,184.30269
2026-08-16 15:45:00,184.29864,184.30673,184.29462,184.29909
2026-08-16 16:00:00,184.29677,184.37566,184.25675,184.30723
2026-08-16 16:15:00,184.3085,184.35565,184.29742,184.32428
2026-08-16 16:30:00,184.32482,184.32514,184.2807,184.3186
2026-08-16 16:45:00,184.31483,184.32311,184.28142,184.31195
2026-08-16 17:00:00,184.30896,184.31856,184.30775,184.30949
2026-08-16 17:15:00,184.31028,184.31838,184.28355,184.30604
2026-08-16 17:30:00,184.30651,184.31485,184.30393,184.30995
2026-08-16 17:45:00,184.30664,184.34521,184.24194,184.30486
2026-08-16 18:00:00,184.30135,184.30961,184.28423,184.3015
2026-08-16 18:15:00,184.29841,184.30779,184.29687,184.29868
2026-08-16 18:30:00,184.29963,184.30656,184.28781,184.30061
2026-08-16 18:45:00,184.2979,184.30632,184.29539,184.30202
2026-08-16 19:00:00,184.29812,184.30591,184.28994,184.29903
2026-08-16 19:15:00,184.29689,184.30499,184.28994,184.29937
2026-08-16 19:30:00,184.29409,184.30405,184.2926,184.29873
2026-08-16 19:45:00,184.29594,184.3111,184.28994,184.30358
2026-08-16 20:00:00,184.29977,184.30515,184.29247,184.2966
2026-08-16 20:15:00,184.29518,184.30345,184.29256,184.29379
2026-08-16 20:30:00,184.29517,184.30346,184.29241,184.29863
2026-08-16 20:45:00,184.29517,184.30329,184.29242,184.2993
2026-08-16 21:00:00,184.29517,184.30344,184.29247,184.29702
2026-08-16 21:15:00,184.29517,184.30336,184.29245,184.29387
2026-08-16 21:30:00,184.29517,184.32301,184.2915,184.30387
2026-08-16 21:45:00,184.30477,184.30654,184.29565,184.30203
2026-08-16 22:00:00,184.29806,184.30632,184.2953,184.30059
2026-08-16 22:15:00,184.29805,184.30627,184.29534,184.297
2026-08-16 22:30:00,184.29805,184.30633,184.29533,184.29795
2026-08-16 22:45:00,184.29805,184.30613,184.29529,184.30167
2026-08-16 23:00:00,184.29805,184.30634,184.29529,184.30121
2026-08-16 23:15:00,184.29805,184.36885,184.29594,184.34545
2026-08-16 23:30:00,184.34615,184.35439,184.34341,184.34559
2026-08-16 23:45:00,184.34615,184.3544,184.34348,184.34937
2026-08-17 00:00:00,184.34615,184.36813,184.32254,184.33865
2026-08-17 00:15:00,184.33506,184.34313,184.33231,184.33494
2026-08-17 00:30:00,184.33507,184.34336,184.33234,184.33405
2026-08-17 00:45:00,184.33507,184.36276,184.30828,184.32261
2026-08-17 01:00:00,184.32007,184.47801,184.00226,184.12601
2026-08-17 01:15:00,184.12191,184.41951,183.80129,183.92513
2026-08-17 01:30:00,183.92348,183.93172,183.92082,183.92214
2026-08-17 01:45:00,183.92348,184.04969,183.43821,183.93916
2026-08-17 02:00:00,183.93529,184.56346,183.90447,184.23232
2026-08-17 02:15:00,184.22813,184.28612,183.82248,183.96318
2026-08-17 02:30:00,183.96092,184.00403,183.68529,183.73101
2026-08-17 02:45:00,183.85098,184.17574,183.85098,184.11407
2026-08-17 03:00:00,184.11009,184.54381,183.96599,184.32481
2026-08-17 03:15:00,184.31877,184.40719,184.31877,184.34307
2026-08-17 03:30:00,184.34113,184.46243,183.9269,184.30516
2026-08-17 03:45:00,184.31349,184.34773,184.31349,184.34389
2026-08-17 04:00:00,184.33973,184.34873,184.26964,184.34703
2026-08-17 04:15:00,184.34333,184.35127,184.33908,184.34624
2026-08-17 04:30:00,184.34368,184.42124,184.29364,184.31113
2026-08-17 04:45:00,184.35721,184.455,184.16911,184.3444
2026-08-17 05:00:00,184.33557,184.39841,184.2061,184.37934
2026-08-17 05:15:00,184.35421,184.47957,184.08152,184.08973
2026-08-17 05:30:00,184.08522,184.5102,183.98202,184.33298
2026-08-17 05:45:00,184.31055,184.5128,184.04026,184.09204
2026-08-17 06:00:00,184.21048,184.47459,184.07021,184.33688
2026-08-17 06:15:00,184.32096,184.34533,184.28147,184.32374
2026-08-17 06:30:00,184.29872,184.35412,184.28479,184.34216
2026-08-17 06:45:00,184.31859,184.36982,184.23878,184.27165
2026-08-17 07:00:00,184.28035,184.3802,184.24374,184.26121
2026-08-17 07:15:00,184.26357,184.36085,184.25226,184.30339
2026-08-17 07:30:00,184.30577,184.42325,184.28785,184.36179
2026-08-17 07:45:00,184.30994,184.38305,184.24334,184.32868
2026-08-17 08:00:00,184.26611,184.37925,184.26219,184.36419
2026-08-17 08:15:00,184.36575,184.37273,184.30728,184.3277
2026-08-17 08:30:00,184.3243,184.32795,184.25765,184.30517
2026-08-17 08:45:00,184.30273,184.30882,184.22641,184.25031
2026-08-17 09:00:00,184.23966,184.28493,184.20879,184.27882
2026-08-17 09:15:00,184.26728,184.31761,184.26728,184.30378
2026-08-17 09:30:00,184.29797,184.29797,184.23932,184.25418
2026-08-17 09:45:00,184.25106,184.30169,184.25028,184.29941
2026-08-17 10:00:00,184.29531,184.32391,184.25242,184.29454
2026-08-17 10:15:00,184.28727,184.29483,184.16306,184.20498
2026-08-17 10:30:00,184.19414,184.25212,184.16927,184.19101
2026-08-17 10:45:00,184.18422,184.22081,184.14713,184.17864
2026-08-17 11:00:00,184.1722,184.20684,184.13213,184.17751
2026-08-17 11:15:00,184.17159,184.21248,184.15294,184.21208
2026-08-17 11:30:00,184.208,184.27601,184.15907,184.27344
2026-08-17 11:45:00,184.26727,184.28075,184.23838,184.25007
2026-08-17 12:00:00,184.25556,184.26678,184.22012,184.22356
2026-08-17 12:15:00,184.22494,184.23368,184.13245,184.19084
2026-08-17 12:30:00,184.18537,184.21095,184.17208,184.19725
2026-08-17 12:45:00,184.19302,184.1988,184.15757,184.16018
2026-08-17 13:00:00,184.16329,184.22421,184.16329,184.20297
2026-08-17 13:15:00,184.20641,184.23796,184.19382,184.23535
2026-08-17 13:30:00,184.22845,184.28415,184.22231,184.27605
2026-08-17 13:45:00,184.27129,184.30591,184.26742,184.29933
2026-08-17 14:00:00,184.2877,184.32915,184.27723,184.31593
2026-08-17 14:15:00,184.31969,184.35538,184.30008,184.3372
2026-08-17 14:30:00,184.34075,184.36055,184.29182,184.31265
2026-08-17 14:45:00,184.30912,184.34362,184.28826,184.34013
2026-08-17 15:00:00,184.3317,184.35119,184.30779,184.31052
2026-08-17 15:15:00,184.31613,184.33238,184.26869,184.29857
2026-08-17 15:30:00,184.28915,184.31318,184.23451,184.2607
2026-08-17 15:45:00,184.25653,184.34887,184.236,184.34385
2026-08-17 16:00:00,184.3413,184.35637,184.28859,184.31985
2026-08-17 16:15:00,184.30878,184.35905,184.28905,184.35187
2026-08-17 16:30:00,184.33982,184.3678,184.30435,184.34613
2026-08-17 16:45:00,184.34264,184.37652,184.31061,184.3349
2026-08-17 17:00:00,184.33191,184.37509,184.26366,184.29534
2026-08-17 17:15:00,184.30416,184.46271,184.27816,184.45791
2026-08-17 17:30:00,184.44932,184.49421,184.41777,184.47271
2026-08-17 17:45:00,184.46888,184.54288,184.42936,184.52986
2026-08-17 18:00:00,184.52376,184.53786,184.46846,184.53584
2026-08-17 18:15:00,184.53057,184.63038,184.4982,184.61457
2026-08-17 18:30:00,184.60949,184.64725,184.54248,184.6211
2026-08-17 18:45:00,184.6049,184.63714,184.4962,184.58784
2026-08-17 19:00:00,184.57671,184.647,184.55882,184.56398
2026-08-17 19:15:00,184.57164,184.62818,184.53294,184.61944
2026-08-17 19:30:00,184.60691,184.63962,184.57474,184.58682
2026-08-17 19:45:00,184.60025,184.63509,184.56967,184.61077
2026-08-17 20:00:00,184.60507,184.60507,184.55547,184.58249
2026-08-17 20:15:00,184.57794,184.59679,184.55721,184.5754
2026-08-17 20:30:00,184.57782,184.60942,184.48306,184.496
2026-08-17 20:45:00,184.48973,184.54082,184.48973,184.51311
2026-08-17 21:00:00,184.51604,184.56836,184.49372,184.52273
2026-08-17 21:15:00,184.53535,184.56499,184.50649,184.53685
2026-08-17 21:30:00,184.54758,184.58448,184.54723,184.57328
2026-08-17 21:45:00,184.57124,184.61048,184.55547,184.60944
2026-08-17 22:00:00,184.60301,184.62041,184.5712,184.60839
2026-08-17 22:15:00,184.60175,184.64272,184.55294,184.61252
2026-08-17 22:30:00,184.60311,184.6655,184.58212,184.66082
2026-08-17 22:45:00,184.65196,184.68254,184.62353,184.68044
2026-08-17 23:00:00,184.67033,184.7296,184.66405,184.6912
2026-08-17 23:15:00,184.70277,184.72492,184.67492,184.70256
2026-08-17 23:30:00,184.69678,184.7781,184.68986,184.70357
2026-08-17 23:45:00,184.71447,184.75221,184.6598,184.66663
2026-08-18 00:00:00,184.6767,184.68823,184.63554,184.666
2026-08-18 00:15:00,184.6694,184.69814,184.57719,184.60812
2026-08-18 00:30:00,184.61562,184.63282,184.51397,184.55277
2026-08-18 00:45:00,184.54806,184.60084,184.53227,184.59208
2026-08-18 01:00:00,184.58508,184.59747,184.5554,184.58178
2026-08-18 01:15:00,184.57751,184.62065,184.5321,184.59591
2026-08-18 01:30:00,184.59746,184.63311,184.58113,184.62762
2026-08-18 01:45:00,184.61966,184.69786,184.61047,184.69043
2026-08-18 02:00:00,184.68682,184.69874,184.65185,184.66997
2026-08-18 02:15:00,184.66259,184.70689,184.65426,184.68846
2026-08-18 02:30:00,184.6941,184.73785,184.6769,184.71627
2026-08-18 02:45:00,184.72447,184.72447,184.67088,184.6879
2026-08-18 03:00:00,184.68429,184.69839,184.65683,184.66749
2026-08-18 03:15:00,184.66258,184.71033,184.65053,184.7053
2026-08-18 03:30:00,184.69473,184.73443,184.64606,184.66576
2026-08-18 03:45:00,184.66208,184.6854,184.64029,184.66336
2026-08-18 04:00:00,184.66825,184.6813,184.63899,184.65908
2026-08-18 04:15:00,184.66515,184.70862,184.64841,184.69228
2026-08-18 04:30:00,184.69399,184.70489,184.63481,184.64102
2026-08-18 04:45:00,184.64608,184.69917,184.64608,184.69638
2026-08-18 05:00:00,184.69088,184.69838,184.65443,184.67863
2026-08-18 05:15:00,184.67244,184.67798,184.60959,184.63031
2026-08-18 05:30:00,184.62772,184.63173,184.58879,184.62766
2026-08-18 05:45:00,184.62177,184.64885,184.59674,184.64506
2026-08-18 06:00:00,184.63872,184.68151,184.62798,184.67427
2026-08-18 06:15:00,184.66382,184.68308,184.63609,184.64731
2026-08-18 06:30:00,184.64373,184.66164,184.63222,184.64489
2026-08-18 06:45:00,184.65039,184.6787,184.62098,184.67183
2026-08-18 07:00:00,184.66153,184.74275,184.59878,184.60444
2026-08-18 07:15:00,184.61233,184.65886,184.5663,184.58557
2026-08-18 07:30:00,184.57475,184.61262,184.57475,184.5983
2026-08-18 07:45:00,184.59993,184.62828,184.57267,184.59302
2026-08-18 08:00:00,184.5873,184.66688,184.5811,184.65652
2026-08-18 08:15:00,184.65435,184.65765,184.58711,184.60852
2026-08-18 08:30:00,184.60375,184.62357,184.58972,184.61241
2026-08-18 08:45:00,184.60873,184.61059,184.57845,184.58258
2026-08-18 09:00:00,184.58677,184.59318,184.54806,184.58058
2026-08-18 09:15:00,184.57665,184.58567,184.56673,184.57703
2026-08-18 09:30:00,184.57327,184.58189,184.54996,184.56973
2026-08-18 09:45:00,184.56598,184.57996,184.53812,184.56078
2026-08-18 10:00:00,184.56282,184.6219,184.52497,184.61661
2026-08-18 10:15:00,184.61044,184.63151,184.59755,184.62381
2026-08-18 10:30:00,184.61948,184.71058,184.6045,184.70552
2026-08-18 10:45:00,184.69308,184.74111,184.64787,184.65624
2026-08-18 11:00:00,184.65812,184.73272,184.64987,184.68346
2026-08-18 11:15:00,184.67962,184.69495,184.63984,184.67059
2026-08-18 11:30:00,184.66245,184.6981,184.63014,184.6552
2026-08-18 11:45:00,184.65162,184.69907,184.63101,184.69436
2026-08-18 12:00:00,184.69017,184.7278,184.67463,184.68335
2026-08-18 12:15:00,184.68557,184.69057,184.61715,184.64808
2026-08-18 12:30:00,184.64452,184.65826,184.61721,184.65502
2026-08-18 12:45:00,184.64873,184.68713,184.64845,184.66116
2026-08-18 13:00:00,184.66622,184.68456,184.64154,184.67
2026-08-18 13:15:00,184.6656,184.66917,184.62033,184.65168
2026-08-18 13:30:00,184.64505,184.66534,184.62466,184.66133
2026-08-18 13:45:00,184.65008,184.6727,184.63921,184.64655
2026-08-18 14:00:00,184.65239,184.7783,184.6511,184.77496
2026-08-18 14:15:00,184.76977,184.82184,184.75242,184.81247
2026-08-18 14:30:00,184.8069,184.85906,184.80242,184.81624
2026-08-18 14:45:00,184.82309,184.85564,184.79639,184.80209
2026-08-18 15:00:00,184.81163,184.81361,184.76934,184.79461
2026-08-18 15:15:00,184.79862,184.81983,184.7655,184.79111
2026-08-18 15:30:00,184.78649,184.80691,184.77323,184.80424
2026-08-18 15:45:00,184.80021,184.81172,184.74624,184.77709
2026-08-18 16:00:00,184.77224,184.79285,184.73056,184.77006
2026-08-18 16:15:00,184.77321,184.87516,184.75244,184.83731
2026-08-18 16:30:00,184.84322,184.85642,184.78404,184.8489
2026-08-18 16:45:00,184.84533,184.86204,184.81017,184.82943
2026-08-18 17:00:00,184.82554,184.87407,184.81918,184.83092
2026-08-18 17:15:00,184.84103,184.90292,184.82734,184.89859
2026-08-18 17:30:00,184.89042,184.91759,184.88146,184.89684
2026-08-18 17:45:00,184.89353,184.90287,184.84656,184.87067
2026-08-18 18:00:00,184.86607,184.87274,184.81078,184.83937
2026-08-18 18:15:00,184.83288,184.84224,184.80233,184.84061
2026-08-18 18:30:00,184.8375,184.85583,184.79823,184.82728
2026-08-18 18:45:00,184.8237,184.84338,184.78577,184.84064
2026-08-18 19:00:00,184.83074,184.8526,184.80102,184.80831
2026-08-18 19:15:00,184.8148,184.83288,184.77438,184.80047
2026-08-18 19:30:00,184.80144,184.82021,184.75249,184.76062
2026-08-18 19:45:00,184.76465,184.81943,184.76465,184.81775
2026-08-18 20:00:00,184.80982,184.83132,184.76834,184.82875
2026-08-18 20:15:00,184.82419,184.87146,184.80393,184.86721
2026-08-18 20:30:00,184.86019,184.86423,184.80533,184.83576
2026-08-18 20:45:00,184.82744,184.88697,184.82744,184.88292
2026-08-18 21:00:00,184.87773,184.92085,184.86932,184.8841
2026-08-18 21:15:00,184.89024,184.89924,184.86269,184.87336
2026-08-18 21:30:00,184.88191,184.89666,184.85595,184.89585
2026-08-18 21:45:00,184.89302,184.89302,184.84293,184.89046
2026-08-18 22:00:00,184.88493,184.90608,184.85225,184.85693
2026-08-18 22:15:00,184.8634,184.87879,184.80303,184.8347
2026-08-18 22:30:00,184.8263,184.85855,184.79087,184.84192
2026-08-18 22:45:00,184.84321,184.86286,184.79464,184.81506
2026-08-18 23:00:00,184.83199,184.85686,184.79668,184.83045
2026-08-18 23:15:00,184.82801,184.8577,184.79777,184.81324
2026-08-18 23:30:00,184.81817,184.87901,184.78124,184.83141
2026-08-18 23:45:00,184.84707,184.8711,184.79231,184.80734
2026-08-19 00:00:00,184.79775,184.82562,184.72393,184.79983
2026-08-19 00:15:00,184.81092,184.84892,184.74525,184.75529
2026-08-19 00:30:00,184.77348,184.81183,184.74705,184.80075
2026-08-19 00:45:00,184.79576,184.8468,184.70839,184.7999
2026-08-19 01:00:00,184.82934,184.82934,184.71909,184.79498
2026-08-19 01:15:00,184.79129,184.83331,184.7627,184.8154
2026-08-19 01:30:00,184.81061,184.82703,184.7896,184.79631
2026-08-19 01:45:00,184.80882,184.81348,184.74735,184.80702
2026-08-19 02:00:00,184.80482,184.84659,184.77941,184.84184
2026-08-19 02:15:00,184.83825,184.86781,184.81843,184.84936
2026-08-19 02:30:00,184.84587,184.85769,184.81953,184.82633
2026-08-19 02:45:00,184.83291,184.84254,184.78454,184.80205
2026-08-19 03:00:00,184.80551,184.80551,184.74724,184.76253
2026-08-19 03:15:00,184.75752,184.78909,184.75752,184.77661
2026-08-19 03:30:00,184.77002,184.79418,184.74918,184.7903
2026-08-19 03:45:00,184.78494,184.79008,184.75629,184.76631
2026-08-19 04:00:00,184.77268,184.7778,184.73492,184.77078
2026-08-19 04:15:00,184.76467,184.78059,184.74409,184.76891
2026-08-19 04:30:00,184.76558,184.78711,184.74889,184.76549
2026-08-19 04:45:00,184.76947,184.7762,184.74416,184.76878
2026-08-19 05:00:00,184.76337,184.78177,184.7397,184.77452
2026-08-19 05:15:00,184.77068,184.78359,184.73996,184.77853
2026-08-19 05:30:00,184.77557,184.83187,184.76775,184.82874
2026-08-19 05:45:00,184.82421,184.83773,184.78131,184.7866
2026-08-19 06:00:00,184.79207,184.80006,184.76151,184.79152
2026-08-19 06:15:00,184.78731,184.78731,184.76189,184.76873
2026-08-19 06:30:00,184.77333,184.80278,184.7655,184.79632
2026-08-19 06:45:00,184.79538,184.80799,184.76292,184.80275
2026-08-19 07:00:00,184.7921,184.81062,184.74756,184.8065
2026-08-19 07:15:00,184.79752,184.84771,184.79752,184.83086
2026-08-19 07:30:00,184.82702,184.84359,184.73725,184.74231
2026-08-19 07:45:00,184.75135,184.80325,184.73633,184.74848
2026-08-19 08:00:00,184.75167,184.79389,184.72461,184.78499
2026-08-19 08:15:00,184.78067,184.79371,184.76937,184.78129
2026-08-19 08:30:00,184.77728,184.78396,184.74127,184.75369
2026-08-19 08:45:00,184.74981,184.77501,184.74704,184.75335
2026-08-19 09:00:00,184.75891,184.76441,184.70985,184.72884
2026-08-19 09:15:00,184.72458,184.74522,184.70625,184.73364
2026-08-19 09:30:00,184.72761,184.74126,184.69366,184.72226
2026-08-19 09:45:00,184.72321,184.74294,184.68053,184.70354
2026-08-19 10:00:00,184.69569,184.71087,184.63828,184.65995
2026-08-19 10:15:00,184.66918,184.69785,184.64497,184.67465
2026-08-19 10:30:00,184.67888,184.69749,184.57798,184.61232
2026-08-19 10:45:00,184.60412,184.62074,184.55312,184.57359
2026-08-19 11:00:00,184.58778,184.6041,184.5582,184.57481
2026-08-19 11:15:00,184.58072,184.62435,184.56043,184.60856
2026-08-19 11:30:00,184.60449,184.62499,184.58644,184.6164
2026-08-19 11:45:00,184.61321,184.6402,184.59503,184.60104
2026-08-19 12:00:00,184.60805,184.62884,184.58459,184.5875
2026-08-19 12:15:00,184.59109,184.64128,184.54379,184.59498
2026-08-19 12:30:00,184.58844,184.62666,184.55358,184.58643
2026-08-19 12:45:00,184.57769,184.5982,184.5516,184.58198
2026-08-19 13:00:00,184.57733,184.65556,184.57733,184.64868
2026-08-19 13:15:00,184.63878,184.66018,184.62001,184.63591
2026-08-19 13:30:00,184.63134,184.67883,184.62542,184.65471
2026-08-19 13:45:00,184.65862,184.67279,184.63821,184.64903
2026-08-19 14:00:00,184.6509,184.6509,184.61422,184.62215
2026-08-19 14:15:00,184.62833,184.64313,184.58064,184.60785
2026-08-19 14:30:00,184.60621,184.60621,184.5489,184.60261
2026-08-19 14:45:00,184.59123,184.61874,184.54335,184.60176
2026-08-19 15:00:00,184.59348,184.61513,184.55544,184.59238
2026-08-19 15:15:00,184.58704,184.60244,184.52177,184.56063
2026-08-19 15:30:00,184.55517,184.56152,184.49117,184.536
2026-08-19 15:45:00,184.52509,184.63655,184.52216,184.60947
2026-08-19 16:00:00,184.61604,184.62716,184.54863,184.56999
2026-08-19 16:15:00,184.56652,184.62498,184.5441,184.60148
2026-08-19 16:30:00,184.60586,184.61523,184.50922,184.61254
2026-08-19 16:45:00,184.60207,184.67771,184.59291,184.6505
2026-08-19 17:00:00,184.64395,184.66025,184.54268,184.59125
2026-08-19 17:15:00,184.58318,184.63456,184.55222,184.58454
2026-08-19 17:30:00,184.5718,184.6163,184.50729,184.52095
2026-08-19 17:45:00,184.54311,184.61182,184.52522,184.60814
2026-08-19 18:00:00,184.59831,184.64629,184.55892,184.59904
2026-08-19 18:15:00,184.61344,184.61811,184.50797,184.55483
2026-08-19 18:30:00,184.55126,184.5781,184.49211,184.57301
2026-08-19 18:45:00,184.56249,184.62935,184.54826,184.60409
2026-08-19 19:00:00,184.59649,184.70575,184.59649,184.69115
2026-08-19 19:15:00,184.69324,184.74169,184.68047,184.73768
2026-08-19 19:30:00,184.73064,184.73608,184.64939,184.6832
2026-08-19 19:45:00,184.67646,184.69438,184.62924,184.66093
2026-08-19 20:00:00,184.65653,184.67944,184.6098,184.63653
2026-08-19 20:15:00,184.64423,184.67953,184.61769,184.67029
2026-08-19 20:30:00,184.65779,184.71328,184.64714,184.68805
2026-08-19 20:45:00,184.69369,184.69717,184.62697,184.65584
2026-08-19 21:00:00,184.65664,184.69567,184.63629,184.68729
2026-08-19 21:15:00,184.68097,184.68708,184.62886,184.64931
2026-08-19 21:30:00,184.66024,184.67837,184.63115,184.66283
2026-08-19 21:45:00,184.65426,184.67438,184.6258,184.66079
2026-08-19 22:00:00,184.6561,184.69018,184.60965,184.6476
2026-08-19 22:15:00,184.64298,184.66754,184.55925,184.58008
2026-08-19 22:30:00,184.60048,184.61625,184.01525,184.30472
2026-08-19 22:45:00,184.28796,184.51286,184.20489,184.43589
2026-08-19 23:00:00,184.47897,184.5975,184.46759,184.47974
2026-08-19 23:15:00,184.49075,184.62114,184.44836,184.57434
2026-08-19 23:30:00,184.57743,184.72074,184.55071,184.70946
2026-08-19 23:45:00,184.69181,184.77197,184.60988,184.70804
2026-08-20 00:00:00,184.72579,184.75005,184.63171,184.65033
2026-08-20 00:15:00,184.68306,184.73234,184.62388,184.71746
2026-08-20 00:30:00,184.70614,184.75146,184.53553,184.60953
2026-08-20 00:45:00,184.62247,184.73815,184.60866,184.72769
2026-08-20 01:00:00,184.70664,184.81622,184.67613,184.79837
2026-08-20 01:15:00,184.77871,184.81712,184.72616,184.81467
2026-08-20 01:30:00,184.81002,184.85486,184.78163,184.81876
2026-08-20 01:45:00,184.82651,184.85866,184.76884,184.83504
2026-08-20 02:00:00,184.82358,184.90578,184.81402,184.8955
2026-08-20 02:15:00,184.8909,184.8916,184.81308,184.82599
2026-08-20 02:30:00,184.84942,184.87569,184.82271,184.83736
2026-08-20 02:45:00,184.8503,184.8503,184.77443,184.82929
2026-08-20 03:00:00,184.81509,184.91221,184.80215,184.90022
2026-08-20 03:15:00,184.89602,184.9064,184.82396,184.8846
2026-08-20 03:30:00,184.875,184.92178,184.85765,184.88743
2026-08-20 03:45:00,184.89824,184.95379,184.87836,184.91018
2026-08-20 04:00:00,184.91611,184.99469,184.81266,184.83222
2026-08-20 04:15:00,184.82608,184.89043,184.80095,184.81415
2026-08-20 04:30:00,184.82101,184.85029,184.75047,184.79699
2026-08-20 04:45:00,184.78975,184.82093,184.7635,184.81532
2026-08-20 05:00:00,184.80924,184.86256,184.77443,184.81643
2026-08-20 05:15:00,184.80755,184.82035,184.68437,184.69095
2026-08-20 05:30:00,184.70095,184.75788,184.68397,184.72567
2026-08-20 05:45:00,184.71429,184.77908,184.61404,184.62435
2026-08-20 06:00:00,184.64706,184.69268,184.61988,184.67695
2026-08-20 06:15:00,184.68225,184.73834,184.66221,184.73555
2026-08-20 06:30:00,184.72655,184.75926,184.698,184.70126
2026-08-20 06:45:00,184.70631,184.71892,184.68605,184.69391
2026-08-20 07:00:00,184.69888,184.75022,184.55217,184.63556
2026-08-20 07:15:00,184.6246,184.66262,184.60996,184.64942
2026-08-20 07:30:00,184.62836,184.66656,184.6254,184.64593
2026-08-20 07:45:00,184.63353,184.70097,184.63047,184.64416
2026-08-20 08:00:00,184.64816,184.69588,184.58413,184.61055
2026-08-20 08:15:00,184.615,184.62038,184.57721,184.6025
2026-08-20 08:30:00,184.59817,184.65945,184.59179,184.6576
2026-08-20 08:45:00,184.65361,184.71125,184.64315,184.68615
2026-08-20 09:00:00,184.69645,184.75384,184.68531,184.73961
2026-08-20 09:15:00,184.74398,184.74592,184.7001,184.74361
2026-08-20 09:30:00,184.73807,184.76552,184.71104,184.74074
2026-08-20 09:45:00,184.7283,184.78045,184.72291,184.77709
2026-08-20 10:00:00,184.76998,184.91098,184.74088,184.90042
2026-08-20 10:15:00,184.89679,184.90429,184.82984,184.86763
2026-08-20 10:30:00,184.86386,184.89037,184.81827,184.88714
2026-08-20 10:45:00,184.88307,184.94274,184.88307,184.91861
2026-08-20 11:00:00,184.90644,185.00114,184.90137,184.96383
2026-08-20 11:15:00,184.96947,185.0218,184.9581,185.01006
2026-08-20 11:30:00,185.00051,185.08806,184.93422,185.08329
2026-08-20 11:45:00,185.07113,185.13696,185.06244,185.10366
2026-08-20 12:00:00,185.08798,185.14652,185.03322,185.09442
2026-08-20 12:15:00,185.10193,185.10193,184.9958,185.00373
2026-08-20 12:30:00,185.01157,185.01746,184.95813,184.96787
2026-08-20 12:45:00,184.97684,185.01818,184.96412,185.00365
2026-08-20 13:00:00,184.99813,185.03555,184.9757,184.98338
2026-08-20 13:15:00,184.99897,185.04124,184.96396,185.03183
2026-08-20 13:30:00,185.02692,185.05546,185.00698,185.05272
2026-08-20 13:45:00,185.04405,185.07262,185.02075,185.05198
2026-08-20 14:00:00,185.04849,185.07256,185.03118,185.05897
2026-08-20 14:15:00,185.06138,185.07658,185.02676,185.03232
2026-08-20 14:30:00,185.03923,185.12357,185.03006,185.11915
2026-08-20 14:45:00,185.11501,185.20933,185.08984,185.10124
2026-08-20 15:00:00,185.12158,185.17121,185.1034,185.13239
2026-08-20 15:15:00,185.13555,185.20718,185.11273,185.19171
2026-08-20 15:30:00,185.19755,185.25737,185.19555,185.24454
2026-08-20 15:45:00,185.23444,185.26801,185.17547,185.21477
2026-08-20 16:00:00,185.22175,185.24906,185.17996,185.18286
2026-08-20 16:15:00,185.18688,185.2029,185.05988,185.10875
2026-08-20 16:30:00,185.1137,185.13962,185.0722,185.12529
2026-08-20 16:45:00,185.11889,185.18199,185.07897,185.10063
2026-08-20 17:00:00,185.10995,185.12669,185.01141,185.05473
2026-08-20 17:15:00,185.04717,185.16695,185.01669,185.16272
2026-08-20 17:30:00,185.15417,185.25724,185.15168,185.2524
2026-08-20 17:45:00,185.24612,185.28714,185.20225,185.28468
2026-08-20 18:00:00,185.27884,185.30104,185.24144,185.26051
2026-08-20 18:15:00,185.2678,185.29636,185.19149,185.288
2026-08-20 18:30:00,185.27322,185.41373,185.25614,185.41291
2026-08-20 18:45:00,185.40694,185.47052,185.3637,185.42173
2026-08-20 19:00:00,185.43135,185.43802,185.35544,185.38447
2026-08-20 19:15:00,185.39676,185.41682,185.24009,185.31065
2026-08-20 19:30:00,185.29761,185.32651,185.25369,185.31817
2026-08-20 19:45:00,185.30445,185.40016,185.27249,185.39748
2026-08-20 20:00:00,185.39297,185.39354,185.31042,185.33416
2026-08-20 20:15:00,185.3294,185.33992,185.27468,185.32295
2026-08-20 20:30:00,185.31639,185.35298,185.27296,185.33898
2026-08-20 20:45:00,185.33307,185.39176,185.30845,185.39
2026-08-20 21:00:00,185.38447,185.47241,185.36487,185.41787
2026-08-20 21:15:00,185.42032,185.46058,185.39077,185.40582
2026-08-20 21:30:00,185.41932,185.44932,185.37151,185.43179
2026-08-20 21:45:00,185.42701,185.45464,185.36872,185.39762
2026-08-20 22:00:00,185.39126,185.49614,185.37754,185.49158
2026-08-20 22:15:00,185.48654,185.49,185.40871,185.41343
2026-08-20 22:30:00,185.41899,185.49722,185.41044,185.48193
2026-08-20 22:45:00,185.45189,185.48379,185.37867,185.44975
2026-08-20 23:00:00,185.44434,185.47643,185.36899,185.43079
2026-08-20 23:15:00,185.42344,185.42344,185.33668,185.38584
2026-08-20 23:30:00,185.39207,185.46382,185.34368,185.3774
2026-08-20 23:45:00,185.38065,185.45654,185.37151,185.4307
2026-08-21 00:00:00,185.40489,185.51196,185.40489,185.43629
2026-08-21 00:15:00,185.4428,185.47497,185.40565,185.46574
2026-08-21 00:30:00,185.45287,185.51273,185.44347,185.4776
2026-08-21 00:45:00,185.48006,185.51295,185.43705,185.46918
2026-08-21 01:00:00,185.46377,185.50785,185.34567,185.47913
2026-08-21 01:15:00,185.48371,185.54915,185.44702,185.5377
2026-08-21 01:30:00,185.51733,185.60179,185.48425,185.53744
2026-08-21 01:45:00,185.564,185.59114,185.53561,185.54399
2026-08-21 02:00:00,185.55823,185.612,185.51401,185.57445
2026-08-21 02:15:00,185.58579,185.70268,185.56994,185.6947
2026-08-21 02:30:00,185.68361,185.71054,185.60844,185.64637
2026-08-21 02:45:00,185.63818,185.65572,185.58983,185.64603
2026-08-21 03:00:00,185.64052,185.64052,185.56999,185.60575
2026-08-21 03:15:00,185.59955,185.67493,185.59929,185.66909
2026-08-21 03:30:00,185.65862,185.70219,185.63998,185.67035
2026-08-21 03:45:00,185.67535,185.71303,185.65911,185.6946
2026-08-21 04:00:00,185.6961,185.76184,185.67126,185.75907
2026-08-21 04:15:00,185.7534,185.7931,185.74309,185.7873
2026-08-21 04:30:00,185.77823,185.79643,185.76886,185.77757
2026-08-21 04:45:00,185.78302,185.82769,185.76683,185.81825
2026-08-21 05:00:00,185.81345,185.84173,185.78689,185.81681
2026-08-21 05:15:00,185.81035,185.826,185.78948,185.82283
2026-08-21 05:30:00,185.81717,185.82785,185.78098,185.80829
2026-08-21 05:45:00,185.80009,185.83887,185.78656,185.83346
2026-08-21 06:00:00,185.83134,185.83134,185.79172,185.8078
2026-08-21 06:15:00,185.80237,185.83191,185.7969,185.8138
2026-08-21 06:30:00,185.81479,185.82688,185.78582,185.80521
2026-08-21 06:45:00,185.80263,185.81052,185.77481,185.7891
2026-08-21 07:00:00,185.78649,185.82608,185.66013,185.758
2026-08-21 07:15:00,185.75909,185.78607,185.73508,185.76611
2026-08-21 07:30:00,185.76169,185.78836,185.74648,185.77689
2026-08-21 07:45:00,185.77972,185.79654,185.75149,185.75543
2026-08-21 08:00:00,185.75394,185.80149,185.73814,185.78064
2026-08-21 08:15:00,185.77634,185.78409,185.73978,185.75632
2026-08-21 08:30:00,185.75327,185.76868,185.74072,185.75208
2026-08-21 08:45:00,185.75391,185.76022,185.71279,185.72124
2026-08-21 09:00:00,185.7229,185.73508,185.68899,185.69444
2026-08-21 09:15:00,185.70284,185.70696,185.67073,185.6755
2026-08-21 09:30:00,185.67974,185.74056,185.66737,185.70055
2026-08-21 09:45:00,185.70245,185.74826,185.68463,185.74517
2026-08-21 10:00:00,185.74131,185.82512,185.68677,185.81769
2026-08-21 10:15:00,185.81079,185.85012,185.76417,185.84624
2026-08-21 10:30:00,185.8345,185.91766,185.8193,185.89201
2026-08-21 10:45:00,185.88793,185.94338,185.86587,185.90007
2026-08-21 11:00:00,185.89633,185.93429,185.86633,185.92415
2026-08-21 11:15:00,185.91293,185.91942,185.81949,185.83853
2026-08-21 11:30:00,185.8264,185.87023,185.79462,185.83127
2026-08-21 11:45:00,185.83758,185.86058,185.81389,185.82841
2026-08-21 12:00:00,185.83145,185.88599,185.80035,185.88082
2026-08-21 12:15:00,185.87573,185.94884,185.87573,185.91048
2026-08-21 12:30:00,185.92353,185.94712,185.83973,185.89527
2026-08-21 12:45:00,185.88998,185.95683,185.88733,185.92615
2026-08-21 13:00:00,185.94125,185.96179,185.91122,185.95633
2026-08-21 13:15:00,185.95286,185.97639,185.91995,185.97323
2026-08-21 13:30:00,185.96945,186.0288,185.94061,185.98536
2026-08-21 13:45:00,185.98312,185.99275,185.92413,185.95308
2026-08-21 14:00:00,185.94788,185.95874,185.88818,185.93794
2026-08-21 14:15:00,185.93613,185.96603,185.91065,185.96073
2026-08-21 14:30:00,185.95668,185.98471,185.94087,185.96548
2026-08-21 14:45:00,185.96183,185.97611,185.92966,185.93183
2026-08-21 15:00:00,185.93628,185.94853,185.9065,185.93818
2026-08-21 15:15:00,185.92745,185.94391,185.91076,185.93816
2026-08-21 15:30:00,185.93284,185.93284,185.85518,185.87721
2026-08-21 15:45:00,185.87049,185.87049,185.78571,185.81812
2026-08-21 16:00:00,185.81388,185.82873,185.73377,185.79822
2026-08-21 16:15:00,185.80384,185.89089,185.78985,185.88951
2026-08-21 16:30:00,185.88602,185.89996,185.82864,185.89311
2026-08-21 16:45:00,185.88322,185.8959,185.82955,185.87139
2026-08-21 17:00:00,185.87867,185.92174,185.80224,185.87696
2026-08-21 17:15:00,185.87294,185.87966,185.7878,185.8016
2026-08-21 17:30:00,185.79953,185.81211,185.63839,185.69498
2026-08-21 17:45:00,185.6885,185.70319,185.57562,185.67108
2026-08-21 18:00:00,185.65584,185.76903,185.62666,185.75799
2026-08-21 18:15:00,185.73921,185.75487,185.64649,185.69955
2026-08-21 18:30:00,185.6951,185.6951,185.54364,185.5976
2026-08-21 18:45:00,185.57144,185.65786,185.54227,185.57681
2026-08-21 19:00:00,185.56927,185.60274,185.44349,185.51452
2026-08-21 19:15:00,185.50629,185.56333,185.47843,185.52161
2026-08-21 19:30:00,185.51289,185.57197,185.47584,185.56811
2026-08-21 19:45:00,185.55431,185.62558,185.55405,185.59291
2026-08-21 20:00:00,185.58638,185.66822,185.55433,185.66118
2026-08-21 20:15:00,185.65132,185.68184,185.61236,185.61561
2026-08-21 20:30:00,185.62218,185.69842,185.6117,185.69758
2026-08-21 20:45:00,185.6931,185.76544,185.6626,185.72433
2026-08-21 21:00:00,185.73677,185.79012,185.70797,185.76499
2026-08-21 21:15:00,185.77671,185.79612,185.63473,185.64322
2026-08-21 21:30:00,185.65858,185.68811,185.52808,185.60687
2026-08-21 21:45:00,185.59439,185.67562,185.58624,185.67251
2026-08-21 22:00:00,185.66585,185.71216,185.6289,185.66271
2026-08-21 22:15:00,185.66822,185.67537,185.61091,185.6234
2026-08-21 22:30:00,185.62676,185.6384,185.55959,185.59479
2026-08-21 22:45:00,185.60143,185.63154,185.56328,185.57906
2026-08-21 23:00:00,185.59329,185.60939,185.55319,185.58194
2026-08-21 23:15:00,185.58701,185.64032,185.56068,185.60282
2026-08-21 23:30:00,185.5882,185.6145,185.53461,185.58108
2026-08-21 23:45:00,185.57455,185.62692,185.49387,185.5248
2026-08-22 00:00:00,185.51837,185.54839,185.46688,185.53605
2026-08-22 00:15:00,185.53011,185.54154,185.46038,185.46463
2026-08-22 00:30:00,185.47515,185.5738,185.46304,185.55483
2026-08-22 00:45:00,185.53763,185.59979,185.494,185.5861
2026-08-22 01:00:00,185.57814,185.65345,185.53753,185.64917
2026-08-22 01:15:00,185.63872,185.66189,185.61773,185.63326
2026-08-22 01:30:00,185.63837,185.65075,185.58383,185.61567
2026-08-22 01:45:00,185.61922,185.70664,185.61922,185.68115
2026-08-22 02:00:00,185.69158,185.73797,185.65963,185.71398
2026-08-22 02:15:00,185.70833,185.76891,185.66147,185.71551
2026-08-22 02:30:00,185.71716,185.72437,185.67937,185.70618
2026-08-22 02:45:00,185.70153,185.7137,185.65793,185.70848
2026-08-22 03:00:00,185.70461,185.73612,185.68704,185.72752
2026-08-22 03:15:00,185.72273,185.75358,185.70205,185.72683
2026-08-22 03:30:00,185.73186,185.75137,185.69582,185.73731
2026-08-22 03:45:00,185.74343,185.75766,185.72368,185.75252
2026-08-22 04:00:00,185.74684,185.77266,185.73733,185.76378
2026-08-22 04:15:00,185.76063,185.78076,185.7445,185.77313
2026-08-22 04:30:00,185.77104,185.80606,185.76317,185.78221
2026-08-22 04:45:00,185.79042,185.80696,185.77014,185.80467
2026-08-22 05:00:00,185.79824,185.79932,185.73301,185.76236
2026-08-22 05:15:00,185.75817,185.77089,185.72247,185.7406
2026-08-22 05:30:00,185.739,185.75175,185.69152,185.71071
2026-08-22 05:45:00,185.71624,185.73176,185.66526,185.70276
2026-08-22 06:00:00,185.69706,185.70756,185.67326,185.67586
2026-08-22 06:15:00,185.67551,185.68983,185.6577,185.66413
2026-08-22 06:30:00,185.67119,185.67923,185.62369,185.62524
2026-08-22 06:45:00,185.62911,185.66564,185.6215,185.63052
2026-08-22 07:00:00,185.63486,185.80743,185.58354,185.78535
2026-08-22 07:15:00,185.73688,185.89947,185.69023,185.73963
2026-08-22 07:30:00,185.7407,185.91223,185.65663,185.84156
2026-08-22 07:45:00,185.743,185.90822,185.66344,185.83782
2026-08-22 08:00:00,185.76114,185.85544,185.60489,185.7237
2026-08-22 08:15:00,185.70835,185.86485,185.64763,185.7565
2026-08-22 08:30:00,185.71621,185.85405,185.69491,185.80982
2026-08-22 08:45:00,185.72727,185.86149,185.65069,185.71522
2026-08-22 09:00:00,185.72171,185.87579,185.61834,185.71792
2026-08-22 09:15:00,185.71913,185.86534,185.68032,185.72837
2026-08-22 09:30:00,185.7274,185.87188,185.71512,185.75826
2026-08-22 09:45:00,185.73482,185.8635,185.71729,185.72034
2026-08-22 10:00:00,185.72833,185.86975,185.58608,185.63728
2026-08-22 10:15:00,185.63469,185.74494,185.62992,185.64094
2026-08-22 10:30:00,185.63729,185.64424,185.63157,185.63483
2026-08-22 10:45:00,185.63516,185.89696,185.62663,185.63319
2026-08-22 11:00:00,185.63647,185.66257,185.59963,185.63673
2026-08-22 11:15:00,185.63382,185.71021,185.62275,185.63818
2026-08-22 11:30:00,185.63406,185.86653,185.57887,185.63392
2026-08-22 11:45:00,185.65178,185.65178,185.6296,185.63226
2026-08-22 12:00:00,185.63436,185.83395,185.59082,185.63895
2026-08-22 12:15:00,185.63608,185.6421,185.63116,185.63794
2026-08-22 12:30:00,185.6338,185.87481,185.62729,185.63487
2026-08-22 12:45:00,185.63289,185.8678,185.62091,185.65063
2026-08-22 13:00:00,185.63468,185.64113,185.57696,185.637
2026-08-22 13:15:00,185.63284,185.9047,185.57411,185.63721
2026-08-22 13:30:00,185.63325,185.64082,185.62379,185.63487
2026-08-22 13:45:00,185.6322,185.90196,185.62975,185.63164
2026-08-22 14:00:00,185.63263,185.76577,185.58033,185.63369
2026-08-22 14:15:00,185.64145,185.64204,185.60214,185.63908
2026-08-22 14:30:00,185.63549,185.89871,185.62465,185.6403
2026-08-22 14:45:00,185.63705,185.64359,185.6316,185.63377
2026-08-22 15:00:00,185.63553,185.89869,185.57887,185.63255
2026-08-22 15:15:00,185.63433,185.90075,185.63151,185.64257
2026-08-22 15:30:00,185.64589,185.64589,185.6303,185.63926
2026-08-22 15:45:00,185.6356,185.9053,185.62928,185.6352
2026-08-22 16:00:00,185.63572,185.65512,185.57973,185.63447
2026-08-22 16:15:00,185.6359,185.71672,185.62268,185.63961
2026-08-22 16:30:00,185.63599,185.70524,185.6063,185.6352
2026-08-22 16:45:00,185.65554,185.65554,185.62888,185.63377
2026-08-22 17:00:00,185.63648,185.67559,185.5978,185.63456
2026-08-22 17:15:00,185.63981,185.6463,185.63188,185.64129
2026-08-22 17:30:00,185.63699,185.67833,185.61824,185.64126
2026-08-22 17:45:00,185.63674,185.90809,185.62642,185.63681
2026-08-22 18:00:00,185.65471,185.65471,185.62876,185.63333
2026-08-22 18:15:00,185.63806,185.81618,185.61343,185.63371
2026-08-22 18:30:00,185.63809,185.64422,185.63095,185.64177
2026-08-22 18:45:00,185.6378,185.89576,185.61185,185.64012
2026-08-22 19:00:00,185.63791,185.88485,185.62464,185.63388
2026-08-22 19:15:00,185.65099,185.65099,185.62761,185.63482
2026-08-22 19:30:00,185.63529,185.90422,185.6284,185.64209
2026-08-22 19:45:00,185.63828,185.64569,185.63088,185.63841
2026-08-22 20:00:00,185.63555,185.696,185.58792,185.63488
2026-08-22 20:15:00,185.63671,185.74275,185.59908,185.63614
2026-08-22 20:30:00,185.65818,185.66422,185.62083,185.64127
2026-08-22 20:45:00,185.63804,185.89043,185.62658,185.64325
2026-08-22 21:00:00,185.63985,185.64456,185.63207,185.63412
2026-08-22 21:15:00,185.63447,185.74709,185.62517,185.63462
2026-08-22 21:30:00,185.63659,185.87737,185.63324,185.71814
2026-08-22 21:45:00,185.68413,185.70146,185.66197,185.68883
2026-08-22 22:00:00,185.68504,185.89157,185.61803,185.69048
2026-08-22 22:15:00,185.68804,185.73924,185.60696,185.66514
2026-08-22 22:30:00,185.66969,185.87731,185.59893,185.66581
2026-08-22 22:45:00,185.66323,185.89794,185.62339,185.6963
2026-08-22 23:00:00,185.68441,185.69275,185.68177,185.68612
2026-08-22 23:15:00,185.68441,185.88027,185.67278,185.70252
2026-08-22 23:30:00,185.70388,185.7122,185.70116,185.70705
2026-08-22 23:45:00,185.70388,185.81693,185.68209,185.70099
2026-08-23 00:00:00,185.69681,185.88369,185.57855,185.71164
2026-08-23 00:15:00,185.70248,185.71304,185.70211,185.70341
2026-08-23 00:30:00,185.70479,185.88331,185.65704,185.71181
2026-08-23 00:45:00,185.708,185.71694,185.70591,185.71276
2026-08-23 01:00:00,185.70866,185.86652,185.69116,185.75439
2026-08-23 01:15:00,185.75229,185.85131,185.75032,185.76889
2026-08-23 01:30:00,185.76422,185.77441,185.76234,185.77048
2026-08-23 01:45:00,185.76625,185.84262,185.75884,185.77996
2026-08-23 02:00:00,185.77604,185.82976,185.58376,185.66488
2026-08-23 02:15:00,185.66188,185.88173,185.65198,185.69238
2026-08-23 02:30:00,185.69321,185.89042,185.66465,185.78008
2026-08-23 02:45:00,185.70626,185.72576,185.66887,185.68196
2026-08-23 03:00:00,185.67862,185.89472,185.65206,185.69845
2026-08-23 03:15:00,185.69495,185.70351,185.67986,185.68518
2026-08-23 03:30:00,185.69293,185.88489,185.65018,185.69635
2026-08-23 03:45:00,185.69107,185.89042,185.65597,185.65878
2026-08-23 04:00:00,185.65831,185.70411,185.65831,185.69655
2026-08-23 04:15:00,185.69266,185.87086,185.66722,185.73572
2026-08-23 04:30:00,185.73033,185.77163,185.67885,185.69309
2026-08-23 04:45:00,185.69863,185.88354,185.65297,185.66364
2026-08-23 05:00:00,185.66006,185.8997,185.64676,185.8148
2026-08-23 05:15:00,185.64701,185.69739,185.64701,185.68634
2026-08-23 05:30:00,185.68485,185.85964,185.67863,185.70924
2026-08-23 05:45:00,185.71062,185.72006,185.70785,185.71508
2026-08-23 06:00:00,185.71171,185.8671,185.60754,185.61855
2026-08-23 06:15:00,185.61512,185.87013,185.59918,185.77689
2026-08-23 06:30:00,185.60044,185.65119,185.60044,185.60845
2026-08-23 06:45:00,185.60972,185.87063,185.60224,185.65292
2026-08-23 07:00:00,185.64881,185.67011,185.64851,185.66387
2026-08-23 07:15:00,185.65988,185.8842,185.63919,185.69145
2026-08-23 07:30:00,185.68894,185.86648,185.60079,185.65139
2026-08-23 07:45:00,185.66479,185.8398,185.65681,185.67501
2026-08-23 08:00:00,185.67509,185.89908,185.61694,185.68946
2026-08-23 08:15:00,185.68575,185.69462,185.68358,185.6895
2026-08-23 08:30:00,185.68636,185.87955,185.66593,185.71205
2026-08-23 08:45:00,185.71276,185.87086,185.71005,185.71225
2026-08-23 09:00:00,185.71282,185.86869,185.71115,185.73726
2026-08-23 09:15:00,185.73398,185.85782,185.71716,185.76165
2026-08-23 09:30:00,185.75769,185.77414,185.75769,185.76583
2026-08-23 09:45:00,185.76611,185.84479,185.75865,185.77565
2026-08-23 10:00:00,185.77658,185.86014,185.65841,185.80362
2026-08-23 10:15:00,185.69606,185.87746,185.68558,185.72443
2026-08-23 10:30:00,185.72047,185.86217,185.71776,185.74179
2026-08-23 10:45:00,185.73956,185.74847,185.73729,185.73884
2026-08-23 11:00:00,185.74012,185.85565,185.71478,185.77137
2026-08-23 11:15:00,185.76838,185.77754,185.76651,185.77339
2026-08-23 11:30:00,185.76925,185.84262,185.76092,185.78065
2026-08-23 11:45:00,185.77914,185.83827,185.77648,185.7851
2026-08-23 12:00:00,185.78653,185.79542,185.78405,185.79047
2026-08-23 12:15:00,185.78706,185.83393,185.78538,185.79751
2026-08-23 12:30:00,185.79333,185.80172,185.56714,185.68126
2026-08-23 12:45:00,185.6792,185.87303,185.66465,185.73665
2026-08-23 13:00:00,185.73797,185.85782,185.72336,185.75783
2026-08-23 13:15:00,185.75362,185.76252,185.75163,185.75818
2026-08-23 13:30:00,185.75418,185.85131,185.7514,185.76951
2026-08-23 13:45:00,185.76699,185.77535,185.76434,185.76601
2026-08-23 14:00:00,185.76709,185.84262,185.75827,185.77736
2026-08-23 14:15:00,185.7774,185.8624,185.70228,185.75422
2026-08-23 14:30:00,185.74962,185.77093,185.74962,185.76593
2026-08-23 14:45:00,185.76277,185.84479,185.76099,185.77321
2026-08-23 15:00:00,185.77388,185.78225,185.77121,185.77335
2026-08-23 15:15:00,185.77397,185.84044,185.77041,185.78611
2026-08-23 15:30:00,185.78291,185.8361,185.7784,185.7928
2026-08-23 15:45:00,185.78913,185.7982,185.78728,185.78995
2026-08-23 16:00:00,185.79008,185.89694,185.56497,185.71793
2026-08-23 16:15:00,185.71915,185.72861,185.7176,185.72281
2026-08-23 16:30:00,185.7204,185.86652,185.71743,185.74407
2026-08-23 16:45:00,185.74004,185.85782,185.72772,185.75701
2026-08-23 17:00:00,185.75491,185.76412,185.75294,185.75445
2026-08-23 17:15:00,185.75578,185.84696,185.75029,185.77127
2026-08-23 17:30:00,185.76827,185.77655,185.76554,185.77244
2026-08-23 17:45:00,185.76827,185.83818,185.72763,185.74821
2026-08-23 18:00:00,185.74682,185.79784,185.74186,185.7552
2026-08-23 18:15:00,185.75659,185.76492,185.75381,185.76027
2026-08-23 18:30:00,185.75659,185.7979,185.74603,185.77046
2026-08-23 18:45:00,185.76632,185.77466,185.76359,185.76838
2026-08-23 19:00:00,185.76632,185.79958,185.76532,185.77284
2026-08-23 19:15:00,185.77411,185.80072,185.76752,185.78455
2026-08-23 19:30:00,185.78035,185.78869,185.77772,185.78428
2026-08-23 19:45:00,185.78035,185.8012,185.7776,185.78803
2026-08-23 20:00:00,185.78533,185.79366,185.78266,185.78436
2026-08-23 20:15:00,185.78533,185.79369,185.78256,185.78511
2026-08-23 20:30:00,185.78533,185.79347,185.78255,185.78889
2026-08-23 20:45:00,185.78533,185.79368,185.78258,185.78863
2026-08-23 21:00:00,185.78533,185.79363,185.78262,185.78482
2026-08-23 21:15:00,185.78533,185.79366,185.78256,185.78457
2026-08-23 21:30:00,185.78533,185.82388,185.70032,185.72778
2026-08-23 21:45:00,185.72491,185.73322,185.72214,185.72876
2026-08-23 22:00:00,185.72491,185.73321,185.7222,185.72723
2026-08-23 22:15:00,185.72491,185.73326,185.72215,185.7237
2026-08-23 22:30:00,185.72491,185.73301,185.72212,185.72755
2026-08-23 22:45:00,185.72491,185.73326,185.72214,185.72902
2026-08-23 23:00:00,185.72491,185.73322,185.72222,185.72652
2026-08-23 23:15:00,185.72491,185.7717,185.65709,185.67628
2026-08-23 23:30:00,185.67767,185.68603,185.67489,185.67904
2026-08-23 23:45:00,185.67766,185.68263,185.67169,185.67864
2026-08-24 00:00:00,185.67447,185.71961,185.61768,185.641
2026-08-24 00:15:00,185.64615,185.65272,185.61401,185.61839
2026-08-24 00:30:00,185.6184,185.62141,185.60605,185.61302
2026-08-24 00:45:00,185.60883,185.61593,185.59529,185.60355
2026-08-24 01:00:00,185.59962,185.59962,185.34599,185.47806
2026-08-24 01:15:00,185.47506,185.4834,185.4725,185.47429
2026-08-24 01:30:00,185.47506,185.48324,185.47055,185.47944
2026-08-24 01:45:00,185.47466,185.48293,185.47194,185.47795
2026-08-24 02:00:00,185.47466,185.64338,185.46838,185.6384
2026-08-24 02:15:00,185.635,185.66459,185.62481,185.65682
2026-08-24 02:30:00,185.65744,185.6658,185.60563,185.63285
2026-08-24 02:45:00,185.62657,185.64208,185.62657,185.63688
2026-08-24 03:00:00,185.63381,185.66031,185.60127,185.62939
2026-08-24 03:15:00,185.62565,185.64127,185.62531,185.6331
2026-08-24 03:30:00,185.63229,185.64135,185.62147,185.63193
2026-08-24 03:45:00,185.63305,185.64129,185.6303,185.63549
2026-08-24 04:00:00,185.63306,185.6408,185.6167,185.63423
2026-08-24 04:15:00,185.62228,185.75222,185.52531,185.61899
2026-08-24 04:30:00,185.61872,185.64081,185.61778,185.63383
2026-08-24 04:45:00,185.62061,185.82219,185.40597,185.61035
2026-08-24 05:00:00,185.58734,185.7174,185.28846,185.49327
2026-08-24 05:15:00,185.52877,185.77727,185.44932,185.68373
2026-08-24 05:30:00,185.64494,185.94312,185.03453,185.66844
2026-08-24 05:45:00,185.53658,185.76565,185.48154,185.65842
2026-08-24 06:00:00,185.62912,185.71204,185.56924,185.59938
2026-08-24 06:15:00,185.61516,185.68594,185.51791,185.57218
2026-08-24 06:30:00,185.59379,185.70471,185.53093,185.64253
2026-08-24 06:45:00,185.65305,185.69044,185.63185,185.66521
2026-08-24 07:00:00,185.66833,185.73687,185.61164,185.67088
2026-08-24 07:15:00,185.66746,185.68856,185.46039,185.47326
2026-08-24 07:30:00,185.46731,185.57779,185.16622,185.53062
2026-08-24 07:45:00,185.5218,185.70343,185.41132,185.43109
2026-08-24 08:00:00,185.47642,185.59187,185.46689,185.59134
2026-08-24 08:15:00,185.58745,185.64356,185.57356,185.63868
2026-08-24 08:30:00,185.63574,185.64373,185.58024,185.6077
2026-08-24 08:45:00,185.60038,185.6161,185.58694,185.60388
2026-08-24 09:00:00,185.60708,185.62306,185.58422,185.60278
2026-08-24 09:15:00,185.60001,185.63708,185.58473,185.63519
2026-08-24 09:30:00,185.63005,185.64489,185.60805,185.64322
2026-08-24 09:45:00,185.64003,185.66797,185.62477,185.6282
2026-08-24 10:00:00,185.63346,185.67011,185.57984,185.58804
2026-08-24 10:15:00,185.60045,185.62457,185.48995,185.50868
2026-08-24 10:30:00,185.50936,185.52124,185.43966,185.48882
2026-08-24 10:45:00,185.48376,185.55135,185.45767,185.48771
2026-08-24 11:00:00,185.49013,185.55504,185.45957,185.55123
2026-08-24 11:15:00,185.54299,185.5975,185.51902,185.59368
2026-08-24 11:30:00,185.58849,185.61108,185.56904,185.57203
2026-08-24 11:45:00,185.57579,185.59713,185.54951,185.55278
2026-08-24 12:00:00,185.55952,185.59899,185.52995,185.5948
2026-08-24 12:15:00,185.58675,185.60588,185.54801,185.58317
2026-08-24 12:30:00,185.57732,185.63634,185.57517,185.6125
2026-08-24 12:45:00,185.62002,185.62278,185.58346,185.60766
2026-08-24 13:00:00,185.61376,185.66153,185.59699,185.64461
2026-08-24 13:15:00,185.63791,185.65182,185.61798,185.63378
2026-08-24 13:30:00,185.62932,185.66822,185.62108,185.65715
2026-08-24 13:45:00,185.64954,185.66073,185.61921,185.62326
2026-08-24 14:00:00,185.63039,185.6445,185.54426,185.57981
2026-08-24 14:15:00,185.5712,185.59973,185.51645,185.52543
2026-08-24 14:30:00,185.53829,185.58968,185.52661,185.5828
2026-08-24 14:45:00,185.57944,185.62544,185.57082,185.59319
2026-08-24 15:00:00,185.59536,185.64878,185.59122,185.64416
2026-08-24 15:15:00,185.6369,185.64709,185.59652,185.64106
2026-08-24 15:30:00,185.63721,185.64342,185.5931,185.62456
2026-08-24 15:45:00,185.63218,185.63703,185.60599,185.61262
2026-08-24 16:00:00,185.62418,185.62418,185.53545,185.57223
2026-08-24 16:15:00,185.56894,185.5952,185.53106,185.58196
2026-08-24 16:30:00,185.5783,185.66825,185.56901,185.62716
2026-08-24 16:45:00,185.63393,185.70883,185.61024,185.70613
2026-08-24 17:00:00,185.70028,185.76373,185.64874,185.74916
2026-08-24 17:15:00,185.74204,185.79737,185.689,185.78861
2026-08-24 17:30:00,185.7702,185.81137,185.68931,185.70491
2026-08-24 17:45:00,185.73298,185.73298,185.66039,185.70385
2026-08-24 18:00:00,185.69968,185.75105,185.68565,185.74501
2026-08-24 18:15:00,185.73676,185.75829,185.69315,185.74288
2026-08-24 18:30:00,185.73857,185.77656,185.72028,185.774
2026-08-24 18:45:00,185.76754,185.76754,185.67201,185.68606
2026-08-24 19:00:00,185.68868,185.71174,185.6486,185.65448
2026-08-24 19:15:00,185.66485,185.70354,185.63224,185.66776
2026-08-24 19:30:00,185.67563,185.6883,185.61383,185.66653
2026-08-24 19:45:00,185.65748,185.72477,185.65748,185.7133
2026-08-24 20:00:00,185.70982,185.73143,185.68263,185.70212
2026-08-24 20:15:00,185.70611,185.71557,185.64892,185.66013
2026-08-24 20:30:00,185.6707,185.68715,185.61182,185.63808
2026-08-24 20:45:00,185.6317,185.71556,185.63055,185.70554
2026-08-24 21:00:00,185.70131,185.74622,185.68991,185.73849
2026-08-24 21:15:00,185.73112,185.7486,185.69162,185.74686
2026-08-24 21:30:00,185.7438,185.75241,185.52383,185.56491
2026-08-24 21:45:00,185.58435,185.61828,185.54495,185.6131
2026-08-24 22:00:00,185.59998,185.60945,185.56004,185.58375
2026-08-24 22:15:00,185.5895,185.59309,185.47868,185.50008
2026-08-24 22:30:00,185.52092,185.56843,185.4459,185.52762
2026-08-24 22:45:00,185.5221,185.61198,185.50313,185.58431
2026-08-24 23:00:00,185.59024,185.71473,185.58914,185.70882
2026-08-24 23:15:00,185.69662,185.76411,185.69106,185.75542
2026-08-24 23:30:00,185.7493,185.76124,185.6464,185.6859
2026-08-24 23:45:00,185.68157,185.69087,185.60782,185.63608
2026-08-25 00:00:00,185.63126,185.69981,185.56392,185.68901
2026-08-25 00:15:00,185.6662,185.71951,185.65403,185.71616
2026-08-25 00:30:00,185.71018,185.71772,185.64206,185.65889
2026-08-25 00:45:00,185.66341,185.75186,185.64938,185.72513
2026-08-25 01:00:00,185.72096,185.73255,185.67172,185.69131
2026-08-25 01:15:00,185.68836,185.73782,185.66175,185.72376
2026-08-25 01:30:00,185.70913,185.74246,185.65857,185.72187
2026-08-25 01:45:00,185.72602,185.72602,185.66724,185.69359
2026-08-25 02:00:00,185.68456,185.71097,185.59066,185.60222
2026-08-25 02:15:00,185.62044,185.63016,185.56188,185.59011
2026-08-25 02:30:00,185.58606,185.60676,185.50992,185.58918
2026-08-25 02:45:00,185.58072,185.61085,185.55625,185.59602
2026-08-25 03:00:00,185.59138,185.59138,185.49224,185.55149
2026-08-25 03:15:00,185.54653,185.57549,185.51928,185.55644
2026-08-25 03:30:00,185.54696,185.58984,185.53986,185.56695
2026-08-25 03:45:00,185.55941,185.58079,185.51818,185.55972
2026-08-25 04:00:00,185.56693,185.61132,185.56342,185.60757
2026-08-25 04:15:00,185.60262,185.65245,185.58122,185.65024
2026-08-25 04:30:00,185.64734,185.67967,185.62769,185.64868
2026-08-25 04:45:00,185.6585,185.68212,185.64774,185.67654
2026-08-25 05:00:00,185.66811,185.68597,185.62678,185.6495
2026-08-25 05:15:00,185.64515,185.66341,185.62517,185.62964
2026-08-25 05:30:00,185.63378,185.65195,185.59641,185.6045
2026-08-25 05:45:00,185.61126,185.63599,185.57004,185.63062
2026-08-25 06:00:00,185.61999,185.63439,185.60214,185.62191
2026-08-25 06:15:00,185.61719,185.63643,185.60982,185.62799
2026-08-25 06:30:00,185.62085,185.64157,185.58978,185.5914
2026-08-25 06:45:00,185.59625,185.61328,185.56187,185.57291
2026-08-25 07:00:00,185.57847,185.58756,185.49672,185.53667
2026-08-25 07:15:00,185.53049,185.56995,185.51041,185.5433
2026-08-25 07:30:00,185.54036,185.5851,185.52591,185.56766
2026-08-25 07:45:00,185.57163,185.61837,185.53462,185.55211
2026-08-25 08:00:00,185.56121,185.59686,185.54431,185.595
2026-08-25 08:15:00,185.58946,185.62438,185.58115,185.62113
2026-08-25 08:30:00,185.61455,185.61661,185.59079,185.59588
2026-08-25 08:45:00,185.59944,185.61317,185.58328,185.60132
2026-08-25 09:00:00,185.59718,185.599,185.54967,185.55217
2026-08-25 09:15:00,185.55253,185.63085,185.5464,185.6193
2026-08-25 09:30:00,185.613,185.64856,185.59943,185.64672
2026-08-25 09:45:00,185.64286,185.69964,185.64039,185.68812
2026-08-25 10:00:00,185.68413,185.71164,185.64578,185.69058
2026-08-25 10:15:00,185.69331,185.71848,185.6785,185.71489
2026-08-25 10:30:00,185.71026,185.71858,185.67661,185.69671
2026-08-25 10:45:00,185.69482,185.7592,185.65824,185.74405
2026-08-25 11:00:00,185.74911,185.76844,185.66628,185.66859
2026-08-25 11:15:00,185.67154,185.70864,185.64809,185.69295
2026-08-25 11:30:00,185.6864,185.74719,185.67436,185.73659
2026-08-25 11:45:00,185.73499,185.79604,185.7047,185.76706
2026-08-25 12:00:00,185.7697,185.80177,185.74564,185.76194
2026-08-25 12:15:00,185.76658,185.79068,185.75569,185.7681
2026-08-25 12:30:00,185.77303,185.79821,185.75091,185.78197
2026-08-25 12:45:00,185.78726,185.86623,185.77911,185.82733
2026-08-25 13:00:00,185.82952,185.85821,185.81223,185.85571
2026-08-25 13:15:00,185.84996,185.85849,185.80711,185.82176
2026-08-25 13:30:00,185.82497,185.84249,185.8063,185.82132
2026-08-25 13:45:00,185.81821,185.82012,185.77897,185.78072
2026-08-25 14:00:00,185.78588,185.8,185.74173,185.7732
2026-08-25 14:15:00,185.76326,185.77752,185.7206,185.73734
2026-08-25 14:30:00,185.73392,185.74212,185.63275,185.63701
2026-08-25 14:45:00,185.64045,185.68658,185.57805,185.68249
2026-08-25 15:00:00,185.67581,185.72304,185.65021,185.70751
2026-08-25 15:15:00,185.71065,185.73175,185.67683,185.72969
2026-08-25 15:30:00,185.72292,185.74433,185.68277,185.68966
2026-08-25 15:45:00,185.70065,185.70124,185.66733,185.66919
2026-08-25 16:00:00,185.67076,185.70796,185.65306,185.70279
2026-08-25 16:15:00,185.69549,185.78161,185.69476,185.75006
2026-08-25 16:30:00,185.75907,185.76893,185.69658,185.72282
2026-08-25 16:45:00,185.71883,185.75108,185.69335,185.74419
2026-08-25 17:00:00,185.73074,185.81554,185.73074,185.81323
2026-08-25 17:15:00,185.8093,185.86908,185.7938,185.81958
2026-08-25 17:30:00,185.82564,185.8907,185.80936,185.88936
2026-08-25 17:45:00,185.883,185.90858,185.84278,185.89832
2026-08-25 18:00:00,185.88933,185.95383,185.88933,185.95186
2026-08-25 18:15:00,185.9494,185.96351,185.8814,185.92998
2026-08-25 18:30:00,185.91798,185.93943,185.89311,185.9095
2026-08-25 18:45:00,185.91165,185.94832,185.87245,185.94449
2026-08-25 19:00:00,185.9354,185.9476,185.8595,185.89351
2026-08-25 19:15:00,185.90151,185.94522,185.85633,185.91074
2026-08-25 19:30:00,185.90883,185.94773,185.83379,185.86199
2026-08-25 19:45:00,185.87155,185.91419,185.83961,185.84696
2026-08-25 20:00:00,185.85716,185.87405,185.82242,185.82815
2026-08-25 20:15:00,185.83815,185.84694,185.7479,185.75538
2026-08-25 20:30:00,185.76933,185.77826,185.71733,185.74956
2026-08-25 20:45:00,185.76152,185.78,185.73283,185.77605
2026-08-25 21:00:00,185.7721,185.78096,185.73262,185.75798
2026-08-25 21:15:00,185.77189,185.8014,185.72423,185.79717
2026-08-25 21:30:00,185.79082,185.79893,185.72404,185.76221
2026-08-25 21:45:00,185.75354,185.76209,185.67231,185.67955
2026-08-25 22:00:00,185.69003,185.74846,185.66814,185.74587
2026-08-25 22:15:00,185.74052,185.76159,185.71574,185.74867
2026-08-25 22:30:00,185.75101,185.80327,185.73276,185.79472
2026-08-25 22:45:00,185.79298,185.83275,185.76201,185.83113
2026-08-25 23:00:00,185.82171,185.86813,185.7675,185.77954
2026-08-25 23:15:00,185.80055,185.84164,185.77008,185.83658
2026-08-25 23:30:00,185.82954,185.88217,185.80814,185.84623
2026-08-25 23:45:00,185.8698,185.88474,185.81431,185.88297
2026-08-26 00:00:00,185.87342,185.9326,185.82514,185.89411
2026-08-26 00:15:00,185.8998,185.91945,185.86261,185.86767
2026-08-26 00:30:00,185.87341,185.88689,185.82519,185.86124
2026-08-26 00:45:00,185.85088,185.8704,185.78611,185.85719
2026-08-26 01:00:00,185.85024,185.89142,185.82336,185.87006
2026-08-26 01:15:00,185.8738,185.89465,185.85632,185.88951
2026-08-26 01:30:00,185.88487,185.91012,185.81521,185.84539
2026-08-26 01:45:00,185.84142,185.90157,185.82237,185.85073
2026-08-26 02:00:00,185.85452,185.86844,185.83778,185.8557
2026-08-26 02:15:00,185.8525,185.86395,185.82161,185.86171
2026-08-26 02:30:00,185.85922,185.88887,185.85303,185.88365
2026-08-26 02:45:00,185.88125,185.90311,185.87118,185.88944
2026-08-26 03:00:00,185.89059,185.93066,185.88795,185.9173
2026-08-26 03:15:00,185.91311,185.93485,185.89842,185.91996
2026-08-26 03:30:00,185.91734,185.91734,185.86172,185.88383
2026-08-26 03:45:00,185.88713,185.90865,185.86797,185.89036
2026-08-26 04:00:00,185.88457,185.89402,185.85124,185.87
2026-08-26 04:15:00,185.86613,185.89795,185.84766,185.87552
2026-08-26 04:30:00,185.88297,185.91351,185.87793,185.90883
2026-08-26 04:45:00,185.90411,185.9206,185.87815,185.89837
2026-08-26 05:00:00,185.89315,185.91494,185.87655,185.89204
2026-08-26 05:15:00,185.89781,185.9123,185.83947,185.86669
2026-08-26 05:30:00,185.86494,185.86556,185.77609,185.79147
2026-08-26 05:45:00,185.78555,185.80319,185.75706,185.79528
2026-08-26 06:00:00,185.78014,185.89485,185.77365,185.88984
2026-08-26 06:15:00,185.88007,185.88849,185.83777,185.87456
2026-08-26 06:30:00,185.87603,185.91221,185.86216,185.90941
2026-08-26 06:45:00,185.90495,185.93689,185.84499,185.86987
2026-08-26 07:00:00,185.87751,185.91567,185.85069,185.90188
2026-08-26 07:15:00,185.89339,185.89339,185.84592,185.88406
2026-08-26 07:30:00,185.87967,185.9315,185.86695,185.90638
2026-08-26 07:45:00,185.91198,185.92224,185.85027,185.85398
2026-08-26 08:00:00,185.85975,185.91921,185.84551,185.89729
2026-08-26 08:15:00,185.89326,185.90662,185.87532,185.88243
2026-08-26 08:30:00,185.87875,185.90596,185.87053,185.89354
2026-08-26 08:45:00,185.88973,185.91204,185.88899,185.90938
2026-08-26 09:00:00,185.90498,185.92326,185.89176,185.908
2026-08-26 09:15:00,185.90861,185.92144,185.89503,185.90924
2026-08-26 09:30:00,185.9046,185.93191,185.89276,185.89784
2026-08-26 09:45:00,185.90099,185.9223,185.88708,185.88962
2026-08-26 10:00:00,185.89389,185.91001,185.87638,185.89405
2026-08-26 10:15:00,185.89705,185.91932,185.87106,185.87721
2026-08-26 10:30:00,185.88574,185.88574,185.79227,185.81128
2026-08-26 10:45:00,185.80883,185.82029,185.74842,185.78449
2026-08-26 11:00:00,185.79526,185.80547,185.75113,185.77874
2026-08-26 11:15:00,185.77507,185.77958,185.73232,185.76226
2026-08-26 11:30:00,185.75739,185.77069,185.63552,185.68327
2026-08-26 11:45:00,185.67863,185.67863,185.56144,185.62002
2026-08-26 12:00:00,185.62921,185.65757,185.45335,185.53807
2026-08-26 12:15:00,185.5244,185.55284,185.44807,185.503
2026-08-26 12:30:00,185.48716,185.56967,185.48716,185.56223
2026-08-26 12:45:00,185.55707,185.59542,185.53437,185.56367
2026-08-26 13:00:00,185.55939,185.56759,185.499,185.52455
2026-08-26 13:15:00,185.51445,185.54236,185.45996,185.46897
2026-08-26 13:30:00,185.47472,185.48653,185.35497,185.44712
2026-08-26 13:45:00,185.45313,185.45372,185.40446,185.42605
2026-08-26 14:00:00,185.41856,185.46661,185.39793,185.46413
2026-08-26 14:15:00,185.46022,185.47237,185.4251,185.46411
2026-08-26 14:30:00,185.46074,185.46455,185.40547,185.43271
2026-08-26 14:45:00,185.42549,185.4814,185.40811,185.47994
2026-08-26 15:00:00,185.47658,185.49774,185.44213,185.44457
2026-08-26 15:15:00,185.45025,185.50228,185.44128,185.48281
2026-08-26 15:30:00,185.48688,185.49452,185.45609,185.45987
2026-08-26 15:45:00,185.46351,185.48997,185.43742,185.48557
2026-08-26 16:00:00,185.48405,185.56042,185.46408,185.54015
2026-08-26 16:15:00,185.54315,185.54434,185.49094,185.50709
2026-08-26 16:30:00,185.51061,185.57164,185.48916,185.56902
2026-08-26 16:45:00,185.56377,185.58621,185.55098,185.57837
2026-08-26 17:00:00,185.56601,185.59989,185.50545,185.54021
2026-08-26 17:15:00,185.53358,185.59746,185.52082,185.59333
2026-08-26 17:30:00,185.58534,185.62486,185.56242,185.57702
2026-08-26 17:45:00,185.57153,185.58948,185.51425,185.57836
2026-08-26 18:00:00,185.56324,185.61541,185.52508,185.59656
2026-08-26 18:15:00,185.60207,185.6401,185.56592,185.62724
2026-08-26 18:30:00,185.6122,185.64121,185.56373,185.60674
2026-08-26 18:45:00,185.59285,185.61526,185.559,185.59407
2026-08-26 19:00:00,185.58723,185.60139,185.53565,185.54138
2026-08-26 19:15:00,185.55051,185.55051,185.45404,185.47465
2026-08-26 19:30:00,185.4712,185.50701,185.45721,185.4847
2026-08-26 19:45:00,185.4924,185.51851,185.45208,185.50246
2026-08-26 20:00:00,185.4991,185.50244,185.46769,185.49954
2026-08-26 20:15:00,185.4945,185.52219,185.46974,185.49344
2026-08-26 20:30:00,185.48877,185.53841,185.47505,185.53066
2026-08-26 20:45:00,185.51213,185.58036,185.51213,185.54863
2026-08-26 21:00:00,185.55848,185.61538,185.53801,185.60642
2026-08-26 21:15:00,185.60687,185.62537,185.56153,185.6188
2026-08-26 21:30:00,185.60964,185.64885,185.60543,185.6392
2026-08-26 21:45:00,185.63125,185.65895,185.6287,185.65527
2026-08-26 22:00:00,185.65067,185.67572,185.59851,185.66935
2026-08-26 22:15:00,185.65695,185.68641,185.54223,185.54835
2026-08-26 22:30:00,185.56476,185.66861,185.47623,185.66337
2026-08-26 22:45:00,185.65225,185.69714,185.59562,185.65227
2026-08-26 23:00:00,185.6432,185.67465,185.59496,185.66665
2026-08-26 23:15:00,185.65568,185.70562,185.63255,185.66626
2026-08-26 23:30:00,185.67031,185.76295,185.66261,185.76066
2026-08-26 23:45:00,185.75533,185.75591,185.69936,185.74599
2026-08-27 00:00:00,185.73619,185.76669,185.68401,185.70885
2026-08-27 00:15:00,185.70566,185.72073,185.63277,185.63596
2026-08-27 00:30:00,185.64188,185.68748,185.59717,185.63826
2026-08-27 00:45:00,185.64596,185.6878,185.59932,185.62337
2026-08-27 01:00:00,185.63785,185.69504,185.6194,185.6841
2026-08-27 01:15:00,185.67905,185.70212,185.65106,185.70113
2026-08-27 01:30:00,185.69952,185.71328,185.66382,185.67194
2026-08-27 01:45:00,185.688,185.70155,185.62109,185.68543
2026-08-27 02:00:00,185.6811,185.70027,185.658,185.69857
2026-08-27 02:15:00,185.69312,185.69312,185.64873,185.6865
2026-08-27 02:30:00,185.68169,185.71402,185.6583,185.69796
2026-08-27 02:45:00,185.69241,185.75054,185.67772,185.73251
2026-08-27 03:00:00,185.74205,185.74205,185.70229,185.72559
2026-08-27 03:15:00,185.71878,185.73958,185.69942,185.73105
2026-08-27 03:30:00,185.72434,185.74328,185.70534,185.71867
2026-08-27 03:45:00,185.72746,185.76794,185.71935,185.7583
2026-08-27 04:00:00,185.75166,185.76091,185.71594,185.75113
2026-08-27 04:15:00,185.74545,185.75829,185.72456,185.73702
2026-08-27 04:30:00,185.74201,185.74991,185.72588,185.73762
2026-08-27 04:45:00,185.74101,185.75319,185.70336,185.72561
2026-08-27 05:00:00,185.72157,185.74544,185.69076,185.70771
2026-08-27 05:15:00,185.70294,185.73687,185.69358,185.72696
2026-08-27 05:30:00,185.72414,185.73629,185.6866,185.69075
2026-08-27 05:45:00,185.6954,185.71108,185.67078,185.70821
2026-08-27 06:00:00,185.70245,185.71959,185.6749,185.6958
2026-08-27 06:15:00,185.69239,185.69386,185.66346,185.68205
2026-08-27 06:30:00,185.67888,185.68665,185.64865,185.65183
2026-08-27 06:45:00,185.65869,185.67485,185.64573,185.66839
2026-08-27 07:00:00,185.66494,185.66681,185.58791,185.61878
2026-08-27 07:15:00,185.59686,185.64965,185.57843,185.64772
2026-08-27 07:30:00,185.64139,185.66839,185.61374,185.63894
2026-08-27 07:45:00,185.63578,185.67592,185.60916,185.66028
2026-08-27 08:00:00,185.64958,185.68547,185.6272,185.65659
2026-08-27 08:15:00,185.65137,185.65634,185.62872,185.64364
2026-08-27 08:30:00,185.63751,185.64822,185.61217,185.63013
2026-08-27 08:45:00,185.62669,185.63024,185.60115,185.60579
2026-08-27 09:00:00,185.61445,185.63097,185.57983,185.59181
2026-08-27 09:15:00,185.58836,185.61766,185.56712,185.61384
2026-08-27 09:30:00,185.60931,185.62374,185.59187,185.60785
2026-08-27 09:45:00,185.60989,185.64492,185.59504,185.61113
2026-08-27 10:00:00,185.61771,185.62497,185.49488,185.49767
2026-08-27 10:15:00,185.50153,185.5487,185.47991,185.53551
2026-08-27 10:30:00,185.52943,185.55029,185.48164,185.48907
2026-08-27 10:45:00,185.49503,185.57519,185.47893,185.56132
2026-08-27 11:00:00,185.56589,185.58037,185.54324,185.55376
2026-08-27 11:15:00,185.55916,185.60624,185.53808,185.57232
2026-08-27 11:30:00,185.56706,185.67608,185.54772,185.62384
2026-08-27 11:45:00,185.63253,185.66398,185.60641,185.63969
2026-08-27 12:00:00,185.64685,185.72737,185.64685,185.69947
2026-08-27 12:15:00,185.70416,185.76989,185.69178,185.76861
2026-08-27 12:30:00,185.76227,185.77852,185.70662,185.71922
2026-08-27 12:45:00,185.71395,185.73084,185.67667,185.71461
2026-08-27 13:00:00,185.71043,185.72703,185.68962,185.69502
2026-08-27 13:15:00,185.69752,185.7219,185.68704,185.71281
2026-08-27 13:30:00,185.70957,185.74147,185.701,185.71128
2026-08-27 13:45:00,185.71698,185.73335,185.70467,185.71765
2026-08-27 14:00:00,185.72097,185.74616,185.70444,185.74208
2026-08-27 14:15:00,185.73575,185.75397,185.72569,185.74993
2026-08-27 14:30:00,185.74553,185.76618,185.73529,185.76288
2026-08-27 14:45:00,185.7551,185.76696,185.72197,185.76509
2026-08-27 15:00:00,185.76327,185.76709,185.72712,185.7289
2026-08-27 15:15:00,185.73414,185.74921,185.70163,185.70747
2026-08-27 15:30:00,185.71056,185.7264,185.68013,185.72419
2026-08-27 15:45:00,185.7196,185.74393,185.67986,185.72412
2026-08-27 16:00:00,185.72462,185.73919,185.69252,185.72797
2026-08-27 16:15:00,185.7245,185.73081,185.69286,185.72837
2026-08-27 16:30:00,185.72223,185.75523,185.69566,185.7384
2026-08-27 16:45:00,185.73327,185.73327,185.69246,185.7069
2026-08-27 17:00:00,185.70981,185.73328,185.66285,185.66897
2026-08-27 17:15:00,185.67655,185.69073,185.62644,185.67173
2026-08-27 17:30:00,185.66599,185.71489,185.65376,185.7076
2026-08-27 17:45:00,185.70322,185.73249,185.67962,185.72258
2026-08-27 18:00:00,185.71647,185.75424,185.66011,185.69474
2026-08-27 18:15:00,185.6913,185.70411,185.62173,185.63091
2026-08-27 18:30:00,185.64782,185.65873,185.59941,185.61471
2026-08-27 18:45:00,185.62495,185.62737,185.57225,185.59378
2026-08-27 19:00:00,185.58994,185.61493,185.53514,185.60388
2026-08-27 19:15:00,185.60766,185.6555,185.58685,185.65199
2026-08-27 19:30:00,185.64633,185.67798,185.61824,185.65928
2026-08-27 19:45:00,185.66267,185.70023,185.63967,185.65178
2026-08-27 20:00:00,185.66163,185.67696,185.61604,185.67466
2026-08-27 20:15:00,185.67076,185.71184,185.64843,185.70926
2026-08-27 20:30:00,185.70516,185.7182,185.61463,185.65077
2026-08-27 20:45:00,185.65375,185.67321,185.62658,185.64197
2026-08-27 21:00:00,185.63611,185.66058,185.61955,185.62543
2026-08-27 21:15:00,185.6302,185.64273,185.60924,185.62048
2026-08-27 21:30:00,185.62803,185.666,185.56811,185.60795
2026-08-27 21:45:00,185.611,185.65755,185.58726,185.62619
2026-08-27 22:00:00,185.62104,185.64069,185.5786,185.58805
2026-08-27 22:15:00,185.60416,185.62616,185.55101,185.6225
2026-08-27 22:30:00,185.61653,185.63266,185.57522,185.60081
2026-08-27 22:45:00,185.60848,185.63273,185.57219,185.5857
2026-08-27 23:00:00,185.5812,185.73148,185.56882,185.72667
2026-08-27 23:15:00,185.72477,185.8198,185.71977,185.78677
2026-08-27 23:30:00,185.80226,185.81584,185.71643,185.73749
2026-08-27 23:45:00,185.72962,185.78244,185.71184,185.73228
2026-08-28 00:00:00,185.7255,185.75267,185.64169,185.65289
2026-08-28 00:15:00,185.66931,185.68317,185.63024,185.63366
2026-08-28 00:30:00,185.6399,185.6805,185.59595,185.65834
2026-08-28 00:45:00,185.64744,185.67782,185.51374,185.55622
2026-08-28 01:00:00,185.54605,185.64983,185.5276,185.64751
2026-08-28 01:15:00,185.6394,185.64612,185.59952,185.63
2026-08-28 01:30:00,185.62177,185.63347,185.5826,185.58687
2026-08-28 01:45:00,185.58737,185.60339,185.55325,185.59638
2026-08-28 02:00:00,185.59037,185.60211,185.54928,185.56214
2026-08-28 02:15:00,185.56537,185.60679,185.54474,185.58661
2026-08-28 02:30:00,185.59393,185.61232,185.57275,185.59803
2026-08-28 02:45:00,185.6041,185.63776,185.58525,185.61217
2026-08-28 03:00:00,185.60894,185.64481,185.60319,185.62406
2026-08-28 03:15:00,185.6311,185.64138,185.60318,185.62825
2026-08-28 03:30:00,185.62677,185.65747,185.60663,185.65299
2026-08-28 03:45:00,185.64666,185.69044,185.63087,185.6881
2026-08-28 04:00:00,185.68197,185.72953,185.68197,185.70496
2026-08-28 04:15:00,185.70787,185.71139,185.67495,185.67868
2026-08-28 04:30:00,185.68413,185.71317,185.68051,185.71094
2026-08-28 04:45:00,185.70758,185.73179,185.69792,185.71066
2026-08-28 05:00:00,185.71489,185.73896,185.7032,185.73727
2026-08-28 05:15:00,185.73224,185.75951,185.71493,185.72897
2026-08-28 05:30:00,185.72694,185.72834,185.70676,185.71067
2026-08-28 05:45:00,185.71382,185.72463,185.68081,185.69419
2026-08-28 06:00:00,185.70641,185.75235,185.69826,185.72926
2026-08-28 06:15:00,185.73244,185.73913,185.70334,185.72015
2026-08-28 06:30:00,185.71654,185.72513,185.69569,185.71581
2026-08-28 06:45:00,185.71413,185.74819,185.69738,185.74608
2026-08-28 07:00:00,185.74337,185.77884,185.6548,185.76124
2026-08-28 07:15:00,185.72479,185.77901,185.72479,185.76883
2026-08-28 07:30:00,185.75666,185.78851,185.74918,185.7527
2026-08-28 07:45:00,185.75969,185.76567,185.7286,185.73093
2026-08-28 08:00:00,185.73652,185.74809,185.69514,185.72331
2026-08-28 08:15:00,185.7196,185.74596,185.71202,185.7277
2026-08-28 08:30:00,185.72748,185.74271,185.71404,185.72299
2026-08-28 08:45:00,185.71758,185.73448,185.70853,185.71353
2026-08-28 09:00:00,185.71901,185.73175,185.70231,185.72881
2026-08-28 09:15:00,185.72397,185.72961,185.68566,185.72184
2026-08-28 09:30:00,185.71697,185.71723,185.67691,185.69733
2026-08-28 09:45:00,185.69321,185.69637,185.66396,185.66619
2026-08-28 10:00:00,185.66974,185.70525,185.63547,185.6998
2026-08-28 10:15:00,185.69828,185.72262,185.68315,185.69829
2026-08-28 10:30:00,185.69945,185.70988,185.66754,185.68591
2026-08-28 10:45:00,185.68304,185.72319,185.67115,185.71986
2026-08-28 11:00:00,185.71511,185.7352,185.68795,185.70659
2026-08-28 11:15:00,185.71065,185.71706,185.67768,185.71488
2026-08-28 11:30:00,185.7099,185.75607,185.70018,185.75311
2026-08-28 11:45:00,185.7447,185.78243,185.71973,185.7274
2026-08-28 12:00:00,185.7317,185.76686,185.71647,185.73206
2026-08-28 12:15:00,185.73377,185.73377,185.6669,185.69231
2026-08-28 12:30:00,185.68808,185.73922,185.67495,185.7138
2026-08-28 12:45:00,185.71036,185.77053,185.70062,185.76622
2026-08-28 13:00:00,185.75996,185.79112,185.7555,185.78327
2026-08-28 13:15:00,185.77085,185.78832,185.74179,185.76243
2026-08-28 13:30:00,185.75805,185.77471,185.7112,185.73057
2026-08-28 13:45:00,185.72679,185.74153,185.69476,185.6997
2026-08-28 14:00:00,185.70672,185.73259,185.69935,185.71721
2026-08-28 14:15:00,185.72205,185.74922,185.71027,185.74242
2026-08-28 14:30:00,185.74016,185.75535,185.72325,185.73781
2026-08-28 14:45:00,185.73379,185.76395,185.71925,185.76128
2026-08-28 15:00:00,185.75639,185.78346,185.74472,185.78162
2026-08-28 15:15:00,185.77907,185.80355,185.76175,185.78272
2026-08-28 15:30:00,185.78083,185.79429,185.74083,185.77089
2026-08-28 15:45:00,185.7669,185.76768,185.73966,185.76424
2026-08-28 16:00:00,185.75981,185.80142,185.74843,185.77063
2026-08-28 16:15:00,185.78058,185.79289,185.71061,185.75795
2026-08-28 16:30:00,185.74765,185.7751,185.69353,185.7132
2026-08-28 16:45:00,185.70397,185.74147,185.69162,185.69942
2026-08-28 17:00:00,185.70336,185.71779,185.66651,185.71377
2026-08-28 17:15:00,185.70863,185.73421,185.6627,185.66613
2026-08-28 17:30:00,185.67192,185.71499,185.66042,185.71199
2026-08-28 17:45:00,185.69981,185.79518,185.6867,185.77777
2026-08-28 18:00:00,185.78241,185.84754,185.76382,185.84221
2026-08-28 18:15:00,185.83481,185.86597,185.78221,185.7868
2026-08-28 18:30:00,185.79565,185.83268,185.76865,185.77494
2026-08-28 18:45:00,185.78301,185.83572,185.76106,185.82725
2026-08-28 19:00:00,185.82431,185.86529,185.78892,185.86242
2026-08-28 19:15:00,185.85816,185.88372,185.83671,185.85392
2026-08-28 19:30:00,185.86495,185.89196,185.85804,185.87919
2026-08-28 19:45:00,185.86934,185.89312,185.84884,185.8811
2026-08-28 20:00:00,185.87571,185.8986,185.85806,185.897
2026-08-28 20:15:00,185.89479,185.91956,185.86429,185.91335
2026-08-28 20:30:00,185.90401,185.96104,185.90401,185.94722
2026-08-28 20:45:00,185.93833,185.9898,185.93224,185.98211
2026-08-28 21:00:00,185.97889,185.98715,185.94323,185.95494
2026-08-28 21:15:00,185.95998,185.98332,185.92505,185.94585
2026-08-28 21:30:00,185.95125,185.99083,185.94395,185.98986
2026-08-28 21:45:00,185.98527,186.00232,185.91997,185.94449
2026-08-28 22:00:00,185.94014,185.94014,185.89575,185.89952
2026-08-28 22:15:00,185.90181,185.91103,185.80842,185.81726
2026-08-28 22:30:00,185.82172,185.83685,185.79615,185.81012
2026-08-28 22:45:00,185.81497,185.92807,185.79897,185.92409
2026-08-28 23:00:00,185.91548,185.91773,185.85856,185.89971
2026-08-28 23:15:00,185.89367,185.91903,185.86301,185.88302
2026-08-28 23:30:00,185.87663,185.89332,185.8367,185.87234
2026-08-28 23:45:00,185.86816,185.87374,185.80155,185.85409
2026-08-29 00:00:00,185.84404,185.92061,185.48368,185.61091
2026-08-29 00:15:00,185.59061,185.68077,185.44191,185.45274
2026-08-29 00:30:00,185.47427,185.64117,185.46834,185.5709
2026-08-29 00:45:00,185.57947,185.81148,185.52256,185.80689
2026-08-29 01:00:00,185.79888,185.79888,185.62454,185.67751
2026-08-29 01:15:00,185.69298,185.70646,185.63552,185.64489
2026-08-29 01:30:00,185.65154,185.67734,185.58327,185.64834
2026-08-29 01:45:00,185.63934,185.68395,185.53952,185.54445
2026-08-29 02:00:00,185.55212,185.56723,185.49649,185.53518
2026-08-29 02:15:00,185.55076,185.56467,185.48544,185.5256
2026-08-29 02:30:00,185.5398,185.61188,185.53077,185.58257
2026-08-29 02:45:00,185.59086,185.65628,185.58486,185.62284
2026-08-29 03:00:00,185.62022,185.62035,185.53759,185.58883
2026-08-29 03:15:00,185.58413,185.597,185.53862,185.57363
2026-08-29 03:30:00,185.57584,185.57907,185.48779,185.49741
2026-08-29 03:45:00,185.51551,185.51908,185.48227,185.50523
2026-08-29 04:00:00,185.5069,185.51102,185.47535,185.49855
2026-08-29 04:15:00,185.4949,185.52264,185.46423,185.5184
2026-08-29 04:30:00,185.51465,185.51724,185.46088,185.46394
2026-08-29 04:45:00,185.46805,185.48056,185.43703,185.45606
2026-08-29 05:00:00,185.45931,185.46692,185.38296,185.46019
2026-08-29 05:15:00,185.45349,185.46673,185.43744,185.4622
2026-08-29 05:30:00,185.45773,185.50047,185.45391,185.49306
2026-08-29 05:45:00,185.48806,185.50863,185.43868,185.48465
2026-08-29 06:00:00,185.47183,185.49821,185.44443,185.47129
2026-08-29 06:15:00,185.46738,185.478,185.43881,185.46386
2026-08-29 06:30:00,185.45609,185.45609,185.41678,185.43791
2026-08-29 06:45:00,185.44141,185.46275,185.41967,185.46036
2026-08-29 07:00:00,185.4516,185.48522,185.31413,185.43682
2026-08-29 07:15:00,185.39478,185.60794,185.37292,185.44978
2026-08-29 07:30:00,185.45328,185.62664,185.41329,185.45236
2026-08-29 07:45:00,185.46733,185.54074,185.34494,185.45431
2026-08-29 08:00:00,185.39116,185.53723,185.1976,185.41136
2026-08-29 08:15:00,185.41265,185.46289,185.40809,185.46027
2026-08-29 08:30:00,185.45545,185.46336,185.40281,185.43549
2026-08-29 08:45:00,185.43992,185.46342,185.43217,185.4587
2026-08-29 09:00:00,185.45473,185.49027,185.19658,185.43675
2026-08-29 09:15:00,185.43876,185.46209,185.40808,185.45948
2026-08-29 09:30:00,185.45547,185.46343,185.41919,185.43784
2026-08-29 09:45:00,185.43907,185.4722,185.42586,185.45823
2026-08-29 10:00:00,185.45468,185.46135,185.21022,185.43173
2026-08-29 10:15:00,185.42522,185.49819,185.42268,185.43669
2026-08-29 10:30:00,185.43282,185.44066,185.42901,185.43467
2026-08-29 10:45:00,185.43203,185.47455,185.42738,185.4314
2026-08-29 11:00:00,185.43235,185.44077,185.26299,185.43156
2026-08-29 11:15:00,185.43201,185.46374,185.42651,185.43666
2026-08-29 11:30:00,185.43315,185.47242,185.40504,185.43748
2026-08-29 11:45:00,185.43437,185.44123,185.42961,185.43162
2026-08-29 12:00:00,185.43216,185.51747,185.2928,185.4311
2026-08-29 12:15:00,185.43181,185.44014,185.42956,185.43519
2026-08-29 12:30:00,185.43213,185.53031,185.42913,185.43539
2026-08-29 12:45:00,185.43169,185.4832,185.42721,185.43191
2026-08-29 13:00:00,185.43289,185.52609,185.29421,185.43006
2026-08-29 13:15:00,185.43125,185.48718,185.39758,185.43318
2026-08-29 13:30:00,185.43042,185.44028,185.4291,185.43568
2026-08-29 13:45:00,185.43162,185.52833,185.42834,185.43369
2026-08-29 14:00:00,185.43199,185.50238,185.27131,185.43212
2026-08-29 14:15:00,185.43361,185.44096,185.42992,185.43543
2026-08-29 14:30:00,185.43276,185.52615,185.42591,185.43593
2026-08-29 14:45:00,185.43175,185.44053,185.42951,185.43412
2026-08-29 15:00:00,185.43273,185.52603,185.30701,185.43113
2026-08-29 15:15:00,185.43259,185.51111,185.42786,185.44003
2026-08-29 15:30:00,185.43603,185.44147,185.42942,185.43555
2026-08-29 15:45:00,185.43142,185.52183,185.42858,185.4339
2026-08-29 16:00:00,185.43179,185.46725,185.30317,185.43132
2026-08-29 16:15:00,185.43254,185.47884,185.4223,185.43691
2026-08-29 16:30:00,185.43238,185.49132,185.41582,185.42888
2026-08-29 16:45:00,185.44078,185.44272,185.42556,185.43513
2026-08-29 17:00:00,185.43229,185.4597,185.27286,185.43085
2026-08-29 17:15:00,185.43179,185.44554,185.42648,185.43224
2026-08-29 17:30:00,185.43268,185.52148,185.42826,185.43521
2026-08-29 17:45:00,185.43172,185.45741,185.42256,185.4376
2026-08-29 18:00:00,185.43438,185.43996,185.42915,185.43115
2026-08-29 18:15:00,185.4316,185.52827,185.41819,185.43141
2026-08-29 18:30:00,185.43236,185.44013,185.429,185.43446
2026-08-29 18:45:00,185.43153,185.50464,185.42643,185.43561
2026-08-29 19:00:00,185.43183,185.52398,185.42813,185.43059
2026-08-29 19:15:00,185.43486,185.44024,185.42517,185.43075
2026-08-29 19:30:00,185.4319,185.52609,185.42903,185.4344
2026-08-29 19:45:00,185.43178,185.4399,185.42878,185.43587
2026-08-29 20:00:00,185.43182,185.48316,185.41874,185.43337
2026-08-29 20:15:00,185.4316,185.50464,185.42784,185.43271
2026-08-29 20:30:00,185.43483,185.44023,185.42891,185.43496
2026-08-29 20:45:00,185.43153,185.52399,185.42835,185.43614
2026-08-29 21:00:00,185.43203,185.44018,185.429,185.43354
2026-08-29 21:15:00,185.43153,185.49602,185.42965,185.43045
2026-08-29 21:30:00,185.43176,185.52615,185.42841,185.45359
2026-08-29 21:45:00,185.44359,185.44539,185.42899,185.43522
2026-08-29 22:00:00,185.43117,185.5326,185.4281,185.4341
2026-08-29 22:15:00,185.43176,185.43934,185.4284,185.43
2026-08-29 22:30:00,185.43115,185.524,185.42584,185.43494
2026-08-29 22:45:00,185.43035,185.53041,185.42822,185.44151
2026-08-29 23:00:00,185.4361,185.43889,185.42721,185.43348
2026-08-29 23:15:00,185.43047,185.53026,185.41791,185.42113
2026-08-29 23:30:00,185.42306,185.43645,185.42151,185.42762
2026-08-29 23:45:00,185.42814,185.51668,185.42278,185.43014
2026-08-30 00:00:00,185.42664,185.53044,185.42506,185.44205
2026-08-30 00:15:00,185.43698,185.44048,185.42843,185.43093
2026-08-30 00:30:00,185.43116,185.5326,185.4286,185.43339
2026-08-30 00:45:00,185.4348,185.44024,185.42895,185.43415
2026-08-30 01:00:00,185.43146,185.68954,185.10092,185.37939
2026-08-30 01:15:00,185.37489,185.5433,185.37489,185.42049
2026-08-30 01:30:00,185.4145,185.47459,185.19927,185.26972
2026-08-30 01:45:00,185.27109,185.60127,185.23342,185.31766
2026-08-30 02:00:00,185.31453,185.51962,185.24544,185.40584
2026-08-30 02:15:00,185.40165,185.53467,185.39982,185.42276
2026-08-30 02:30:00,185.42135,185.5283,185.42022,185.48272
2026-08-30 02:45:00,185.44915,185.4715,185.44915,185.46685
2026-08-30 03:00:00,185.46341,185.50961,185.36335,185.47345
2026-08-30 03:15:00,185.4692,185.47867,185.46751,185.4722
2026-08-30 03:30:00,185.47044,185.5111,185.46467,185.47456
2026-08-30 03:45:00,185.4759,185.51755,185.45308,185.49758
2026-08-30 04:00:00,185.45997,185.47456,185.43349,185.43902
2026-08-30 04:15:00,185.43504,185.52615,185.42088,185.43227
2026-08-30 04:30:00,185.42965,185.43962,185.42773,185.43114
2026-08-30 04:45:00,185.4322,185.5304,185.42954,185.44865
2026-08-30 05:00:00,185.44411,185.51235,185.34366,185.48627
2026-08-30 05:15:00,185.4373,185.46334,185.43678,185.45834
2026-08-30 05:30:00,185.4552,185.5172,185.45265,185.46027
2026-08-30 05:45:00,185.46093,185.47046,185.43926,185.44322
2026-08-30 06:00:00,185.44387,185.52329,185.43405,185.44835
2026-08-30 06:15:00,185.44521,185.50452,185.4307,185.48261
2026-08-30 06:30:00,185.43737,185.45999,185.43626,185.45361
2026-08-30 06:45:00,185.45369,185.50785,185.44407,185.45276
2026-08-30 07:00:00,185.45239,185.45274,185.43084,185.43405
2026-08-30 07:15:00,185.43159,185.53045,185.42515,185.43527
2026-08-30 07:30:00,185.43126,185.53045,185.4287,185.49592
2026-08-30 07:45:00,185.43176,185.45343,185.42917,185.43015
2026-08-30 08:00:00,185.43146,185.52711,185.33391,185.43556
2026-08-30 08:15:00,185.43294,185.44051,185.42884,185.43563
2026-08-30 08:30:00,185.43146,185.53045,185.42908,185.44591
2026-08-30 08:45:00,185.44457,185.5197,185.43515,185.43532
2026-08-30 09:00:00,185.43671,185.5197,185.43537,185.45265
2026-08-30 09:15:00,185.44898,185.5197,185.44317,185.46632
2026-08-30 09:30:00,185.46218,185.47497,185.46038,185.46872
2026-08-30 09:45:00,185.4667,185.51108,185.46254,185.46959
2026-08-30 10:00:00,185.47102,185.49704,185.43732,185.45312
2026-08-30 10:15:00,185.4489,185.52127,185.43961,185.45012
2026-08-30 10:30:00,185.44603,185.51851,185.44453,185.45411
2026-08-30 10:45:00,185.45112,185.46242,185.45112,185.45488
2026-08-30 11:00:00,185.45584,185.5166,185.4388,185.46081
2026-08-30 11:15:00,185.46299,185.47623,185.44656,185.47165
2026-08-30 11:30:00,185.46811,185.52959,185.45888,185.46912
2026-08-30 11:45:00,185.46582,185.51629,185.45995,185.46519
2026-08-30 12:00:00,185.46569,185.47401,185.46292,185.46492
2026-08-30 12:15:00,185.46569,185.50843,185.46292,185.46979
2026-08-30 12:30:00,185.46679,185.47658,185.40569,185.43975
2026-08-30 12:45:00,185.43595,185.50451,185.42587,185.44891
2026-08-30 13:00:00,185.4465,185.49517,185.44377,185.44907
2026-08-30 13:15:00,185.45024,185.45839,185.44746,185.45276
2026-08-30 13:30:00,185.45024,185.48788,185.44756,185.4573
2026-08-30 13:45:00,185.45323,185.46155,185.45059,185.45494
2026-08-30 14:00:00,185.45323,185.48549,185.45193,185.45425
2026-08-30 14:15:00,185.45562,185.48143,185.45289,185.45978
2026-08-30 14:30:00,185.45657,185.46474,185.4538,185.46074
2026-08-30 14:45:00,185.45657,185.47806,185.45407,185.45984
2026-08-30 15:00:00,185.45829,185.46662,185.45566,185.45692
2026-08-30 15:15:00,185.45829,185.48322,185.42951,185.4477
2026-08-30 15:30:00,185.44382,185.49665,185.43014,185.46374
2026-08-30 15:45:00,185.45966,185.468,185.45688,185.46192
2026-08-30 16:00:00,185.45966,185.52001,185.39626,185.46342
2026-08-30 16:15:00,185.46465,185.47337,185.46239,185.46949
2026-08-30 16:30:00,185.46513,185.51325,185.46108,185.47555
2026-08-30 16:45:00,185.47172,185.50895,185.46859,185.47773
2026-08-30 17:00:00,185.47475,185.48534,185.47441,185.47618
2026-08-30 17:15:00,185.47704,185.5068,185.47104,185.48064
2026-08-30 17:30:00,185.48105,185.49314,185.41427,185.45656
2026-08-30 17:45:00,185.45321,185.5154,185.44704,185.47235
2026-08-30 18:00:00,185.46888,185.5111,185.4647,185.47607
2026-08-30 18:15:00,185.47269,185.4829,185.47186,185.47389
2026-08-30 18:30:00,185.47479,185.50895,185.46961,185.48206
2026-08-30 18:45:00,185.47923,185.48776,185.47669,185.48334
2026-08-30 19:00:00,185.47947,185.5068,185.47312,185.48545
2026-08-30 19:15:00,185.48316,185.50465,185.47798,185.48858
2026-08-30 19:30:00,185.48301,185.49428,185.48157,185.48887
2026-08-30 19:45:00,185.48621,185.50465,185.48066,185.49235
2026-08-30 20:00:00,185.48822,185.49691,185.48591,185.4902
2026-08-30 20:15:00,185.48861,185.49691,185.48592,185.48723
2026-08-30 20:30:00,185.48861,185.49886,185.48585,185.49211
2026-08-30 20:45:00,185.48881,185.49672,185.48585,185.49279
2026-08-30 21:00:00,185.48861,185.49696,185.48585,185.49032
2026-08-30 21:15:00,185.48861,185.49691,185.48592,185.48727
2026-08-30 21:30:00,185.48861,185.59733,185.34467,185.442
2026-08-30 21:45:00,185.43173,185.46653,185.43173,185.46388
2026-08-30 22:00:00,185.45985,185.46841,185.45725,185.46257
2026-08-30 22:15:00,185.46008,185.46833,185.45734,185.45899
2026-08-30 22:30:00,185.46008,185.4684,185.45736,185.46005
2026-08-30 22:45:00,185.46008,185.55823,184.96886,185.13171
2026-08-30 23:00:00,185.12868,185.137,185.1259,185.13241
2026-08-30 23:15:00,185.12868,185.64113,184.78939,184.96123
2026-08-30 23:30:00,184.95918,184.9675,184.95641,184.95789
2026-08-30 23:45:00,184.95918,184.96289,184.59088,184.71543
2026-08-31 00:00:00,184.71194,185.65736,184.67914,184.94129
2026-08-31 00:15:00,184.93714,184.94543,184.93438,184.93845
2026-08-31 00:30:00,184.93714,185.18233,184.58479,184.69997
2026-08-31 00:45:00,184.70127,184.70957,184.6985,184.70537
2026-08-31 01:00:00,184.70127,184.70523,184.55386,184.69232
2026-08-31 01:15:00,184.68832,184.87924,184.42723,184.51647
2026-08-31 01:30:00,184.51341,184.52941,184.5122,184.51657
2026-08-31 01:45:00,184.5173,184.52546,184.31433,184.37626
2026-08-31 02:00:00,184.37706,185.90229,184.19213,185.00214
2026-08-31 02:15:00,184.99812,185.00635,184.65092,184.76366
2026-08-31 02:30:00,184.76057,184.77346,184.59064,184.66313
2026-08-31 02:45:00,184.65169,184.70263,184.65169,184.69377
2026-08-31 03:00:00,184.69448,185.82112,184.43668,185.01818
2026-08-31 03:15:00,185.01448,185.02327,185.01226,185.01815
2026-08-31 03:30:00,185.01503,185.02127,184.65526,184.77358
2026-08-31 03:45:00,184.77374,185.43024,184.72712,185.30672
2026-08-31 04:00:00,185.26772,185.48531,185.26772,185.43796
2026-08-31 04:15:00,185.43406,185.4979,184.99772,185.43347
2026-08-31 04:30:00,185.42342,185.44234,185.31855,185.42209
2026-08-31 04:45:00,185.41416,185.61808,184.86736,185.37237
2026-08-31 05:00:00,185.14544,185.62103,185.14544,185.57805
2026-08-31 05:15:00,185.52137,185.77232,184.79234,184.8836
2026-08-31 05:30:00,184.88061,185.71698,184.73224,185.49858
2026-08-31 05:45:00,185.41093,185.61315,185.11863,185.40945
2026-08-31 06:00:00,185.36552,185.59223,185.35012,185.57756
2026-08-31 06:15:00,185.55017,185.65592,185.19373,185.41561
2026-08-31 06:30:00,185.36485,185.51181,185.35429,185.39224
2026-08-31 06:45:00,185.41208,185.47748,185.28941,185.41192
2026-08-31 07:00:00,185.38776,185.42919,185.33272,185.3907
2026-08-31 07:15:00,185.35793,185.42216,185.35793,185.39454
2026-08-31 07:30:00,185.38767,185.4049,185.35225,185.39096
2026-08-31 07:45:00,185.38278,185.46594,185.37284,185.45686
2026-08-31 08:00:00,185.44094,185.49012,185.43203,185.47171
2026-08-31 08:15:00,185.46734,185.48458,185.44979,185.45243
2026-08-31 08:30:00,185.45214,185.50434,185.44509,185.46108
2026-08-31 08:45:00,185.46308,185.49671,185.45091,185.49275
2026-08-31 09:00:00,185.48977,185.58889,185.48407,185.5733
2026-08-31 09:15:00,185.56996,185.60166,185.55735,185.55918
2026-08-31 09:30:00,185.55634,185.57328,185.54167,185.56135
2026-08-31 09:45:00,185.55592,185.58169,185.53163,185.57174
2026-08-31 10:00:00,185.56986,185.58106,185.4787,185.50028
2026-08-31 10:15:00,185.50971,185.50971,185.43206,185.43949
2026-08-31 10:30:00,185.4511,185.51485,185.42657,185.51134
2026-08-31 10:45:00,185.50673,185.52566,185.43734,185.4508
2026-08-31 11:00:00,185.45777,185.48139,185.33684,185.36705
2026-08-31 11:15:00,185.35681,185.37147,185.23262,185.24933
2026-08-31 11:30:00,185.24704,185.30585,185.22561,185.25715
2026-08-31 11:45:00,185.26556,185.28951,185.22464,185.26823
2026-08-31 12:00:00,185.26378,185.28389,185.23498,185.24142
2026-08-31 12:15:00,185.24627,185.24627,185.18596,185.21032
2026-08-31 12:30:00,185.20345,185.24453,185.17735,185.19367
2026-08-31 12:45:00,185.18745,185.24542,185.17642,185.24044
2026-08-31 13:00:00,185.23736,185.23836,185.19488,185.21674
2026-08-31 13:15:00,185.22337,185.25338,185.20822,185.23368
2026-08-31 13:30:00,185.23638,185.28161,185.22243,185.27547
2026-08-31 13:45:00,185.26934,185.26934,185.21127,185.24388
2026-08-31 14:00:00,185.23936,185.25698,185.18535,185.19895
2026-08-31 14:15:00,185.20761,185.23737,185.20121,185.20361
2026-08-31 14:30:00,185.20773,185.23456,185.17304,185.1815
2026-08-31 14:45:00,185.19408,185.22536,185.17539,185.22031
2026-08-31 15:00:00,185.21803,185.22667,185.175,185.18057
2026-08-31 15:15:00,185.18827,185.23727,185.18827,185.21743
2026-08-31 15:30:00,185.21139,185.22258,185.16743,185.22191
2026-08-31 15:45:00,185.21663,185.27049,185.20976,185.26435
2026-08-31 16:00:00,185.25814,185.27276,185.1982,185.21241
2026-08-31 16:15:00,185.21495,185.26197,185.18495,185.2556
2026-08-31 16:30:00,185.24561,185.32205,185.23685,185.26418
2026-08-31 16:45:00,185.27663,185.27663,185.17761,185.24234
2026-08-31 17:00:00,185.23324,185.23691,185.04596,185.05386
2026-08-31 17:15:00,185.06816,185.08858,184.95448,185.0435
2026-08-31 17:30:00,185.03578,185.14692,185.01877,185.12279
2026-08-31 17:45:00,185.12463,185.17306,185.12463,185.17142
2026-08-31 18:00:00,185.16457,185.18353,185.03832,185.11103
2026-08-31 18:15:00,185.10768,185.1303,185.03285,185.1145
2026-08-31 18:30:00,185.12114,185.18011,185.11538,185.17276
2026-08-31 18:45:00,185.16081,185.21248,185.14267,185.20898
2026-08-31 19:00:00,185.20384,185.29547,185.20027,185.28399
2026-08-31 19:15:00,185.27588,185.28353,185.21524,185.23793
2026-08-31 19:30:00,185.2409,185.27218,185.22517,185.24988
2026-08-31 19:45:00,185.24856,185.30048,185.22777,185.289
2026-08-31 20:00:00,185.2806,185.33286,185.26565,185.32007
2026-08-31 20:15:00,185.31663,185.34266,185.28625,185.32491
2026-08-31 20:30:00,185.3183,185.33691,185.24859,185.28084
2026-08-31 20:45:00,185.27284,185.28737,185.2414,185.24619
2026-08-31 21:00:00,185.25102,185.26285,185.1999,185.21564
2026-08-31 21:15:00,185.22664,185.24474,185.20129,185.20396
2026-08-31 21:30:00,185.21076,185.23968,185.175,185.23666
2026-08-31 21:45:00,185.23135,185.23735,185.19512,185.20675
2026-08-31 22:00:00,185.21142,185.24282,185.18016,185.23547
2026-08-31 22:15:00,185.22859,185.3026,185.2183,185.29801
2026-08-31 22:30:00,185.29121,185.35091,185.26592,185.34033
2026-08-31 22:45:00,185.33404,185.39337,185.28242,185.38899
2026-08-31 23:00:00,185.38435,185.41559,185.36274,185.39934
2026-08-31 23:15:00,185.39628,185.42736,185.35243,185.35615
2026-08-31 23:30:00,185.36292,185.4068,185.31967,185.33736
2026-08-31 23:45:00,185.36857,185.40613,185.3329,185.40017
2026-09-01 00:00:00,185.38544,185.43173,185.33438,185.42577
2026-09-01 00:15:00,185.42001,185.42878,185.3761,185.38805
2026-09-01 00:30:00,185.40935,185.43961,185.31907,185.38658
2026-09-01 00:45:00,185.37915,185.5286,185.36494,185.52094
2026-09-01 01:00:00,185.50414,185.5652,185.46146,185.54109
2026-09-01 01:15:00,185.52326,185.61073,185.50143,185.59177
2026-09-01 01:30:00,185.5942,185.63314,185.55749,185.56486
2026-09-01 01:45:00,185.5788,185.59501,185.55191,185.56467
2026-09-01 02:00:00,185.56809,185.57552,185.49308,185.51702
2026-09-01 02:15:00,185.51288,185.52654,185.47644,185.50993
2026-09-01 02:30:00,185.50393,185.54764,185.48701,185.49154
2026-09-01 02:45:00,185.50085,185.51849,185.4689,185.50669
2026-09-01 03:00:00,185.50087,185.52667,185.47847,185.51069
2026-09-01 03:15:00,185.50565,185.5273,185.48435,185.50906
2026-09-01 03:30:00,185.50654,185.52511,185.49314,185.49864
2026-09-01 03:45:00,185.50573,185.52441,185.48228,185.49459
2026-09-01 04:00:00,185.50206,185.52411,185.48048,185.52234
2026-09-01 04:15:00,185.51391,185.5424,185.49904,185.52528
2026-09-01 04:30:00,185.53309,185.60996,185.50299,185.60662
2026-09-01 04:45:00,185.60181,185.62632,185.5814,185.59378
2026-09-01 05:00:00,185.60453,185.62771,185.58477,185.61278
2026-09-01 05:15:00,185.6078,185.6081,185.54877,185.56696
2026-09-01 05:30:00,185.56316,185.60522,185.53796,185.60394
2026-09-01 05:45:00,185.60116,185.62144,185.58356,185.59024
2026-09-01 06:00:00,185.59485,185.6055,185.55389,185.55796
2026-09-01 06:15:00,185.56279,185.57356,185.54094,185.55998
2026-09-01 06:30:00,185.55613,185.58496,185.55059,185.57152
2026-09-01 06:45:00,185.57447,185.59006,185.56799,185.58582
2026-09-01 07:00:00,185.57953,185.64413,185.55918,185.62366
2026-09-01 07:15:00,185.61734,185.62445,185.59627,185.62133
2026-09-01 07:30:00,185.61154,185.63608,185.60722,185.62256
2026-09-01 07:45:00,185.62359,185.63096,185.58693,185.60912
2026-09-01 08:00:00,185.61128,185.6346,185.57822,185.60593
2026-09-01 08:15:00,185.60435,185.60744,185.58347,185.60376
2026-09-01 08:30:00,185.59988,185.60574,185.58108,185.5928
2026-09-01 08:45:00,185.58995,185.60132,185.57195,185.59051
2026-09-01 09:00:00,185.58517,185.62448,185.57869,185.61369
2026-09-01 09:15:00,185.60639,185.62294,185.59056,185.60814
2026-09-01 09:30:00,185.601,185.63585,185.601,185.6218
2026-09-01 09:45:00,185.61312,185.62548,185.57853,185.59272
2026-09-01 10:00:00,185.59979,185.71348,185.59184,185.60093
2026-09-01 10:15:00,185.60826,185.62954,185.55582,185.60278
2026-09-01 10:30:00,185.5972,185.6709,185.57456,185.66839
2026-09-01 10:45:00,185.66349,185.67683,185.61735,185.65557
2026-09-01 11:00:00,185.64816,185.66478,185.5461,185.55212
2026-09-01 11:15:00,185.566,185.63626,185.5591,185.57468
2026-09-01 11:30:00,185.57115,185.5856,185.53267,185.5357
2026-09-01 11:45:00,185.53616,185.56491,185.4493,185.45284
2026-09-01 12:00:00,185.45622,185.53788,185.44958,185.50206
2026-09-01 12:15:00,185.51121,185.52938,185.49295,185.50835
2026-09-01 12:30:00,185.50642,185.52198,185.46868,185.51412
2026-09-01 12:45:00,185.50786,185.53026,185.47613,185.51682
2026-09-01 13:00:00,185.5223,185.52336,185.47836,185.50524
2026-09-01 13:15:00,185.50957,185.50957,185.45621,185.49516
2026-09-01 13:30:00,185.48983,185.50794,185.46226,185.47204
2026-09-01 13:45:00,185.47609,185.49614,185.45332,185.47737
2026-09-01 14:00:00,185.47841,185.51033,185.46759,185.48577
2026-09-01 14:15:00,185.49027,185.50464,185.46761,185.50227
2026-09-01 14:30:00,185.49908,185.52178,185.47054,185.52065
2026-09-01 14:45:00,185.51469,185.54738,185.4908,185.54492
2026-09-01 15:00:00,185.54079,185.58599,185.53714,185.57338
2026-09-01 15:15:00,185.57778,185.59743,185.56755,185.58797
2026-09-01 15:30:00,185.58585,185.61137,185.55,185.5745
2026-09-01 15:45:00,185.5696,185.60804,185.54604,185.60519
2026-09-01 16:00:00,185.59715,185.62531,185.56897,185.61704
2026-09-01 16:15:00,185.60573,185.64152,185.57886,185.58855
2026-09-01 16:30:00,185.58359,185.61609,185.58043,185.61049
2026-09-01 16:45:00,185.60218,185.63463,185.5885,185.61449
2026-09-01 17:00:00,185.61787,185.65785,185.58102,185.58627
2026-09-01 17:15:00,185.59158,185.6126,185.54892,185.55824
2026-09-01 17:30:00,185.56183,185.57785,185.49326,185.53501
2026-09-01 17:45:00,185.53236,185.53638,185.48042,185.51491
2026-09-01 18:00:00,185.50794,185.53959,185.42402,185.42844
2026-09-01 18:15:00,185.43507,185.4883,185.40367,185.4729
2026-09-01 18:30:00,185.46675,185.48105,185.40503,185.43096
2026-09-01 18:45:00,185.43437,185.47078,185.39761,185.43909
2026-09-01 19:00:00,185.43328,185.46464,185.40952,185.43544
2026-09-01 19:15:00,185.44524,185.52391,185.42271,185.516
2026-09-01 19:30:00,185.50516,185.57627,185.49761,185.55603
2026-09-01 19:45:00,185.56732,185.60823,185.53625,185.55107
2026-09-01 20:00:00,185.54258,185.57064,185.51722,185.54182
2026-09-01 20:15:00,185.53358,185.55319,185.49445,185.5067
2026-09-01 20:30:00,185.51217,185.54476,185.49753,185.53719
2026-09-01 20:45:00,185.53177,185.61654,185.52116,185.5996
2026-09-01 21:00:00,185.58705,185.63785,185.57231,185.63471
2026-09-01 21:15:00,185.63122,185.67824,185.58412,185.58889
2026-09-01 21:30:00,185.59917,185.62184,185.57419,185.58356
2026-09-01 21:45:00,185.58648,185.62784,185.57167,185.62608
2026-09-01 22:00:00,185.61989,185.63805,185.58344,185.62488
2026-09-01 22:15:00,185.6169,185.69109,185.60535,185.68668
2026-09-01 22:30:00,185.67986,185.70738,185.64144,185.67981
2026-09-01 22:45:00,185.67118,185.6841,185.59867,185.62137
2026-09-01 23:00:00,185.6181,185.64579,185.59623,185.60227
2026-09-01 23:15:00,185.61187,185.61574,185.55468,185.57954
2026-09-01 23:30:00,185.58302,185.66859,185.57679,185.64078
2026-09-01 23:45:00,185.65037,185.71488,185.6339,185.65747
2026-09-02 00:00:00,185.6626,185.72551,185.65414,185.71956
2026-09-02 00:15:00,185.71632,185.71632,185.56049,185.57184
2026-09-02 00:30:00,185.58769,185.62893,185.53119,185.60738
2026-09-02 00:45:00,185.61944,185.64717,185.59756,185.63741
2026-09-02 01:00:00,185.63112,185.66467,185.59097,185.60215
2026-09-02 01:15:00,185.62188,185.62188,185.55719,185.60158
2026-09-02 01:30:00,185.59386,185.60868,185.5327,185.54016
2026-09-02 01:45:00,185.54169,185.54642,185.48648,185.52995
2026-09-02 02:00:00,185.5201,185.54428,185.48761,185.54295
2026-09-02 02:15:00,185.53505,185.5995,185.49764,185.59225
2026-09-02 02:30:00,185.58401,185.63259,185.53468,185.54302
2026-09-02 02:45:00,185.55197,185.58331,185.53762,185.58088
2026-09-02 03:00:00,185.57545,185.63178,185.56411,185.6139
2026-09-02 03:15:00,185.60701,185.67479,185.60305,185.64387
2026-09-02 03:30:00,185.64333,185.73387,185.6391,185.65208
2026-09-02 03:45:00,185.6603,185.69253,185.64584,185.67581
2026-09-02 04:00:00,185.68034,185.72268,185.66838,185.69232
2026-09-02 04:15:00,185.69467,185.71795,185.67504,185.69474
2026-09-02 04:30:00,185.69226,185.70864,185.66666,185.69026
2026-09-02 04:45:00,185.6875,185.70802,185.65589,185.68744
2026-09-02 05:00:00,185.68351,185.7233,185.67278,185.71761
2026-09-02 05:15:00,185.71453,185.72243,185.69178,185.71468
2026-09-02 05:30:00,185.7118,185.73042,185.67933,185.69688
2026-09-02 05:45:00,185.69953,185.72912,185.69785,185.70675
2026-09-02 06:00:00,185.70892,185.71486,185.6608,185.67712
2026-09-02 06:15:00,185.67092,185.69832,185.66663,185.6808
2026-09-02 06:30:00,185.67762,185.71253,185.66422,185.70673
2026-09-02 06:45:00,185.70295,185.72507,185.68803,185.71927
2026-09-02 07:00:00,185.71698,185.73223,185.65478,185.66808
2026-09-02 07:15:00,185.66785,185.7043,185.64923,185.69246
2026-09-02 07:30:00,185.66586,185.70313,185.6507,185.67165
2026-09-02 07:45:00,185.66301,185.67867,185.63684,185.64588
2026-09-02 08:00:00,185.65523,185.73409,185.65523,185.73106
2026-09-02 08:15:00,185.72323,185.74276,185.69333,185.72052
2026-09-02 08:30:00,185.71509,185.73462,185.68722,185.71583
2026-09-02 08:45:00,185.71298,185.7378,185.70673,185.72139
2026-09-02 09:00:00,185.72955,185.76492,185.71425,185.75777
2026-09-02 09:15:00,185.75613,185.75613,185.70536,185.71642
2026-09-02 09:30:00,185.71211,185.7237,185.67263,185.69302
2026-09-02 09:45:00,185.691,185.71793,185.68419,185.69949
2026-09-02 10:00:00,185.70831,185.70831,185.61593,185.64684
2026-09-02 10:15:00,185.65247,185.68368,185.59089,185.62028
2026-09-02 10:30:00,185.61329,185.68827,185.61258,185.63736
2026-09-02 10:45:00,185.64225,185.68551,185.6205,185.67208
2026-09-02 11:00:00,185.67495,185.69602,185.65411,185.65815
2026-09-02 11:15:00,185.6651,185.68827,185.64157,185.68682
2026-09-02 11:30:00,185.68266,185.68266,185.63086,185.662
2026-09-02 11:45:00,185.6587,185.70721,185.65084,185.68394
2026-09-02 12:00:00,185.6876,185.70532,185.62606,185.66954
2026-09-02 12:15:00,185.65648,185.71255,185.64308,185.66384
2026-09-02 12:30:00,185.65965,185.66024,185.6008,185.60624
2026-09-02 12:45:00,185.61127,185.63734,185.59972,185.61598
2026-09-02 13:00:00,185.61102,185.62188,185.56699,185.58335
2026-09-02 13:15:00,185.59262,185.60937,185.56217,185.56902
2026-09-02 13:30:00,185.58043,185.58043,185.50447,185.51676
2026-09-02 13:45:00,185.51278,185.54471,185.50048,185.54272
2026-09-02 14:00:00,185.53885,185.54038,185.42946,185.43179
2026-09-02 14:15:00,185.43827,185.47594,185.42218,185.45191
2026-09-02 14:30:00,185.43826,185.45863,185.4084,185.42955
2026-09-02 14:45:00,185.42476,185.42476,185.28329,185.33962
2026-09-02 15:00:00,185.3326,185.35908,185.25056,185.25773
2026-09-02 15:15:00,185.27477,185.33537,185.24854,185.27904
2026-09-02 15:30:00,185.28792,185.30389,185.19082,185.22527
2026-09-02 15:45:00,185.21712,185.23159,185.07472,185.08407
2026-09-02 16:00:00,185.09771,185.1038,184.69246,184.8097
2026-09-02 16:15:00,184.7958,184.92962,184.77203,184.79687
2026-09-02 16:30:00,184.80214,184.85133,184.69039,184.7185
2026-09-02 16:45:00,184.71606,184.72838,184.5505,184.63641
2026-09-02 17:00:00,184.66629,184.84768,184.58997,184.84403
2026-09-02 17:15:00,184.83607,184.9086,184.75115,184.79292
2026-09-02 17:30:00,184.78426,184.81532,184.72928,184.80476
2026-09-02 17:45:00,184.78459,184.9275,184.78459,184.92093
2026-09-02 18:00:00,184.90571,184.95499,184.87073,184.93062
2026-09-02 18:15:00,184.90824,184.99589,184.85784,184.86583
2026-09-02 18:30:00,184.88115,185.00299,184.87375,184.98195
2026-09-02 18:45:00,184.98677,185.02915,184.94923,184.98477
2026-09-02 19:00:00,184.98666,185.06455,184.98666,185.01384
2026-09-02 19:15:00,185.0228,185.05055,184.93928,185.04256
2026-09-02 19:30:00,185.03168,185.05678,184.97197,185.01835
2026-09-02 19:45:00,185.00669,185.03895,184.94005,184.98
2026-09-02 20:00:00,184.9632,185.02924,184.96037,185.0149
2026-09-02 20:15:00,185.00467,185.01882,184.96588,184.97523
2026-09-02 20:30:00,184.99221,185.01102,184.93641,184.97967
2026-09-02 20:45:00,184.98347,185.02805,184.96383,185.0255
2026-09-02 21:00:00,185.01581,185.06315,184.99082,184.99922
2026-09-02 21:15:00,185.01408,185.03827,184.91094,184.92171
2026-09-02 21:30:00,184.94169,184.95319,184.80732,184.88278
2026-09-02 21:45:00,184.88902,184.90446,184.80288,184.82713
2026-09-02 22:00:00,184.82299,184.83803,184.74279,184.82487
2026-09-02 22:15:00,184.81622,184.91631,184.75981,184.90823
2026-09-02 22:30:00,184.89216,184.94283,184.82863,184.83945
2026-09-02 22:45:00,184.8572,184.96299,184.80178,184.80799
2026-09-02 23:00:00,184.80899,184.84495,184.73053,184.74366
2026-09-02 23:15:00,184.76103,185.20335,183.62871,184.13192
2026-09-02 23:30:00,184.02061,184.39648,183.93171,183.99564
2026-09-02 23:45:00,183.98397,184.07519,183.88598,184.03608
2026-09-03 00:00:00,184.00568,184.19118,183.96165,184.0523
2026-09-03 00:15:00,184.04073,184.06889,183.97657,183.98498
2026-09-03 00:30:00,183.99178,184.0733,183.91906,183.93045
2026-09-03 00:45:00,183.95582,184.13827,183.95582,183.987
2026-09-03 01:00:00,184.00003,184.13849,183.95046,183.96993
2026-09-03 01:15:00,183.98035,183.9903,183.89902,183.98434
2026-09-03 01:30:00,183.97748,184.05589,183.92405,184.05143
2026-09-03 01:45:00,184.04258,184.09527,184.0311,184.08303
2026-09-03 02:00:00,184.07969,184.14807,184.0606,184.10229
2026-09-03 02:15:00,184.10479,184.1494,184.07133,184.13263
2026-09-03 02:30:00,184.1286,184.14484,184.07947,184.1049
2026-09-03 02:45:00,184.09946,184.11928,184.06008,184.06289
2026-09-03 03:00:00,184.07011,184.11409,184.04606,184.08572
2026-09-03 03:15:00,184.09277,184.17223,184.07555,184.16983
2026-09-03 03:30:00,184.16653,184.1742,184.12891,184.14728
2026-09-03 03:45:00,184.14385,184.16734,184.02866,184.09644
2026-09-03 04:00:00,184.1066,184.1604,184.05175,184.15212
2026-09-03 04:15:00,184.13781,184.20309,184.0691,184.1593
2026-09-03 04:30:00,184.15604,184.16593,184.1244,184.15589
2026-09-03 04:45:00,184.14664,184.18098,184.12128,184.15189
2026-09-03 05:00:00,184.1449,184.20008,184.13457,184.19321
2026-09-03 05:15:00,184.18919,184.18919,184.1083,184.11391
2026-09-03 05:30:00,184.12144,184.12782,184.07026,184.08678
2026-09-03 05:45:00,184.08285,184.09658,183.97545,183.98195
2026-09-03 06:00:00,183.99276,183.99276,183.83124,183.8351
2026-09-03 06:15:00,183.84321,183.9354,183.83275,183.93147
2026-09-03 06:30:00,183.92837,183.94541,183.89384,183.9293
2026-09-03 06:45:00,183.92562,183.96057,183.90998,183.93854
2026-09-03 07:00:00,183.93612,183.9982,183.85694,183.91554
2026-09-03 07:15:00,183.91591,183.91759,183.87523,183.88591
2026-09-03 07:30:00,183.89087,183.95076,183.88749,183.91797
2026-09-03 07:45:00,183.91904,183.94424,183.88384,183.92117
2026-09-03 08:00:00,183.91824,183.94743,183.89195,183.90963
2026-09-03 08:15:00,183.91916,183.98679,183.90493,183.96332
2026-09-03 08:30:00,183.96068,183.99907,183.94673,183.97518
2026-09-03 08:45:00,183.97649,184.03775,183.96617,183.99401
2026-09-03 09:00:00,183.99208,184.05651,183.98351,184.03286
2026-09-03 09:15:00,184.04114,184.05428,183.98382,184.01774
2026-09-03 09:30:00,184.01383,184.07486,184.00688,184.07359
2026-09-03 09:45:00,184.07016,184.13534,184.05108,184.13268
2026-09-03 10:00:00,184.12639,184.13226,184.03197,184.11447
2026-09-03 10:15:00,184.09028,184.17767,184.06693,184.07906
2026-09-03 10:30:00,184.08465,184.08713,183.86491,183.92711
2026-09-03 10:45:00,183.91499,183.94277,183.78392,183.94023
2026-09-03 11:00:00,183.93018,183.95492,183.82692,183.85604
2026-09-03 11:15:00,183.86774,183.86774,183.6799,183.69749
2026-09-03 11:30:00,183.72008,183.75169,183.41629,183.58443
2026-09-03 11:45:00,183.57429,183.66922,183.55611,183.64853
2026-09-03 12:00:00,183.64198,183.67183,183.48639,183.56018
2026-09-03 12:15:00,183.54727,183.54727,183.22516,183.2302
2026-09-03 12:30:00,183.23752,183.32139,183.12105,183.27779
2026-09-03 12:45:00,183.26497,183.3161,183.09266,183.23896
2026-09-03 13:00:00,183.22679,183.22679,182.83929,182.93268
2026-09-03 13:15:00,182.91787,183.0187,182.85585,182.93314
2026-09-03 13:30:00,182.94279,183.12807,182.94279,183.05967
2026-09-03 13:45:00,183.06971,183.07906,182.91984,182.99889
2026-09-03 14:00:00,182.99589,183.06846,182.94751,182.95256
2026-09-03 14:15:00,182.95657,183.00542,182.89748,182.9319
2026-09-03 14:30:00,182.92643,182.92643,182.76122,182.78727
2026-09-03 14:45:00,182.81452,182.91999,182.81314,182.88033
2026-09-03 15:00:00,182.89354,182.96776,182.83914,182.90557
2026-09-03 15:15:00,182.90979,182.95249,182.74488,182.78388
2026-09-03 15:30:00,182.77408,182.8707,182.72988,182.8086
2026-09-03 15:45:00,182.78654,182.84637,182.59642,182.6303
2026-09-03 16:00:00,182.63264,182.66013,182.44592,182.47134
2026-09-03 16:15:00,182.50188,182.50214,182.36134,182.45763
2026-09-03 16:30:00,182.45042,182.59369,182.39862,182.44251
2026-09-03 16:45:00,182.44419,182.47645,182.24822,182.3042
2026-09-03 17:00:00,182.29443,182.35453,181.55975,181.87721
2026-09-03 17:15:00,181.84777,181.97567,181.75128,181.90527
2026-09-03 17:30:00,181.91183,182.55854,181.86028,182.33808
2026-09-03 17:45:00,182.35091,182.45566,182.22471,182.33381
2026-09-03 18:00:00,182.31938,182.34233,181.96779,181.98996
2026-09-03 18:15:00,182.02948,182.24673,182.01457,182.15489
2026-09-03 18:30:00,182.13961,182.15869,181.96902,181.97533
2026-09-03 18:45:00,181.98258,181.99889,181.74565,181.88162
2026-09-03 19:00:00,181.87583,182.08875,181.70799,181.7491
2026-09-03 19:15:00,181.7594,181.76533,181.51742,181.69421
2026-09-03 19:30:00,181.68354,181.69126,181.45037,181.50092
2026-09-03 19:45:00,181.48984,181.53223,181.25996,181.49886
2026-09-03 20:00:00,181.50934,181.53222,181.27547,181.41671
2026-09-03 20:15:00,181.40823,181.54266,181.28186,181.29502
2026-09-03 20:30:00,181.31465,181.49876,181.29633,181.44507
2026-09-03 20:45:00,181.43273,181.47438,181.35377,181.4189
2026-09-03 21:00:00,181.40665,181.41461,181.13458,181.14922
2026-09-03 21:15:00,181.16759,181.22008,180.984,181.2129
2026-09-03 21:30:00,181.1986,181.37617,181.18467,181.3427
2026-09-03 21:45:00,181.35117,181.42484,181.26174,181.27688
2026-09-03 22:00:00,181.27274,181.3175,181.11816,181.14841
2026-09-03 22:15:00,181.18805,181.18805,180.82857,180.88774
2026-09-03 22:30:00,180.89294,181.1006,180.75938,180.83188
2026-09-03 22:45:00,180.87825,180.87825,180.67072,180.84035
2026-09-03 23:00:00,180.82284,181.03674,180.82284,181.0082
2026-09-03 23:15:00,181.00552,181.02108,180.7511,180.86881
2026-09-03 23:30:00,180.88164,180.96247,180.82738,180.95884
2026-09-03 23:45:00,180.95225,180.95225,180.66934,180.77431
2026-09-04 00:00:00,180.76131,180.77928,180.62825,180.63954
2026-09-04 00:15:00,180.65973,180.79429,180.60702,180.77823
2026-09-04 00:30:00,180.76814,180.93628,180.70759,180.89075
2026-09-04 00:45:00,180.90828,180.90828,180.57702,180.5891
2026-09-04 01:00:00,180.59546,180.92378,180.52504,180.91465
2026-09-04 01:15:00,180.89701,181.02781,180.81196,180.92784
2026-09-04 01:30:00,180.90398,180.92424,180.66155,180.67451
2026-09-04 01:45:00,180.69623,180.70247,180.59528,180.67592
2026-09-04 02:00:00,180.64628,180.71257,180.57924,180.61946
2026-09-04 02:15:00,180.63166,180.81473,180.62282,180.79995
2026-09-04 02:30:00,180.78034,180.82118,180.71957,180.72781
2026-09-04 02:45:00,180.73564,180.83179,180.73564,180.7839
2026-09-04 03:00:00,180.7949,180.93609,180.77133,180.90726
2026-09-04 03:15:00,180.92051,180.92051,180.84716,180.87988
2026-09-04 03:30:00,180.88754,180.90391,180.83253,180.86726
2026-09-04 03:45:00,180.86823,180.87544,180.83515,180.86067
2026-09-04 04:00:00,180.85762,180.87961,180.77544,180.83633
2026-09-04 04:15:00,180.82902,180.899,180.8161,180.85418
2026-09-04 04:30:00,180.86519,180.96736,180.84048,180.95802
2026-09-04 04:45:00,180.95347,180.99565,180.91181,180.94163
2026-09-04 05:00:00,180.9391,181.07088,180.91312,181.0654
2026-09-04 05:15:00,181.0495,181.1187,181.03896,181.11133
2026-09-04 05:30:00,181.10058,181.1899,181.07013,181.112
2026-09-04 05:45:00,181.09571,181.13711,181.06239,181.10862
2026-09-04 06:00:00,181.09688,181.19421,181.08722,181.13794
2026-09-04 06:15:00,181.13436,181.15139,181.08465,181.10057
2026-09-04 06:30:00,181.09234,181.15844,181.09234,181.15434
2026-09-04 06:45:00,181.14993,181.16394,181.13501,181.14181
2026-09-04 07:00:00,181.14577,181.34718,181.11288,181.19164
2026-09-04 07:15:00,181.20868,181.28361,181.17445,181.23158
2026-09-04 07:30:00,181.23667,181.26926,181.17698,181.21481
2026-09-04 07:45:00,181.2109,181.23956,181.20355,181.23673
2026-09-04 08:00:00,181.2288,181.28082,181.12951,181.20411
2026-09-04 08:15:00,181.20025,181.23472,181.18205,181.222
2026-09-04 08:30:00,181.22515,181.30926,181.22008,181.30156
2026-09-04 08:45:00,181.29807,181.4793,181.27734,181.47399
2026-09-04 09:00:00,181.4638,181.51467,181.37418,181.45676
2026-09-04 09:15:00,181.44707,181.44707,181.32921,181.33702
2026-09-04 09:30:00,181.35014,181.35014,181.13263,181.21962
2026-09-04 09:45:00,181.21278,181.22639,180.99487,181.00436
2026-09-04 10:00:00,181.01027,181.01027,180.64328,180.96827
2026-09-04 10:15:00,180.9526,181.16499,180.87299,181.16021
2026-09-04 10:30:00,181.14747,181.32035,181.1281,181.14398
2026-09-04 10:45:00,181.16531,181.16531,180.90986,181.07361
2026-09-04 11:00:00,181.01537,181.24822,181.01537,181.231
2026-09-04 11:15:00,181.20304,181.45475,181.19517,181.37237
2026-09-04 11:30:00,181.39614,181.48767,181.29138,181.48481
2026-09-04 11:45:00,181.47909,181.49789,181.292,181.30108
2026-09-04 12:00:00,181.31401,181.35029,181.20354,181.34901
2026-09-04 12:15:00,181.34325,181.42244,181.2895,181.41953
2026-09-04 12:30:00,181.41486,181.46346,181.32791,181.33325
2026-09-04 12:45:00,181.34689,181.5009,181.33381,181.4932
2026-09-04 13:00:00,181.48724,181.53773,181.45362,181.47443
2026-09-04 13:15:00,181.48029,181.50939,181.44942,181.50307
2026-09-04 13:30:00,181.4947,181.77266,181.49129,181.73604
2026-09-04 13:45:00,181.73988,181.83195,181.71483,181.77641
2026-09-04 14:00:00,181.7685,181.78424,181.68997,181.77793
2026-09-04 14:15:00,181.76091,181.86484,181.76091,181.777
2026-09-04 14:30:00,181.77884,181.80434,181.68875,181.71475
2026-09-04 14:45:00,181.71031,181.79759,181.69068,181.79086
2026-09-04 15:00:00,181.78581,181.85029,181.7239,181.7311
2026-09-04 15:15:00,181.74364,181.80778,181.68594,181.75933
2026-09-04 15:30:00,181.78273,181.7982,181.73688,181.78524
2026-09-04 15:45:00,181.78149,181.8397,181.74879,181.79288
2026-09-04 16:00:00,181.7964,181.95092,181.71534,181.74191
2026-09-04 16:15:00,181.79207,181.83369,181.64218,181.66141
2026-09-04 16:30:00,181.7025,181.7025,181.53199,181.53674
2026-09-04 16:45:00,181.5435,181.71931,181.4914,181.70817
2026-09-04 17:00:00,181.69336,181.86381,181.67475,181.79753
2026-09-04 17:15:00,181.80211,181.83724,181.69674,181.73519
2026-09-04 17:30:00,181.74976,181.78843,181.68317,181.69115
2026-09-04 17:45:00,181.70319,181.74514,181.62845,181.69851
2026-09-04 18:00:00,181.69282,181.74314,181.64161,181.72934
2026-09-04 18:15:00,181.72637,181.73715,181.65546,181.69613
2026-09-04 18:30:00,181.70481,181.75095,181.66215,181.74646
2026-09-04 18:45:00,181.73414,181.85027,181.72918,181.83934
2026-09-04 19:00:00,181.82444,181.85468,181.72464,181.74239
2026-09-04 19:15:00,181.73791,181.74788,181.67621,181.74047
2026-09-04 19:30:00,181.72962,181.96163,181.72962,181.95806
2026-09-04 19:45:00,181.9503,181.9503,181.76515,181.77769
2026-09-04 20:00:00,181.8006,181.8103,181.71448,181.7243
2026-09-04 20:15:00,181.72682,181.73777,181.63384,181.6781
2026-09-04 20:30:00,181.6748,181.70459,181.59588,181.69671
2026-09-04 20:45:00,181.69315,181.7094,181.62531,181.65366
2026-09-04 21:00:00,181.66028,181.7162,181.61242,181.62115
2026-09-04 21:15:00,181.6363,181.67599,181.61143,181.63077
2026-09-04 21:30:00,181.64094,181.6471,181.61479,181.62486
2026-09-04 21:45:00,181.63185,181.64516,181.50807,181.58456
2026-09-04 22:00:00,181.5764,181.6177,181.53671,181.55282
2026-09-04 22:15:00,181.55744,181.58629,181.49669,181.50546
2026-09-04 22:30:00,181.51997,181.76783,181.02042,181.34777
2026-09-04 22:45:00,181.36156,181.42327,180.22025,180.6658
2026-09-04 23:00:00,180.72507,181.08431,180.5933,180.95635
2026-09-04 23:15:00,180.98671,181.10165,180.74362,180.82659
2026-09-04 23:30:00,180.80649,180.94208,180.65464,180.73388
2026-09-04 23:45:00,180.73983,181.04711,180.73983,181.03531
2026-09-05 00:00:00,181.01578,181.32198,180.93794,181.28267
2026-09-05 00:15:00,181.28584,181.32851,181.22582,181.27603
2026-09-05 00:30:00,181.26606,181.26606,181.112,181.25735
2026-09-05 00:45:00,181.24136,181.45112,181.24136,181.35739
2026-09-05 01:00:00,181.36385,181.37134,181.25439,181.26284
2026-09-05 01:15:00,181.27334,181.34573,181.24272,181.32012
2026-09-05 01:30:00,181.32936,181.40594,181.2888,181.39766
2026-09-05 01:45:00,181.38184,181.41569,181.29402,181.36523
2026-09-05 02:00:00,181.35197,181.45124,181.33509,181.44076
2026-09-05 02:15:00,181.41964,181.43826,181.34045,181.39159
2026-09-05 02:30:00,181.40462,181.40954,181.33681,181.3627
2026-09-05 02:45:00,181.35268,181.39988,181.35108,181.39763
2026-09-05 03:00:00,181.3913,181.43241,181.32189,181.32852
2026-09-05 03:15:00,181.3341,181.36404,181.30512,181.35193
2026-09-05 03:30:00,181.34808,181.35815,181.2644,181.28354
2026-09-05 03:45:00,181.28665,181.33845,181.28267,181.336
2026-09-05 04:00:00,181.33153,181.34535,181.29624,181.3027
2026-09-05 04:15:00,181.31262,181.35558,181.30078,181.34765
2026-09-05 04:30:00,181.33688,181.4224,181.33679,181.40395
2026-09-05 04:45:00,181.39925,181.43935,181.38443,181.42258
2026-09-05 05:00:00,181.41936,181.43495,181.38642,181.42493
2026-09-05 05:15:00,181.4256,181.4642,181.40539,181.44596
2026-09-05 05:30:00,181.4486,181.4792,181.42894,181.45978
2026-09-05 05:45:00,181.46313,181.49407,181.45357,181.48252
2026-09-05 06:00:00,181.4795,181.50526,181.45946,181.47589
2026-09-05 06:15:00,181.4715,181.49719,181.45001,181.46066
2026-09-05 06:30:00,181.46696,181.49486,181.42923,181.44931
2026-09-05 06:45:00,181.45328,181.47731,181.40992,181.47224
2026-09-05 07:00:00,181.46989,181.58941,181.40689,181.55752
2026-09-05 07:15:00,181.55342,181.57243,181.47223,181.55693
2026-09-05 07:30:00,181.55375,181.56885,181.47717,181.56403
2026-09-05 07:45:00,181.55675,181.59535,181.4741,181.54269
2026-09-05 08:00:00,181.54792,181.63699,181.37812,181.54188
2026-09-05 08:15:00,181.53351,181.58471,181.47379,181.53353
2026-09-05 08:30:00,181.53642,181.58896,181.48301,181.56892
2026-09-05 08:45:00,181.53302,181.58746,181.52424,181.53419
2026-09-05 09:00:00,181.53521,181.59303,181.42019,181.57363
2026-09-05 09:15:00,181.53468,181.58977,181.49207,181.53417
2026-09-05 09:30:00,181.53575,181.61373,181.48631,181.52062
2026-09-05 09:45:00,181.53161,181.59199,181.52449,181.53267
2026-09-05 10:00:00,181.53506,181.58568,181.45027,181.45503
2026-09-05 10:15:00,181.46127,181.55352,181.42835,181.45028
2026-09-05 10:30:00,181.45661,181.45661,181.44417,181.44582
2026-09-05 10:45:00,181.44705,181.57675,181.44358,181.45125
2026-09-05 11:00:00,181.44713,181.4644,181.44427,181.45057
2026-09-05 11:15:00,181.44667,181.53659,181.44239,181.44961
2026-09-05 11:30:00,181.44697,181.51014,181.43546,181.44975
2026-09-05 11:45:00,181.45692,181.45692,181.44444,181.44618
2026-09-05 12:00:00,181.44687,181.49123,181.42911,181.45068
2026-09-05 12:15:00,181.44724,181.45506,181.44414,181.45006
2026-09-05 12:30:00,181.44685,181.56825,181.44374,181.44615
2026-09-05 12:45:00,181.44699,181.49233,181.44328,181.45225
2026-09-05 13:00:00,181.45515,181.46465,181.44445,181.4501
2026-09-05 13:15:00,181.44709,181.58241,181.42118,181.45359
2026-09-05 13:30:00,181.44992,181.46668,181.44429,181.45082
2026-09-05 13:45:00,181.45578,181.56946,181.43655,181.44586
2026-09-05 14:00:00,181.44698,181.53877,181.44273,181.44875
2026-09-05 14:15:00,181.45369,181.46629,181.44403,181.44952
2026-09-05 14:30:00,181.45362,181.49232,181.444,181.44892
2026-09-05 14:45:00,181.44732,181.45515,181.4444,181.4456
2026-09-05 15:00:00,181.44695,181.53022,181.38794,181.45114
2026-09-05 15:15:00,181.45828,181.58298,181.44084,181.45065
2026-09-05 15:30:00,181.45228,181.4575,181.44397,181.44833
2026-09-05 15:45:00,181.44686,181.54081,181.43158,181.45139
2026-09-05 16:00:00,181.45341,181.4621,181.44418,181.45069
2026-09-05 16:15:00,181.44682,181.47083,181.43888,181.45084
2026-09-05 16:30:00,181.44686,181.51116,181.43942,181.45569
2026-09-05 16:45:00,181.46967,181.46967,181.44434,181.44563
2026-09-05 17:00:00,181.44685,181.46846,181.43457,181.44628
2026-09-05 17:15:00,181.44682,181.45481,181.44401,181.4505
2026-09-05 17:30:00,181.44671,181.49233,181.42794,181.44951
2026-09-05 17:45:00,181.44667,181.46964,181.44345,181.44714
2026-09-05 18:00:00,181.45415,181.45576,181.44442,181.44618
2026-09-05 18:15:00,181.44706,181.51444,181.43791,181.45181
2026-09-05 18:30:00,181.44856,181.45528,181.44447,181.45053
2026-09-05 18:45:00,181.44717,181.57239,181.4423,181.44618
2026-09-05 19:00:00,181.44699,181.47232,181.4305,181.44807
2026-09-05 19:15:00,181.45325,181.46616,181.44085,181.44837
2026-09-05 19:30:00,181.45252,181.49229,181.44398,181.45079
2026-09-05 19:45:00,181.44705,181.45497,181.44424,181.44629
2026-09-05 20:00:00,181.44672,181.50946,181.43527,181.44894
2026-09-05 20:15:00,181.45498,181.564,181.43353,181.44994
2026-09-05 20:30:00,181.45632,181.45632,181.44254,181.45107
2026-09-05 20:45:00,181.44706,181.57665,181.43329,181.44929
2026-09-05 21:00:00,181.45581,181.45696,181.44446,181.44503
2026-09-05 21:15:00,181.44636,181.5366,181.43593,181.45082
2026-09-05 21:30:00,181.44752,181.58298,181.4066,181.50796
2026-09-05 21:45:00,181.4951,181.49785,181.48367,181.48795
2026-09-05 22:00:00,181.48635,181.5661,181.48158,181.48158
2026-09-05 22:15:00,181.48288,181.49069,181.46489,181.47366
2026-09-05 22:30:00,181.4698,181.57454,181.46842,181.47802
2026-09-05 22:45:00,181.47406,181.57032,181.4684,181.48301
2026-09-05 23:00:00,181.48024,181.4843,181.47357,181.47506
2026-09-05 23:15:00,181.47618,181.57243,181.46207,181.47912
2026-09-05 23:30:00,181.47921,181.49604,181.47569,181.49165
2026-09-05 23:45:00,181.48818,181.56875,181.4789,181.48454
2026-09-06 00:00:00,181.4816,181.57665,181.42908,181.47685
2026-09-06 00:15:00,181.47199,181.48451,181.43893,181.45117
2026-09-06 00:30:00,181.47302,181.57039,181.44074,181.47087
2026-09-06 00:45:00,181.4677,181.47541,181.4646,181.47075
2026-09-06 01:00:00,181.46725,181.57454,181.46624,181.48588
2026-09-06 01:15:00,181.4864,181.56611,181.47926,181.48596
2026-09-06 01:30:00,181.48244,181.48244,181.46491,181.47132
2026-09-06 01:45:00,181.46872,181.57454,181.45645,181.47806
2026-09-06 02:00:00,181.47463,181.47808,181.44406,181.45236
2026-09-06 02:15:00,181.45038,181.58087,181.42602,181.45435
2026-09-06 02:30:00,181.45561,181.58301,181.44553,181.53766
2026-09-06 02:45:00,181.44938,181.51627,181.43543,181.45339
2026-09-06 03:00:00,181.45739,181.58318,181.43611,181.46738
2026-09-06 03:15:00,181.4662,181.46833,181.45225,181.45338
2026-09-06 03:30:00,181.45474,181.58087,181.45202,181.45371
2026-09-06 03:45:00,181.45513,181.5851,181.4438,181.53886
2026-09-06 04:00:00,181.44448,181.48099,181.44448,181.46921
2026-09-06 04:15:00,181.46732,181.57876,181.42149,181.47936
2026-09-06 04:30:00,181.48055,181.49449,181.47422,181.48927
2026-09-06 04:45:00,181.48527,181.54079,181.47195,181.50033
2026-09-06 05:00:00,181.49643,181.56189,181.49331,181.53982
2026-09-06 05:15:00,181.49532,181.51561,181.49532,181.505
2026-09-06 05:30:00,181.50605,181.55766,181.49657,181.50251
2026-09-06 05:45:00,181.51106,181.51106,181.44574,181.45083
2026-09-06 06:00:00,181.44735,181.58018,181.41542,181.49085
2026-09-06 06:15:00,181.48774,181.5661,181.47998,181.48242
2026-09-06 06:30:00,181.48969,181.50854,181.48969,181.49757
2026-09-06 06:45:00,181.49821,181.5636,181.47286,181.49052
2026-09-06 07:00:00,181.48767,181.48767,181.46522,181.47526
2026-09-06 07:15:00,181.47164,181.57454,181.46966,181.48549
2026-09-06 07:30:00,181.48551,181.55766,181.42906,181.46141
2026-09-06 07:45:00,181.46251,181.57876,181.45583,181.49373
2026-09-06 08:00:00,181.49129,181.56426,181.48833,181.50601
2026-09-06 08:15:00,181.50216,181.51173,181.42317,181.44209
2026-09-06 08:30:00,181.44043,181.58512,181.41417,181.45909
2026-09-06 08:45:00,181.4604,181.46835,181.4576,181.46328
2026-09-06 09:00:00,181.46023,181.58087,181.45779,181.48044
2026-09-06 09:15:00,181.47636,181.56821,181.46863,181.51291
2026-09-06 09:30:00,181.51162,181.5178,181.50712,181.50813
2026-09-06 09:45:00,181.50949,181.5661,181.47184,181.48339
2026-09-06 10:00:00,181.47979,181.48777,181.45016,181.46416
2026-09-06 10:15:00,181.46015,181.5809,181.44629,181.4585
2026-09-06 10:30:00,181.45636,181.57035,181.45354,181.47588
2026-09-06 10:45:00,181.47708,181.48382,181.47106,181.47757
2026-09-06 11:00:00,181.47338,181.56638,181.4645,181.51808
2026-09-06 11:15:00,181.51424,181.52002,181.50925,181.5146
2026-09-06 11:30:00,181.51193,181.55966,181.50631,181.5187
2026-09-06 11:45:00,181.51964,181.565,181.477,181.48673
2026-09-06 12:00:00,181.48703,181.49843,181.46857,181.47818
2026-09-06 12:15:00,181.4748,181.58034,181.47218,181.48319
2026-09-06 12:30:00,181.47988,181.4865,181.44278,181.46213
2026-09-06 12:45:00,181.4625,181.57984,181.45387,181.51151
2026-09-06 13:00:00,181.51228,181.57665,181.5098,181.5258
2026-09-06 13:15:00,181.52286,181.54152,181.4921,181.50536
2026-09-06 13:30:00,181.50165,181.58068,181.49934,181.51675
2026-09-06 13:45:00,181.51435,181.52249,181.51169,181.51322
2026-09-06 14:00:00,181.51435,181.58012,181.50594,181.52694
2026-09-06 14:15:00,181.52452,181.57713,181.51205,181.548
2026-09-06 14:30:00,181.54404,181.55221,181.54151,181.54582
2026-09-06 14:45:00,181.54404,181.56908,181.54134,181.54695
2026-09-06 15:00:00,181.54827,181.55639,181.54563,181.55132
2026-09-06 15:15:00,181.54827,181.56788,181.54782,181.55574
2026-09-06 15:30:00,181.55165,181.5665,181.54882,181.55576
2026-09-06 15:45:00,181.55436,181.56253,181.55184,181.55301
2026-09-06 16:00:00,181.55436,181.58074,181.42392,181.52625
2026-09-06 16:15:00,181.5226,181.53035,181.51961,181.52621
2026-09-06 16:30:00,181.52221,181.545,181.52078,181.52813
2026-09-06 16:45:00,181.52594,181.54711,181.5232,181.52934
2026-09-06 17:00:00,181.53041,181.53748,181.52621,181.53315
2026-09-06 17:15:00,181.5289,181.545,181.52199,181.5352
2026-09-06 17:30:00,181.53146,181.53943,181.52857,181.5341
2026-09-06 17:45:00,181.53127,181.5526,181.53127,181.53681
2026-09-06 18:00:00,181.53765,181.54895,181.5349,181.53947
2026-09-06 18:15:00,181.5398,181.54631,181.53558,181.54159
2026-09-06 18:30:00,181.53825,181.54716,181.53561,181.54239
2026-09-06 18:45:00,181.53904,181.54679,181.53606,181.53841
2026-09-06 19:00:00,181.53876,181.54987,181.53647,181.53833
2026-09-06 19:15:00,181.53919,181.54821,181.53662,181.54481
2026-09-06 19:30:00,181.54212,181.5477,181.53685,181.54327
2026-09-06 19:45:00,181.53949,181.55124,181.53539,181.54219
2026-09-06 20:00:00,181.54001,181.54791,181.53706,181.53855
2026-09-06 20:15:00,181.53975,181.54767,181.53702,181.54236
2026-09-06 20:30:00,181.53975,181.54791,181.53705,181.54377
2026-09-06 20:45:00,181.53975,181.54786,181.5371,181.54128
2026-09-06 21:00:00,181.53975,181.54787,181.53711,181.53839
2026-09-06 21:15:00,181.53975,181.54791,181.53704,181.54303
2026-09-06 21:30:00,181.53975,181.54767,181.47079,181.49642
2026-09-06 21:45:00,181.49652,181.50466,181.48829,181.49276
2026-09-06 22:00:00,181.49096,181.49764,181.486,181.48682
2026-09-06 22:15:00,181.48811,181.49626,181.48479,181.4915
2026-09-06 22:30:00,181.48751,181.49568,181.48503,181.49142
2026-09-06 22:45:00,181.48751,181.4955,181.48465,181.48987
2026-09-06 23:00:00,181.48736,181.49546,181.4847,181.48634
2026-09-06 23:15:00,181.48736,181.49543,181.41774,181.44033
2026-09-06 23:30:00,181.44053,181.44846,181.43781,181.44401
2026-09-06 23:45:00,181.44053,181.44869,181.43784,181.44374
2026-09-07 00:00:00,181.44053,181.48199,181.38915,181.47994
2026-09-07 00:15:00,181.47672,181.48573,181.47473,181.477
2026-09-07 00:30:00,181.47767,181.48582,181.4751,181.48077
2026-09-07 00:45:00,181.47773,181.48638,181.43962,181.47283
2026-09-07 01:00:00,181.4625,181.4625,181.40611,181.41826
2026-09-07 01:15:00,181.41589,181.42403,181.41322,181.41474
2026-09-07 01:30:00,181.41589,181.50057,181.41317,181.45122
2026-09-07 01:45:00,181.44333,181.48962,181.43691,181.48074
2026-09-07 02:00:00,181.47681,181.5425,181.40595,181.41452
2026-09-07 02:15:00,181.41464,181.41996,181.40928,181.41042
2026-09-07 02:30:00,181.41175,181.41989,181.38504,181.39159
2026-09-07 02:45:00,181.39249,181.39321,181.38233,181.38884
2026-09-07 03:00:00,181.38476,181.49862,181.37457,181.44777
2026-09-07 03:15:00,181.44633,181.45446,181.44376,181.44501
2026-09-07 03:30:00,181.44636,181.4545,181.44368,181.45008
2026-09-07 03:45:00,181.44638,181.45452,181.44377,181.45041
2026-09-07 04:00:00,181.4464,181.46597,181.4354,181.46255
2026-09-07 04:15:00,181.45919,181.53304,181.24437,181.24852
2026-09-07 04:30:00,181.2603,181.55514,181.2317,181.44308
2026-09-07 04:45:00,181.29909,181.56472,181.15468,181.41186
2026-09-07 05:00:00,181.25444,181.72702,181.07452,181.11627
2026-09-07 05:15:00,181.19741,181.46778,180.97246,181.27819
2026-09-07 05:30:00,181.22938,181.43327,181.06477,181.14254
2026-09-07 05:45:00,181.23853,181.33574,181.03574,181.25862
2026-09-07 06:00:00,181.21992,181.29478,181.03028,181.16059
2026-09-07 06:15:00,181.16595,181.2845,181.10858,181.14543
2026-09-07 06:30:00,181.15128,181.2202,181.10498,181.16765
2026-09-07 06:45:00,181.17775,181.24827,181.12058,181.1739
2026-09-07 07:00:00,181.17846,181.3073,181.13428,181.30031
2026-09-07 07:15:00,181.28527,181.28835,181.20684,181.22702
2026-09-07 07:30:00,181.21878,181.28959,181.15452,181.23431
2026-09-07 07:45:00,181.25147,181.29702,181.24234,181.2645
2026-09-07 08:00:00,181.25325,181.45819,181.23877,181.44829
2026-09-07 08:15:00,181.44399,181.4641,181.43851,181.44026
2026-09-07 08:30:00,181.44124,181.48035,181.43586,181.46783
2026-09-07 08:45:00,181.46922,181.46922,181.41867,181.4268
2026-09-07 09:00:00,181.42177,181.42776,181.34327,181.3493
2026-09-07 09:15:00,181.3578,181.37183,181.3168,181.33935
2026-09-07 09:30:00,181.34748,181.39095,181.31049,181.38551
2026-09-07 09:45:00,181.37803,181.46383,181.37058,181.42764
2026-09-07 10:00:00,181.41852,181.46982,181.32273,181.32832
2026-09-07 10:15:00,181.33016,181.37596,181.13693,181.14734
2026-09-07 10:30:00,181.16596,181.16596,181.03768,181.13028
2026-09-07 10:45:00,181.11836,181.20516,181.10046,181.15919
2026-09-07 11:00:00,181.17199,181.22372,181.08408,181.17399
2026-09-07 11:15:00,181.161,181.26628,181.12993,181.22914
2026-09-07 11:30:00,181.20304,181.33119,181.20304,181.27151
2026-09-07 11:45:00,181.27444,181.30297,181.19078,181.22339
2026-09-07 12:00:00,181.21849,181.33051,181.19304,181.32787
2026-09-07 12:15:00,181.31964,181.33872,181.28751,181.31108
2026-09-07 12:30:00,181.30371,181.37719,181.2701,181.37354
2026-09-07 12:45:00,181.36733,181.39184,181.32279,181.32665
2026-09-07 13:00:00,181.33401,181.35228,181.27422,181.28911
2026-09-07 13:15:00,181.28731,181.28853,181.22088,181.22944
2026-09-07 13:30:00,181.24479,181.27562,181.21004,181.26833
2026-09-07 13:45:00,181.2618,181.28002,181.19014,181.19385
2026-09-07 14:00:00,181.20127,181.30343,181.19187,181.29948
2026-09-07 14:15:00,181.29056,181.32855,181.28271,181.32327
2026-09-07 14:30:00,181.31939,181.3367,181.20271,181.22011
2026-09-07 14:45:00,181.21544,181.2458,181.18098,181.1877
2026-09-07 15:00:00,181.20057,181.2313,181.1767,181.21576
2026-09-07 15:15:00,181.20567,181.25024,181.20196,181.24407
2026-09-07 15:30:00,181.23335,181.23335,181.09419,181.14231
2026-09-07 15:45:00,181.13949,181.14313,180.97091,180.97627
2026-09-07 16:00:00,180.98372,181.01468,180.91549,180.96694
2026-09-07 16:15:00,180.94933,180.98946,180.78592,180.88269
2026-09-07 16:30:00,180.87174,180.90712,180.81502,180.90525
2026-09-07 16:45:00,180.89911,181.03235,180.88133,181.02792
2026-09-07 17:00:00,181.02025,181.07916,180.95535,181.00932
2026-09-07 17:15:00,180.99085,181.05882,180.84447,180.84978
2026-09-07 17:30:00,180.85752,180.98636,180.84365,180.9792
2026-09-07 17:45:00,180.95932,181.01583,180.76907,180.81122
2026-09-07 18:00:00,180.80634,180.83424,180.58579,180.63825
