time,open,high,low,close
2026-07-17 16:15:00,0.84991,0.84997,0.8497,0.84985
2026-07-17 16:30:00,0.84982,0.84991,0.84969,0.84985
2026-07-17 16:45:00,0.84979,0.85,0.84971,0.84975
2026-07-17 17:00:00,0.84982,0.84989,0.84946,0.84986
2026-07-17 17:15:00,0.84981,0.85007,0.84977,0.84997
2026-07-17 17:30:00,0.84996,0.85012,0.84965,0.85009
2026-07-17 17:45:00,0.85002,0.85048,0.84997,0.85045
2026-07-17 18:00:00,0.8504,0.85058,0.85008,0.85044
2026-07-17 18:15:00,0.85039,0.85059,0.85016,0.85058
2026-07-17 18:30:00,0.85055,0.85094,0.85044,0.85093
2026-07-17 18:45:00,0.85089,0.85113,0.85082,0.85112
2026-07-17 19:00:00,0.8511,0.8513,0.85086,0.85113
2026-07-17 19:15:00,0.85105,0.85143,0.85093,0.85116
2026-07-17 19:30:00,0.85118,0.85118,0.85089,0.85107
2026-07-17 19:45:00,0.85105,0.85117,0.85095,0.85102
2026-07-17 20:00:00,0.85104,0.8513,0.85087,0.8511
2026-07-17 20:15:00,0.85108,0.85119,0.85078,0.85097
2026-07-17 20:30:00,0.85093,0.85118,0.85093,0.85116
2026-07-17 20:45:00,0.85111,0.85126,0.85073,0.85075
2026-07-17 21:00:00,0.85077,0.85089,0.85058,0.85067
2026-07-17 21:15:00,0.8507,0.85076,0.85037,0.85047
2026-07-17 21:30:00,0.8505,0.85079,0.85041,0.85077
2026-07-17 21:45:00,0.85073,0.85079,0.85045,0.8506
2026-07-17 22:00:00,0.85058,0.85105,0.85052,0.85077
2026-07-17 22:15:00,0.85082,0.85121,0.8507,0.8511
2026-07-17 22:30:00,0.8511,0.85117,0.85059,0.85067
2026-07-17 22:45:00,0.85066,0.85094,0.85049,0.85093
2026-07-17 23:00:00,0.85088,0.85105,0.85075,0.85086
2026-07-17 23:15:00,0.8509,0.8509,0.85043,0.85056
2026-07-17 23:30:00,0.85054,0.8506,0.85011,0.85027
2026-07-17 23:45:00,0.85021,0.85053,0.85012,0.8503
2026-07-18 00:00:00,0.85028,0.8504,0.85002,0.85039
2026-07-18 00:15:00,0.85038,0.85068,0.8502,0.85025
2026-07-18 00:30:00,0.85034,0.85061,0.85022,0.8506
2026-07-18 00:45:00,0.85056,0.85093,0.8504,0.8509
2026-07-18 01:00:00,0.85081,0.85097,0.85066,0.85069
2026-07-18 01:15:00,0.85076,0.85084,0.85051,0.85052
2026-07-18 01:30:00,0.85055,0.85073,0.85034,0.85061
2026-07-18 01:45:00,0.85061,0.85098,0.85048,0.85086
2026-07-18 02:00:00,0.85083,0.851,0.85057,0.85065
2026-07-18 02:15:00,0.85062,0.85064,0.85032,0.85047
2026-07-18 02:30:00,0.85045,0.85054,0.8503,0.85031
2026-07-18 02:45:00,0.85033,0.85033,0.85006,0.85007
2026-07-18 03:00:00,0.85008,0.85011,0.84969,0.84983
2026-07-18 03:15:00,0.84981,0.85,0.84978,0.84991
2026-07-18 03:30:00,0.84993,0.85006,0.84991,0.84999
2026-07-18 03:45:00,0.85002,0.85005,0.84991,0.84992
2026-07-18 04:00:00,0.84992,0.85003,0.84988,0.84996
2026-07-18 04:15:00,0.84993,0.8501,0.84991,0.84997
2026-07-18 04:30:00,0.84998,0.85007,0.84993,0.85006
2026-07-18 04:45:00,0.85004,0.85006,0.84996,0.85003
2026-07-18 05:00:00,0.85002,0.85013,0.84995,0.85007
2026-07-18 05:15:00,0.85005,0.85013,0.84995,0.85007
2026-07-18 05:30:00,0.85005,0.85009,0.84992,0.84997
2026-07-18 05:45:00,0.85001,0.85008,0.8499,0.85007
2026-07-18 06:00:00,0.85004,0.8502,0.85002,0.85018
2026-07-18 06:15:00,0.85015,0.85025,0.85003,0.8502
2026-07-18 06:30:00,0.85019,0.85025,0.85011,0.85015
2026-07-18 06:45:00,0.85015,0.85032,0.85,0.85028
2026-07-18 07:00:00,0.85021,0.85069,0.8502,0.85043
2026-07-18 07:15:00,0.85041,0.8505,0.85024,0.8504
2026-07-18 07:30:00,0.85039,0.85056,0.85032,0.85035
2026-07-18 07:45:00,0.85037,0.85056,0.85035,0.85044
2026-07-18 08:00:00,0.8504,0.85052,0.85021,0.85043
2026-07-18 08:15:00,0.85042,0.85048,0.85024,0.85043
2026-07-18 08:30:00,0.85041,0.85059,0.85023,0.85036
2026-07-18 08:45:00,0.85038,0.85059,0.85037,0.85048
2026-07-18 09:00:00,0.85039,0.85063,0.85035,0.85054
2026-07-18 09:15:00,0.85042,0.85061,0.85035,0.85042
2026-07-18 09:30:00,0.8504,0.85063,0.85036,0.85054
2026-07-18 09:45:00,0.8504,0.85062,0.85036,0.85038
2026-07-18 10:00:00,0.85039,0.8506,0.85022,0.85029
2026-07-18 10:15:00,0.85024,0.85037,0.85021,0.85028
2026-07-18 10:30:00,0.85024,0.85031,0.85019,0.85023
2026-07-18 10:45:00,0.85023,0.85035,0.85019,0.85024
2026-07-18 11:00:00,0.85024,0.85032,0.85023,0.85025
2026-07-18 11:15:00,0.85024,0.85039,0.85022,0.85029
2026-07-18 11:30:00,0.85025,0.85048,0.85018,0.85027
2026-07-18 11:45:00,0.85027,0.85032,0.85022,0.85024
2026-07-18 12:00:00,0.85024,0.85049,0.85018,0.85024
2026-07-18 12:15:00,0.85024,0.85032,0.85022,0.85026
2026-07-18 12:30:00,0.85024,0.85048,0.85022,0.85022
2026-07-18 12:45:00,0.85023,0.85053,0.85022,0.85027
2026-07-18 13:00:00,0.85027,0.85032,0.8502,0.85025
2026-07-18 13:15:00,0.85025,0.85052,0.85016,0.85029
2026-07-18 13:30:00,0.85027,0.85031,0.85023,0.8503
2026-07-18 13:45:00,0.85026,0.85048,0.85023,0.85023
2026-07-18 14:00:00,0.85024,0.85041,0.85021,0.85027
2026-07-18 14:15:00,0.85027,0.85031,0.85023,0.85028
2026-07-18 14:30:00,0.85025,0.85052,0.85025,0.8503
2026-07-18 14:45:00,0.85028,0.85031,0.85023,0.85027
2026-07-18 15:00:00,0.85028,0.85053,0.85015,0.85025
2026-07-18 15:15:00,0.85025,0.85032,0.85024,0.85029
2026-07-18 15:30:00,0.85027,0.85035,0.85023,0.85029
2026-07-18 15:45:00,0.85027,0.85034,0.85024,0.85025
2026-07-18 16:00:00,0.85026,0.8503,0.85023,0.85024
2026-07-18 16:15:00,0.85024,0.85033,0.85021,0.85027
2026-07-18 16:30:00,0.85024,0.85036,0.85023,0.85025
2026-07-18 16:45:00,0.85027,0.8503,0.85023,0.85025
2026-07-18 17:00:00,0.85025,0.85031,0.85023,0.85024
2026-07-18 17:15:00,0.85025,0.8503,0.85023,0.85028
2026-07-18 17:30:00,0.85025,0.85032,0.85021,0.85028
2026-07-18 17:45:00,0.85025,0.85035,0.85023,0.85025
2026-07-18 18:00:00,0.85025,0.85031,0.85022,0.85022
2026-07-18 18:15:00,0.85023,0.8505,0.85022,0.85027
2026-07-18 18:30:00,0.85023,0.85029,0.85021,0.85027
2026-07-18 18:45:00,0.85022,0.85042,0.8502,0.85027
2026-07-18 19:00:00,0.85023,0.8505,0.8502,0.85024
2026-07-18 19:15:00,0.85025,0.8503,0.85022,0.85024
2026-07-18 19:30:00,0.85024,0.8504,0.85021,0.85027
2026-07-18 19:45:00,0.85022,0.85031,0.85021,0.85027
2026-07-18 20:00:00,0.85023,0.85037,0.85021,0.85022
2026-07-18 20:15:00,0.85023,0.8504,0.8502,0.85024
2026-07-18 20:30:00,0.85025,0.8503,0.85021,0.85027
2026-07-18 20:45:00,0.85022,0.85051,0.85022,0.85028
2026-07-18 21:00:00,0.85024,0.8503,0.85022,0.85023
2026-07-18 21:15:00,0.85023,0.85038,0.85021,0.85027
2026-07-18 21:30:00,0.85023,0.85057,0.85015,0.85029
2026-07-18 21:45:00,0.85028,0.85028,0.8502,0.85023
2026-07-18 22:00:00,0.85022,0.85051,0.8502,0.85021
2026-07-18 22:15:00,0.85022,0.85026,0.8502,0.85021
2026-07-18 22:30:00,0.85022,0.85053,0.8502,0.85022
2026-07-18 22:45:00,0.85021,0.85051,0.85017,0.85027
2026-07-18 23:00:00,0.85025,0.85027,0.8502,0.85022
2026-07-18 23:15:00,0.85022,0.85054,0.85018,0.85022
2026-07-18 23:30:00,0.85022,0.85025,0.8502,0.85022
2026-07-18 23:45:00,0.85021,0.8505,0.8502,0.85024
2026-07-19 00:00:00,0.85022,0.85026,0.8502,0.85022
2026-07-19 00:15:00,0.85021,0.85026,0.8502,0.85021
2026-07-19 00:30:00,0.85021,0.85052,0.85018,0.85026
2026-07-19 00:45:00,0.85024,0.85028,0.85023,0.85026
2026-07-19 01:00:00,0.85024,0.85055,0.8502,0.85032
2026-07-19 01:15:00,0.85031,0.85038,0.85026,0.85033
2026-07-19 01:30:00,0.8503,0.85034,0.85029,0.8503
2026-07-19 01:45:00,0.8503,0.85047,0.85028,0.85034
2026-07-19 02:00:00,0.85033,0.85047,0.85028,0.85039
2026-07-19 02:15:00,0.85038,0.85048,0.85038,0.85045
2026-07-19 02:30:00,0.85043,0.85055,0.85024,0.85048
2026-07-19 02:45:00,0.85041,0.85045,0.85032,0.85033
2026-07-19 03:00:00,0.85034,0.85049,0.85016,0.85031
2026-07-19 03:15:00,0.85029,0.85029,0.85021,0.85022
2026-07-19 03:30:00,0.85022,0.85052,0.85021,0.85025
2026-07-19 03:45:00,0.85025,0.85051,0.85024,0.85042
2026-07-19 04:00:00,0.85025,0.85044,0.85025,0.8504
2026-07-19 04:15:00,0.85039,0.85062,0.85024,0.85025
2026-07-19 04:30:00,0.85026,0.85027,0.8502,0.85021
2026-07-19 04:45:00,0.85022,0.85051,0.8502,0.85023
2026-07-19 05:00:00,0.85021,0.85051,0.85019,0.85041
2026-07-19 05:15:00,0.85021,0.85028,0.8502,0.85022
2026-07-19 05:30:00,0.85021,0.85053,0.8502,0.85023
2026-07-19 05:45:00,0.85023,0.85041,0.85019,0.85024
2026-07-19 06:00:00,0.85022,0.8505,0.85015,0.85033
2026-07-19 06:15:00,0.85031,0.85042,0.85026,0.85037
2026-07-19 06:30:00,0.85027,0.85036,0.85024,0.85035
2026-07-19 06:45:00,0.85033,0.8506,0.85025,0.85041
2026-07-19 07:00:00,0.85041,0.85052,0.8504,0.8505
2026-07-19 07:15:00,0.85049,0.85068,0.85045,0.85048
2026-07-19 07:30:00,0.85047,0.85057,0.85037,0.85042
2026-07-19 07:45:00,0.85043,0.85056,0.85042,0.85047
2026-07-19 08:00:00,0.85047,0.85058,0.85035,0.85039
2026-07-19 08:15:00,0.85037,0.85041,0.85036,0.85039
2026-07-19 08:30:00,0.85037,0.85054,0.85036,0.85038
2026-07-19 08:45:00,0.85038,0.85052,0.85037,0.85038
2026-07-19 09:00:00,0.85038,0.85053,0.85038,0.8505
2026-07-19 09:15:00,0.85048,0.8506,0.85046,0.8505
2026-07-19 09:30:00,0.85049,0.85053,0.85048,0.85049
2026-07-19 09:45:00,0.85049,0.85058,0.85046,0.85047
2026-07-19 10:00:00,0.85048,0.85054,0.85046,0.85052
2026-07-19 10:15:00,0.85048,0.85054,0.85045,0.85048
2026-07-19 10:30:00,0.85047,0.85053,0.85031,0.85033
2026-07-19 10:45:00,0.85033,0.85037,0.85032,0.85033
2026-07-19 11:00:00,0.85034,0.85055,0.85033,0.85042
2026-07-19 11:15:00,0.85041,0.85041,0.85026,0.85029
2026-07-19 11:30:00,0.85027,0.85053,0.85023,0.85023
2026-07-19 11:45:00,0.85024,0.8505,0.85022,0.85026
2026-07-19 12:00:00,0.85027,0.85029,0.85022,0.85025
2026-07-19 12:15:00,0.85023,0.8505,0.85021,0.85027
2026-07-19 12:30:00,0.85025,0.85031,0.85019,0.85024
2026-07-19 12:45:00,0.85023,0.85052,0.85021,0.85021
2026-07-19 13:00:00,0.85022,0.8505,0.85016,0.85026
2026-07-19 13:15:00,0.85025,0.85028,0.85022,0.85025
2026-07-19 13:30:00,0.85023,0.85049,0.85022,0.85028
2026-07-19 13:45:00,0.85027,0.8503,0.85025,0.85026
2026-07-19 14:00:00,0.85027,0.85049,0.85023,0.8503
2026-07-19 14:15:00,0.8503,0.85052,0.85025,0.85041
2026-07-19 14:30:00,0.85039,0.85043,0.85038,0.8504
2026-07-19 14:45:00,0.85039,0.85051,0.85039,0.85039
2026-07-19 15:00:00,0.8504,0.85044,0.85039,0.8504
2026-07-19 15:15:00,0.8504,0.85049,0.85039,0.85042
2026-07-19 15:30:00,0.8504,0.85048,0.85039,0.85042
2026-07-19 15:45:00,0.85041,0.85045,0.85039,0.85041
2026-07-19 16:00:00,0.85041,0.85053,0.85026,0.8504
2026-07-19 16:15:00,0.8504,0.85044,0.85039,0.85041
2026-07-19 16:30:00,0.8504,0.85051,0.85039,0.85042
2026-07-19 16:45:00,0.85041,0.8505,0.85039,0.85041
2026-07-19 17:00:00,0.85041,0.85045,0.8504,0.8504
2026-07-19 17:15:00,0.85041,0.85048,0.8504,0.85043
2026-07-19 17:30:00,0.85041,0.85049,0.85039,0.85047
2026-07-19 17:45:00,0.85045,0.85051,0.85038,0.85039
2026-07-19 18:00:00,0.85041,0.85047,0.85039,0.8504
2026-07-19 18:15:00,0.85041,0.85045,0.8504,0.85043
2026-07-19 18:30:00,0.85041,0.85047,0.8504,0.85043
2026-07-19 18:45:00,0.85041,0.85045,0.8504,0.85042
2026-07-19 19:00:00,0.85041,0.85045,0.8504,0.85041
2026-07-19 19:15:00,0.85042,0.85049,0.8504,0.85045
2026-07-19 19:30:00,0.85045,0.85049,0.85044,0.85047
2026-07-19 19:45:00,0.85045,0.85049,0.85043,0.85046
2026-07-19 20:00:00,0.85045,0.85048,0.85043,0.85044
2026-07-19 20:15:00,0.85045,0.85048,0.85043,0.85045
2026-07-19 20:30:00,0.85045,0.85048,0.85043,0.85046
2026-07-19 20:45:00,0.85045,0.85048,0.85033,0.85038
2026-07-19 21:00:00,0.85037,0.85037,0.85029,0.85031
2026-07-19 21:15:00,0.85032,0.85035,0.8503,0.85031
2026-07-19 21:30:00,0.85032,0.85041,0.85025,0.85036
2026-07-19 21:45:00,0.85035,0.85038,0.85031,0.85034
2026-07-19 22:00:00,0.85033,0.85036,0.85031,0.85033
2026-07-19 22:15:00,0.85033,0.85037,0.85031,0.85032
2026-07-19 22:30:00,0.85033,0.85037,0.85031,0.85034
2026-07-19 22:45:00,0.85033,0.85043,0.85027,0.85031
2026-07-19 23:00:00,0.85029,0.85033,0.85028,0.85031
2026-07-19 23:15:00,0.85029,0.85038,0.85022,0.85028
2026-07-19 23:30:00,0.85029,0.85046,0.85023,0.8503
2026-07-19 23:45:00,0.85028,0.85032,0.85027,0.8503
2026-07-20 00:00:00,0.85028,0.85039,0.85013,0.85022
2026-07-20 00:15:00,0.85022,0.85025,0.85019,0.8502
2026-07-20 00:30:00,0.8502,0.85024,0.85019,0.85022
2026-07-20 00:45:00,0.8502,0.85047,0.85018,0.85047
2026-07-20 01:00:00,0.85044,0.85057,0.85034,0.85036
2026-07-20 01:15:00,0.85038,0.85044,0.85031,0.85032
2026-07-20 01:30:00,0.85034,0.85038,0.85033,0.85034
2026-07-20 01:45:00,0.85034,0.85038,0.85033,0.85036
2026-07-20 02:00:00,0.85034,0.85041,0.85032,0.8504
2026-07-20 02:15:00,0.85038,0.85038,0.85025,0.85026
2026-07-20 02:30:00,0.85026,0.85041,0.85021,0.85028
2026-07-20 02:45:00,0.85028,0.85038,0.85027,0.85032
2026-07-20 03:00:00,0.8503,0.85047,0.84978,0.85031
2026-07-20 03:15:00,0.85028,0.85045,0.84997,0.85031
2026-07-20 03:30:00,0.85031,0.85032,0.85024,0.8503
2026-07-20 03:45:00,0.85028,0.85032,0.85024,0.85029
2026-07-20 04:00:00,0.85028,0.85042,0.84996,0.8503
2026-07-20 04:15:00,0.85028,0.85094,0.84996,0.85026
2026-07-20 04:30:00,0.85026,0.85104,0.85008,0.85042
2026-07-20 04:45:00,0.85039,0.85074,0.848,0.84827
2026-07-20 05:00:00,0.84869,0.85069,0.84869,0.85038
2026-07-20 05:15:00,0.85019,0.8506,0.84967,0.84991
2026-07-20 05:30:00,0.84995,0.85085,0.84964,0.85
2026-07-20 05:45:00,0.85003,0.8511,0.84972,0.85031
2026-07-20 06:00:00,0.85021,0.85106,0.84974,0.85057
2026-07-20 06:15:00,0.8499,0.85138,0.8499,0.85021
2026-07-20 06:30:00,0.8502,0.85156,0.84978,0.85044
2026-07-20 06:45:00,0.85004,0.85062,0.84967,0.84986
2026-07-20 07:00:00,0.84988,0.85069,0.84965,0.85039
2026-07-20 07:15:00,0.84989,0.85109,0.84949,0.85044
2026-07-20 07:30:00,0.85026,0.85061,0.8498,0.84984
2026-07-20 07:45:00,0.84995,0.85079,0.84995,0.85007
2026-07-20 08:00:00,0.85008,0.8503,0.84988,0.8502
2026-07-20 08:15:00,0.85018,0.8502,0.84997,0.85006
2026-07-20 08:30:00,0.85005,0.85005,0.84987,0.84993
2026-07-20 08:45:00,0.84996,0.85002,0.8499,0.8499
2026-07-20 09:00:00,0.84992,0.84994,0.84982,0.84989
2026-07-20 09:15:00,0.84987,0.84996,0.8498,0.84995
2026-07-20 09:30:00,0.84991,0.85003,0.84985,0.84986
2026-07-20 09:45:00,0.84989,0.85003,0.8498,0.84992
2026-07-20 10:00:00,0.84993,0.85008,0.84991,0.85003
2026-07-20 10:15:00,0.85002,0.85006,0.84984,0.84995
2026-07-20 10:30:00,0.84994,0.85002,0.84987,0.84997
2026-07-20 10:45:00,0.84998,0.85011,0.84997,0.85007
2026-07-20 11:00:00,0.85004,0.8501,0.84988,0.85005
2026-07-20 11:15:00,0.85002,0.85005,0.84989,0.84999
2026-07-20 11:30:00,0.84996,0.85008,0.84989,0.85007
2026-07-20 11:45:00,0.85003,0.85009,0.84995,0.85005
2026-07-20 12:00:00,0.85004,0.85005,0.84984,0.84994
2026-07-20 12:15:00,0.84992,0.84994,0.8498,0.84993
2026-07-20 12:30:00,0.8499,0.85,0.84979,0.84986
2026-07-20 12:45:00,0.8499,0.85008,0.8498,0.85003
2026-07-20 13:00:00,0.85004,0.85012,0.84998,0.85007
2026-07-20 13:15:00,0.85005,0.85009,0.84998,0.85007
2026-07-20 13:30:00,0.85005,0.85009,0.84998,0.85003
2026-07-20 13:45:00,0.85001,0.85006,0.84993,0.84996
2026-07-20 14:00:00,0.84998,0.85003,0.84992,0.84993
2026-07-20 14:15:00,0.84995,0.84997,0.84985,0.84993
2026-07-20 14:30:00,0.84991,0.84993,0.84979,0.84991
2026-07-20 14:45:00,0.84989,0.84992,0.84975,0.84981
2026-07-20 15:00:00,0.84983,0.84991,0.84978,0.8499
2026-07-20 15:15:00,0.84988,0.8499,0.84962,0.84973
2026-07-20 15:30:00,0.84972,0.84973,0.84949,0.84955
2026-07-20 15:45:00,0.84953,0.84969,0.84947,0.84951
2026-07-20 16:00:00,0.84954,0.84963,0.84936,0.8496
2026-07-20 16:15:00,0.84956,0.8497,0.84944,0.84958
2026-07-20 16:30:00,0.84957,0.84969,0.84941,0.84962
2026-07-20 16:45:00,0.84958,0.84978,0.84944,0.84972
2026-07-20 17:00:00,0.84971,0.84975,0.84933,0.84939
2026-07-20 17:15:00,0.8494,0.84967,0.84934,0.84952
2026-07-20 17:30:00,0.84953,0.84971,0.8492,0.8494
2026-07-20 17:45:00,0.84938,0.84943,0.84914,0.84924
2026-07-20 18:00:00,0.84923,0.84932,0.84914,0.84923
2026-07-20 18:15:00,0.84926,0.84941,0.84903,0.84941
2026-07-20 18:30:00,0.84939,0.84956,0.84932,0.84947
2026-07-20 18:45:00,0.84946,0.84954,0.84912,0.84928
2026-07-20 19:00:00,0.84927,0.84952,0.8492,0.84947
2026-07-20 19:15:00,0.84945,0.84957,0.84924,0.84929
2026-07-20 19:30:00,0.84932,0.84936,0.84901,0.84914
2026-07-20 19:45:00,0.84909,0.84913,0.84878,0.849
2026-07-20 20:00:00,0.84896,0.84916,0.84879,0.84881
2026-07-20 20:15:00,0.84885,0.84893,0.84862,0.84886
2026-07-20 20:30:00,0.84888,0.84897,0.8487,0.84889
2026-07-20 20:45:00,0.84885,0.84891,0.84861,0.84866
2026-07-20 21:00:00,0.84873,0.84885,0.84855,0.8487
2026-07-20 21:15:00,0.8487,0.84888,0.84864,0.84886
2026-07-20 21:30:00,0.84881,0.84906,0.84868,0.84905
2026-07-20 21:45:00,0.84901,0.8492,0.84889,0.84895
2026-07-20 22:00:00,0.84893,0.84915,0.84863,0.84868
2026-07-20 22:15:00,0.84877,0.84887,0.84858,0.84884
2026-07-20 22:30:00,0.8488,0.84912,0.8488,0.84903
2026-07-20 22:45:00,0.84901,0.84928,0.84891,0.84908
2026-07-20 23:00:00,0.84912,0.84912,0.8487,0.84871
2026-07-20 23:15:00,0.84871,0.84878,0.84844,0.84858
2026-07-20 23:30:00,0.84853,0.84875,0.84842,0.84871
2026-07-20 23:45:00,0.84862,0.84907,0.84862,0.84871
2026-07-21 00:00:00,0.8487,0.84873,0.84836,0.84862
2026-07-21 00:15:00,0.84859,0.84875,0.84849,0.84859
2026-07-21 00:30:00,0.84865,0.84879,0.8484,0.84861
2026-07-21 00:45:00,0.8486,0.84897,0.84853,0.84894
2026-07-21 01:00:00,0.84888,0.85005,0.84826,0.85004
2026-07-21 01:15:00,0.84999,0.85044,0.84996,0.85029
2026-07-21 01:30:00,0.85032,0.85048,0.85015,0.85033
2026-07-21 01:45:00,0.85034,0.85057,0.8503,0.85038
2026-07-21 02:00:00,0.85033,0.85071,0.85032,0.85057
2026-07-21 02:15:00,0.85055,0.85073,0.85045,0.8505
2026-07-21 02:30:00,0.85055,0.85062,0.85027,0.85051
2026-07-21 02:45:00,0.8505,0.85055,0.85034,0.85036
2026-07-21 03:00:00,0.85039,0.8504,0.8501,0.85024
2026-07-21 03:15:00,0.85015,0.85042,0.85,0.85001
2026-07-21 03:30:00,0.85002,0.85011,0.84986,0.84999
2026-07-21 03:45:00,0.85001,0.85001,0.84971,0.84983
2026-07-21 04:00:00,0.84981,0.84987,0.84966,0.84976
2026-07-21 04:15:00,0.84974,0.84978,0.84958,0.8497
2026-07-21 04:30:00,0.8497,0.84976,0.84958,0.84965
2026-07-21 04:45:00,0.84967,0.84976,0.8496,0.8497
2026-07-21 05:00:00,0.8497,0.84981,0.84958,0.8497
2026-07-21 05:15:00,0.8497,0.84977,0.84966,0.84973
2026-07-21 05:30:00,0.84973,0.84979,0.84947,0.84956
2026-07-21 05:45:00,0.8496,0.84974,0.84951,0.84974
2026-07-21 06:00:00,0.84972,0.84985,0.8496,0.84983
2026-07-21 06:15:00,0.84981,0.84995,0.84973,0.84994
2026-07-21 06:30:00,0.84993,0.84993,0.84971,0.84978
2026-07-21 06:45:00,0.84981,0.84989,0.84976,0.84987
2026-07-21 07:00:00,0.84984,0.85,0.84957,0.84986
2026-07-21 07:15:00,0.84978,0.85036,0.84953,0.85029
2026-07-21 07:30:00,0.85015,0.85032,0.84993,0.85005
2026-07-21 07:45:00,0.85005,0.8503,0.84996,0.85001
2026-07-21 08:00:00,0.85003,0.85015,0.84978,0.8501
2026-07-21 08:15:00,0.85008,0.85026,0.85006,0.85009
2026-07-21 08:30:00,0.85011,0.85015,0.85003,0.8501
2026-07-21 08:45:00,0.85008,0.85017,0.85001,0.85003
2026-07-21 09:00:00,0.85005,0.85007,0.84992,0.84999
2026-07-21 09:15:00,0.84996,0.85002,0.84991,0.85001
2026-07-21 09:30:00,0.84998,0.85,0.84988,0.84997
2026-07-21 09:45:00,0.84994,0.85001,0.84984,0.84987
2026-07-21 10:00:00,0.8499,0.85007,0.84989,0.85001
2026-07-21 10:15:00,0.85,0.85002,0.84984,0.8499
2026-07-21 10:30:00,0.84988,0.84991,0.84975,0.84982
2026-07-21 10:45:00,0.84981,0.84985,0.84967,0.84969
2026-07-21 11:00:00,0.84973,0.84982,0.84964,0.84965
2026-07-21 11:15:00,0.84967,0.84973,0.84958,0.84971
2026-07-21 11:30:00,0.84965,0.84974,0.84952,0.84966
2026-07-21 11:45:00,0.84963,0.84968,0.84955,0.84962
2026-07-21 12:00:00,0.84964,0.84966,0.84948,0.84957
2026-07-21 12:15:00,0.84954,0.84961,0.84947,0.84959
2026-07-21 12:30:00,0.84957,0.84963,0.84949,0.84956
2026-07-21 12:45:00,0.84955,0.84964,0.84949,0.84961
2026-07-21 13:00:00,0.8496,0.84967,0.84943,0.84945
2026-07-21 13:15:00,0.8495,0.84953,0.84936,0.84945
2026-07-21 13:30:00,0.84943,0.84946,0.84935,0.84943
2026-07-21 13:45:00,0.84941,0.84949,0.84932,0.84933
2026-07-21 14:00:00,0.84936,0.84956,0.84932,0.84955
2026-07-21 14:15:00,0.84953,0.84956,0.84944,0.84952
2026-07-21 14:30:00,0.84951,0.84958,0.84937,0.84951
2026-07-21 14:45:00,0.84949,0.84959,0.8494,0.84959
2026-07-21 15:00:00,0.84958,0.8496,0.84936,0.84939
2026-07-21 15:15:00,0.84942,0.84958,0.84941,0.84949
2026-07-21 15:30:00,0.84948,0.84956,0.84941,0.84947
2026-07-21 15:45:00,0.84946,0.84952,0.84929,0.84934
2026-07-21 16:00:00,0.84934,0.84939,0.84906,0.84913
2026-07-21 16:15:00,0.84914,0.84929,0.84908,0.84928
2026-07-21 16:30:00,0.84926,0.84928,0.84912,0.84923
2026-07-21 16:45:00,0.84921,0.84938,0.84905,0.84937
2026-07-21 17:00:00,0.84936,0.8495,0.84906,0.84935
2026-07-21 17:15:00,0.84937,0.84984,0.84927,0.84977
2026-07-21 17:30:00,0.84976,0.85005,0.84963,0.85004
2026-07-21 17:45:00,0.84999,0.85012,0.84978,0.84988
2026-07-21 18:00:00,0.84987,0.8499,0.84959,0.8496
2026-07-21 18:15:00,0.84961,0.85002,0.8495,0.84989
2026-07-21 18:30:00,0.84994,0.85048,0.84982,0.85047
2026-07-21 18:45:00,0.85045,0.85046,0.85022,0.85035
2026-07-21 19:00:00,0.85035,0.85078,0.85035,0.85058
2026-07-21 19:15:00,0.8506,0.85084,0.8506,0.85068
2026-07-21 19:30:00,0.85068,0.85095,0.85058,0.85076
2026-07-21 19:45:00,0.85075,0.85078,0.85056,0.85076
2026-07-21 20:00:00,0.85074,0.85086,0.85049,0.85052
2026-07-21 20:15:00,0.85056,0.85102,0.85049,0.85099
2026-07-21 20:30:00,0.85094,0.85128,0.85087,0.85127
2026-07-21 20:45:00,0.85125,0.85144,0.85109,0.85126
2026-07-21 21:00:00,0.85134,0.85161,0.85095,0.85147
2026-07-21 21:15:00,0.85151,0.85176,0.85151,0.85173
2026-07-21 21:30:00,0.8517,0.85181,0.85147,0.85177
2026-07-21 21:45:00,0.85172,0.85202,0.85154,0.85184
2026-07-21 22:00:00,0.85185,0.85218,0.85177,0.85217
2026-07-21 22:15:00,0.85215,0.85295,0.85202,0.85287
2026-07-21 22:30:00,0.85283,0.8529,0.85253,0.8527
2026-07-21 22:45:00,0.85263,0.85299,0.85246,0.85259
2026-07-21 23:00:00,0.85262,0.85297,0.85251,0.85253
2026-07-21 23:15:00,0.85256,0.85291,0.85223,0.85287
2026-07-21 23:30:00,0.85282,0.85389,0.85277,0.85358
2026-07-21 23:45:00,0.85362,0.85364,0.8525,0.85284
2026-07-22 00:00:00,0.85282,0.85288,0.85233,0.85251
2026-07-22 00:15:00,0.85242,0.85247,0.85209,0.85239
2026-07-22 00:30:00,0.85236,0.85271,0.85211,0.85262
2026-07-22 00:45:00,0.85259,0.85334,0.85245,0.85306
2026-07-22 01:00:00,0.85314,0.85314,0.85268,0.85287
2026-07-22 01:15:00,0.85285,0.853,0.85266,0.85282
2026-07-22 01:30:00,0.85292,0.85298,0.85272,0.85286
2026-07-22 01:45:00,0.85285,0.85304,0.85263,0.85303
2026-07-22 02:00:00,0.853,0.85328,0.85281,0.85326
2026-07-22 02:15:00,0.85324,0.85329,0.85301,0.8531
2026-07-22 02:30:00,0.8531,0.85314,0.8526,0.85262
2026-07-22 02:45:00,0.85266,0.85268,0.85239,0.85244
2026-07-22 03:00:00,0.85242,0.85258,0.85224,0.85242
2026-07-22 03:15:00,0.85246,0.85253,0.85236,0.85239
2026-07-22 03:30:00,0.8524,0.85245,0.8522,0.85224
2026-07-22 03:45:00,0.85224,0.8523,0.85213,0.85224
2026-07-22 04:00:00,0.85221,0.85247,0.85212,0.85233
2026-07-22 04:15:00,0.8523,0.85241,0.8521,0.85218
2026-07-22 04:30:00,0.85218,0.85235,0.85212,0.85216
2026-07-22 04:45:00,0.85219,0.85225,0.8521,0.85216
2026-07-22 05:00:00,0.85217,0.85223,0.85204,0.85217
2026-07-22 05:15:00,0.85214,0.85214,0.85202,0.85204
2026-07-22 05:30:00,0.85205,0.8521,0.85197,0.85207
2026-07-22 05:45:00,0.85205,0.85215,0.85191,0.85213
2026-07-22 06:00:00,0.85209,0.85225,0.85207,0.85222
2026-07-22 06:15:00,0.8522,0.85226,0.85212,0.85215
2026-07-22 06:30:00,0.85214,0.85223,0.85212,0.85221
2026-07-22 06:45:00,0.85218,0.85229,0.85203,0.85227
2026-07-22 07:00:00,0.85222,0.85265,0.85169,0.85202
2026-07-22 07:15:00,0.85197,0.85252,0.85178,0.85209
2026-07-22 07:30:00,0.85212,0.85238,0.85201,0.85235
2026-07-22 07:45:00,0.85227,0.85248,0.85221,0.85235
2026-07-22 08:00:00,0.85225,0.85235,0.85209,0.85223
2026-07-22 08:15:00,0.8522,0.85228,0.85213,0.85223
2026-07-22 08:30:00,0.85221,0.8523,0.85217,0.85221
2026-07-22 08:45:00,0.85224,0.85238,0.85221,0.85235
2026-07-22 09:00:00,0.85232,0.85241,0.85216,0.85232
2026-07-22 09:15:00,0.8523,0.8524,0.85227,0.85239
2026-07-22 09:30:00,0.85236,0.85247,0.85225,0.85232
2026-07-22 09:45:00,0.85233,0.85238,0.85227,0.85229
2026-07-22 10:00:00,0.8523,0.8523,0.85214,0.85219
2026-07-22 10:15:00,0.85218,0.85225,0.85208,0.85213
2026-07-22 10:30:00,0.85212,0.85221,0.852,0.85214
2026-07-22 10:45:00,0.85213,0.85221,0.85194,0.85196
2026-07-22 11:00:00,0.852,0.85208,0.8519,0.85206
2026-07-22 11:15:00,0.85205,0.85209,0.85194,0.85203
2026-07-22 11:30:00,0.85201,0.85214,0.85191,0.852
2026-07-22 11:45:00,0.85201,0.85205,0.85191,0.85198
2026-07-22 12:00:00,0.852,0.85213,0.85195,0.85211
2026-07-22 12:15:00,0.85209,0.85223,0.85203,0.85221
2026-07-22 12:30:00,0.85216,0.85223,0.85198,0.85219
2026-07-22 12:45:00,0.85217,0.8522,0.85208,0.85214
2026-07-22 13:00:00,0.85216,0.85229,0.85206,0.85228
2026-07-22 13:15:00,0.85226,0.8523,0.85214,0.85221
2026-07-22 13:30:00,0.8522,0.85232,0.8521,0.8523
2026-07-22 13:45:00,0.85228,0.85241,0.85219,0.8524
2026-07-22 14:00:00,0.85238,0.85241,0.85227,0.85238
2026-07-22 14:15:00,0.85237,0.85244,0.85231,0.85242
2026-07-22 14:30:00,0.8524,0.85244,0.85232,0.85236
2026-07-22 14:45:00,0.85234,0.85246,0.85227,0.85239
2026-07-22 15:00:00,0.8524,0.85242,0.85227,0.85229
2026-07-22 15:15:00,0.85232,0.8524,0.85226,0.85236
2026-07-22 15:30:00,0.85234,0.85244,0.85227,0.85243
2026-07-22 15:45:00,0.85239,0.85266,0.85231,0.85264
2026-07-22 16:00:00,0.8526,0.85267,0.85222,0.85255
2026-07-22 16:15:00,0.85251,0.85325,0.85249,0.85321
2026-07-22 16:30:00,0.85313,0.85339,0.85302,0.85332
2026-07-22 16:45:00,0.8533,0.85331,0.85285,0.85297
2026-07-22 17:00:00,0.85295,0.85301,0.85253,0.85255
2026-07-22 17:15:00,0.8526,0.85272,0.85236,0.85254
2026-07-22 17:30:00,0.85253,0.85286,0.85229,0.85264
2026-07-22 17:45:00,0.85265,0.85269,0.85245,0.8525
2026-07-22 18:00:00,0.85255,0.85284,0.85248,0.85283
2026-07-22 18:15:00,0.8528,0.85287,0.85262,0.85285
2026-07-22 18:30:00,0.85282,0.85302,0.8526,0.85281
2026-07-22 18:45:00,0.85284,0.85324,0.85274,0.85315
2026-07-22 19:00:00,0.85311,0.85348,0.85311,0.85345
2026-07-22 19:15:00,0.8534,0.8535,0.85322,0.85339
2026-07-22 19:30:00,0.85335,0.85352,0.85325,0.85336
2026-07-22 19:45:00,0.85335,0.85335,0.85307,0.85319
2026-07-22 20:00:00,0.85316,0.85316,0.85282,0.85288
2026-07-22 20:15:00,0.85287,0.85313,0.85273,0.85301
2026-07-22 20:30:00,0.85303,0.85323,0.85299,0.85319
2026-07-22 20:45:00,0.85316,0.85334,0.85284,0.8529
2026-07-22 21:00:00,0.85301,0.85305,0.85275,0.85304
2026-07-22 21:15:00,0.85302,0.85326,0.85301,0.85319
2026-07-22 21:30:00,0.85321,0.85336,0.85306,0.85334
2026-07-22 21:45:00,0.85328,0.85335,0.85308,0.85333
2026-07-22 22:00:00,0.85332,0.85354,0.85325,0.85352
2026-07-22 22:15:00,0.85351,0.85369,0.85342,0.85351
2026-07-22 22:30:00,0.85351,0.85379,0.85345,0.85375
2026-07-22 22:45:00,0.85374,0.85419,0.85353,0.85401
2026-07-22 23:00:00,0.85397,0.85397,0.85356,0.85367
2026-07-22 23:15:00,0.8537,0.85386,0.85321,0.85335
2026-07-22 23:30:00,0.85333,0.85352,0.85274,0.85287
2026-07-22 23:45:00,0.85291,0.85311,0.85256,0.85263
2026-07-23 00:00:00,0.85275,0.85305,0.8524,0.85292
2026-07-23 00:15:00,0.85266,0.85292,0.85251,0.85282
2026-07-23 00:30:00,0.85281,0.85296,0.85267,0.85276
2026-07-23 00:45:00,0.85281,0.85317,0.8528,0.85315
2026-07-23 01:00:00,0.85311,0.85312,0.85282,0.85296
2026-07-23 01:15:00,0.85294,0.85323,0.85289,0.85315
2026-07-23 01:30:00,0.85314,0.85317,0.85285,0.85304
2026-07-23 01:45:00,0.85305,0.85329,0.85288,0.85328
2026-07-23 02:00:00,0.85324,0.85339,0.85296,0.85328
2026-07-23 02:15:00,0.85327,0.85357,0.85312,0.85352
2026-07-23 02:30:00,0.8535,0.8535,0.85326,0.85327
2026-07-23 02:45:00,0.8533,0.85343,0.85312,0.85314
2026-07-23 03:00:00,0.85317,0.85342,0.85308,0.85341
2026-07-23 03:15:00,0.85336,0.8535,0.85327,0.8533
2026-07-23 03:30:00,0.85336,0.85343,0.85323,0.85332
2026-07-23 03:45:00,0.85333,0.85338,0.85321,0.85337
2026-07-23 04:00:00,0.85334,0.85339,0.85321,0.85336
2026-07-23 04:15:00,0.85334,0.85338,0.85323,0.85324
2026-07-23 04:30:00,0.85325,0.8533,0.85318,0.8532
2026-07-23 04:45:00,0.85321,0.85326,0.85303,0.85324
2026-07-23 05:00:00,0.8532,0.85335,0.85317,0.85329
2026-07-23 05:15:00,0.85325,0.85342,0.85325,0.8533
2026-07-23 05:30:00,0.85331,0.8534,0.85327,0.85334
2026-07-23 05:45:00,0.85332,0.8534,0.85318,0.85329
2026-07-23 06:00:00,0.85326,0.85329,0.8531,0.85318
2026-07-23 06:15:00,0.85315,0.85319,0.85309,0.85317
2026-07-23 06:30:00,0.85315,0.85326,0.85308,0.85321
2026-07-23 06:45:00,0.85321,0.85326,0.85314,0.85322
2026-07-23 07:00:00,0.85322,0.85326,0.85284,0.85292
2026-07-23 07:15:00,0.85284,0.85303,0.85275,0.85294
2026-07-23 07:30:00,0.85292,0.85303,0.85281,0.85296
2026-07-23 07:45:00,0.85299,0.853,0.85276,0.85294
2026-07-23 08:00:00,0.8529,0.85333,0.8529,0.85328
2026-07-23 08:15:00,0.85326,0.85336,0.85322,0.85328
2026-07-23 08:30:00,0.85327,0.85332,0.85321,0.85327
2026-07-23 08:45:00,0.85327,0.85331,0.8532,0.85323
2026-07-23 09:00:00,0.85325,0.85331,0.85316,0.85323
2026-07-23 09:15:00,0.85321,0.85327,0.85316,0.85325
2026-07-23 09:30:00,0.85323,0.85332,0.85313,0.85322
2026-07-23 09:45:00,0.85321,0.85326,0.85316,0.85318
2026-07-23 10:00:00,0.8532,0.8533,0.85314,0.85325
2026-07-23 10:15:00,0.85324,0.85332,0.85314,0.85318
2026-07-23 10:30:00,0.85324,0.85329,0.85318,0.85326
2026-07-23 10:45:00,0.85324,0.85341,0.85312,0.85315
2026-07-23 11:00:00,0.8532,0.85336,0.85311,0.85323
2026-07-23 11:15:00,0.85322,0.85334,0.85315,0.8533
2026-07-23 11:30:00,0.85328,0.85334,0.85302,0.85314
2026-07-23 11:45:00,0.85313,0.85324,0.85305,0.85318
2026-07-23 12:00:00,0.85316,0.85318,0.85299,0.85314
2026-07-23 12:15:00,0.85311,0.85331,0.85308,0.8533
2026-07-23 12:30:00,0.85328,0.85355,0.85321,0.85353
2026-07-23 12:45:00,0.85351,0.85354,0.8534,0.85343
2026-07-23 13:00:00,0.85346,0.85361,0.85334,0.8536
2026-07-23 13:15:00,0.85356,0.85364,0.85345,0.85355
2026-07-23 13:30:00,0.85353,0.85365,0.85347,0.85363
2026-07-23 13:45:00,0.85361,0.8537,0.85351,0.85369
2026-07-23 14:00:00,0.85368,0.85387,0.85358,0.85383
2026-07-23 14:15:00,0.85382,0.85401,0.85365,0.85401
2026-07-23 14:30:00,0.85399,0.85405,0.85377,0.85394
2026-07-23 14:45:00,0.85392,0.85409,0.85384,0.85406
2026-07-23 15:00:00,0.85401,0.85417,0.85395,0.85415
2026-07-23 15:15:00,0.85412,0.85418,0.85397,0.85401
2026-07-23 15:30:00,0.85399,0.85399,0.85378,0.85385
2026-07-23 15:45:00,0.85382,0.85395,0.85381,0.85389
2026-07-23 16:00:00,0.85387,0.85397,0.85358,0.8538
2026-07-23 16:15:00,0.8538,0.85385,0.85361,0.85364
2026-07-23 16:30:00,0.85369,0.85421,0.85362,0.85407
2026-07-23 16:45:00,0.85411,0.85412,0.85394,0.85411
2026-07-23 17:00:00,0.85407,0.85436,0.85407,0.85428
2026-07-23 17:15:00,0.85428,0.85435,0.85389,0.85412
2026-07-23 17:30:00,0.85406,0.85428,0.85402,0.85426
2026-07-23 17:45:00,0.8542,0.85448,0.85415,0.85439
2026-07-23 18:00:00,0.85437,0.85437,0.85382,0.85386
2026-07-23 18:15:00,0.85395,0.85419,0.85387,0.85417
2026-07-23 18:30:00,0.85415,0.85421,0.85359,0.85379
2026-07-23 18:45:00,0.85376,0.85378,0.85347,0.85358
2026-07-23 19:00:00,0.85356,0.85372,0.85346,0.85369
2026-07-23 19:15:00,0.85364,0.85373,0.85348,0.85355
2026-07-23 19:30:00,0.8536,0.85363,0.85316,0.85336
2026-07-23 19:45:00,0.8533,0.85353,0.85322,0.85351
2026-07-23 20:00:00,0.85349,0.85357,0.85336,0.85346
2026-07-23 20:15:00,0.85348,0.85351,0.85321,0.85335
2026-07-23 20:30:00,0.85333,0.85347,0.85317,0.85347
2026-07-23 20:45:00,0.85346,0.8536,0.85307,0.8532
2026-07-23 21:00:00,0.85318,0.85331,0.85304,0.85327
2026-07-23 21:15:00,0.85324,0.8534,0.85316,0.85337
2026-07-23 21:30:00,0.85331,0.85333,0.85287,0.85328
2026-07-23 21:45:00,0.85325,0.8534,0.85306,0.85317
2026-07-23 22:00:00,0.85316,0.85335,0.853,0.85332
2026-07-23 22:15:00,0.85331,0.85337,0.85284,0.8531
2026-07-23 22:30:00,0.85314,0.85323,0.85286,0.85306
2026-07-23 22:45:00,0.85308,0.85335,0.85281,0.8533
2026-07-23 23:00:00,0.85326,0.85345,0.85285,0.85289
2026-07-23 23:15:00,0.85296,0.85347,0.8529,0.85326
2026-07-23 23:30:00,0.85326,0.85342,0.85292,0.8532
2026-07-23 23:45:00,0.85327,0.85335,0.85293,0.85329
2026-07-24 00:00:00,0.85323,0.85352,0.85301,0.8533
2026-07-24 00:15:00,0.85329,0.85335,0.85281,0.85324
2026-07-24 00:30:00,0.85322,0.8535,0.8531,0.85332
2026-07-24 00:45:00,0.85338,0.8539,0.85335,0.85386
2026-07-24 01:00:00,0.85378,0.85403,0.8536,0.85401
2026-07-24 01:15:00,0.85394,0.85452,0.8539,0.85451
2026-07-24 01:30:00,0.8545,0.85478,0.85435,0.85456
2026-07-24 01:45:00,0.85454,0.85465,0.85429,0.85436
2026-07-24 02:00:00,0.85439,0.85451,0.85415,0.85417
2026-07-24 02:15:00,0.85421,0.85439,0.85404,0.85422
2026-07-24 02:30:00,0.85419,0.85436,0.85401,0.85404
2026-07-24 02:45:00,0.85408,0.85409,0.85385,0.85409
2026-07-24 03:00:00,0.85407,0.85422,0.854,0.85412
2026-07-24 03:15:00,0.85409,0.85415,0.85397,0.85401
2026-07-24 03:30:00,0.85403,0.85416,0.85398,0.85406
2026-07-24 03:45:00,0.8541,0.85418,0.854,0.85415
2026-07-24 04:00:00,0.85413,0.85421,0.85396,0.85412
2026-07-24 04:15:00,0.8541,0.8543,0.85406,0.85419
2026-07-24 04:30:00,0.85416,0.85433,0.8541,0.85425
2026-07-24 04:45:00,0.85426,0.85437,0.8542,0.85435
2026-07-24 05:00:00,0.85432,0.85443,0.85414,0.85442
2026-07-24 05:15:00,0.8544,0.8545,0.85431,0.85438
2026-07-24 05:30:00,0.85437,0.85447,0.85423,0.8544
2026-07-24 05:45:00,0.85436,0.85445,0.85427,0.8543
2026-07-24 06:00:00,0.85435,0.85442,0.85422,0.85441
2026-07-24 06:15:00,0.85439,0.85452,0.85436,0.85451
2026-07-24 06:30:00,0.85448,0.85458,0.85436,0.85442
2026-07-24 06:45:00,0.85445,0.85453,0.85435,0.85452
2026-07-24 07:00:00,0.85451,0.8547,0.85412,0.85457
2026-07-24 07:15:00,0.85443,0.85476,0.85427,0.85437
2026-07-24 07:30:00,0.85435,0.8546,0.85404,0.8544
2026-07-24 07:45:00,0.85447,0.85478,0.85422,0.85429
2026-07-24 08:00:00,0.85441,0.85464,0.8543,0.85459
2026-07-24 08:15:00,0.85456,0.85464,0.85449,0.85454
2026-07-24 08:30:00,0.85458,0.85467,0.85451,0.85462
2026-07-24 08:45:00,0.85459,0.85468,0.85457,0.85457
2026-07-24 09:00:00,0.85459,0.85471,0.85448,0.85467
2026-07-24 09:15:00,0.85464,0.85468,0.85454,0.8546
2026-07-24 09:30:00,0.85458,0.85465,0.85442,0.85455
2026-07-24 09:45:00,0.85457,0.85465,0.85448,0.85454
2026-07-24 10:00:00,0.85457,0.85466,0.85441,0.85456
2026-07-24 10:15:00,0.85455,0.8546,0.85445,0.85452
2026-07-24 10:30:00,0.8545,0.85458,0.85444,0.85445
2026-07-24 10:45:00,0.85448,0.85462,0.85442,0.85445
2026-07-24 11:00:00,0.8545,0.85458,0.85429,0.85444
2026-07-24 11:15:00,0.85442,0.85458,0.85437,0.85449
2026-07-24 11:30:00,0.85447,0.85459,0.85441,0.85447
2026-07-24 11:45:00,0.85447,0.85465,0.85439,0.85459
2026-07-24 12:00:00,0.8546,0.85474,0.85459,0.85465
2026-07-24 12:15:00,0.85467,0.85482,0.85464,0.85477
2026-07-24 12:30:00,0.85474,0.8549,0.85468,0.85481
2026-07-24 12:45:00,0.85479,0.85488,0.85474,0.85481
2026-07-24 13:00:00,0.85482,0.85487,0.85466,0.85475
2026-07-24 13:15:00,0.85475,0.85483,0.85469,0.85481
2026-07-24 13:30:00,0.85479,0.85493,0.85477,0.8549
2026-07-24 13:45:00,0.85488,0.85494,0.85478,0.85486
2026-07-24 14:00:00,0.85487,0.85501,0.85486,0.85499
2026-07-24 14:15:00,0.85496,0.85502,0.85483,0.85493
2026-07-24 14:30:00,0.85492,0.85498,0.85482,0.85494
2026-07-24 14:45:00,0.85493,0.85501,0.85488,0.85496
2026-07-24 15:00:00,0.85492,0.85499,0.85483,0.85484
2026-07-24 15:15:00,0.85487,0.85499,0.85481,0.85487
2026-07-24 15:30:00,0.85486,0.85488,0.85472,0.85479
2026-07-24 15:45:00,0.85476,0.85487,0.85465,0.85485
2026-07-24 16:00:00,0.85482,0.85497,0.85469,0.85486
2026-07-24 16:15:00,0.85487,0.85492,0.85458,0.85476
2026-07-24 16:30:00,0.85473,0.85477,0.85443,0.8546
2026-07-24 16:45:00,0.85458,0.8547,0.8544,0.85455
2026-07-24 17:00:00,0.85457,0.85467,0.85426,0.8543
2026-07-24 17:15:00,0.85436,0.85451,0.85418,0.85442
2026-07-24 17:30:00,0.8544,0.85452,0.85405,0.85448
2026-07-24 17:45:00,0.85437,0.85457,0.85406,0.85409
2026-07-24 18:00:00,0.85414,0.85417,0.85392,0.85393
2026-07-24 18:15:00,0.85396,0.85423,0.85387,0.85414
2026-07-24 18:30:00,0.85409,0.85437,0.85403,0.85435
2026-07-24 18:45:00,0.85434,0.85458,0.85416,0.85455
2026-07-24 19:00:00,0.85447,0.85499,0.85447,0.85494
2026-07-24 19:15:00,0.85488,0.85516,0.85486,0.85505
2026-07-24 19:30:00,0.85505,0.85506,0.8547,0.85486
2026-07-24 19:45:00,0.85481,0.85528,0.8548,0.85507
2026-07-24 20:00:00,0.85504,0.85542,0.855,0.85525
2026-07-24 20:15:00,0.85524,0.85524,0.8547,0.85473
2026-07-24 20:30:00,0.85478,0.85483,0.85457,0.85467
2026-07-24 20:45:00,0.85466,0.85466,0.85414,0.85418
2026-07-24 21:00:00,0.85421,0.85457,0.85421,0.85435
2026-07-24 21:15:00,0.85435,0.8545,0.85424,0.85434
2026-07-24 21:30:00,0.85432,0.85434,0.85407,0.85418
2026-07-24 21:45:00,0.85416,0.85435,0.85376,0.85381
2026-07-24 22:00:00,0.85389,0.85398,0.85356,0.85383
2026-07-24 22:15:00,0.85383,0.85423,0.85382,0.8542
2026-07-24 22:30:00,0.85416,0.85438,0.85405,0.85428
2026-07-24 22:45:00,0.85425,0.85441,0.85404,0.85423
2026-07-24 23:00:00,0.85415,0.8544,0.854,0.85427
2026-07-24 23:15:00,0.85418,0.85429,0.85385,0.85388
2026-07-24 23:30:00,0.85391,0.85396,0.85359,0.85387
2026-07-24 23:45:00,0.85385,0.85385,0.8535,0.85373
2026-07-25 00:00:00,0.8537,0.85386,0.85337,0.85354
2026-07-25 00:15:00,0.85347,0.85368,0.85336,0.85359
2026-07-25 00:30:00,0.85355,0.85389,0.8535,0.85369
2026-07-25 00:45:00,0.85373,0.85388,0.85347,0.85383
2026-07-25 01:00:00,0.85376,0.85387,0.85325,0.85352
2026-07-25 01:15:00,0.85348,0.8536,0.8532,0.85337
2026-07-25 01:30:00,0.85341,0.85356,0.85321,0.85338
2026-07-25 01:45:00,0.85348,0.85349,0.85318,0.8533
2026-07-25 02:00:00,0.85327,0.85332,0.8531,0.85328
2026-07-25 02:15:00,0.85326,0.85329,0.85311,0.85328
2026-07-25 02:30:00,0.85325,0.85342,0.8532,0.85335
2026-07-25 02:45:00,0.85334,0.85357,0.85331,0.85336
2026-07-25 03:00:00,0.85338,0.85354,0.85312,0.85347
2026-07-25 03:15:00,0.85344,0.85344,0.85328,0.85334
2026-07-25 03:30:00,0.85334,0.85343,0.85323,0.85341
2026-07-25 03:45:00,0.85339,0.85339,0.85318,0.85327
2026-07-25 04:00:00,0.85324,0.85328,0.85307,0.85308
2026-07-25 04:15:00,0.8531,0.85319,0.85301,0.8531
2026-07-25 04:30:00,0.8531,0.85323,0.85307,0.85321
2026-07-25 04:45:00,0.85318,0.85325,0.85309,0.85317
2026-07-25 05:00:00,0.8532,0.85331,0.85311,0.8533
2026-07-25 05:15:00,0.85328,0.85337,0.8532,0.85331
2026-07-25 05:30:00,0.85331,0.85351,0.85319,0.8535
2026-07-25 05:45:00,0.85347,0.85356,0.8534,0.85346
2026-07-25 06:00:00,0.85347,0.85358,0.85341,0.85357
2026-07-25 06:15:00,0.85355,0.85359,0.85343,0.85352
2026-07-25 06:30:00,0.8535,0.8537,0.85347,0.85369
2026-07-25 06:45:00,0.85367,0.8537,0.85344,0.85349
2026-07-25 07:00:00,0.85356,0.85424,0.85329,0.854
2026-07-25 07:15:00,0.85398,0.85423,0.85375,0.85417
2026-07-25 07:30:00,0.85405,0.85426,0.85382,0.85396
2026-07-25 07:45:00,0.85397,0.85422,0.85389,0.85418
2026-07-25 08:00:00,0.85411,0.85415,0.85378,0.85402
2026-07-25 08:15:00,0.85395,0.85409,0.85395,0.85403
2026-07-25 08:30:00,0.85396,0.85409,0.85391,0.854
2026-07-25 08:45:00,0.854,0.8541,0.85393,0.85404
2026-07-25 09:00:00,0.85405,0.85412,0.85378,0.85407
2026-07-25 09:15:00,0.85405,0.8541,0.85403,0.85408
2026-07-25 09:30:00,0.85405,0.8541,0.85404,0.85405
2026-07-25 09:45:00,0.85405,0.8541,0.85404,0.85404
2026-07-25 10:00:00,0.85405,0.85413,0.85387,0.85388
2026-07-25 10:15:00,0.85388,0.85388,0.85381,0.85386
2026-07-25 10:30:00,0.85384,0.85387,0.85381,0.85382
2026-07-25 10:45:00,0.85382,0.85387,0.85381,0.85382
2026-07-25 11:00:00,0.85383,0.85387,0.85382,0.85383
2026-07-25 11:15:00,0.85383,0.85387,0.85382,0.85385
2026-07-25 11:30:00,0.85383,0.85398,0.85372,0.85392
2026-07-25 11:45:00,0.85391,0.85392,0.85381,0.85381
2026-07-25 12:00:00,0.85382,0.85386,0.85379,0.85383
2026-07-25 12:15:00,0.85383,0.85386,0.8538,0.85384
2026-07-25 12:30:00,0.85382,0.85387,0.85365,0.85369
2026-07-25 12:45:00,0.85367,0.85393,0.85365,0.85371
2026-07-25 13:00:00,0.85371,0.85374,0.85369,0.8537
2026-07-25 13:15:00,0.8537,0.85401,0.85339,0.85381
2026-07-25 13:30:00,0.85379,0.85381,0.85373,0.85376
2026-07-25 13:45:00,0.85375,0.85391,0.85373,0.85375
2026-07-25 14:00:00,0.85375,0.85389,0.85375,0.85378
2026-07-25 14:15:00,0.85379,0.85382,0.85376,0.85379
2026-07-25 14:30:00,0.85378,0.8539,0.85376,0.85381
2026-07-25 14:45:00,0.8538,0.85383,0.85378,0.8538
2026-07-25 15:00:00,0.8538,0.85396,0.8537,0.85385
2026-07-25 15:15:00,0.85386,0.8539,0.85384,0.85387
2026-07-25 15:30:00,0.85386,0.854,0.85365,0.85369
2026-07-25 15:45:00,0.85368,0.85392,0.85363,0.85372
2026-07-25 16:00:00,0.85371,0.85376,0.8537,0.8537
2026-07-25 16:15:00,0.85371,0.85391,0.85357,0.85361
2026-07-25 16:30:00,0.8536,0.85398,0.85359,0.85382
2026-07-25 16:45:00,0.8538,0.85382,0.85376,0.85377
2026-07-25 17:00:00,0.85377,0.85389,0.85374,0.85378
2026-07-25 17:15:00,0.85379,0.85383,0.85377,0.85378
2026-07-25 17:30:00,0.85378,0.85387,0.85377,0.85382
2026-07-25 17:45:00,0.8538,0.85389,0.85378,0.85382
2026-07-25 18:00:00,0.85381,0.85386,0.8538,0.8538
2026-07-25 18:15:00,0.85381,0.85398,0.85378,0.85385
2026-07-25 18:30:00,0.85385,0.85388,0.85383,0.85386
2026-07-25 18:45:00,0.85384,0.8539,0.85383,0.85386
2026-07-25 19:00:00,0.85385,0.85393,0.85365,0.85371
2026-07-25 19:15:00,0.85372,0.85375,0.85369,0.8537
2026-07-25 19:30:00,0.8537,0.85391,0.85369,0.85375
2026-07-25 19:45:00,0.85373,0.85377,0.85372,0.85375
2026-07-25 20:00:00,0.85373,0.85395,0.85373,0.85388
2026-07-25 20:15:00,0.85388,0.854,0.85383,0.85388
2026-07-25 20:30:00,0.85388,0.85392,0.8536,0.85365
2026-07-25 20:45:00,0.85364,0.85396,0.85362,0.85365
2026-07-25 21:00:00,0.85364,0.8537,0.85362,0.85363
2026-07-25 21:15:00,0.85363,0.85374,0.85358,0.85362
2026-07-25 21:30:00,0.85363,0.85401,0.85362,0.85392
2026-07-25 21:45:00,0.85386,0.8539,0.85385,0.85388
2026-07-25 22:00:00,0.85386,0.85397,0.85385,0.85387
2026-07-25 22:15:00,0.85387,0.85391,0.85386,0.85386
2026-07-25 22:30:00,0.85387,0.85396,0.85386,0.85388
2026-07-25 22:45:00,0.85388,0.85395,0.85386,0.8539
2026-07-25 23:00:00,0.85388,0.85392,0.85387,0.85389
2026-07-25 23:15:00,0.85388,0.85403,0.85387,0.85398
2026-07-25 23:30:00,0.85399,0.85405,0.85363,0.85379
2026-07-25 23:45:00,0.85377,0.85398,0.85377,0.85383
2026-07-26 00:00:00,0.85382,0.85398,0.85351,0.85366
2026-07-26 00:15:00,0.85364,0.85366,0.85357,0.85357
2026-07-26 00:30:00,0.85358,0.85404,0.85357,0.85369
2026-07-26 00:45:00,0.85369,0.85374,0.85361,0.85366
2026-07-26 01:00:00,0.85364,0.854,0.8536,0.8538
2026-07-26 01:15:00,0.85379,0.85401,0.85363,0.85392
2026-07-26 01:30:00,0.85375,0.85379,0.85374,0.85375
2026-07-26 01:45:00,0.85375,0.85401,0.85372,0.85379
2026-07-26 02:00:00,0.85378,0.85381,0.85359,0.85364
2026-07-26 02:15:00,0.85363,0.85393,0.85362,0.85368
2026-07-26 02:30:00,0.85368,0.85396,0.85354,0.8536
2026-07-26 02:45:00,0.85375,0.85396,0.85375,0.8539
2026-07-26 03:00:00,0.85389,0.85391,0.85378,0.85386
2026-07-26 03:15:00,0.85384,0.85388,0.85383,0.85384
2026-07-26 03:30:00,0.85384,0.85397,0.85383,0.85385
2026-07-26 03:45:00,0.85385,0.85408,0.85364,0.85396
2026-07-26 04:00:00,0.85374,0.85381,0.85366,0.85371
2026-07-26 04:15:00,0.8537,0.854,0.85355,0.8539
2026-07-26 04:30:00,0.8539,0.85393,0.85388,0.85389
2026-07-26 04:45:00,0.8539,0.85397,0.85388,0.8539
2026-07-26 05:00:00,0.8539,0.85391,0.85379,0.85388
2026-07-26 05:15:00,0.85382,0.85388,0.85372,0.85374
2026-07-26 05:30:00,0.85376,0.85394,0.85364,0.85366
2026-07-26 05:45:00,0.85367,0.85369,0.85355,0.85356
2026-07-26 06:00:00,0.85356,0.85395,0.85337,0.85366
2026-07-26 06:15:00,0.85364,0.85394,0.85363,0.85384
2026-07-26 06:30:00,0.85364,0.85374,0.85364,0.8537
2026-07-26 06:45:00,0.85371,0.85398,0.85362,0.8537
2026-07-26 07:00:00,0.8537,0.85372,0.85359,0.85362
2026-07-26 07:15:00,0.85361,0.8539,0.85355,0.8537
2026-07-26 07:30:00,0.85368,0.85371,0.85355,0.8536
2026-07-26 07:45:00,0.8536,0.85384,0.85356,0.85362
2026-07-26 08:00:00,0.85362,0.85393,0.8535,0.85361
2026-07-26 08:15:00,0.85359,0.85363,0.85357,0.8536
2026-07-26 08:30:00,0.85358,0.85396,0.85355,0.85365
2026-07-26 08:45:00,0.85365,0.85396,0.85364,0.85364
2026-07-26 09:00:00,0.85365,0.85395,0.85362,0.85366
2026-07-26 09:15:00,0.85365,0.85396,0.85361,0.85389
2026-07-26 09:30:00,0.85387,0.85391,0.85386,0.85388
2026-07-26 09:45:00,0.85387,0.85393,0.85386,0.85387
2026-07-26 10:00:00,0.85388,0.85408,0.85361,0.8537
2026-07-26 10:15:00,0.85368,0.85392,0.85368,0.85375
2026-07-26 10:30:00,0.85373,0.85392,0.85371,0.85377
2026-07-26 10:45:00,0.85376,0.85384,0.85375,0.8538
2026-07-26 11:00:00,0.85381,0.85401,0.85378,0.85397
2026-07-26 11:15:00,0.85395,0.85399,0.85394,0.85397
2026-07-26 11:30:00,0.85395,0.85398,0.85393,0.85395
2026-07-26 11:45:00,0.85394,0.85398,0.85393,0.85393
2026-07-26 12:00:00,0.85393,0.85397,0.85392,0.85396
2026-07-26 12:15:00,0.85393,0.85397,0.85392,0.85395
2026-07-26 12:30:00,0.85393,0.85402,0.85358,0.85362
2026-07-26 12:45:00,0.8536,0.85395,0.85347,0.85355
2026-07-26 13:00:00,0.85355,0.85395,0.85354,0.85359
2026-07-26 13:15:00,0.8536,0.85361,0.85356,0.85358
2026-07-26 13:30:00,0.85356,0.85397,0.85355,0.85357
2026-07-26 13:45:00,0.85356,0.8536,0.85355,0.85358
2026-07-26 14:00:00,0.85357,0.85396,0.85351,0.8536
2026-07-26 14:15:00,0.8536,0.85402,0.85357,0.85387
2026-07-26 14:30:00,0.85386,0.85395,0.85369,0.85377
2026-07-26 14:45:00,0.85375,0.85396,0.85374,0.85378
2026-07-26 15:00:00,0.85378,0.85382,0.85363,0.85369
2026-07-26 15:15:00,0.8537,0.85404,0.85366,0.85375
2026-07-26 15:30:00,0.85374,0.85401,0.85372,0.85379
2026-07-26 15:45:00,0.85377,0.85381,0.85376,0.85378
2026-07-26 16:00:00,0.85377,0.85402,0.85363,0.85388
2026-07-26 16:15:00,0.85388,0.85392,0.85363,0.85389
2026-07-26 16:30:00,0.85388,0.85397,0.85372,0.85382
2026-07-26 16:45:00,0.8538,0.85395,0.85377,0.85383
2026-07-26 17:00:00,0.85382,0.85386,0.85381,0.85381
2026-07-26 17:15:00,0.85382,0.85394,0.85381,0.85384
2026-07-26 17:30:00,0.85384,0.85389,0.85382,0.85388
2026-07-26 17:45:00,0.85386,0.85403,0.85384,0.85401
2026-07-26 18:00:00,0.85399,0.85403,0.85396,0.85397
2026-07-26 18:15:00,0.85398,0.85401,0.85396,0.85398
2026-07-26 18:30:00,0.85398,0.85401,0.85377,0.85385
2026-07-26 18:45:00,0.85383,0.85387,0.85382,0.85385
2026-07-26 19:00:00,0.85383,0.85403,0.85383,0.85384
2026-07-26 19:15:00,0.85385,0.85403,0.85374,0.85397
2026-07-26 19:30:00,0.85397,0.85399,0.85376,0.85383
2026-07-26 19:45:00,0.85382,0.85397,0.85381,0.85389
2026-07-26 20:00:00,0.85387,0.85391,0.85386,0.85387
2026-07-26 20:15:00,0.85387,0.85389,0.85371,0.85375
2026-07-26 20:30:00,0.85375,0.85379,0.85374,0.85377
2026-07-26 20:45:00,0.85375,0.85379,0.85374,0.85377
2026-07-26 21:00:00,0.85375,0.85379,0.85374,0.85377
2026-07-26 21:15:00,0.85375,0.85379,0.85374,0.85375
2026-07-26 21:30:00,0.85375,0.85389,0.85353,0.85363
2026-07-26 21:45:00,0.85362,0.85366,0.85361,0.85364
2026-07-26 22:00:00,0.85362,0.85366,0.85361,0.85362
2026-07-26 22:15:00,0.85362,0.85366,0.85361,0.85361
2026-07-26 22:30:00,0.85362,0.85366,0.85361,0.85362
2026-07-26 22:45:00,0.85362,0.85366,0.85361,0.85364
2026-07-26 23:00:00,0.85362,0.85366,0.85361,0.85363
2026-07-26 23:15:00,0.85362,0.85383,0.85337,0.8535
2026-07-26 23:30:00,0.85351,0.85378,0.85348,0.85357
2026-07-26 23:45:00,0.85357,0.85361,0.85356,0.85359
2026-07-27 00:00:00,0.85357,0.85369,0.85344,0.85363
2026-07-27 00:15:00,0.85362,0.85366,0.85361,0.85361
2026-07-27 00:30:00,0.85362,0.85366,0.8536,0.85362
2026-07-27 00:45:00,0.85362,0.85383,0.85347,0.85378
2026-07-27 01:00:00,0.85377,0.85377,0.85338,0.85344
2026-07-27 01:15:00,0.85342,0.85346,0.85341,0.85342
2026-07-27 01:30:00,0.85342,0.85398,0.85337,0.85359
2026-07-27 01:45:00,0.85356,0.8536,0.85355,0.85358
2026-07-27 02:00:00,0.85356,0.8538,0.85331,0.85348
2026-07-27 02:15:00,0.85346,0.8535,0.85345,0.85346
2026-07-27 02:30:00,0.85346,0.8535,0.85333,0.85338
2026-07-27 02:45:00,0.85338,0.85342,0.8533,0.85332
2026-07-27 03:00:00,0.85331,0.85388,0.85324,0.85353
2026-07-27 03:15:00,0.85351,0.85361,0.85351,0.85358
2026-07-27 03:30:00,0.85357,0.85362,0.85356,0.85357
2026-07-27 03:45:00,0.85358,0.85362,0.85356,0.85359
2026-07-27 04:00:00,0.85357,0.85363,0.85357,0.85362
2026-07-27 04:15:00,0.85359,0.85369,0.85341,0.8535
2026-07-27 04:30:00,0.85354,0.8536,0.85341,0.85347
2026-07-27 04:45:00,0.85356,0.85363,0.85342,0.85359
2026-07-27 05:00:00,0.85359,0.85508,0.8524,0.85325
2026-07-27 05:15:00,0.85397,0.8549,0.85281,0.85377
2026-07-27 05:30:00,0.85386,0.85529,0.85253,0.85331
2026-07-27 05:45:00,0.85378,0.85555,0.8526,0.85356
2026-07-27 06:00:00,0.85427,0.85464,0.85252,0.85426
2026-07-27 06:15:00,0.85416,0.85547,0.8525,0.85524
2026-07-27 06:30:00,0.85488,0.85488,0.85216,0.85441
2026-07-27 06:45:00,0.85432,0.85478,0.85198,0.85435
2026-07-27 07:00:00,0.85419,0.85483,0.85257,0.85425
2026-07-27 07:15:00,0.8544,0.85488,0.85421,0.85447
2026-07-27 07:30:00,0.85444,0.85472,0.85424,0.85458
2026-07-27 07:45:00,0.85457,0.85501,0.85393,0.85418
2026-07-27 08:00:00,0.85413,0.85442,0.85335,0.85365
2026-07-27 08:15:00,0.85361,0.85375,0.85348,0.85361
2026-07-27 08:30:00,0.8536,0.85367,0.85346,0.85366
2026-07-27 08:45:00,0.85364,0.85368,0.85349,0.85359
2026-07-27 09:00:00,0.85359,0.85365,0.85348,0.85349
2026-07-27 09:15:00,0.8535,0.85359,0.85344,0.85352
2026-07-27 09:30:00,0.8535,0.85356,0.85345,0.85353
2026-07-27 09:45:00,0.8535,0.85358,0.85338,0.85343
2026-07-27 10:00:00,0.85347,0.85386,0.85341,0.85364
2026-07-27 10:15:00,0.85367,0.85407,0.85351,0.85406
2026-07-27 10:30:00,0.85403,0.85415,0.85374,0.85386
2026-07-27 10:45:00,0.85384,0.85403,0.85375,0.85394
2026-07-27 11:00:00,0.85398,0.85412,0.85391,0.85406
2026-07-27 11:15:00,0.85405,0.85416,0.85397,0.8541
2026-07-27 11:30:00,0.85408,0.85418,0.85387,0.85409
2026-07-27 11:45:00,0.85408,0.85425,0.85403,0.85407
2026-07-27 12:00:00,0.85412,0.85422,0.85398,0.8541
2026-07-27 12:15:00,0.85409,0.85415,0.85402,0.85411
2026-07-27 12:30:00,0.85409,0.85418,0.85396,0.85412
2026-07-27 12:45:00,0.85411,0.85418,0.85401,0.85403
2026-07-27 13:00:00,0.85404,0.85412,0.8539,0.85392
2026-07-27 13:15:00,0.85395,0.85405,0.85393,0.85403
2026-07-27 13:30:00,0.85401,0.85414,0.85394,0.85412
2026-07-27 13:45:00,0.85411,0.85417,0.85404,0.85411
2026-07-27 14:00:00,0.8541,0.85413,0.85395,0.85402
2026-07-27 14:15:00,0.85403,0.85412,0.85396,0.85412
2026-07-27 14:30:00,0.85411,0.85415,0.85396,0.85406
2026-07-27 14:45:00,0.85404,0.85413,0.85399,0.85406
2026-07-27 15:00:00,0.85406,0.85422,0.85401,0.85405
2026-07-27 15:15:00,0.85407,0.8542,0.85404,0.85415
2026-07-27 15:30:00,0.85415,0.85417,0.85397,0.85414
2026-07-27 15:45:00,0.85412,0.85419,0.85401,0.85418
2026-07-27 16:00:00,0.85416,0.85448,0.85415,0.85432
2026-07-27 16:15:00,0.85442,0.85456,0.85431,0.85441
2026-07-27 16:30:00,0.85439,0.85467,0.85422,0.85452
2026-07-27 16:45:00,0.85458,0.85466,0.85431,0.85464
2026-07-27 17:00:00,0.8546,0.85503,0.85429,0.85498
2026-07-27 17:15:00,0.85488,0.85499,0.85455,0.85458
2026-07-27 17:30:00,0.8546,0.85476,0.85444,0.85464
2026-07-27 17:45:00,0.85456,0.85478,0.85441,0.85456
2026-07-27 18:00:00,0.85463,0.85481,0.85446,0.85462
2026-07-27 18:15:00,0.85466,0.85486,0.85462,0.85468
2026-07-27 18:30:00,0.85469,0.85479,0.85465,0.85478
2026-07-27 18:45:00,0.85475,0.85492,0.85463,0.85477
2026-07-27 19:00:00,0.85478,0.85495,0.85459,0.85491
2026-07-27 19:15:00,0.85488,0.85499,0.85476,0.85479
2026-07-27 19:30:00,0.85484,0.85495,0.85466,0.85477
2026-07-27 19:45:00,0.85476,0.85495,0.85468,0.85488
2026-07-27 20:00:00,0.85484,0.85501,0.85467,0.85497
2026-07-27 20:15:00,0.85493,0.85516,0.85478,0.85511
2026-07-27 20:30:00,0.85505,0.85526,0.85503,0.85519
2026-07-27 20:45:00,0.85515,0.85567,0.85505,0.85563
2026-07-27 21:00:00,0.8556,0.85593,0.8554,0.85592
2026-07-27 21:15:00,0.8559,0.8559,0.8554,0.85556
2026-07-27 21:30:00,0.85558,0.85586,0.85537,0.8555
2026-07-27 21:45:00,0.85558,0.85558,0.85521,0.85525
2026-07-27 22:00:00,0.85523,0.8554,0.85513,0.85536
2026-07-27 22:15:00,0.85532,0.85551,0.85499,0.85501
2026-07-27 22:30:00,0.85505,0.85525,0.85501,0.85518
2026-07-27 22:45:00,0.8551,0.85526,0.85482,0.8549
2026-07-27 23:00:00,0.85494,0.85533,0.85485,0.85497
2026-07-27 23:15:00,0.85504,0.85504,0.85464,0.85466
2026-07-27 23:30:00,0.8547,0.85489,0.85438,0.85465
2026-07-27 23:45:00,0.85461,0.85472,0.85437,0.85448
2026-07-28 00:00:00,0.85452,0.8546,0.85424,0.85426
2026-07-28 00:15:00,0.85427,0.85454,0.85413,0.85449
2026-07-28 00:30:00,0.85447,0.85466,0.85429,0.85445
2026-07-28 00:45:00,0.85452,0.85494,0.85452,0.85493
2026-07-28 01:00:00,0.8549,0.85497,0.85466,0.85487
2026-07-28 01:15:00,0.85481,0.85505,0.85472,0.85504
2026-07-28 01:30:00,0.85502,0.85511,0.85488,0.85494
2026-07-28 01:45:00,0.85495,0.85518,0.85495,0.85514
2026-07-28 02:00:00,0.8551,0.85532,0.85498,0.8553
2026-07-28 02:15:00,0.85528,0.85546,0.85496,0.85517
2026-07-28 02:30:00,0.85515,0.85544,0.85507,0.85542
2026-07-28 02:45:00,0.85539,0.8555,0.8553,0.85532
2026-07-28 03:00:00,0.85534,0.856,0.8552,0.85574
2026-07-28 03:15:00,0.85572,0.85589,0.85562,0.85579
2026-07-28 03:30:00,0.85579,0.85592,0.85568,0.85574
2026-07-28 03:45:00,0.85576,0.85579,0.85563,0.8557
2026-07-28 04:00:00,0.85568,0.85571,0.8555,0.85569
2026-07-28 04:15:00,0.85567,0.85572,0.85551,0.85556
2026-07-28 04:30:00,0.85555,0.85567,0.85536,0.85553
2026-07-28 04:45:00,0.8555,0.85556,0.85538,0.85555
2026-07-28 05:00:00,0.85552,0.85557,0.85532,0.85542
2026-07-28 05:15:00,0.85541,0.85545,0.85532,0.85539
2026-07-28 05:30:00,0.85537,0.85546,0.85524,0.85537
2026-07-28 05:45:00,0.85535,0.85547,0.85532,0.85546
2026-07-28 06:00:00,0.85545,0.85564,0.8553,0.85557
2026-07-28 06:15:00,0.8556,0.85562,0.85549,0.85558
2026-07-28 06:30:00,0.85557,0.85566,0.85542,0.85549
2026-07-28 06:45:00,0.85552,0.85562,0.85545,0.85546
2026-07-28 07:00:00,0.85548,0.85556,0.85469,0.85536
2026-07-28 07:15:00,0.85522,0.85552,0.85474,0.85502
2026-07-28 07:30:00,0.85529,0.85557,0.85481,0.8552
2026-07-28 07:45:00,0.85536,0.85553,0.85507,0.85543
2026-07-28 08:00:00,0.85544,0.85564,0.85527,0.85556
2026-07-28 08:15:00,0.85557,0.85565,0.85547,0.85552
2026-07-28 08:30:00,0.8555,0.8556,0.85547,0.85559
2026-07-28 08:45:00,0.85558,0.85561,0.85551,0.85553
2026-07-28 09:00:00,0.85555,0.85567,0.85544,0.8556
2026-07-28 09:15:00,0.8556,0.85565,0.85555,0.85563
2026-07-28 09:30:00,0.85562,0.85562,0.85544,0.85552
2026-07-28 09:45:00,0.8555,0.8556,0.85541,0.85553
2026-07-28 10:00:00,0.85551,0.85561,0.85539,0.85557
2026-07-28 10:15:00,0.85556,0.85562,0.85549,0.85557
2026-07-28 10:30:00,0.85556,0.85562,0.85549,0.85561
2026-07-28 10:45:00,0.85559,0.85574,0.85554,0.85557
2026-07-28 11:00:00,0.85561,0.85579,0.85546,0.85564
2026-07-28 11:15:00,0.85569,0.85577,0.85557,0.85563
2026-07-28 11:30:00,0.85563,0.85567,0.85551,0.85564
2026-07-28 11:45:00,0.85563,0.85568,0.85544,0.85561
2026-07-28 12:00:00,0.85562,0.85567,0.85542,0.85552
2026-07-28 12:15:00,0.85549,0.85558,0.85543,0.85547
2026-07-28 12:30:00,0.8555,0.85554,0.85536,0.85552
2026-07-28 12:45:00,0.85549,0.85559,0.85543,0.85556
2026-07-28 13:00:00,0.85555,0.85561,0.85545,0.85548
2026-07-28 13:15:00,0.85551,0.85553,0.85532,0.85545
2026-07-28 13:30:00,0.85544,0.85545,0.85522,0.85532
2026-07-28 13:45:00,0.8553,0.85538,0.85524,0.85537
2026-07-28 14:00:00,0.85535,0.85542,0.85523,0.85541
2026-07-28 14:15:00,0.8554,0.85541,0.85525,0.85536
2026-07-28 14:30:00,0.85534,0.85536,0.85524,0.85532
2026-07-28 14:45:00,0.8553,0.85539,0.85514,0.85515
2026-07-28 15:00:00,0.85516,0.8552,0.85487,0.85511
2026-07-28 15:15:00,0.85507,0.85525,0.855,0.85522
2026-07-28 15:30:00,0.85516,0.85536,0.85511,0.85532
2026-07-28 15:45:00,0.85523,0.8554,0.85519,0.85539
2026-07-28 16:00:00,0.85537,0.8555,0.85525,0.85528
2026-07-28 16:15:00,0.85533,0.85543,0.85522,0.85525
2026-07-28 16:30:00,0.85531,0.85543,0.85515,0.85528
2026-07-28 16:45:00,0.85526,0.85527,0.85468,0.85472
2026-07-28 17:00:00,0.85478,0.85512,0.85474,0.85497
2026-07-28 17:15:00,0.85504,0.85509,0.85456,0.85473
2026-07-28 17:30:00,0.85472,0.85501,0.8546,0.85495
2026-07-28 17:45:00,0.85493,0.85507,0.8548,0.85498
2026-07-28 18:00:00,0.85493,0.8551,0.85456,0.85478
2026-07-28 18:15:00,0.85479,0.85493,0.85463,0.85478
2026-07-28 18:30:00,0.85482,0.85513,0.85471,0.85498
2026-07-28 18:45:00,0.85499,0.85508,0.85477,0.85494
2026-07-28 19:00:00,0.85493,0.85511,0.85479,0.85508
2026-07-28 19:15:00,0.85507,0.85515,0.85493,0.85506
2026-07-28 19:30:00,0.85509,0.85511,0.85486,0.85506
2026-07-28 19:45:00,0.85501,0.85529,0.85489,0.85512
2026-07-28 20:00:00,0.85514,0.85553,0.85506,0.85548
2026-07-28 20:15:00,0.85543,0.85553,0.85511,0.8553
2026-07-28 20:30:00,0.85534,0.85556,0.85518,0.85537
2026-07-28 20:45:00,0.85541,0.85579,0.85535,0.85545
2026-07-28 21:00:00,0.85547,0.85564,0.85531,0.85563
2026-07-28 21:15:00,0.8556,0.85581,0.85547,0.85578
2026-07-28 21:30:00,0.85575,0.85582,0.85557,0.85571
2026-07-28 21:45:00,0.8557,0.85613,0.85557,0.85601
2026-07-28 22:00:00,0.85599,0.85599,0.85539,0.85543
2026-07-28 22:15:00,0.85548,0.85548,0.85521,0.85529
2026-07-28 22:30:00,0.85532,0.85538,0.8549,0.85491
2026-07-28 22:45:00,0.85493,0.85499,0.85472,0.85477
2026-07-28 23:00:00,0.85479,0.85504,0.85453,0.85502
2026-07-28 23:15:00,0.85496,0.85511,0.85476,0.85482
2026-07-28 23:30:00,0.85487,0.85517,0.85486,0.8551
2026-07-28 23:45:00,0.85508,0.85517,0.85485,0.85498
2026-07-29 00:00:00,0.85499,0.85543,0.85489,0.85542
2026-07-29 00:15:00,0.85539,0.85584,0.85534,0.85578
2026-07-29 00:30:00,0.85577,0.85604,0.8556,0.85592
2026-07-29 00:45:00,0.85595,0.85677,0.85581,0.8567
2026-07-29 01:00:00,0.85666,0.85683,0.85632,0.85643
2026-07-29 01:15:00,0.85649,0.85675,0.85638,0.8565
2026-07-29 01:30:00,0.85655,0.85675,0.85638,0.85659
2026-07-29 01:45:00,0.85662,0.85673,0.85631,0.85664
2026-07-29 02:00:00,0.85666,0.85693,0.85652,0.85691
2026-07-29 02:15:00,0.85689,0.85709,0.85683,0.857
2026-07-29 02:30:00,0.85698,0.85712,0.85659,0.85684
2026-07-29 02:45:00,0.8568,0.85698,0.85666,0.85671
2026-07-29 03:00:00,0.85675,0.8568,0.85652,0.85673
2026-07-29 03:15:00,0.85671,0.85678,0.85646,0.85663
2026-07-29 03:30:00,0.85666,0.85685,0.85658,0.85684
2026-07-29 03:45:00,0.85682,0.85693,0.85671,0.85686
2026-07-29 04:00:00,0.85685,0.85702,0.85683,0.85697
2026-07-29 04:15:00,0.85695,0.85709,0.85692,0.85699
2026-07-29 04:30:00,0.85703,0.85705,0.85687,0.85691
2026-07-29 04:45:00,0.85692,0.85696,0.85677,0.85688
2026-07-29 05:00:00,0.85685,0.85693,0.85677,0.85685
2026-07-29 05:15:00,0.85684,0.85697,0.85671,0.85687
2026-07-29 05:30:00,0.85689,0.85698,0.85685,0.85687
2026-07-29 05:45:00,0.85691,0.85705,0.85674,0.85703
2026-07-29 06:00:00,0.85699,0.85703,0.85686,0.85693
2026-07-29 06:15:00,0.85691,0.85696,0.85681,0.85691
2026-07-29 06:30:00,0.85689,0.857,0.85682,0.85691
2026-07-29 06:45:00,0.85693,0.85705,0.8567,0.85673
2026-07-29 07:00:00,0.85678,0.85726,0.85646,0.85681
2026-07-29 07:15:00,0.85691,0.85709,0.8566,0.85708
2026-07-29 07:30:00,0.85705,0.85715,0.85676,0.85696
2026-07-29 07:45:00,0.85706,0.85724,0.85695,0.85718
2026-07-29 08:00:00,0.85714,0.85721,0.85691,0.85708
2026-07-29 08:15:00,0.85706,0.8571,0.85685,0.85704
2026-07-29 08:30:00,0.85702,0.8571,0.85697,0.85707
2026-07-29 08:45:00,0.85706,0.85709,0.85699,0.85703
2026-07-29 09:00:00,0.85702,0.85713,0.85693,0.85702
2026-07-29 09:15:00,0.85705,0.85708,0.85697,0.85703
2026-07-29 09:30:00,0.85701,0.8571,0.85697,0.85708
2026-07-29 09:45:00,0.85707,0.85708,0.85687,0.85695
2026-07-29 10:00:00,0.85699,0.85707,0.85675,0.85686
2026-07-29 10:15:00,0.85684,0.85702,0.8567,0.85689
2026-07-29 10:30:00,0.85691,0.85694,0.85677,0.85686
2026-07-29 10:45:00,0.85685,0.85694,0.85673,0.85691
2026-07-29 11:00:00,0.85688,0.8571,0.85681,0.85709
2026-07-29 11:15:00,0.85706,0.85714,0.85701,0.85714
2026-07-29 11:30:00,0.85712,0.85727,0.85681,0.85725
2026-07-29 11:45:00,0.85724,0.85736,0.85717,0.85724
2026-07-29 12:00:00,0.85725,0.85729,0.85705,0.8572
2026-07-29 12:15:00,0.85716,0.85716,0.85687,0.85703
2026-07-29 12:30:00,0.85702,0.85708,0.85693,0.85704
2026-07-29 12:45:00,0.85702,0.85716,0.85686,0.85715
2026-07-29 13:00:00,0.85713,0.85719,0.857,0.85714
2026-07-29 13:15:00,0.85711,0.85726,0.85705,0.85725
2026-07-29 13:30:00,0.85723,0.85732,0.85719,0.85729
2026-07-29 13:45:00,0.85727,0.85734,0.85715,0.85727
2026-07-29 14:00:00,0.85727,0.85727,0.85713,0.85725
2026-07-29 14:15:00,0.85722,0.85739,0.85716,0.85728
2026-07-29 14:30:00,0.85726,0.85738,0.85712,0.85736
2026-07-29 14:45:00,0.85734,0.85739,0.85717,0.85738
2026-07-29 15:00:00,0.85735,0.8574,0.85727,0.85728
2026-07-29 15:15:00,0.8573,0.85734,0.85709,0.85725
2026-07-29 15:30:00,0.85723,0.85726,0.85708,0.85718
2026-07-29 15:45:00,0.85715,0.8572,0.85696,0.85703
2026-07-29 16:00:00,0.85708,0.85714,0.8568,0.85681
2026-07-29 16:15:00,0.85685,0.85704,0.85668,0.85692
2026-07-29 16:30:00,0.85693,0.85695,0.85674,0.85681
2026-07-29 16:45:00,0.85679,0.85684,0.85655,0.85675
2026-07-29 17:00:00,0.85671,0.85697,0.85663,0.85694
2026-07-29 17:15:00,0.85688,0.85692,0.85663,0.8568
2026-07-29 17:30:00,0.85679,0.85686,0.85663,0.85671
2026-07-29 17:45:00,0.85677,0.85709,0.85665,0.85694
2026-07-29 18:00:00,0.85691,0.85697,0.85663,0.85695
2026-07-29 18:15:00,0.85693,0.85701,0.85658,0.85664
2026-07-29 18:30:00,0.85669,0.85689,0.85659,0.85661
2026-07-29 18:45:00,0.85664,0.85672,0.85635,0.85647
2026-07-29 19:00:00,0.85642,0.85671,0.85642,0.85657
2026-07-29 19:15:00,0.8566,0.8566,0.85641,0.85655
2026-07-29 19:30:00,0.85651,0.8569,0.85646,0.85686
2026-07-29 19:45:00,0.85682,0.85693,0.85655,0.85667
2026-07-29 20:00:00,0.8567,0.85706,0.85665,0.857
2026-07-29 20:15:00,0.85698,0.85708,0.85667,0.85704
2026-07-29 20:30:00,0.85699,0.85712,0.85677,0.85678
2026-07-29 20:45:00,0.85681,0.85681,0.85653,0.85666
2026-07-29 21:00:00,0.85663,0.85675,0.85652,0.85653
2026-07-29 21:15:00,0.85656,0.85668,0.85645,0.85645
2026-07-29 21:30:00,0.85646,0.85651,0.85626,0.85638
2026-07-29 21:45:00,0.85637,0.85637,0.85619,0.85634
2026-07-29 22:00:00,0.85631,0.85649,0.85617,0.85641
2026-07-29 22:15:00,0.8564,0.85666,0.85634,0.85647
2026-07-29 22:30:00,0.85648,0.85657,0.85629,0.85654
2026-07-29 22:45:00,0.85651,0.85683,0.85638,0.8567
2026-07-29 23:00:00,0.85666,0.85683,0.85637,0.85682
2026-07-29 23:15:00,0.85679,0.85701,0.85669,0.85689
2026-07-29 23:30:00,0.85687,0.85713,0.85655,0.85698
2026-07-29 23:45:00,0.85703,0.85715,0.85674,0.85679
2026-07-30 00:00:00,0.85687,0.857,0.85667,0.85683
2026-07-30 00:15:00,0.85681,0.85714,0.85669,0.85674
2026-07-30 00:30:00,0.85679,0.85693,0.8564,0.85674
2026-07-30 00:45:00,0.85664,0.85713,0.85637,0.85642
2026-07-30 01:00:00,0.8565,0.8569,0.8564,0.85666
2026-07-30 01:15:00,0.8566,0.85676,0.85644,0.85671
2026-07-30 01:30:00,0.85667,0.85667,0.85632,0.85649
2026-07-30 01:45:00,0.85651,0.85677,0.85649,0.85671
2026-07-30 02:00:00,0.8567,0.85678,0.85645,0.85676
2026-07-30 02:15:00,0.85669,0.85677,0.85658,0.85674
2026-07-30 02:30:00,0.85671,0.85696,0.85667,0.8569
2026-07-30 02:45:00,0.85691,0.85698,0.85669,0.85678
2026-07-30 03:00:00,0.85677,0.85683,0.85655,0.85671
2026-07-30 03:15:00,0.85667,0.85676,0.85648,0.85654
2026-07-30 03:30:00,0.85663,0.85668,0.8564,0.85658
2026-07-30 03:45:00,0.85656,0.85681,0.85649,0.85679
2026-07-30 04:00:00,0.85678,0.85863,0.85552,0.85704
2026-07-30 04:15:00,0.85697,0.85711,0.85659,0.85673
2026-07-30 04:30:00,0.85678,0.85707,0.85598,0.85681
2026-07-30 04:45:00,0.8567,0.8571,0.85651,0.85684
2026-07-30 05:00:00,0.85684,0.85712,0.85635,0.85648
2026-07-30 05:15:00,0.85648,0.85726,0.85609,0.85722
2026-07-30 05:30:00,0.85713,0.85779,0.85703,0.85773
2026-07-30 05:45:00,0.85766,0.85797,0.85747,0.85761
2026-07-30 06:00:00,0.85773,0.85803,0.85757,0.85785
2026-07-30 06:15:00,0.85788,0.85824,0.8578,0.85823
2026-07-30 06:30:00,0.8582,0.85858,0.85802,0.85809
2026-07-30 06:45:00,0.85809,0.85827,0.85773,0.85776
2026-07-30 07:00:00,0.85784,0.8593,0.8571,0.85765
2026-07-30 07:15:00,0.85757,0.85781,0.85732,0.85772
2026-07-30 07:30:00,0.85766,0.85804,0.85723,0.85756
2026-07-30 07:45:00,0.85778,0.85785,0.85733,0.85783
2026-07-30 08:00:00,0.8578,0.85807,0.85758,0.85785
2026-07-30 08:15:00,0.85783,0.858,0.85782,0.85793
2026-07-30 08:30:00,0.85792,0.858,0.85782,0.85796
2026-07-30 08:45:00,0.85794,0.85808,0.85794,0.85801
2026-07-30 09:00:00,0.85802,0.85819,0.85774,0.85786
2026-07-30 09:15:00,0.85792,0.85801,0.85786,0.8579
2026-07-30 09:30:00,0.85791,0.85797,0.85776,0.85779
2026-07-30 09:45:00,0.85785,0.858,0.85776,0.85785
2026-07-30 10:00:00,0.85787,0.858,0.85773,0.85786
2026-07-30 10:15:00,0.85788,0.85805,0.85772,0.85801
2026-07-30 10:30:00,0.85793,0.858,0.85782,0.85795
2026-07-30 10:45:00,0.85794,0.858,0.85784,0.85798
2026-07-30 11:00:00,0.85796,0.858,0.85778,0.8579
2026-07-30 11:15:00,0.85787,0.85793,0.85769,0.85781
2026-07-30 11:30:00,0.85775,0.85794,0.85766,0.85779
2026-07-30 11:45:00,0.85776,0.8579,0.85769,0.85777
2026-07-30 12:00:00,0.85775,0.85786,0.85762,0.85765
2026-07-30 12:15:00,0.85768,0.85795,0.85763,0.85793
2026-07-30 12:30:00,0.85792,0.85802,0.85784,0.85793
2026-07-30 12:45:00,0.85795,0.85799,0.85785,0.85796
2026-07-30 13:00:00,0.85795,0.85817,0.8579,0.85816
2026-07-30 13:15:00,0.85814,0.8582,0.85797,0.85806
2026-07-30 13:30:00,0.85803,0.85809,0.85794,0.85801
2026-07-30 13:45:00,0.85799,0.85804,0.85784,0.85795
2026-07-30 14:00:00,0.85791,0.85809,0.85789,0.85802
2026-07-30 14:15:00,0.85804,0.85808,0.85797,0.85802
2026-07-30 14:30:00,0.85801,0.85818,0.85795,0.85816
2026-07-30 14:45:00,0.85814,0.85818,0.85802,0.85811
2026-07-30 15:00:00,0.85809,0.85825,0.85808,0.85814
2026-07-30 15:15:00,0.85818,0.85824,0.85775,0.85781
2026-07-30 15:30:00,0.8578,0.85781,0.85752,0.85763
2026-07-30 15:45:00,0.85761,0.85789,0.85758,0.85778
2026-07-30 16:00:00,0.85776,0.85824,0.85752,0.8582
2026-07-30 16:15:00,0.85814,0.85824,0.85802,0.85818
2026-07-30 16:30:00,0.85813,0.8584,0.85806,0.85816
2026-07-30 16:45:00,0.85813,0.85828,0.85789,0.85791
2026-07-30 17:00:00,0.85793,0.85801,0.85734,0.85739
2026-07-30 17:15:00,0.85749,0.85759,0.85704,0.85736
2026-07-30 17:30:00,0.85732,0.85746,0.85722,0.85724
2026-07-30 17:45:00,0.85725,0.85758,0.85714,0.85755
2026-07-30 18:00:00,0.85748,0.8577,0.85727,0.85746
2026-07-30 18:15:00,0.85743,0.85767,0.85734,0.85758
2026-07-30 18:30:00,0.85754,0.85763,0.85707,0.85722
2026-07-30 18:45:00,0.8572,0.85739,0.85709,0.85714
2026-07-30 19:00:00,0.8572,0.85734,0.85696,0.85699
2026-07-30 19:15:00,0.85703,0.85719,0.8568,0.85697
2026-07-30 19:30:00,0.85701,0.85717,0.85666,0.85671
2026-07-30 19:45:00,0.85677,0.85697,0.85658,0.85687
2026-07-30 20:00:00,0.85685,0.8571,0.85665,0.85708
2026-07-30 20:15:00,0.85704,0.85751,0.85674,0.85726
2026-07-30 20:30:00,0.85731,0.85741,0.85644,0.85693
2026-07-30 20:45:00,0.85685,0.85699,0.85633,0.85683
2026-07-30 21:00:00,0.8568,0.85732,0.85639,0.85715
2026-07-30 21:15:00,0.85725,0.85751,0.85708,0.85733
2026-07-30 21:30:00,0.8573,0.85739,0.85698,0.85735
2026-07-30 21:45:00,0.85729,0.85744,0.85709,0.85719
2026-07-30 22:00:00,0.85717,0.85729,0.85695,0.85701
2026-07-30 22:15:00,0.85711,0.85748,0.8569,0.857
2026-07-30 22:30:00,0.85703,0.85819,0.85698,0.85806
2026-07-30 22:45:00,0.85781,0.85815,0.85748,0.85809
2026-07-30 23:00:00,0.85803,0.85807,0.85769,0.85792
2026-07-30 23:15:00,0.85784,0.85853,0.85782,0.85852
2026-07-30 23:30:00,0.85849,0.85878,0.85713,0.85723
2026-07-30 23:45:00,0.85742,0.85853,0.85715,0.85829
2026-07-31 00:00:00,0.85816,0.85845,0.85723,0.85751
2026-07-31 00:15:00,0.85759,0.85781,0.85712,0.85778
2026-07-31 00:30:00,0.85773,0.85793,0.85712,0.85716
2026-07-31 00:45:00,0.85721,0.85735,0.85662,0.85667
2026-07-31 01:00:00,0.85672,0.85695,0.85637,0.8567
2026-07-31 01:15:00,0.85671,0.85708,0.85645,0.85665
2026-07-31 01:30:00,0.85666,0.85697,0.8563,0.85636
2026-07-31 01:45:00,0.85637,0.85672,0.85585,0.85601
2026-07-31 02:00:00,0.85599,0.8562,0.85587,0.85592
2026-07-31 02:15:00,0.856,0.85621,0.85574,0.85619
2026-07-31 02:30:00,0.85615,0.85623,0.85586,0.85618
2026-07-31 02:45:00,0.85611,0.85633,0.85604,0.85631
2026-07-31 03:00:00,0.85626,0.85637,0.85576,0.8558
2026-07-31 03:15:00,0.85586,0.85598,0.85572,0.85596
2026-07-31 03:30:00,0.85595,0.8562,0.85552,0.85613
2026-07-31 03:45:00,0.856,0.85623,0.8556,0.8558
2026-07-31 04:00:00,0.85578,0.85625,0.85577,0.85622
2026-07-31 04:15:00,0.8562,0.85625,0.85592,0.85603
2026-07-31 04:30:00,0.85602,0.85614,0.85593,0.85609
2026-07-31 04:45:00,0.85608,0.85611,0.85588,0.85597
2026-07-31 05:00:00,0.85599,0.85623,0.85565,0.85592
2026-07-31 05:15:00,0.85589,0.85605,0.85578,0.85602
2026-07-31 05:30:00,0.85601,0.85608,0.85587,0.85588
2026-07-31 05:45:00,0.8559,0.8561,0.85584,0.85601
2026-07-31 06:00:00,0.85602,0.85624,0.8559,0.85603
2026-07-31 06:15:00,0.85602,0.85617,0.85591,0.85616
2026-07-31 06:30:00,0.85614,0.85616,0.85589,0.85594
2026-07-31 06:45:00,0.85597,0.85627,0.8559,0.85623
2026-07-31 07:00:00,0.85617,0.85673,0.85574,0.85605
2026-07-31 07:15:00,0.85603,0.85617,0.85592,0.85609
2026-07-31 07:30:00,0.85605,0.85619,0.85595,0.85604
2026-07-31 07:45:00,0.85604,0.85619,0.856,0.85604
2026-07-31 08:00:00,0.85609,0.85637,0.85584,0.85603
2026-07-31 08:15:00,0.85601,0.85606,0.85592,0.85598
2026-07-31 08:30:00,0.85596,0.85614,0.85594,0.85611
2026-07-31 08:45:00,0.85609,0.85613,0.856,0.85606
2026-07-31 09:00:00,0.8561,0.85643,0.85585,0.8561
2026-07-31 09:15:00,0.85609,0.85613,0.85594,0.85611
2026-07-31 09:30:00,0.85605,0.85617,0.85591,0.85614
2026-07-31 09:45:00,0.85613,0.85615,0.856,0.85602
2026-07-31 10:00:00,0.85606,0.85616,0.8559,0.85598
2026-07-31 10:15:00,0.85601,0.85621,0.85592,0.85607
2026-07-31 10:30:00,0.85605,0.85605,0.85582,0.85597
2026-07-31 10:45:00,0.85594,0.85611,0.85575,0.85584
2026-07-31 11:00:00,0.85581,0.85586,0.85564,0.85583
2026-07-31 11:15:00,0.85578,0.856,0.85574,0.85593
2026-07-31 11:30:00,0.85591,0.85603,0.85578,0.85599
2026-07-31 11:45:00,0.85597,0.85604,0.85571,0.85573
2026-07-31 12:00:00,0.85574,0.85586,0.85554,0.8556
2026-07-31 12:15:00,0.85563,0.85576,0.85547,0.85567
2026-07-31 12:30:00,0.8557,0.85587,0.85552,0.85576
2026-07-31 12:45:00,0.85574,0.85589,0.85573,0.85588
2026-07-31 13:00:00,0.85587,0.85609,0.85573,0.85606
2026-07-31 13:15:00,0.85602,0.85608,0.85578,0.85594
2026-07-31 13:30:00,0.85587,0.85598,0.85566,0.85582
2026-07-31 13:45:00,0.85578,0.85598,0.85567,0.85597
2026-07-31 14:00:00,0.85595,0.85604,0.85582,0.85595
2026-07-31 14:15:00,0.85599,0.85606,0.85591,0.856
2026-07-31 14:30:00,0.85599,0.85599,0.85573,0.85579
2026-07-31 14:45:00,0.85575,0.85598,0.85575,0.85593
2026-07-31 15:00:00,0.85591,0.85594,0.85561,0.85567
2026-07-31 15:15:00,0.85572,0.85586,0.85566,0.85583
2026-07-31 15:30:00,0.85582,0.8561,0.85579,0.85602
2026-07-31 15:45:00,0.856,0.85609,0.85589,0.8559
2026-07-31 16:00:00,0.85592,0.85605,0.85575,0.856
2026-07-31 16:15:00,0.85596,0.85615,0.85581,0.85597
2026-07-31 16:30:00,0.85593,0.85625,0.85574,0.85611
2026-07-31 16:45:00,0.85608,0.85628,0.8557,0.85626
2026-07-31 17:00:00,0.85622,0.85626,0.85581,0.85596
2026-07-31 17:15:00,0.85598,0.85633,0.85592,0.85608
2026-07-31 17:30:00,0.85609,0.85639,0.85594,0.85638
2026-07-31 17:45:00,0.85636,0.85654,0.85581,0.8559
2026-07-31 18:00:00,0.85588,0.85635,0.85579,0.85632
2026-07-31 18:15:00,0.85627,0.85658,0.8561,0.85636
2026-07-31 18:30:00,0.85641,0.85646,0.85597,0.85614
2026-07-31 18:45:00,0.85605,0.85634,0.85576,0.85614
2026-07-31 19:00:00,0.85606,0.85612,0.85535,0.85579
2026-07-31 19:15:00,0.85577,0.85583,0.85528,0.85532
2026-07-31 19:30:00,0.85539,0.85562,0.85528,0.85545
2026-07-31 19:45:00,0.85544,0.85579,0.85534,0.85548
2026-07-31 20:00:00,0.85546,0.85587,0.85538,0.8557
2026-07-31 20:15:00,0.85569,0.85572,0.85524,0.85525
2026-07-31 20:30:00,0.85529,0.85555,0.85524,0.85538
2026-07-31 20:45:00,0.85533,0.85562,0.85533,0.85551
2026-07-31 21:00:00,0.85547,0.85575,0.85541,0.85557
2026-07-31 21:15:00,0.85555,0.85564,0.85535,0.8555
2026-07-31 21:30:00,0.85555,0.85599,0.85544,0.85596
2026-07-31 21:45:00,0.85591,0.85614,0.8558,0.85592
2026-07-31 22:00:00,0.85592,0.85598,0.85562,0.85591
2026-07-31 22:15:00,0.85584,0.85606,0.85582,0.85586
2026-07-31 22:30:00,0.85593,0.85601,0.85573,0.85589
2026-07-31 22:45:00,0.85587,0.856,0.85548,0.85598
2026-07-31 23:00:00,0.8559,0.85644,0.8559,0.85632
2026-07-31 23:15:00,0.85636,0.85708,0.85623,0.85643
2026-07-31 23:30:00,0.85641,0.85652,0.85467,0.85544
2026-07-31 23:45:00,0.85531,0.85563,0.85488,0.85532
2026-08-01 00:00:00,0.85521,0.85541,0.85482,0.85533
2026-08-01 00:15:00,0.85518,0.85542,0.85502,0.85533
2026-08-01 00:30:00,0.85528,0.85534,0.85453,0.85474
2026-08-01 00:45:00,0.8547,0.8553,0.85424,0.85507
2026-08-01 01:00:00,0.85493,0.85504,0.85417,0.85462
2026-08-01 01:15:00,0.85453,0.85473,0.8543,0.85463
2026-08-01 01:30:00,0.85459,0.8548,0.8544,0.85455
2026-08-01 01:45:00,0.85463,0.85532,0.8546,0.85527
2026-08-01 02:00:00,0.85516,0.85531,0.85488,0.85511
2026-08-01 02:15:00,0.85513,0.85536,0.855,0.85522
2026-08-01 02:30:00,0.85519,0.85533,0.85513,0.8552
2026-08-01 02:45:00,0.85527,0.85536,0.85507,0.85534
2026-08-01 03:00:00,0.85531,0.85548,0.85512,0.85535
2026-08-01 03:15:00,0.85531,0.85551,0.85515,0.85534
2026-08-01 03:30:00,0.85533,0.85556,0.85528,0.85544
2026-08-01 03:45:00,0.85547,0.85572,0.85518,0.85538
2026-08-01 04:00:00,0.85538,0.85562,0.85512,0.85543
2026-08-01 04:15:00,0.85549,0.85554,0.85524,0.85541
2026-08-01 04:30:00,0.8554,0.85554,0.85524,0.85528
2026-08-01 04:45:00,0.85534,0.85537,0.8551,0.85525
2026-08-01 05:00:00,0.85523,0.85539,0.85514,0.85531
2026-08-01 05:15:00,0.85528,0.85535,0.85518,0.85519
2026-08-01 05:30:00,0.85521,0.85539,0.85506,0.85529
2026-08-01 05:45:00,0.8553,0.85567,0.85517,0.85565
2026-08-01 06:00:00,0.85561,0.85577,0.85528,0.85547
2026-08-01 06:15:00,0.85542,0.85565,0.85522,0.85557
2026-08-01 06:30:00,0.85548,0.85562,0.85514,0.85534
2026-08-01 06:45:00,0.85535,0.8558,0.85499,0.85548
2026-08-01 07:00:00,0.85538,0.85618,0.85434,0.8553
2026-08-01 07:15:00,0.85531,0.85543,0.85515,0.85535
2026-08-01 07:30:00,0.85532,0.85585,0.8552,0.85553
2026-08-01 07:45:00,0.85549,0.85585,0.85509,0.85532
2026-08-01 08:00:00,0.85543,0.85689,0.85467,0.8553
2026-08-01 08:15:00,0.85544,0.85585,0.85521,0.85554
2026-08-01 08:30:00,0.85542,0.85586,0.85516,0.85563
2026-08-01 08:45:00,0.85543,0.85577,0.85523,0.8554
2026-08-01 09:00:00,0.85542,0.85654,0.85454,0.85554
2026-08-01 09:15:00,0.85543,0.85586,0.85525,0.85543
2026-08-01 09:30:00,0.85541,0.8558,0.85523,0.85563
2026-08-01 09:45:00,0.85543,0.85577,0.85539,0.85539
2026-08-01 10:00:00,0.85541,0.8557,0.855,0.85544
2026-08-01 10:15:00,0.85541,0.85568,0.85523,0.85544
2026-08-01 10:30:00,0.85542,0.85559,0.85518,0.85544
2026-08-01 10:45:00,0.85542,0.85551,0.85523,0.85541
2026-08-01 11:00:00,0.85542,0.85547,0.85517,0.85546
2026-08-01 11:15:00,0.85543,0.85557,0.85522,0.85545
2026-08-01 11:30:00,0.85543,0.85614,0.85515,0.85546
2026-08-01 11:45:00,0.85545,0.85547,0.85521,0.85541
2026-08-01 12:00:00,0.85542,0.85563,0.85509,0.85538
2026-08-01 12:15:00,0.85535,0.85549,0.85516,0.85531
2026-08-01 12:30:00,0.85532,0.85565,0.85523,0.85547
2026-08-01 12:45:00,0.85542,0.8555,0.85529,0.85534
2026-08-01 13:00:00,0.85535,0.85545,0.85528,0.85539
2026-08-01 13:15:00,0.85536,0.85556,0.85518,0.85532
2026-08-01 13:30:00,0.85533,0.85542,0.85529,0.85539
2026-08-01 13:45:00,0.85536,0.85613,0.85527,0.8553
2026-08-01 14:00:00,0.85531,0.85571,0.85526,0.85539
2026-08-01 14:15:00,0.85537,0.85545,0.85528,0.85538
2026-08-01 14:30:00,0.85538,0.85552,0.85531,0.85544
2026-08-01 14:45:00,0.85542,0.85545,0.85531,0.85533
2026-08-01 15:00:00,0.85534,0.85575,0.85529,0.85541
2026-08-01 15:15:00,0.85537,0.85602,0.85526,0.85531
2026-08-01 15:30:00,0.85533,0.85542,0.8553,0.85539
2026-08-01 15:45:00,0.85536,0.85563,0.85526,0.85532
2026-08-01 16:00:00,0.85532,0.85546,0.85531,0.85542
2026-08-01 16:15:00,0.8554,0.85551,0.85532,0.85536
2026-08-01 16:30:00,0.85538,0.8557,0.85527,0.85546
2026-08-01 16:45:00,0.85544,0.85546,0.85531,0.85538
2026-08-01 17:00:00,0.85538,0.85621,0.8553,0.85538
2026-08-01 17:15:00,0.85535,0.85543,0.85531,0.85538
2026-08-01 17:30:00,0.85538,0.85567,0.8553,0.85539
2026-08-01 17:45:00,0.85535,0.85578,0.85529,0.85542
2026-08-01 18:00:00,0.8554,0.85546,0.85519,0.85544
2026-08-01 18:15:00,0.85542,0.85569,0.85525,0.85541
2026-08-01 18:30:00,0.85542,0.85546,0.8554,0.85545
2026-08-01 18:45:00,0.85542,0.85593,0.85534,0.85544
2026-08-01 19:00:00,0.85542,0.85608,0.85541,0.85548
2026-08-01 19:15:00,0.85548,0.85548,0.85539,0.85542
2026-08-01 19:30:00,0.85542,0.85565,0.85536,0.85546
2026-08-01 19:45:00,0.85544,0.85547,0.85541,0.85544
2026-08-01 20:00:00,0.85542,0.85555,0.85533,0.85542
2026-08-01 20:15:00,0.85541,0.85581,0.85538,0.85542
2026-08-01 20:30:00,0.85544,0.85547,0.8554,0.85546
2026-08-01 20:45:00,0.85543,0.85621,0.8554,0.85543
2026-08-01 21:00:00,0.85541,0.85546,0.85534,0.85542
2026-08-01 21:15:00,0.85542,0.85575,0.8554,0.8554
2026-08-01 21:30:00,0.85542,0.85619,0.8553,0.85546
2026-08-01 21:45:00,0.85548,0.85548,0.85526,0.85544
2026-08-01 22:00:00,0.85542,0.85625,0.8554,0.85545
2026-08-01 22:15:00,0.85544,0.85545,0.8554,0.85541
2026-08-01 22:30:00,0.85541,0.85626,0.85537,0.85544
2026-08-01 22:45:00,0.85542,0.85625,0.85539,0.85551
2026-08-01 23:00:00,0.85547,0.85548,0.85541,0.85543
2026-08-01 23:15:00,0.85541,0.85621,0.85537,0.85542
2026-08-01 23:30:00,0.85543,0.85548,0.85539,0.85541
2026-08-01 23:45:00,0.85541,0.85625,0.85541,0.85545
2026-08-02 00:00:00,0.85543,0.85626,0.85536,0.85554
2026-08-02 00:15:00,0.85549,0.85553,0.85544,0.85546
2026-08-02 00:30:00,0.85546,0.85622,0.85545,0.85551
2026-08-02 00:45:00,0.85552,0.85556,0.8555,0.85553
2026-08-02 01:00:00,0.85552,0.85611,0.85547,0.85558
2026-08-02 01:15:00,0.85556,0.85599,0.85555,0.85562
2026-08-02 01:30:00,0.8556,0.85563,0.85558,0.85559
2026-08-02 01:45:00,0.8556,0.85595,0.85517,0.85556
2026-08-02 02:00:00,0.85556,0.85592,0.85538,0.85565
2026-08-02 02:15:00,0.85563,0.8563,0.85552,0.85555
2026-08-02 02:30:00,0.85555,0.85608,0.85542,0.85586
2026-08-02 02:45:00,0.85553,0.85571,0.85536,0.85551
2026-08-02 03:00:00,0.8555,0.85629,0.85545,0.85556
2026-08-02 03:15:00,0.85554,0.85558,0.85548,0.85549
2026-08-02 03:30:00,0.85551,0.85622,0.85548,0.85555
2026-08-02 03:45:00,0.85555,0.85614,0.85553,0.85555
2026-08-02 04:00:00,0.85556,0.85598,0.85555,0.85588
2026-08-02 04:15:00,0.85586,0.85623,0.85546,0.85556
2026-08-02 04:30:00,0.85555,0.85559,0.85554,0.85555
2026-08-02 04:45:00,0.85555,0.8561,0.85547,0.8555
2026-08-02 05:00:00,0.8555,0.85627,0.85529,0.85596
2026-08-02 05:15:00,0.85537,0.85553,0.85537,0.85546
2026-08-02 05:30:00,0.85544,0.85623,0.85537,0.85547
2026-08-02 05:45:00,0.85547,0.85565,0.85541,0.85549
2026-08-02 06:00:00,0.8555,0.85641,0.85546,0.85564
2026-08-02 06:15:00,0.85562,0.85621,0.85561,0.85601
2026-08-02 06:30:00,0.85562,0.85569,0.85559,0.85565
2026-08-02 06:45:00,0.85565,0.85612,0.85563,0.85566
2026-08-02 07:00:00,0.85567,0.85605,0.85562,0.85595
2026-08-02 07:15:00,0.85594,0.85632,0.85584,0.85592
2026-08-02 07:30:00,0.8559,0.85615,0.8554,0.85599
2026-08-02 07:45:00,0.85567,0.85574,0.85545,0.85547
2026-08-02 08:00:00,0.85551,0.85626,0.85546,0.85555
2026-08-02 08:15:00,0.85555,0.85558,0.85553,0.85557
2026-08-02 08:30:00,0.85555,0.85619,0.8555,0.85552
2026-08-02 08:45:00,0.85552,0.85602,0.8555,0.85551
2026-08-02 09:00:00,0.85552,0.85599,0.85525,0.85585
2026-08-02 09:15:00,0.85585,0.85618,0.85565,0.85575
2026-08-02 09:30:00,0.85573,0.85577,0.85572,0.85574
2026-08-02 09:45:00,0.85573,0.85605,0.8557,0.85573
2026-08-02 10:00:00,0.85573,0.85609,0.85559,0.85566
2026-08-02 10:15:00,0.85566,0.85611,0.85563,0.8557
2026-08-02 10:30:00,0.85568,0.85604,0.85566,0.8557
2026-08-02 10:45:00,0.85569,0.85573,0.85568,0.85569
2026-08-02 11:00:00,0.85569,0.85596,0.85563,0.85565
2026-08-02 11:15:00,0.85565,0.85569,0.85562,0.85565
2026-08-02 11:30:00,0.85563,0.8559,0.85561,0.85567
2026-08-02 11:45:00,0.85565,0.85587,0.85564,0.85567
2026-08-02 12:00:00,0.85567,0.85571,0.85566,0.85567
2026-08-02 12:15:00,0.85567,0.85584,0.85566,0.8557
2026-08-02 12:30:00,0.85569,0.85577,0.85502,0.85545
2026-08-02 12:45:00,0.85543,0.85608,0.85533,0.85553
2026-08-02 13:00:00,0.85553,0.85598,0.85551,0.85556
2026-08-02 13:15:00,0.85557,0.85561,0.85556,0.85558
2026-08-02 13:30:00,0.85557,0.85592,0.85556,0.85562
2026-08-02 13:45:00,0.8556,0.85564,0.85559,0.85561
2026-08-02 14:00:00,0.8556,0.8559,0.8556,0.85561
2026-08-02 14:15:00,0.85561,0.85584,0.8556,0.85563
2026-08-02 14:30:00,0.85561,0.85565,0.8556,0.85563
2026-08-02 14:45:00,0.85561,0.85584,0.8556,0.85564
2026-08-02 15:00:00,0.85563,0.85567,0.85562,0.85562
2026-08-02 15:15:00,0.85563,0.85581,0.8556,0.85565
2026-08-02 15:30:00,0.85565,0.85579,0.85564,0.85568
2026-08-02 15:45:00,0.85567,0.8557,0.85565,0.85568
2026-08-02 16:00:00,0.85567,0.856,0.85499,0.85563
2026-08-02 16:15:00,0.85563,0.85565,0.85517,0.85556
2026-08-02 16:30:00,0.85556,0.85602,0.85555,0.85561
2026-08-02 16:45:00,0.8556,0.85598,0.85557,0.85564
2026-08-02 17:00:00,0.85563,0.85566,0.85561,0.85562
2026-08-02 17:15:00,0.85563,0.85593,0.85561,0.85565
2026-08-02 17:30:00,0.85565,0.85569,0.85564,0.85565
2026-08-02 17:45:00,0.85564,0.85589,0.85561,0.85564
2026-08-02 18:00:00,0.85563,0.85586,0.85561,0.85565
2026-08-02 18:15:00,0.85565,0.85569,0.85564,0.85564
2026-08-02 18:30:00,0.85565,0.85584,0.85564,0.85568
2026-08-02 18:45:00,0.85567,0.85571,0.85566,0.85569
2026-08-02 19:00:00,0.85567,0.85582,0.85566,0.85569
2026-08-02 19:15:00,0.85568,0.85581,0.85563,0.85564
2026-08-02 19:30:00,0.85564,0.85568,0.85563,0.85566
2026-08-02 19:45:00,0.85564,0.85583,0.85563,0.85568
2026-08-02 20:00:00,0.85566,0.8557,0.85565,0.85567
2026-08-02 20:15:00,0.85566,0.8557,0.85565,0.85566
2026-08-02 20:30:00,0.85566,0.8557,0.85564,0.85566
2026-08-02 20:45:00,0.85566,0.85569,0.85564,0.85568
2026-08-02 21:00:00,0.85566,0.85569,0.85564,0.85567
2026-08-02 21:15:00,0.85566,0.85569,0.85564,0.85565
2026-08-02 21:30:00,0.85566,0.85597,0.85523,0.85537
2026-08-02 21:45:00,0.85537,0.85541,0.85536,0.85539
2026-08-02 22:00:00,0.85537,0.85541,0.85535,0.85538
2026-08-02 22:15:00,0.85537,0.85541,0.85536,0.85536
2026-08-02 22:30:00,0.85537,0.85541,0.85535,0.85537
2026-08-02 22:45:00,0.85537,0.85541,0.85535,0.85538
2026-08-02 23:00:00,0.85537,0.85541,0.85536,0.85538
2026-08-02 23:15:00,0.85537,0.85568,0.85511,0.85519
2026-08-02 23:30:00,0.8552,0.85524,0.85518,0.85519
2026-08-02 23:45:00,0.8552,0.85524,0.85519,0.85521
2026-08-03 00:00:00,0.8552,0.85542,0.8548,0.8554
2026-08-03 00:15:00,0.85538,0.85542,0.85537,0.85538
2026-08-03 00:30:00,0.85538,0.85542,0.85537,0.85537
2026-08-03 00:45:00,0.85538,0.85541,0.85511,0.8552
2026-08-03 01:00:00,0.85519,0.85544,0.855,0.85512
2026-08-03 01:15:00,0.8551,0.85514,0.85509,0.8551
2026-08-03 01:30:00,0.8551,0.85514,0.85509,0.85509
2026-08-03 01:45:00,0.8551,0.85514,0.85509,0.85512
2026-08-03 02:00:00,0.8551,0.85562,0.85505,0.85541
2026-08-03 02:15:00,0.85539,0.85543,0.85538,0.8554
2026-08-03 02:30:00,0.85539,0.85543,0.85507,0.85515
2026-08-03 02:45:00,0.85516,0.8552,0.8551,0.85512
2026-08-03 03:00:00,0.85512,0.85547,0.85507,0.85544
2026-08-03 03:15:00,0.85542,0.85549,0.85541,0.85543
2026-08-03 03:30:00,0.85542,0.85546,0.85541,0.85542
2026-08-03 03:45:00,0.85542,0.85546,0.8554,0.85542
2026-08-03 04:00:00,0.85542,0.85577,0.85528,0.8556
2026-08-03 04:15:00,0.85553,0.85556,0.85513,0.85532
2026-08-03 04:30:00,0.85533,0.85546,0.85533,0.85541
2026-08-03 04:45:00,0.85539,0.85546,0.85539,0.85542
2026-08-03 05:00:00,0.85542,0.85615,0.85477,0.85609
2026-08-03 05:15:00,0.85598,0.85682,0.85414,0.8561
2026-08-03 05:30:00,0.85579,0.85791,0.85415,0.8555
2026-08-03 05:45:00,0.85609,0.85734,0.85437,0.85509
2026-08-03 06:00:00,0.85559,0.85674,0.85417,0.85533
2026-08-03 06:15:00,0.85595,0.85635,0.85432,0.85488
2026-08-03 06:30:00,0.85592,0.85659,0.8543,0.85506
2026-08-03 06:45:00,0.85614,0.85665,0.85419,0.85643
2026-08-03 07:00:00,0.85627,0.85634,0.85403,0.85492
2026-08-03 07:15:00,0.85588,0.85624,0.85444,0.85498
2026-08-03 07:30:00,0.85594,0.8561,0.85415,0.85599
2026-08-03 07:45:00,0.85595,0.85622,0.85407,0.8561
2026-08-03 08:00:00,0.85607,0.85622,0.85556,0.85574
2026-08-03 08:15:00,0.85577,0.85587,0.85538,0.85564
2026-08-03 08:30:00,0.85558,0.85578,0.85546,0.85572
2026-08-03 08:45:00,0.85568,0.85593,0.85558,0.85566
2026-08-03 09:00:00,0.85569,0.85586,0.85558,0.85566
2026-08-03 09:15:00,0.85566,0.85575,0.85563,0.85569
2026-08-03 09:30:00,0.85566,0.85578,0.85552,0.85577
2026-08-03 09:45:00,0.85574,0.85575,0.85549,0.85567
2026-08-03 10:00:00,0.85564,0.85568,0.85525,0.85558
2026-08-03 10:15:00,0.85558,0.85582,0.85547,0.85575
2026-08-03 10:30:00,0.85565,0.85588,0.85542,0.85584
2026-08-03 10:45:00,0.8558,0.85605,0.85549,0.85576
2026-08-03 11:00:00,0.85577,0.85615,0.85569,0.85612
2026-08-03 11:15:00,0.85608,0.85626,0.85592,0.85604
2026-08-03 11:30:00,0.85603,0.85608,0.85581,0.85589
2026-08-03 11:45:00,0.85594,0.85609,0.85586,0.85587
2026-08-03 12:00:00,0.85588,0.85598,0.85583,0.85591
2026-08-03 12:15:00,0.85593,0.85613,0.85584,0.85612
2026-08-03 12:30:00,0.8561,0.85614,0.85592,0.85603
2026-08-03 12:45:00,0.85602,0.85618,0.85591,0.85608
2026-08-03 13:00:00,0.8561,0.85616,0.85587,0.85595
2026-08-03 13:15:00,0.85597,0.85614,0.8559,0.85603
2026-08-03 13:30:00,0.85603,0.85619,0.856,0.8561
2026-08-03 13:45:00,0.85608,0.8562,0.85597,0.85618
2026-08-03 14:00:00,0.85612,0.85621,0.85603,0.85619
2026-08-03 14:15:00,0.85615,0.85631,0.85609,0.85623
2026-08-03 14:30:00,0.85626,0.85628,0.85614,0.85624
2026-08-03 14:45:00,0.85621,0.85627,0.85604,0.85618
2026-08-03 15:00:00,0.85617,0.85619,0.85603,0.8561
2026-08-03 15:15:00,0.8561,0.8562,0.85605,0.85606
2026-08-03 15:30:00,0.85607,0.85625,0.856,0.85603
2026-08-03 15:45:00,0.85606,0.85618,0.85598,0.85617
2026-08-03 16:00:00,0.85614,0.8562,0.85595,0.85602
2026-08-03 16:15:00,0.85602,0.85623,0.85586,0.85608
2026-08-03 16:30:00,0.8561,0.85637,0.85607,0.85629
2026-08-03 16:45:00,0.85627,0.85644,0.8562,0.85623
2026-08-03 17:00:00,0.85624,0.85649,0.85604,0.85634
2026-08-03 17:15:00,0.8563,0.85653,0.85594,0.85623
2026-08-03 17:30:00,0.85626,0.85633,0.85575,0.85601
2026-08-03 17:45:00,0.85592,0.85635,0.85591,0.85633
2026-08-03 18:00:00,0.85626,0.85645,0.8561,0.85631
2026-08-03 18:15:00,0.85631,0.85646,0.85616,0.85638
2026-08-03 18:30:00,0.85634,0.85648,0.85618,0.85635
2026-08-03 18:45:00,0.85633,0.85645,0.8562,0.85643
2026-08-03 19:00:00,0.85638,0.85675,0.85634,0.85644
2026-08-03 19:15:00,0.85646,0.85673,0.85635,0.85656
2026-08-03 19:30:00,0.85651,0.85678,0.85643,0.85677
2026-08-03 19:45:00,0.85676,0.85682,0.85643,0.85676
2026-08-03 20:00:00,0.8567,0.85683,0.85644,0.85655
2026-08-03 20:15:00,0.85657,0.85657,0.8562,0.85635
2026-08-03 20:30:00,0.85633,0.85639,0.85591,0.85597
2026-08-03 20:45:00,0.85598,0.85618,0.85592,0.85611
2026-08-03 21:00:00,0.8561,0.85622,0.85598,0.85606
2026-08-03 21:15:00,0.85604,0.85624,0.85596,0.85616
2026-08-03 21:30:00,0.85615,0.85627,0.85604,0.85607
2026-08-03 21:45:00,0.85612,0.85634,0.85606,0.85631
2026-08-03 22:00:00,0.85627,0.8564,0.85615,0.85636
2026-08-03 22:15:00,0.85634,0.85646,0.85615,0.85644
2026-08-03 22:30:00,0.85642,0.85647,0.85584,0.85619
2026-08-03 22:45:00,0.85615,0.85636,0.85594,0.85633
2026-08-03 23:00:00,0.85625,0.85654,0.85617,0.85628
2026-08-03 23:15:00,0.85637,0.85656,0.85616,0.85633
2026-08-03 23:30:00,0.85628,0.85689,0.85627,0.85668
2026-08-03 23:45:00,0.85663,0.8571,0.85657,0.85687
2026-08-04 00:00:00,0.85679,0.85693,0.85622,0.8565
2026-08-04 00:15:00,0.85639,0.85683,0.85614,0.85618
2026-08-04 00:30:00,0.85624,0.85647,0.85594,0.85628
2026-08-04 00:45:00,0.85623,0.85684,0.85615,0.8568
2026-08-04 01:00:00,0.85676,0.85695,0.85656,0.85683
2026-08-04 01:15:00,0.85681,0.857,0.85667,0.85694
2026-08-04 01:30:00,0.85694,0.85696,0.85656,0.85681
2026-08-04 01:45:00,0.85679,0.8569,0.8567,0.85672
2026-08-04 02:00:00,0.85674,0.85686,0.85651,0.85683
2026-08-04 02:15:00,0.8568,0.85701,0.85672,0.85693
2026-08-04 02:30:00,0.85691,0.85701,0.85682,0.85687
2026-08-04 02:45:00,0.85689,0.85709,0.85685,0.85701
2026-08-04 03:00:00,0.85703,0.85713,0.85678,0.85683
2026-08-04 03:15:00,0.85681,0.85698,0.85678,0.85689
2026-08-04 03:30:00,0.85688,0.85706,0.85687,0.85705
2026-08-04 03:45:00,0.85704,0.85719,0.85701,0.85709
2026-08-04 04:00:00,0.85711,0.85732,0.85705,0.85724
2026-08-04 04:15:00,0.85722,0.85734,0.85717,0.85727
2026-08-04 04:30:00,0.85726,0.85735,0.85706,0.85722
2026-08-04 04:45:00,0.85726,0.85734,0.85713,0.85729
2026-08-04 05:00:00,0.8573,0.85739,0.857,0.85716
2026-08-04 05:15:00,0.85715,0.85715,0.8569,0.85703
2026-08-04 05:30:00,0.85701,0.85713,0.85692,0.85712
2026-08-04 05:45:00,0.85711,0.85712,0.85689,0.85697
2026-08-04 06:00:00,0.85697,0.85698,0.85679,0.85692
2026-08-04 06:15:00,0.8569,0.85699,0.85673,0.85689
2026-08-04 06:30:00,0.85687,0.85701,0.85684,0.85694
2026-08-04 06:45:00,0.85693,0.857,0.85668,0.8567
2026-08-04 07:00:00,0.85673,0.85721,0.85653,0.85689
2026-08-04 07:15:00,0.85704,0.8572,0.85682,0.857
2026-08-04 07:30:00,0.85711,0.85716,0.85688,0.85711
2026-08-04 07:45:00,0.8571,0.85722,0.8569,0.85703
2026-08-04 08:00:00,0.85712,0.85727,0.85676,0.85695
2026-08-04 08:15:00,0.85692,0.857,0.85687,0.85693
2026-08-04 08:30:00,0.85691,0.857,0.85687,0.85695
2026-08-04 08:45:00,0.85694,0.85701,0.85689,0.85698
2026-08-04 09:00:00,0.85696,0.85706,0.85682,0.85704
2026-08-04 09:15:00,0.857,0.8571,0.85695,0.85708
2026-08-04 09:30:00,0.85706,0.85715,0.85695,0.85713
2026-08-04 09:45:00,0.85711,0.85717,0.85696,0.85701
2026-08-04 10:00:00,0.85701,0.85726,0.85691,0.8572
2026-08-04 10:15:00,0.85717,0.85726,0.85711,0.85726
2026-08-04 10:30:00,0.85724,0.8573,0.85708,0.85714
2026-08-04 10:45:00,0.85719,0.85728,0.85689,0.85702
2026-08-04 11:00:00,0.85704,0.8572,0.85695,0.85701
2026-08-04 11:15:00,0.85705,0.85727,0.85705,0.85722
2026-08-04 11:30:00,0.85721,0.85734,0.85715,0.8573
2026-08-04 11:45:00,0.85728,0.85739,0.85723,0.85737
2026-08-04 12:00:00,0.85735,0.85739,0.85711,0.85713
2026-08-04 12:15:00,0.85719,0.85724,0.85703,0.85719
2026-08-04 12:30:00,0.85713,0.85725,0.85709,0.85717
2026-08-04 12:45:00,0.85715,0.85718,0.85694,0.85709
2026-08-04 13:00:00,0.85708,0.85723,0.85699,0.85717
2026-08-04 13:15:00,0.85715,0.85724,0.85711,0.85716
2026-08-04 13:30:00,0.85715,0.85724,0.85702,0.85719
2026-08-04 13:45:00,0.85718,0.85724,0.85706,0.85711
2026-08-04 14:00:00,0.85712,0.85718,0.85701,0.8571
2026-08-04 14:15:00,0.85713,0.85726,0.85705,0.85724
2026-08-04 14:30:00,0.85722,0.85737,0.85719,0.85736
2026-08-04 14:45:00,0.85734,0.85738,0.85725,0.85732
2026-08-04 15:00:00,0.85729,0.85739,0.85723,0.85729
2026-08-04 15:15:00,0.85733,0.85741,0.85725,0.85734
2026-08-04 15:30:00,0.85732,0.85735,0.85717,0.85726
2026-08-04 15:45:00,0.85727,0.85735,0.85704,0.8571
2026-08-04 16:00:00,0.85708,0.85718,0.85696,0.85697
2026-08-04 16:15:00,0.85701,0.85714,0.85683,0.85698
2026-08-04 16:30:00,0.85695,0.857,0.85661,0.8568
2026-08-04 16:45:00,0.85678,0.85693,0.85673,0.85689
2026-08-04 17:00:00,0.85688,0.85701,0.85667,0.85683
2026-08-04 17:15:00,0.85683,0.85709,0.8568,0.85708
2026-08-04 17:30:00,0.85707,0.8571,0.85669,0.85674
2026-08-04 17:45:00,0.85682,0.85683,0.85659,0.8567
2026-08-04 18:00:00,0.85668,0.85688,0.85661,0.85675
2026-08-04 18:15:00,0.85679,0.85681,0.8565,0.85654
2026-08-04 18:30:00,0.8566,0.85669,0.85631,0.85635
2026-08-04 18:45:00,0.85638,0.85647,0.8561,0.85614
2026-08-04 19:00:00,0.85611,0.85626,0.85603,0.85624
2026-08-04 19:15:00,0.85622,0.85633,0.85616,0.85628
2026-08-04 19:30:00,0.85629,0.85639,0.85616,0.85626
2026-08-04 19:45:00,0.85628,0.85631,0.85604,0.85614
2026-08-04 20:00:00,0.85612,0.85626,0.85609,0.85615
2026-08-04 20:15:00,0.85622,0.85642,0.85608,0.8564
2026-08-04 20:30:00,0.85638,0.85654,0.85631,0.85637
2026-08-04 20:45:00,0.85644,0.85667,0.8563,0.85648
2026-08-04 21:00:00,0.85644,0.85667,0.85638,0.85658
2026-08-04 21:15:00,0.85659,0.85671,0.85646,0.8565
2026-08-04 21:30:00,0.85651,0.85656,0.85624,0.85641
2026-08-04 21:45:00,0.85641,0.85665,0.85628,0.85655
2026-08-04 22:00:00,0.85651,0.85661,0.85623,0.85632
2026-08-04 22:15:00,0.85631,0.85654,0.85622,0.85634
2026-08-04 22:30:00,0.8564,0.85655,0.85628,0.85644
2026-08-04 22:45:00,0.85648,0.85669,0.85629,0.85661
2026-08-04 23:00:00,0.85659,0.85676,0.8564,0.85652
2026-08-04 23:15:00,0.85656,0.85674,0.85617,0.85656
2026-08-04 23:30:00,0.85664,0.85703,0.85652,0.85673
2026-08-04 23:45:00,0.8568,0.85709,0.85655,0.85706
2026-08-05 00:00:00,0.85704,0.85715,0.85676,0.85714
2026-08-05 00:15:00,0.8571,0.85719,0.85681,0.85698
2026-08-05 00:30:00,0.85697,0.85706,0.85668,0.85673
2026-08-05 00:45:00,0.8568,0.85703,0.85656,0.85696
2026-08-05 01:00:00,0.85695,0.85708,0.85676,0.85686
2026-08-05 01:15:00,0.85684,0.85686,0.85651,0.85662
2026-08-05 01:30:00,0.85661,0.85685,0.85646,0.85661
2026-08-05 01:45:00,0.85663,0.85677,0.85648,0.85658
2026-08-05 02:00:00,0.8566,0.85682,0.85642,0.85657
2026-08-05 02:15:00,0.85654,0.85659,0.85618,0.85635
2026-08-05 02:30:00,0.8564,0.85655,0.85631,0.85653
2026-08-05 02:45:00,0.85649,0.85666,0.85634,0.85664
2026-08-05 03:00:00,0.85661,0.85694,0.85661,0.85692
2026-08-05 03:15:00,0.8569,0.85713,0.85679,0.85712
2026-08-05 03:30:00,0.8571,0.85729,0.85697,0.85717
2026-08-05 03:45:00,0.85722,0.85732,0.85714,0.85719
2026-08-05 04:00:00,0.85725,0.85738,0.8571,0.85734
2026-08-05 04:15:00,0.85732,0.85745,0.85726,0.85743
2026-08-05 04:30:00,0.85741,0.85752,0.85734,0.85746
2026-08-05 04:45:00,0.85746,0.85761,0.85723,0.85738
2026-08-05 05:00:00,0.85735,0.85737,0.85717,0.8573
2026-08-05 05:15:00,0.85728,0.85738,0.85719,0.85737
2026-08-05 05:30:00,0.85735,0.85741,0.85724,0.85734
2026-08-05 05:45:00,0.85732,0.85735,0.85721,0.85731
2026-08-05 06:00:00,0.85729,0.85731,0.85715,0.85723
2026-08-05 06:15:00,0.85722,0.85737,0.85716,0.85728
2026-08-05 06:30:00,0.85726,0.85735,0.8572,0.85724
2026-08-05 06:45:00,0.85725,0.85739,0.85714,0.85718
2026-08-05 07:00:00,0.85725,0.85749,0.85706,0.85737
2026-08-05 07:15:00,0.85735,0.85735,0.85678,0.85729
2026-08-05 07:30:00,0.85727,0.85749,0.85723,0.85734
2026-08-05 07:45:00,0.85734,0.85744,0.85697,0.85728
2026-08-05 08:00:00,0.85726,0.85739,0.85711,0.8573
2026-08-05 08:15:00,0.85729,0.85731,0.8572,0.85728
2026-08-05 08:30:00,0.85726,0.85741,0.85723,0.8573
2026-08-05 08:45:00,0.85728,0.85741,0.85724,0.85736
2026-08-05 09:00:00,0.85736,0.85744,0.85725,0.85738
2026-08-05 09:15:00,0.85737,0.8574,0.85724,0.85735
2026-08-05 09:30:00,0.85732,0.85743,0.85729,0.85742
2026-08-05 09:45:00,0.8574,0.85744,0.85733,0.85736
2026-08-05 10:00:00,0.85737,0.85749,0.85731,0.85737
2026-08-05 10:15:00,0.85739,0.85741,0.85721,0.85727
2026-08-05 10:30:00,0.85725,0.85734,0.85718,0.85731
2026-08-05 10:45:00,0.85729,0.85741,0.85718,0.85733
2026-08-05 11:00:00,0.85731,0.85737,0.85718,0.85725
2026-08-05 11:15:00,0.85729,0.85742,0.85725,0.85739
2026-08-05 11:30:00,0.85736,0.85744,0.8573,0.85743
2026-08-05 11:45:00,0.85741,0.85742,0.85727,0.85732
2026-08-05 12:00:00,0.85731,0.85742,0.85723,0.85735
2026-08-05 12:15:00,0.85732,0.85749,0.85729,0.85742
2026-08-05 12:30:00,0.85741,0.85758,0.85733,0.85755
2026-08-05 12:45:00,0.85753,0.85755,0.85726,0.85742
2026-08-05 13:00:00,0.85739,0.85745,0.85729,0.8574
2026-08-05 13:15:00,0.85741,0.85745,0.85727,0.85742
2026-08-05 13:30:00,0.85741,0.85744,0.85728,0.85734
2026-08-05 13:45:00,0.85732,0.85743,0.85727,0.85741
2026-08-05 14:00:00,0.85739,0.85746,0.85731,0.85741
2026-08-05 14:15:00,0.85741,0.85743,0.85731,0.8574
2026-08-05 14:30:00,0.85739,0.85742,0.85728,0.85732
2026-08-05 14:45:00,0.85737,0.85741,0.85728,0.85737
2026-08-05 15:00:00,0.85736,0.85742,0.85721,0.85727
2026-08-05 15:15:00,0.85727,0.85733,0.85721,0.85731
2026-08-05 15:30:00,0.85727,0.85738,0.85724,0.85736
2026-08-05 15:45:00,0.85734,0.8574,0.85721,0.8573
2026-08-05 16:00:00,0.85729,0.85736,0.85719,0.85723
2026-08-05 16:15:00,0.85723,0.85743,0.8571,0.85738
2026-08-05 16:30:00,0.85739,0.85743,0.8572,0.85723
2026-08-05 16:45:00,0.85726,0.85745,0.85719,0.85733
2026-08-05 17:00:00,0.8573,0.85748,0.85715,0.85729
2026-08-05 17:15:00,0.85731,0.85744,0.85698,0.85701
2026-08-05 17:30:00,0.85706,0.85721,0.85693,0.85703
2026-08-05 17:45:00,0.85701,0.85708,0.85675,0.85679
2026-08-05 18:00:00,0.85684,0.8571,0.85666,0.85702
2026-08-05 18:15:00,0.85704,0.85714,0.85691,0.85697
2026-08-05 18:30:00,0.85704,0.85729,0.85692,0.85713
2026-08-05 18:45:00,0.85711,0.85742,0.85689,0.85714
2026-08-05 19:00:00,0.85716,0.8573,0.85697,0.85714
2026-08-05 19:15:00,0.85713,0.85742,0.85706,0.85708
2026-08-05 19:30:00,0.85713,0.85722,0.85701,0.85714
2026-08-05 19:45:00,0.85712,0.85716,0.85692,0.85697
2026-08-05 20:00:00,0.85701,0.85702,0.85664,0.85678
2026-08-05 20:15:00,0.85674,0.85692,0.85669,0.85687
2026-08-05 20:30:00,0.85683,0.85699,0.85681,0.85685
2026-08-05 20:45:00,0.85691,0.85695,0.85679,0.85687
2026-08-05 21:00:00,0.85689,0.85692,0.85669,0.85678
2026-08-05 21:15:00,0.85674,0.85696,0.85668,0.85694
2026-08-05 21:30:00,0.8569,0.85716,0.85672,0.85714
2026-08-05 21:45:00,0.85712,0.85713,0.85687,0.85708
2026-08-05 22:00:00,0.85701,0.85736,0.85701,0.85733
2026-08-05 22:15:00,0.85732,0.85742,0.85696,0.85698
2026-08-05 22:30:00,0.85703,0.85713,0.85679,0.85686
2026-08-05 22:45:00,0.85694,0.85726,0.8569,0.85714
2026-08-05 23:00:00,0.85715,0.85719,0.85689,0.85714
2026-08-05 23:15:00,0.85712,0.85748,0.85712,0.85745
2026-08-05 23:30:00,0.85742,0.8575,0.85707,0.85736
2026-08-05 23:45:00,0.85734,0.85748,0.85712,0.85738
2026-08-06 00:00:00,0.85735,0.85745,0.85691,0.85714
2026-08-06 00:15:00,0.85705,0.85726,0.85669,0.85693
2026-08-06 00:30:00,0.85689,0.8572,0.85669,0.85713
2026-08-06 00:45:00,0.8571,0.85726,0.85693,0.85718
2026-08-06 01:00:00,0.85713,0.85744,0.85676,0.85743
2026-08-06 01:15:00,0.85739,0.85751,0.85725,0.85742
2026-08-06 01:30:00,0.85745,0.8577,0.85725,0.85767
2026-08-06 01:45:00,0.85766,0.85787,0.85744,0.85769
2026-08-06 02:00:00,0.85768,0.85775,0.85747,0.85767
2026-08-06 02:15:00,0.85765,0.85766,0.85741,0.85759
2026-08-06 02:30:00,0.85757,0.85767,0.85746,0.8575
2026-08-06 02:45:00,0.85754,0.85779,0.85746,0.85777
2026-08-06 03:00:00,0.85775,0.85793,0.85771,0.85777
2026-08-06 03:15:00,0.85775,0.85785,0.85764,0.85778
2026-08-06 03:30:00,0.85777,0.85784,0.85762,0.85783
2026-08-06 03:45:00,0.85781,0.85799,0.85777,0.85785
2026-08-06 04:00:00,0.85793,0.85804,0.85785,0.85795
2026-08-06 04:15:00,0.85793,0.85806,0.85785,0.858
2026-08-06 04:30:00,0.85797,0.85801,0.8578,0.85791
2026-08-06 04:45:00,0.85791,0.85794,0.85774,0.85777
2026-08-06 05:00:00,0.85782,0.85784,0.85768,0.85776
2026-08-06 05:15:00,0.85776,0.85781,0.85763,0.85771
2026-08-06 05:30:00,0.85769,0.85786,0.85768,0.85774
2026-08-06 05:45:00,0.85777,0.85796,0.85771,0.85784
2026-08-06 06:00:00,0.8579,0.858,0.85778,0.85787
2026-08-06 06:15:00,0.85784,0.858,0.85783,0.85793
2026-08-06 06:30:00,0.85791,0.85803,0.85784,0.85794
2026-08-06 06:45:00,0.85792,0.85792,0.85778,0.8578
2026-08-06 07:00:00,0.85784,0.85829,0.85782,0.85814
2026-08-06 07:15:00,0.85813,0.8584,0.85769,0.85804
2026-08-06 07:30:00,0.85801,0.85806,0.85787,0.85795
2026-08-06 07:45:00,0.85795,0.85807,0.85788,0.85805
2026-08-06 08:00:00,0.85802,0.8581,0.85782,0.85803
2026-08-06 08:15:00,0.85799,0.85803,0.8579,0.85798
2026-08-06 08:30:00,0.85796,0.85804,0.85788,0.85799
2026-08-06 08:45:00,0.85798,0.85806,0.85794,0.858
2026-08-06 09:00:00,0.858,0.85806,0.85792,0.85799
2026-08-06 09:15:00,0.85797,0.85802,0.85791,0.85799
2026-08-06 09:30:00,0.85797,0.85804,0.85792,0.85801
2026-08-06 09:45:00,0.85798,0.85808,0.85792,0.85801
2026-08-06 10:00:00,0.85802,0.85811,0.85793,0.8581
2026-08-06 10:15:00,0.85807,0.85813,0.85797,0.85813
2026-08-06 10:30:00,0.8581,0.85817,0.85796,0.85806
2026-08-06 10:45:00,0.85804,0.85822,0.85799,0.85821
2026-08-06 11:00:00,0.85819,0.85825,0.85799,0.85806
2026-08-06 11:15:00,0.85807,0.85812,0.85783,0.85789
2026-08-06 11:30:00,0.85794,0.85799,0.85788,0.85795
2026-08-06 11:45:00,0.85793,0.85801,0.85781,0.85794
2026-08-06 12:00:00,0.85793,0.858,0.85779,0.85797
2026-08-06 12:15:00,0.85793,0.858,0.85782,0.85796
2026-08-06 12:30:00,0.85792,0.85802,0.85787,0.85801
2026-08-06 12:45:00,0.85799,0.85804,0.85776,0.85792
2026-08-06 13:00:00,0.8579,0.85801,0.85781,0.85799
2026-08-06 13:15:00,0.85797,0.85807,0.85789,0.858
2026-08-06 13:30:00,0.85801,0.85802,0.85792,0.85799
2026-08-06 13:45:00,0.85797,0.85805,0.85789,0.85797
2026-08-06 14:00:00,0.85796,0.85806,0.8579,0.85793
2026-08-06 14:15:00,0.85796,0.85801,0.8579,0.85796
2026-08-06 14:30:00,0.85796,0.85806,0.85793,0.858
2026-08-06 14:45:00,0.85799,0.85805,0.85792,0.85802
2026-08-06 15:00:00,0.85801,0.85806,0.8579,0.85792
2026-08-06 15:15:00,0.85797,0.85808,0.85794,0.85802
2026-08-06 15:30:00,0.85804,0.85808,0.85792,0.85797
2026-08-06 15:45:00,0.85796,0.85797,0.85782,0.85788
2026-08-06 16:00:00,0.85786,0.85794,0.85765,0.85777
2026-08-06 16:15:00,0.85776,0.85789,0.85769,0.85774
2026-08-06 16:30:00,0.85775,0.858,0.85771,0.85799
2026-08-06 16:45:00,0.85794,0.85802,0.85771,0.85775
2026-08-06 17:00:00,0.85773,0.85785,0.85767,0.85768
2026-08-06 17:15:00,0.8577,0.85773,0.85749,0.85766
2026-08-06 17:30:00,0.85764,0.85785,0.85763,0.85784
2026-08-06 17:45:00,0.85782,0.85788,0.85755,0.85759
2026-08-06 18:00:00,0.85763,0.85783,0.85731,0.85736
2026-08-06 18:15:00,0.85745,0.8575,0.8572,0.85723
2026-08-06 18:30:00,0.85729,0.85746,0.85719,0.85731
2026-08-06 18:45:00,0.8573,0.85744,0.85722,0.85743
2026-08-06 19:00:00,0.8574,0.8574,0.85714,0.85732
2026-08-06 19:15:00,0.85735,0.85735,0.85714,0.85728
2026-08-06 19:30:00,0.85729,0.85765,0.85725,0.85756
2026-08-06 19:45:00,0.85758,0.85766,0.85741,0.85756
2026-08-06 20:00:00,0.85755,0.8577,0.85734,0.85741
2026-08-06 20:15:00,0.85752,0.85754,0.85733,0.85741
2026-08-06 20:30:00,0.85743,0.85758,0.85734,0.85745
2026-08-06 20:45:00,0.85747,0.85747,0.85724,0.85733
2026-08-06 21:00:00,0.8573,0.85747,0.85722,0.85741
2026-08-06 21:15:00,0.8574,0.85755,0.85727,0.85753
2026-08-06 21:30:00,0.8575,0.85757,0.85724,0.85728
2026-08-06 21:45:00,0.8573,0.8574,0.85713,0.85725
2026-08-06 22:00:00,0.85724,0.85726,0.8569,0.85715
2026-08-06 22:15:00,0.85707,0.8572,0.85686,0.85699
2026-08-06 22:30:00,0.85698,0.85718,0.85671,0.85687
2026-08-06 22:45:00,0.85683,0.85694,0.85665,0.8567
2026-08-06 23:00:00,0.85677,0.85682,0.85661,0.85681
2026-08-06 23:15:00,0.85679,0.85688,0.85662,0.85665
2026-08-06 23:30:00,0.85671,0.85679,0.85643,0.85665
2026-08-06 23:45:00,0.85663,0.85675,0.8564,0.85645
2026-08-07 00:00:00,0.85648,0.85652,0.85616,0.85651
2026-08-07 00:15:00,0.85645,0.8568,0.8563,0.85638
2026-08-07 00:30:00,0.85639,0.85664,0.8563,0.85633
2026-08-07 00:45:00,0.85639,0.85667,0.85626,0.85665
2026-08-07 01:00:00,0.85661,0.85684,0.85652,0.85659
2026-08-07 01:15:00,0.85665,0.85669,0.85632,0.8566
2026-08-07 01:30:00,0.85654,0.85659,0.8564,0.85646
2026-08-07 01:45:00,0.85647,0.85656,0.85622,0.85636
2026-08-07 02:00:00,0.85632,0.8564,0.85608,0.85627
2026-08-07 02:15:00,0.85623,0.85638,0.85597,0.85609
2026-08-07 02:30:00,0.85609,0.8563,0.85609,0.85618
2026-08-07 02:45:00,0.85624,0.85636,0.8561,0.85622
2026-08-07 03:00:00,0.85619,0.85625,0.85596,0.85611
2026-08-07 03:15:00,0.85608,0.85633,0.85603,0.8562
2026-08-07 03:30:00,0.85618,0.85628,0.85609,0.85618
2026-08-07 03:45:00,0.8562,0.85635,0.8562,0.85628
2026-08-07 04:00:00,0.8563,0.85636,0.85621,0.85632
2026-08-07 04:15:00,0.8563,0.85638,0.8562,0.85633
2026-08-07 04:30:00,0.85633,0.85647,0.8563,0.85646
2026-08-07 04:45:00,0.85644,0.85654,0.85628,0.85633
2026-08-07 05:00:00,0.85635,0.85639,0.85621,0.85633
2026-08-07 05:15:00,0.85631,0.85641,0.85612,0.85635
2026-08-07 05:30:00,0.85631,0.85649,0.85628,0.85643
2026-08-07 05:45:00,0.85643,0.85662,0.85639,0.85643
2026-08-07 06:00:00,0.85645,0.85653,0.85636,0.85645
2026-08-07 06:15:00,0.85644,0.8566,0.85637,0.85658
2026-08-07 06:30:00,0.85654,0.85669,0.85653,0.85662
2026-08-07 06:45:00,0.85662,0.85665,0.85648,0.85662
2026-08-07 07:00:00,0.85659,0.85667,0.85634,0.85646
2026-08-07 07:15:00,0.85644,0.85682,0.85629,0.85645
2026-08-07 07:30:00,0.85641,0.85675,0.85623,0.85674
2026-08-07 07:45:00,0.85672,0.85676,0.85632,0.85671
2026-08-07 08:00:00,0.85661,0.85661,0.85613,0.85652
2026-08-07 08:15:00,0.85652,0.85661,0.85648,0.85657
2026-08-07 08:30:00,0.85655,0.85661,0.85651,0.85659
2026-08-07 08:45:00,0.85657,0.85663,0.85651,0.85657
2026-08-07 09:00:00,0.85656,0.85661,0.85648,0.85655
2026-08-07 09:15:00,0.85655,0.8566,0.85646,0.85652
2026-08-07 09:30:00,0.8565,0.85657,0.85643,0.85656
2026-08-07 09:45:00,0.85654,0.85658,0.85646,0.8565
2026-08-07 10:00:00,0.85651,0.85655,0.85642,0.85648
2026-08-07 10:15:00,0.85649,0.85659,0.85644,0.85657
2026-08-07 10:30:00,0.85655,0.85659,0.85646,0.85655
2026-08-07 10:45:00,0.85653,0.85667,0.85644,0.85646
2026-08-07 11:00:00,0.85647,0.85657,0.85642,0.85654
2026-08-07 11:15:00,0.85652,0.85656,0.85642,0.85651
2026-08-07 11:30:00,0.85649,0.85656,0.85641,0.85655
2026-08-07 11:45:00,0.85652,0.85656,0.8564,0.85641
2026-08-07 12:00:00,0.85642,0.85651,0.85639,0.85647
2026-08-07 12:15:00,0.85648,0.85653,0.85641,0.85651
2026-08-07 12:30:00,0.8565,0.85657,0.85638,0.85656
2026-08-07 12:45:00,0.85654,0.85663,0.85644,0.85653
2026-08-07 13:00:00,0.85651,0.85654,0.8564,0.85646
2026-08-07 13:15:00,0.85647,0.85659,0.85645,0.85658
2026-08-07 13:30:00,0.85657,0.85659,0.85648,0.85658
2026-08-07 13:45:00,0.85655,0.85664,0.85649,0.85658
2026-08-07 14:00:00,0.85657,0.85659,0.85645,0.85647
2026-08-07 14:15:00,0.85649,0.85654,0.85638,0.85641
2026-08-07 14:30:00,0.85642,0.85654,0.85639,0.85654
2026-08-07 14:45:00,0.85651,0.85659,0.85644,0.85657
2026-08-07 15:00:00,0.85654,0.85658,0.85647,0.8565
2026-08-07 15:15:00,0.85653,0.85659,0.85645,0.85655
2026-08-07 15:30:00,0.85654,0.85667,0.85644,0.85663
2026-08-07 15:45:00,0.85662,0.85667,0.8565,0.85655
2026-08-07 16:00:00,0.85654,0.85656,0.85632,0.85644
2026-08-07 16:15:00,0.85644,0.85649,0.85626,0.85645
2026-08-07 16:30:00,0.85644,0.85657,0.85634,0.85649
2026-08-07 16:45:00,0.85646,0.85655,0.85631,0.85647
2026-08-07 17:00:00,0.85646,0.85671,0.85623,0.85663
2026-08-07 17:15:00,0.85662,0.85683,0.85651,0.85681
2026-08-07 17:30:00,0.85677,0.85682,0.85661,0.85677
2026-08-07 17:45:00,0.85672,0.85684,0.85658,0.85682
2026-08-07 18:00:00,0.85679,0.85685,0.85659,0.85673
2026-08-07 18:15:00,0.85672,0.8569,0.8566,0.85675
2026-08-07 18:30:00,0.85679,0.85698,0.85673,0.85683
2026-08-07 18:45:00,0.85685,0.8572,0.8568,0.85709
2026-08-07 19:00:00,0.8571,0.85751,0.85705,0.85736
2026-08-07 19:15:00,0.85741,0.85753,0.8573,0.85733
2026-08-07 19:30:00,0.85741,0.85776,0.85733,0.85774
2026-08-07 19:45:00,0.8577,0.8578,0.85763,0.85765
2026-08-07 20:00:00,0.85766,0.85779,0.85756,0.85774
2026-08-07 20:15:00,0.85768,0.85791,0.85768,0.85784
2026-08-07 20:30:00,0.85783,0.85796,0.85778,0.85793
2026-08-07 20:45:00,0.85788,0.85801,0.85775,0.85779
2026-08-07 21:00:00,0.8578,0.85785,0.85756,0.85765
2026-08-07 21:15:00,0.85764,0.85773,0.85753,0.85765
2026-08-07 21:30:00,0.85766,0.8577,0.85752,0.85756
2026-08-07 21:45:00,0.85756,0.85766,0.85749,0.85755
2026-08-07 22:00:00,0.85754,0.85783,0.85747,0.85782
2026-08-07 22:15:00,0.85778,0.8578,0.85723,0.85732
2026-08-07 22:30:00,0.85732,0.85939,0.85632,0.85741
2026-08-07 22:45:00,0.85746,0.85756,0.857,0.8573
2026-08-07 23:00:00,0.85733,0.85739,0.85711,0.85729
2026-08-07 23:15:00,0.8572,0.85733,0.85665,0.85671
2026-08-07 23:30:00,0.85681,0.85699,0.85649,0.85694
2026-08-07 23:45:00,0.8569,0.8571,0.85668,0.8568
2026-08-08 00:00:00,0.85687,0.85694,0.85648,0.85664
2026-08-08 00:15:00,0.85662,0.85668,0.85628,0.85645
2026-08-08 00:30:00,0.85643,0.85668,0.85628,0.85639
2026-08-08 00:45:00,0.85646,0.85681,0.85627,0.8565
2026-08-08 01:00:00,0.85653,0.85686,0.85648,0.85682
2026-08-08 01:15:00,0.85676,0.85683,0.85631,0.85635
2026-08-08 01:30:00,0.85642,0.85657,0.85627,0.85655
2026-08-08 01:45:00,0.85653,0.85665,0.85638,0.8565
2026-08-08 02:00:00,0.85649,0.85667,0.85637,0.85666
2026-08-08 02:15:00,0.85662,0.85668,0.85633,0.85652
2026-08-08 02:30:00,0.8565,0.85666,0.85646,0.85654
2026-08-08 02:45:00,0.85656,0.85674,0.85635,0.85647
2026-08-08 03:00:00,0.85648,0.85663,0.85639,0.85663
2026-08-08 03:15:00,0.8566,0.85669,0.8565,0.85659
2026-08-08 03:30:00,0.85661,0.85674,0.85653,0.85668
2026-08-08 03:45:00,0.85665,0.85672,0.85655,0.8567
2026-08-08 04:00:00,0.85669,0.85687,0.85659,0.85678
2026-08-08 04:15:00,0.85674,0.85686,0.8567,0.85683
2026-08-08 04:30:00,0.85681,0.85681,0.85669,0.85669
2026-08-08 04:45:00,0.8567,0.85679,0.85662,0.85668
2026-08-08 05:00:00,0.85672,0.8568,0.85659,0.85672
2026-08-08 05:15:00,0.85671,0.85687,0.85652,0.85686
2026-08-08 05:30:00,0.85684,0.85687,0.8567,0.85684
2026-08-08 05:45:00,0.85683,0.85684,0.85651,0.85654
2026-08-08 06:00:00,0.85657,0.85663,0.85647,0.85657
2026-08-08 06:15:00,0.85656,0.85679,0.85647,0.85666
2026-08-08 06:30:00,0.85664,0.85683,0.85655,0.85672
2026-08-08 06:45:00,0.85673,0.85676,0.85653,0.85658
2026-08-08 07:00:00,0.85667,0.85713,0.85636,0.85691
2026-08-08 07:15:00,0.85689,0.85693,0.85678,0.85689
2026-08-08 07:30:00,0.85685,0.85698,0.85681,0.85685
2026-08-08 07:45:00,0.85686,0.85692,0.85675,0.85685
2026-08-08 08:00:00,0.85686,0.85758,0.85645,0.85686
2026-08-08 08:15:00,0.85686,0.8569,0.85682,0.85688
2026-08-08 08:30:00,0.85686,0.8569,0.85683,0.85688
2026-08-08 08:45:00,0.85687,0.8569,0.85683,0.85686
2026-08-08 09:00:00,0.85687,0.85747,0.85674,0.85688
2026-08-08 09:15:00,0.85688,0.85692,0.85683,0.85689
2026-08-08 09:30:00,0.85687,0.85692,0.85683,0.8569
2026-08-08 09:45:00,0.85688,0.85692,0.85683,0.85684
2026-08-08 10:00:00,0.85688,0.85709,0.8567,0.85671
2026-08-08 10:15:00,0.85672,0.85677,0.8567,0.85674
2026-08-08 10:30:00,0.85672,0.85676,0.8567,0.85673
2026-08-08 10:45:00,0.85672,0.85677,0.85671,0.85672
2026-08-08 11:00:00,0.85672,0.85776,0.85658,0.85671
2026-08-08 11:15:00,0.85696,0.85746,0.85668,0.85727
2026-08-08 11:30:00,0.85719,0.85746,0.85662,0.85683
2026-08-08 11:45:00,0.85685,0.85747,0.85662,0.85726
2026-08-08 12:00:00,0.85717,0.85743,0.85661,0.85671
2026-08-08 12:15:00,0.85696,0.85747,0.85663,0.85726
2026-08-08 12:30:00,0.85718,0.85772,0.85665,0.85682
2026-08-08 12:45:00,0.85685,0.85747,0.85663,0.85726
2026-08-08 13:00:00,0.85718,0.85821,0.8568,0.85721
2026-08-08 13:15:00,0.85756,0.85865,0.85668,0.85724
2026-08-08 13:30:00,0.85716,0.85746,0.85661,0.85683
2026-08-08 13:45:00,0.85685,0.85746,0.8566,0.85731
2026-08-08 14:00:00,0.8572,0.85732,0.8567,0.85677
2026-08-08 14:15:00,0.85696,0.85747,0.85662,0.85723
2026-08-08 14:30:00,0.85715,0.85745,0.85661,0.85683
2026-08-08 14:45:00,0.85686,0.85747,0.85662,0.85734
2026-08-08 15:00:00,0.85721,0.85734,0.8567,0.8568
2026-08-08 15:15:00,0.85694,0.85816,0.85634,0.85799
2026-08-08 15:30:00,0.85779,0.85808,0.85661,0.85684
2026-08-08 15:45:00,0.85687,0.85746,0.85661,0.85737
2026-08-08 16:00:00,0.85722,0.85734,0.85668,0.85683
2026-08-08 16:15:00,0.85693,0.85746,0.8566,0.85726
2026-08-08 16:30:00,0.85713,0.85747,0.85661,0.85682
2026-08-08 16:45:00,0.85688,0.85747,0.85662,0.85737
2026-08-08 17:00:00,0.85722,0.85807,0.85663,0.85731
2026-08-08 17:15:00,0.85746,0.85998,0.85635,0.85672
2026-08-08 17:30:00,0.85674,0.85678,0.8567,0.85676
2026-08-08 17:45:00,0.85674,0.85679,0.8567,0.85677
2026-08-08 18:00:00,0.85675,0.85678,0.85671,0.85674
2026-08-08 18:15:00,0.85674,0.85683,0.85669,0.85672
2026-08-08 18:30:00,0.85674,0.85678,0.85671,0.85674
2026-08-08 18:45:00,0.85674,0.85678,0.8567,0.85676
2026-08-08 19:00:00,0.85674,0.85678,0.8567,0.85676
2026-08-08 19:15:00,0.85675,0.85678,0.85671,0.85674
2026-08-08 19:30:00,0.85674,0.85678,0.8567,0.85674
2026-08-08 19:45:00,0.85674,0.85677,0.85671,0.85676
2026-08-08 20:00:00,0.85674,0.85684,0.85668,0.85675
2026-08-08 20:15:00,0.85674,0.85678,0.8567,0.85672
2026-08-08 20:30:00,0.85675,0.85678,0.85671,0.85674
2026-08-08 20:45:00,0.85674,0.85679,0.85669,0.85676
2026-08-08 21:00:00,0.85674,0.85678,0.85671,0.85675
2026-08-08 21:15:00,0.85674,0.85678,0.8567,0.85672
2026-08-08 21:30:00,0.85674,0.85686,0.8567,0.85671
2026-08-08 21:45:00,0.85674,0.85678,0.85671,0.85676
2026-08-08 22:00:00,0.85674,0.85678,0.8567,0.85675
2026-08-08 22:15:00,0.85674,0.85678,0.85671,0.85674
2026-08-08 22:30:00,0.85674,0.85679,0.85671,0.85672
2026-08-08 22:45:00,0.85674,0.85678,0.8567,0.85678
2026-08-08 23:00:00,0.85676,0.85678,0.85671,0.85676
2026-08-08 23:15:00,0.85674,0.85686,0.85671,0.85675
2026-08-08 23:30:00,0.85674,0.85678,0.85671,0.85672
2026-08-08 23:45:00,0.85674,0.85678,0.8567,0.85674
2026-08-09 00:00:00,0.85674,0.85679,0.8567,0.85677
2026-08-09 00:15:00,0.85676,0.85678,0.85671,0.85675
2026-08-09 00:30:00,0.85674,0.85677,0.8567,0.85672
2026-08-09 00:45:00,0.85674,0.85678,0.85671,0.85676
2026-08-09 01:00:00,0.85674,0.85883,0.85661,0.85676
2026-08-09 01:15:00,0.85674,0.85679,0.85669,0.85677
2026-08-09 01:30:00,0.85676,0.85677,0.85671,0.85673
2026-08-09 01:45:00,0.85674,0.85983,0.85506,0.85723
2026-08-09 02:00:00,0.85751,0.85751,0.85671,0.85675
2026-08-09 02:15:00,0.85673,0.85679,0.85671,0.85676
2026-08-09 02:30:00,0.85674,0.85686,0.85671,0.85674
2026-08-09 02:45:00,0.85675,0.8578,0.85671,0.85673
2026-08-09 03:00:00,0.85674,0.85679,0.8567,0.85676
2026-08-09 03:15:00,0.85674,0.85678,0.85671,0.85676
2026-08-09 03:30:00,0.85674,0.85678,0.8567,0.85674
2026-08-09 03:45:00,0.85674,0.85679,0.85671,0.85672
2026-08-09 04:00:00,0.85674,0.8568,0.8567,0.85675
2026-08-09 04:15:00,0.85674,0.85686,0.85668,0.85676
2026-08-09 04:30:00,0.85675,0.85678,0.85671,0.85674
2026-08-09 04:45:00,0.85674,0.85678,0.8567,0.85672
2026-08-09 05:00:00,0.85674,0.8568,0.85671,0.85676
2026-08-09 05:15:00,0.85674,0.85677,0.8567,0.85676
2026-08-09 05:30:00,0.85674,0.85679,0.85669,0.85675
2026-08-09 05:45:00,0.85674,0.85678,0.85671,0.85674
2026-08-09 06:00:00,0.85674,0.85686,0.85666,0.85676
2026-08-09 06:15:00,0.85674,0.85678,0.85671,0.85676
2026-08-09 06:30:00,0.85673,0.85679,0.85669,0.85675
2026-08-09 06:45:00,0.85674,0.85678,0.8567,0.85674
2026-08-09 07:00:00,0.85674,0.8568,0.85671,0.85676
2026-08-09 07:15:00,0.85674,0.85679,0.8567,0.85676
2026-08-09 07:30:00,0.85674,0.85678,0.85671,0.85675
2026-08-09 07:45:00,0.85674,0.85684,0.8567,0.85672
2026-08-09 08:00:00,0.85674,0.85681,0.8567,0.85673
2026-08-09 08:15:00,0.85674,0.85678,0.85671,0.85676
2026-08-09 08:30:00,0.85674,0.85678,0.85671,0.85676
2026-08-09 08:45:00,0.85674,0.85678,0.85671,0.85672
2026-08-09 09:00:00,0.85674,0.8568,0.85671,0.85674
2026-08-09 09:15:00,0.85674,0.85702,0.85667,0.85685
2026-08-09 09:30:00,0.85684,0.85684,0.85671,0.85681
2026-08-09 09:45:00,0.85679,0.85699,0.85677,0.85682
2026-08-09 10:00:00,0.85682,0.85686,0.85681,0.85681
2026-08-09 10:15:00,0.85682,0.85697,0.85681,0.85685
2026-08-09 10:30:00,0.85684,0.85696,0.85683,0.85688
2026-08-09 10:45:00,0.85686,0.8569,0.85685,0.85686
2026-08-09 11:00:00,0.85686,0.85696,0.85683,0.85689
2026-08-09 11:15:00,0.8569,0.85694,0.85689,0.85692
2026-08-09 11:30:00,0.8569,0.85694,0.85689,0.85693
2026-08-09 11:45:00,0.85691,0.85695,0.85683,0.85684
2026-08-09 12:00:00,0.85686,0.85689,0.8568,0.85681
2026-08-09 12:15:00,0.85682,0.85697,0.85681,0.85684
2026-08-09 12:30:00,0.85684,0.85688,0.85667,0.85679
2026-08-09 12:45:00,0.85677,0.857,0.85669,0.85677
2026-08-09 13:00:00,0.85676,0.85701,0.85675,0.85678
2026-08-09 13:15:00,0.85678,0.8568,0.85675,0.85676
2026-08-09 13:30:00,0.85676,0.85701,0.85674,0.85679
2026-08-09 13:45:00,0.85678,0.85681,0.85675,0.85678
2026-08-09 14:00:00,0.85676,0.857,0.85676,0.85677
2026-08-09 14:15:00,0.85678,0.85701,0.85676,0.85686
2026-08-09 14:30:00,0.85686,0.85688,0.85679,0.85682
2026-08-09 14:45:00,0.85681,0.85699,0.85679,0.85685
2026-08-09 15:00:00,0.85683,0.85687,0.85682,0.85683
2026-08-09 15:15:00,0.85683,0.85698,0.85681,0.85685
2026-08-09 15:30:00,0.85685,0.85698,0.85684,0.85688
2026-08-09 15:45:00,0.85687,0.85691,0.85686,0.85689
2026-08-09 16:00:00,0.85687,0.857,0.8567,0.85677
2026-08-09 16:15:00,0.85677,0.85681,0.85675,0.85676
2026-08-09 16:30:00,0.85677,0.85702,0.85675,0.85677
2026-08-09 16:45:00,0.85676,0.85701,0.85674,0.85681
2026-08-09 17:00:00,0.85679,0.85682,0.85675,0.85677
2026-08-09 17:15:00,0.85677,0.85701,0.85675,0.85679
2026-08-09 17:30:00,0.8568,0.85683,0.85677,0.85681
2026-08-09 17:45:00,0.85679,0.85701,0.85678,0.85686
2026-08-09 18:00:00,0.85684,0.85698,0.8568,0.85683
2026-08-09 18:15:00,0.85682,0.85686,0.85681,0.85682
2026-08-09 18:30:00,0.85682,0.85694,0.85681,0.85684
2026-08-09 18:45:00,0.85684,0.85688,0.85683,0.85686
2026-08-09 19:00:00,0.85684,0.85697,0.85682,0.85687
2026-08-09 19:15:00,0.85686,0.85697,0.85685,0.85688
2026-08-09 19:30:00,0.85688,0.85692,0.85687,0.85688
2026-08-09 19:45:00,0.85688,0.85697,0.85687,0.85691
2026-08-09 20:00:00,0.85689,0.85693,0.85688,0.85691
2026-08-09 20:15:00,0.85689,0.85693,0.85688,0.85689
2026-08-09 20:30:00,0.85689,0.85693,0.85687,0.85688
2026-08-09 20:45:00,0.85688,0.85692,0.85687,0.8569
2026-08-09 21:00:00,0.85688,0.85692,0.85687,0.8569
2026-08-09 21:15:00,0.85688,0.85692,0.85682,0.85683
2026-08-09 21:30:00,0.85684,0.85718,0.85678,0.85694
2026-08-09 21:45:00,0.85695,0.85697,0.85678,0.85685
2026-08-09 22:00:00,0.85683,0.85687,0.85585,0.85638
2026-08-09 22:15:00,0.85636,0.8564,0.85635,0.85636
2026-08-09 22:30:00,0.85636,0.85638,0.85571,0.85598
2026-08-09 22:45:00,0.85599,0.85626,0.85543,0.8557
2026-08-09 23:00:00,0.85569,0.85573,0.85568,0.85571
2026-08-09 23:15:00,0.85569,0.85854,0.85532,0.85603
2026-08-09 23:30:00,0.85603,0.85607,0.85602,0.85602
2026-08-09 23:45:00,0.85603,0.85605,0.85543,0.85574
2026-08-10 00:00:00,0.85572,0.85842,0.85524,0.85703
2026-08-10 00:15:00,0.85701,0.85826,0.85685,0.85795
2026-08-10 00:30:00,0.85795,0.8587,0.85695,0.85725
2026-08-10 00:45:00,0.85725,0.85777,0.85689,0.8576
2026-08-10 01:00:00,0.8576,0.85766,0.85561,0.85569
2026-08-10 01:15:00,0.85567,0.85592,0.85507,0.85545
2026-08-10 01:30:00,0.85544,0.85547,0.85542,0.85543
2026-08-10 01:45:00,0.85544,0.85548,0.85502,0.85525
2026-08-10 02:00:00,0.85525,0.85715,0.85504,0.85678
2026-08-10 02:15:00,0.85676,0.8568,0.85589,0.85594
2026-08-10 02:30:00,0.85601,0.85615,0.85588,0.85598
2026-08-10 02:45:00,0.85599,0.85602,0.85597,0.85598
2026-08-10 03:00:00,0.85599,0.85894,0.85559,0.85632
2026-08-10 03:15:00,0.85631,0.85634,0.85611,0.85612
2026-08-10 03:30:00,0.85614,0.85617,0.85543,0.8558
2026-08-10 03:45:00,0.85581,0.85595,0.85511,0.85542
2026-08-10 04:00:00,0.85543,0.85821,0.85491,0.85623
2026-08-10 04:15:00,0.85633,0.85868,0.85604,0.85764
2026-08-10 04:30:00,0.85646,0.8584,0.85596,0.85629
2026-08-10 04:45:00,0.85635,0.85872,0.85591,0.85768
2026-08-10 05:00:00,0.85637,0.85861,0.85599,0.85692
2026-08-10 05:15:00,0.85721,0.85877,0.85635,0.85711
2026-08-10 05:30:00,0.85702,0.85859,0.85605,0.85748
2026-08-10 05:45:00,0.85725,0.85892,0.85583,0.85672
2026-08-10 06:00:00,0.8566,0.85728,0.85625,0.85722
2026-08-10 06:15:00,0.8571,0.8571,0.85607,0.85676
2026-08-10 06:30:00,0.85671,0.85741,0.85607,0.85639
2026-08-10 06:45:00,0.85652,0.85687,0.85616,0.85646
2026-08-10 07:00:00,0.85662,0.85703,0.8562,0.85695
2026-08-10 07:15:00,0.85693,0.85695,0.85634,0.8569
2026-08-10 07:30:00,0.85685,0.857,0.85666,0.8569
2026-08-10 07:45:00,0.85689,0.85712,0.85672,0.85701
2026-08-10 08:00:00,0.85693,0.85699,0.85661,0.85663
2026-08-10 08:15:00,0.85668,0.85675,0.85653,0.85673
2026-08-10 08:30:00,0.85669,0.85675,0.85662,0.8567
2026-08-10 08:45:00,0.85669,0.85672,0.85657,0.85664
2026-08-10 09:00:00,0.85666,0.85672,0.85658,0.85665
2026-08-10 09:15:00,0.85665,0.85668,0.85655,0.85665
2026-08-10 09:30:00,0.85663,0.85671,0.85654,0.85669
2026-08-10 09:45:00,0.85667,0.85673,0.85654,0.85661
2026-08-10 10:00:00,0.85661,0.85675,0.85659,0.8567
2026-08-10 10:15:00,0.85665,0.85669,0.85652,0.85658
2026-08-10 10:30:00,0.8566,0.85668,0.85654,0.85666
2026-08-10 10:45:00,0.85664,0.85678,0.85656,0.85676
2026-08-10 11:00:00,0.85673,0.8569,0.85658,0.85677
2026-08-10 11:15:00,0.85677,0.85683,0.85666,0.85673
2026-08-10 11:30:00,0.85671,0.85678,0.85657,0.85677
2026-08-10 11:45:00,0.85675,0.85675,0.85653,0.85659
2026-08-10 12:00:00,0.85659,0.85665,0.85653,0.85655
2026-08-10 12:15:00,0.85657,0.85668,0.85656,0.85667
2026-08-10 12:30:00,0.85664,0.85668,0.8565,0.8566
2026-08-10 12:45:00,0.85657,0.85661,0.8565,0.85657
2026-08-10 13:00:00,0.85656,0.85664,0.8565,0.85655
2026-08-10 13:15:00,0.85657,0.85666,0.8565,0.85664
2026-08-10 13:30:00,0.8566,0.85663,0.85649,0.85655
2026-08-10 13:45:00,0.85653,0.85657,0.85641,0.85645
2026-08-10 14:00:00,0.85643,0.85655,0.85636,0.85647
2026-08-10 14:15:00,0.85648,0.8565,0.85638,0.85644
2026-08-10 14:30:00,0.85644,0.85648,0.85635,0.85646
2026-08-10 14:45:00,0.85642,0.85648,0.85631,0.85641
2026-08-10 15:00:00,0.85639,0.85645,0.85626,0.85633
2026-08-10 15:15:00,0.85632,0.85645,0.85629,0.85641
2026-08-10 15:30:00,0.85641,0.85643,0.85629,0.85632
2026-08-10 15:45:00,0.85634,0.85643,0.8563,0.85639
2026-08-10 16:00:00,0.85636,0.85636,0.85606,0.8562
2026-08-10 16:15:00,0.85615,0.85637,0.85612,0.85633
2026-08-10 16:30:00,0.85631,0.85636,0.85616,0.85633
2026-08-10 16:45:00,0.85632,0.85638,0.8561,0.85629
2026-08-10 17:00:00,0.85628,0.85634,0.85608,0.85619
2026-08-10 17:15:00,0.85617,0.85653,0.8561,0.85651
2026-08-10 17:30:00,0.85647,0.85664,0.85641,0.85657
2026-08-10 17:45:00,0.85652,0.85668,0.85641,0.85665
2026-08-10 18:00:00,0.85661,0.85669,0.85632,0.85639
2026-08-10 18:15:00,0.85643,0.85652,0.85628,0.8565
2026-08-10 18:30:00,0.85646,0.85652,0.85627,0.85637
2026-08-10 18:45:00,0.85637,0.85644,0.85615,0.85619
2026-08-10 19:00:00,0.85625,0.85629,0.85603,0.85621
2026-08-10 19:15:00,0.8562,0.85623,0.85605,0.85616
2026-08-10 19:30:00,0.85614,0.85651,0.85604,0.85649
2026-08-10 19:45:00,0.85646,0.85651,0.85629,0.85635
2026-08-10 20:00:00,0.85639,0.85657,0.85617,0.85621
2026-08-10 20:15:00,0.8562,0.8563,0.85614,0.85622
2026-08-10 20:30:00,0.85623,0.85633,0.85594,0.856
2026-08-10 20:45:00,0.856,0.8561,0.85593,0.85597
2026-08-10 21:00:00,0.85594,0.85598,0.85575,0.85591
2026-08-10 21:15:00,0.85588,0.85593,0.85561,0.8557
2026-08-10 21:30:00,0.8557,0.85585,0.85548,0.85552
2026-08-10 21:45:00,0.85556,0.85575,0.85555,0.85574
2026-08-10 22:00:00,0.85571,0.85595,0.85555,0.8558
2026-08-10 22:15:00,0.85576,0.85592,0.85565,0.85583
2026-08-10 22:30:00,0.8558,0.85597,0.85559,0.85562
2026-08-10 22:45:00,0.85569,0.85582,0.85557,0.85559
2026-08-10 23:00:00,0.85562,0.8557,0.85548,0.85559
2026-08-10 23:15:00,0.85556,0.85556,0.85529,0.85547
2026-08-10 23:30:00,0.85543,0.85553,0.85513,0.85533
2026-08-10 23:45:00,0.85534,0.85539,0.85487,0.85488
2026-08-11 00:00:00,0.8549,0.85495,0.85429,0.85456
2026-08-11 00:15:00,0.85451,0.85483,0.85431,0.85464
2026-08-11 00:30:00,0.85471,0.85476,0.85426,0.85429
2026-08-11 00:45:00,0.85434,0.8545,0.85386,0.85434
2026-08-11 01:00:00,0.85439,0.85448,0.85419,0.8542
2026-08-11 01:15:00,0.85422,0.85434,0.8539,0.8542
2026-08-11 01:30:00,0.85415,0.85421,0.85371,0.85374
2026-08-11 01:45:00,0.85375,0.85421,0.85368,0.85399
2026-08-11 02:00:00,0.85406,0.8543,0.85401,0.8543
2026-08-11 02:15:00,0.85428,0.85437,0.85415,0.8543
2026-08-11 02:30:00,0.85427,0.85449,0.85396,0.85435
2026-08-11 02:45:00,0.85439,0.85449,0.85415,0.85445
2026-08-11 03:00:00,0.85446,0.85453,0.85433,0.85446
2026-08-11 03:15:00,0.85443,0.85451,0.85436,0.85449
2026-08-11 03:30:00,0.85446,0.85466,0.85445,0.85465
2026-08-11 03:45:00,0.85463,0.85472,0.85451,0.85454
2026-08-11 04:00:00,0.85456,0.85471,0.85456,0.85467
2026-08-11 04:15:00,0.85465,0.85465,0.8544,0.8545
2026-08-11 04:30:00,0.85448,0.85463,0.85438,0.85445
2026-08-11 04:45:00,0.85444,0.85447,0.85431,0.85442
2026-08-11 05:00:00,0.85438,0.85451,0.85433,0.85448
2026-08-11 05:15:00,0.85446,0.85451,0.85431,0.85449
2026-08-11 05:30:00,0.85447,0.85461,0.85439,0.85453
2026-08-11 05:45:00,0.85451,0.85457,0.85436,0.8544
2026-08-11 06:00:00,0.85444,0.85449,0.85432,0.85443
2026-08-11 06:15:00,0.85443,0.85458,0.8544,0.85454
2026-08-11 06:30:00,0.85452,0.85459,0.85448,0.85456
2026-08-11 06:45:00,0.85454,0.85462,0.85441,0.85453
2026-08-11 07:00:00,0.85457,0.85482,0.85451,0.85456
2026-08-11 07:15:00,0.85459,0.85472,0.85437,0.85448
2026-08-11 07:30:00,0.85442,0.85478,0.85442,0.85463
2026-08-11 07:45:00,0.85461,0.85475,0.85454,0.8547
2026-08-11 08:00:00,0.85461,0.8547,0.85451,0.85452
2026-08-11 08:15:00,0.85455,0.85463,0.85452,0.85461
2026-08-11 08:30:00,0.85459,0.85464,0.85454,0.85461
2026-08-11 08:45:00,0.8546,0.85461,0.85448,0.85453
2026-08-11 09:00:00,0.85453,0.85459,0.85449,0.8545
2026-08-11 09:15:00,0.85451,0.8546,0.85449,0.85455
2026-08-11 09:30:00,0.85454,0.85461,0.8545,0.85459
2026-08-11 09:45:00,0.85456,0.85468,0.85451,0.85461
2026-08-11 10:00:00,0.85458,0.85463,0.85446,0.85459
2026-08-11 10:15:00,0.85458,0.85466,0.85453,0.85462
2026-08-11 10:30:00,0.8546,0.85464,0.85453,0.8546
2026-08-11 10:45:00,0.85458,0.85465,0.85451,0.85458
2026-08-11 11:00:00,0.85457,0.85474,0.85446,0.85463
2026-08-11 11:15:00,0.85463,0.85471,0.85455,0.85462
2026-08-11 11:30:00,0.85461,0.85467,0.85453,0.85463
2026-08-11 11:45:00,0.8546,0.85466,0.85453,0.85464
2026-08-11 12:00:00,0.85462,0.85463,0.85443,0.8545
2026-08-11 12:15:00,0.85452,0.85458,0.8544,0.85444
2026-08-11 12:30:00,0.85451,0.85452,0.85442,0.8545
2026-08-11 12:45:00,0.85447,0.85458,0.8544,0.85457
2026-08-11 13:00:00,0.85454,0.85458,0.8544,0.85442
2026-08-11 13:15:00,0.85443,0.85449,0.85429,0.85431
2026-08-11 13:30:00,0.85436,0.85442,0.85431,0.8544
2026-08-11 13:45:00,0.85439,0.85445,0.85434,0.8544
2026-08-11 14:00:00,0.85437,0.85444,0.85434,0.8544
2026-08-11 14:15:00,0.8544,0.85443,0.85434,0.85441
2026-08-11 14:30:00,0.8544,0.85443,0.85421,0.85434
2026-08-11 14:45:00,0.85432,0.85443,0.85422,0.85429
2026-08-11 15:00:00,0.85427,0.85436,0.85424,0.85434
2026-08-11 15:15:00,0.85434,0.85442,0.85428,0.85436
2026-08-11 15:30:00,0.85438,0.85441,0.85409,0.85414
2026-08-11 15:45:00,0.85411,0.85421,0.85402,0.8541
2026-08-11 16:00:00,0.85411,0.85414,0.85393,0.85396
2026-08-11 16:15:00,0.85399,0.85426,0.85393,0.8542
2026-08-11 16:30:00,0.85418,0.85429,0.85403,0.85416
2026-08-11 16:45:00,0.85414,0.85429,0.85407,0.85424
2026-08-11 17:00:00,0.85422,0.85442,0.85416,0.85435
2026-08-11 17:15:00,0.85437,0.85462,0.85423,0.85459
2026-08-11 17:30:00,0.85456,0.85469,0.85436,0.85464
2026-08-11 17:45:00,0.85462,0.85462,0.85437,0.85448
2026-08-11 18:00:00,0.85446,0.85449,0.8543,0.85436
2026-08-11 18:15:00,0.85435,0.85439,0.85418,0.8543
2026-08-11 18:30:00,0.85428,0.85433,0.85408,0.85422
2026-08-11 18:45:00,0.85418,0.85439,0.85413,0.85428
2026-08-11 19:00:00,0.85428,0.85441,0.85421,0.85439
2026-08-11 19:15:00,0.85434,0.85449,0.85426,0.85438
2026-08-11 19:30:00,0.85435,0.85439,0.8542,0.85426
2026-08-11 19:45:00,0.85426,0.85433,0.85418,0.85432
2026-08-11 20:00:00,0.85429,0.85447,0.85424,0.85446
2026-08-11 20:15:00,0.85443,0.85456,0.85438,0.85451
2026-08-11 20:30:00,0.85449,0.85455,0.85435,0.8545
2026-08-11 20:45:00,0.8545,0.85468,0.85441,0.85467
2026-08-11 21:00:00,0.85464,0.855,0.85444,0.85486
2026-08-11 21:15:00,0.85492,0.85504,0.85467,0.85469
2026-08-11 21:30:00,0.85472,0.85483,0.85463,0.85472
2026-08-11 21:45:00,0.85473,0.855,0.85465,0.85499
2026-08-11 22:00:00,0.85494,0.85505,0.85476,0.85489
2026-08-11 22:15:00,0.85486,0.85494,0.85458,0.85482
2026-08-11 22:30:00,0.85481,0.855,0.85471,0.8549
2026-08-11 22:45:00,0.85494,0.85509,0.85486,0.85506
2026-08-11 23:00:00,0.85504,0.85507,0.85483,0.85498
2026-08-11 23:15:00,0.85494,0.85515,0.85487,0.85497
2026-08-11 23:30:00,0.85496,0.85503,0.8548,0.85487
2026-08-11 23:45:00,0.8549,0.8551,0.85483,0.8549
2026-08-12 00:00:00,0.85495,0.85504,0.85473,0.85487
2026-08-12 00:15:00,0.85481,0.85487,0.85445,0.85449
2026-08-12 00:30:00,0.85454,0.85463,0.85441,0.85444
2026-08-12 00:45:00,0.85449,0.85453,0.85433,0.8545
2026-08-12 01:00:00,0.85449,0.85458,0.85435,0.85452
2026-08-12 01:15:00,0.85449,0.85451,0.85418,0.85427
2026-08-12 01:30:00,0.85424,0.8544,0.85402,0.85438
2026-08-12 01:45:00,0.85437,0.85455,0.85422,0.85424
2026-08-12 02:00:00,0.85426,0.85444,0.85406,0.85443
2026-08-12 02:15:00,0.85441,0.85452,0.85432,0.85449
2026-08-12 02:30:00,0.85448,0.85471,0.85444,0.8546
2026-08-12 02:45:00,0.85465,0.85466,0.85435,0.85436
2026-08-12 03:00:00,0.8544,0.85463,0.85435,0.85463
2026-08-12 03:15:00,0.85461,0.85467,0.85448,0.85461
2026-08-12 03:30:00,0.85456,0.85465,0.85449,0.85451
2026-08-12 03:45:00,0.85452,0.85464,0.85442,0.85449
2026-08-12 04:00:00,0.85452,0.85466,0.85445,0.85463
2026-08-12 04:15:00,0.85462,0.85477,0.85454,0.85473
2026-08-12 04:30:00,0.85471,0.85484,0.85466,0.85479
2026-08-12 04:45:00,0.85477,0.8548,0.8546,0.85462
2026-08-12 05:00:00,0.85466,0.85475,0.85456,0.85467
2026-08-12 05:15:00,0.85468,0.8547,0.85455,0.85463
2026-08-12 05:30:00,0.85461,0.85468,0.85452,0.85461
2026-08-12 05:45:00,0.8546,0.85465,0.85447,0.85449
2026-08-12 06:00:00,0.85451,0.85459,0.85444,0.85455
2026-08-12 06:15:00,0.85455,0.8546,0.85447,0.8546
2026-08-12 06:30:00,0.85457,0.85469,0.85451,0.85453
2026-08-12 06:45:00,0.85455,0.85461,0.85439,0.8545
2026-08-12 07:00:00,0.85452,0.85474,0.85447,0.85467
2026-08-12 07:15:00,0.85461,0.85472,0.85444,0.85449
2026-08-12 07:30:00,0.85447,0.85458,0.8544,0.85451
2026-08-12 07:45:00,0.85453,0.85455,0.85437,0.85443
2026-08-12 08:00:00,0.85444,0.85463,0.85436,0.8544
2026-08-12 08:15:00,0.85442,0.85444,0.85435,0.85444
2026-08-12 08:30:00,0.85443,0.85445,0.8543,0.85438
2026-08-12 08:45:00,0.85436,0.85446,0.85436,0.85445
2026-08-12 09:00:00,0.85444,0.85449,0.85432,0.85433
2026-08-12 09:15:00,0.85437,0.85453,0.85433,0.85444
2026-08-12 09:30:00,0.85441,0.8545,0.85434,0.85449
2026-08-12 09:45:00,0.85446,0.85456,0.85443,0.85452
2026-08-12 10:00:00,0.85451,0.85453,0.85437,0.85442
2026-08-12 10:15:00,0.85445,0.85451,0.85438,0.85442
2026-08-12 10:30:00,0.85444,0.85448,0.85433,0.85445
2026-08-12 10:45:00,0.85443,0.85446,0.85431,0.85433
2026-08-12 11:00:00,0.85435,0.85445,0.8543,0.8544
2026-08-12 11:15:00,0.85438,0.85448,0.85428,0.85433
2026-08-12 11:30:00,0.85435,0.85443,0.85431,0.85441
2026-08-12 11:45:00,0.85438,0.85442,0.85416,0.85434
2026-08-12 12:00:00,0.85433,0.85443,0.85424,0.85431
2026-08-12 12:15:00,0.85434,0.85439,0.85425,0.85428
2026-08-12 12:30:00,0.85431,0.85437,0.85425,0.85431
2026-08-12 12:45:00,0.85428,0.85433,0.85417,0.85426
2026-08-12 13:00:00,0.85425,0.85429,0.85413,0.85415
2026-08-12 13:15:00,0.85418,0.85421,0.85407,0.85408
2026-08-12 13:30:00,0.85411,0.85418,0.85405,0.85418
2026-08-12 13:45:00,0.85415,0.8542,0.85404,0.85417
2026-08-12 14:00:00,0.85415,0.85417,0.85404,0.85414
2026-08-12 14:15:00,0.85412,0.85415,0.85399,0.85403
2026-08-12 14:30:00,0.85405,0.85412,0.85402,0.85409
2026-08-12 14:45:00,0.85408,0.85411,0.85397,0.85409
2026-08-12 15:00:00,0.85407,0.85409,0.85394,0.85404
2026-08-12 15:15:00,0.85403,0.85414,0.8539,0.85406
2026-08-12 15:30:00,0.85408,0.85417,0.85404,0.85412
2026-08-12 15:45:00,0.85411,0.85413,0.85395,0.85403
2026-08-12 16:00:00,0.85401,0.85412,0.85391,0.85406
2026-08-12 16:15:00,0.85405,0.85421,0.85402,0.85415
2026-08-12 16:30:00,0.85416,0.85427,0.85399,0.8541
2026-08-12 16:45:00,0.85408,0.85417,0.85393,0.85404
2026-08-12 17:00:00,0.85406,0.85408,0.8539,0.85406
2026-08-12 17:15:00,0.85405,0.85408,0.85392,0.85397
2026-08-12 17:30:00,0.854,0.85416,0.85392,0.85412
2026-08-12 17:45:00,0.85411,0.85415,0.85394,0.85414
2026-08-12 18:00:00,0.85412,0.85412,0.85391,0.85402
2026-08-12 18:15:00,0.85402,0.85409,0.85391,0.85406
2026-08-12 18:30:00,0.85405,0.85412,0.85394,0.8541
2026-08-12 18:45:00,0.85405,0.85411,0.8539,0.85399
2026-08-12 19:00:00,0.85396,0.85401,0.85356,0.85368
2026-08-12 19:15:00,0.85367,0.85394,0.85352,0.85391
2026-08-12 19:30:00,0.85389,0.85401,0.85375,0.85377
2026-08-12 19:45:00,0.85382,0.85382,0.8535,0.85377
2026-08-12 20:00:00,0.85376,0.85376,0.85327,0.8534
2026-08-12 20:15:00,0.85338,0.8535,0.85323,0.85332
2026-08-12 20:30:00,0.85337,0.8534,0.85318,0.85325
2026-08-12 20:45:00,0.85328,0.85345,0.85313,0.85343
2026-08-12 21:00:00,0.85341,0.85355,0.85327,0.85337
2026-08-12 21:15:00,0.85335,0.85356,0.8533,0.85353
2026-08-12 21:30:00,0.85352,0.85358,0.85338,0.8535
2026-08-12 21:45:00,0.85346,0.85362,0.8533,0.85334
2026-08-12 22:00:00,0.8534,0.8537,0.85327,0.85362
2026-08-12 22:15:00,0.85361,0.85378,0.85338,0.85365
2026-08-12 22:30:00,0.85368,0.85432,0.85321,0.85382
2026-08-12 22:45:00,0.85376,0.85412,0.85345,0.85385
2026-08-12 23:00:00,0.85386,0.85417,0.85372,0.85413
2026-08-12 23:15:00,0.85403,0.85418,0.85377,0.85398
2026-08-12 23:30:00,0.85403,0.8542,0.85383,0.85415
2026-08-12 23:45:00,0.85409,0.85428,0.85395,0.85412
2026-08-13 00:00:00,0.85412,0.85425,0.85388,0.85424
2026-08-13 00:15:00,0.85423,0.85445,0.85413,0.85444
2026-08-13 00:30:00,0.85442,0.85461,0.85416,0.85441
2026-08-13 00:45:00,0.85439,0.85455,0.85412,0.8544
2026-08-13 01:00:00,0.85441,0.85465,0.85438,0.85452
2026-08-13 01:15:00,0.85447,0.85456,0.85428,0.85442
2026-08-13 01:30:00,0.85441,0.85447,0.85425,0.85432
2026-08-13 01:45:00,0.85435,0.85435,0.85404,0.85414
2026-08-13 02:00:00,0.85414,0.85425,0.85394,0.85397
2026-08-13 02:15:00,0.85398,0.8541,0.8538,0.85409
2026-08-13 02:30:00,0.85407,0.85407,0.85388,0.85405
2026-08-13 02:45:00,0.85402,0.85422,0.85384,0.8541
2026-08-13 03:00:00,0.85414,0.85418,0.85391,0.85409
2026-08-13 03:15:00,0.85408,0.85423,0.85404,0.85422
2026-08-13 03:30:00,0.85419,0.8542,0.8539,0.85396
2026-08-13 03:45:00,0.85406,0.85412,0.85389,0.8539
2026-08-13 04:00:00,0.85393,0.85405,0.85382,0.85399
2026-08-13 04:15:00,0.85397,0.85407,0.8539,0.85402
2026-08-13 04:30:00,0.854,0.85416,0.85388,0.85414
2026-08-13 04:45:00,0.85413,0.85422,0.854,0.85405
2026-08-13 05:00:00,0.85408,0.85423,0.85403,0.85416
2026-08-13 05:15:00,0.85413,0.85417,0.85399,0.85409
2026-08-13 05:30:00,0.85408,0.85414,0.85394,0.85412
2026-08-13 05:45:00,0.8541,0.85415,0.85397,0.85398
2026-08-13 06:00:00,0.854,0.85414,0.85393,0.85413
2026-08-13 06:15:00,0.85412,0.85417,0.85403,0.85408
2026-08-13 06:30:00,0.85406,0.85414,0.85401,0.85408
2026-08-13 06:45:00,0.85408,0.85413,0.85394,0.854
2026-08-13 07:00:00,0.85401,0.85436,0.8537,0.85388
2026-08-13 07:15:00,0.85388,0.85429,0.85368,0.85382
2026-08-13 07:30:00,0.85386,0.8542,0.85376,0.85399
2026-08-13 07:45:00,0.85389,0.85412,0.85375,0.85406
2026-08-13 08:00:00,0.85394,0.85421,0.85388,0.85414
2026-08-13 08:15:00,0.85415,0.85426,0.85405,0.85412
2026-08-13 08:30:00,0.85411,0.85416,0.85407,0.85412
2026-08-13 08:45:00,0.8541,0.85416,0.85405,0.8541
2026-08-13 09:00:00,0.85409,0.85414,0.85402,0.85407
2026-08-13 09:15:00,0.85408,0.85415,0.85399,0.85407
2026-08-13 09:30:00,0.85406,0.8541,0.85399,0.85408
2026-08-13 09:45:00,0.85406,0.85415,0.85401,0.8541
2026-08-13 10:00:00,0.85409,0.85415,0.85401,0.85408
2026-08-13 10:15:00,0.85411,0.85414,0.85402,0.85414
2026-08-13 10:30:00,0.85413,0.8542,0.85407,0.85419
2026-08-13 10:45:00,0.85417,0.85423,0.85407,0.85416
2026-08-13 11:00:00,0.85415,0.85423,0.85408,0.85414
2026-08-13 11:15:00,0.85417,0.85422,0.8541,0.85421
2026-08-13 11:30:00,0.8542,0.85425,0.85413,0.85424
2026-08-13 11:45:00,0.85422,0.85425,0.85414,0.8542
2026-08-13 12:00:00,0.85418,0.85426,0.85415,0.85421
2026-08-13 12:15:00,0.85422,0.85427,0.85415,0.85418
2026-08-13 12:30:00,0.8542,0.85427,0.85409,0.85421
2026-08-13 12:45:00,0.8542,0.85427,0.85417,0.85422
2026-08-13 13:00:00,0.85421,0.85431,0.85404,0.8542
2026-08-13 13:15:00,0.85422,0.85425,0.8541,0.85416
2026-08-13 13:30:00,0.85417,0.85423,0.85411,0.85415
2026-08-13 13:45:00,0.85414,0.85415,0.85404,0.85414
2026-08-13 14:00:00,0.85411,0.85419,0.85407,0.85418
2026-08-13 14:15:00,0.85417,0.85424,0.85412,0.8542
2026-08-13 14:30:00,0.8542,0.85421,0.85407,0.85417
2026-08-13 14:45:00,0.85415,0.8542,0.85399,0.85411
2026-08-13 15:00:00,0.85406,0.85411,0.85396,0.85402
2026-08-13 15:15:00,0.85403,0.85412,0.85398,0.85401
2026-08-13 15:30:00,0.85404,0.85413,0.85397,0.8541
2026-08-13 15:45:00,0.85408,0.85416,0.85397,0.85399
2026-08-13 16:00:00,0.854,0.85405,0.85386,0.85403
2026-08-13 16:15:00,0.85402,0.8541,0.85385,0.85401
2026-08-13 16:30:00,0.85404,0.85443,0.85384,0.85442
2026-08-13 16:45:00,0.85441,0.85441,0.85422,0.85436
2026-08-13 17:00:00,0.85431,0.8547,0.85425,0.85469
2026-08-13 17:15:00,0.85466,0.8547,0.85439,0.85442
2026-08-13 17:30:00,0.85446,0.85471,0.85436,0.85463
2026-08-13 17:45:00,0.85459,0.85489,0.8545,0.85488
2026-08-13 18:00:00,0.85487,0.85502,0.85475,0.855
2026-08-13 18:15:00,0.85496,0.85509,0.85488,0.855
2026-08-13 18:30:00,0.85501,0.85509,0.85483,0.85498
2026-08-13 18:45:00,0.85494,0.85515,0.85489,0.85501
2026-08-13 19:00:00,0.85499,0.85522,0.85497,0.85514
2026-08-13 19:15:00,0.85511,0.85518,0.85498,0.85499
2026-08-13 19:30:00,0.85501,0.85503,0.85483,0.85491
2026-08-13 19:45:00,0.85497,0.85503,0.85484,0.85497
2026-08-13 20:00:00,0.85495,0.85504,0.85472,0.85484
2026-08-13 20:15:00,0.8548,0.8548,0.85457,0.85472
2026-08-13 20:30:00,0.85471,0.85483,0.85458,0.8547
2026-08-13 20:45:00,0.85472,0.8552,0.85469,0.8552
2026-08-13 21:00:00,0.85518,0.85531,0.85505,0.85508
2026-08-13 21:15:00,0.85511,0.85514,0.85493,0.85503
2026-08-13 21:30:00,0.85502,0.85503,0.85474,0.85478
2026-08-13 21:45:00,0.85483,0.85495,0.85468,0.85481
2026-08-13 22:00:00,0.85483,0.85495,0.85478,0.8549
2026-08-13 22:15:00,0.85488,0.85493,0.85464,0.85492
2026-08-13 22:30:00,0.85491,0.85504,0.85435,0.85439
2026-08-13 22:45:00,0.85442,0.85479,0.85436,0.85465
2026-08-13 23:00:00,0.85454,0.85469,0.85437,0.85456
2026-08-13 23:15:00,0.85454,0.85454,0.85419,0.85437
2026-08-13 23:30:00,0.85436,0.85452,0.85421,0.85443
2026-08-13 23:45:00,0.85442,0.85457,0.85424,0.85448
2026-08-14 00:00:00,0.85444,0.85461,0.85411,0.85457
2026-08-14 00:15:00,0.85453,0.85459,0.85424,0.85443
2026-08-14 00:30:00,0.85441,0.85474,0.85425,0.85468
2026-08-14 00:45:00,0.85465,0.85483,0.85437,0.85464
2026-08-14 01:00:00,0.85461,0.85474,0.85441,0.85447
2026-08-14 01:15:00,0.85457,0.85467,0.85438,0.85444
2026-08-14 01:30:00,0.85453,0.8547,0.85443,0.85457
2026-08-14 01:45:00,0.85457,0.85466,0.85433,0.85436
2026-08-14 02:00:00,0.85441,0.85478,0.85437,0.85475
2026-08-14 02:15:00,0.85471,0.85488,0.85452,0.85474
2026-08-14 02:30:00,0.85472,0.85503,0.85468,0.85502
2026-08-14 02:45:00,0.85499,0.85505,0.85482,0.85491
2026-08-14 03:00:00,0.85492,0.8551,0.85474,0.855
2026-08-14 03:15:00,0.85504,0.85512,0.85488,0.85497
2026-08-14 03:30:00,0.85495,0.8551,0.85491,0.855
2026-08-14 03:45:00,0.85502,0.85511,0.85493,0.85504
2026-08-14 04:00:00,0.85505,0.85513,0.85497,0.8551
2026-08-14 04:15:00,0.85508,0.85512,0.85493,0.85501
2026-08-14 04:30:00,0.855,0.85502,0.85488,0.85499
2026-08-14 04:45:00,0.85497,0.85508,0.85489,0.85494
2026-08-14 05:00:00,0.85497,0.85508,0.85488,0.85505
2026-08-14 05:15:00,0.85502,0.85509,0.85489,0.85499
2026-08-14 05:30:00,0.85498,0.855,0.85482,0.85497
2026-08-14 05:45:00,0.85495,0.85498,0.85473,0.85476
2026-08-14 06:00:00,0.85478,0.85489,0.85472,0.85481
2026-08-14 06:15:00,0.85478,0.85486,0.85472,0.85475
2026-08-14 06:30:00,0.85475,0.85489,0.85474,0.85487
2026-08-14 06:45:00,0.85485,0.85491,0.85478,0.85483
2026-08-14 07:00:00,0.85487,0.855,0.85474,0.85494
2026-08-14 07:15:00,0.85485,0.85498,0.85477,0.85482
2026-08-14 07:30:00,0.85478,0.85497,0.85465,0.85473
2026-08-14 07:45:00,0.85473,0.85493,0.85468,0.8549
2026-08-14 08:00:00,0.85489,0.85502,0.85479,0.85498
2026-08-14 08:15:00,0.85497,0.85498,0.85489,0.85496
2026-08-14 08:30:00,0.85494,0.855,0.85489,0.85495
2026-08-14 08:45:00,0.85494,0.85501,0.8549,0.85492
2026-08-14 09:00:00,0.85494,0.85506,0.85486,0.85494
2026-08-14 09:15:00,0.85496,0.85506,0.85491,0.85504
2026-08-14 09:30:00,0.85503,0.85505,0.85497,0.85504
2026-08-14 09:45:00,0.85502,0.85503,0.8549,0.85501
2026-08-14 10:00:00,0.855,0.85505,0.85486,0.85498
2026-08-14 10:15:00,0.85495,0.85502,0.85484,0.85491
2026-08-14 10:30:00,0.85491,0.85496,0.85481,0.8549
2026-08-14 10:45:00,0.85488,0.85494,0.8548,0.85481
2026-08-14 11:00:00,0.85482,0.85491,0.8547,0.85477
2026-08-14 11:15:00,0.85484,0.85496,0.85477,0.85491
2026-08-14 11:30:00,0.85491,0.85503,0.85488,0.85498
2026-08-14 11:45:00,0.85496,0.85509,0.85488,0.85497
2026-08-14 12:00:00,0.85502,0.85515,0.85499,0.85503
2026-08-14 12:15:00,0.85506,0.85512,0.85495,0.85503
2026-08-14 12:30:00,0.85503,0.85509,0.85494,0.85503
2026-08-14 12:45:00,0.85501,0.85509,0.85492,0.85506
2026-08-14 13:00:00,0.85504,0.85507,0.8549,0.85499
2026-08-14 13:15:00,0.85498,0.85507,0.85481,0.85488
2026-08-14 13:30:00,0.85489,0.85495,0.85482,0.85487
2026-08-14 13:45:00,0.85489,0.85499,0.85484,0.85498
2026-08-14 14:00:00,0.85496,0.85501,0.85488,0.855
2026-08-14 14:15:00,0.85499,0.85501,0.85481,0.85486
2026-08-14 14:30:00,0.8549,0.85496,0.85473,0.85495
2026-08-14 14:45:00,0.85493,0.85504,0.85485,0.85494
2026-08-14 15:00:00,0.85492,0.85495,0.85481,0.85493
2026-08-14 15:15:00,0.85493,0.85499,0.85485,0.85489
2026-08-14 15:30:00,0.85491,0.855,0.85484,0.85498
2026-08-14 15:45:00,0.85495,0.85502,0.85485,0.85496
2026-08-14 16:00:00,0.85494,0.85504,0.85474,0.8548
2026-08-14 16:15:00,0.85483,0.85489,0.8547,0.85486
2026-08-14 16:30:00,0.85483,0.8549,0.85471,0.8549
2026-08-14 16:45:00,0.85489,0.85494,0.85467,0.85493
2026-08-14 17:00:00,0.85491,0.85492,0.85464,0.85487
2026-08-14 17:15:00,0.85485,0.85505,0.85474,0.85504
2026-08-14 17:30:00,0.85502,0.85505,0.85478,0.85489
2026-08-14 17:45:00,0.85487,0.85497,0.8547,0.85493
2026-08-14 18:00:00,0.8549,0.85493,0.85453,0.85478
2026-08-14 18:15:00,0.85477,0.85481,0.85438,0.8544
2026-08-14 18:30:00,0.85444,0.85456,0.85425,0.85446
2026-08-14 18:45:00,0.85446,0.85461,0.85436,0.85452
2026-08-14 19:00:00,0.85454,0.85464,0.85436,0.85452
2026-08-14 19:15:00,0.85457,0.85457,0.8544,0.85448
2026-08-14 19:30:00,0.85448,0.85448,0.85427,0.85433
2026-08-14 19:45:00,0.85434,0.85439,0.85421,0.85436
2026-08-14 20:00:00,0.85434,0.85434,0.85409,0.85421
2026-08-14 20:15:00,0.8542,0.85426,0.8541,0.85415
2026-08-14 20:30:00,0.85415,0.85416,0.854,0.85413
2026-08-14 20:45:00,0.85412,0.85423,0.85406,0.85422
2026-08-14 21:00:00,0.85418,0.85433,0.85417,0.8543
2026-08-14 21:15:00,0.85429,0.85439,0.85417,0.85431
2026-08-14 21:30:00,0.85429,0.85455,0.85417,0.85448
2026-08-14 21:45:00,0.85447,0.85462,0.85427,0.8545
2026-08-14 22:00:00,0.85449,0.85465,0.85432,0.85437
2026-08-14 22:15:00,0.85441,0.85458,0.85415,0.85426
2026-08-14 22:30:00,0.85428,0.85487,0.85408,0.85447
2026-08-14 22:45:00,0.85444,0.85456,0.85428,0.85431
2026-08-14 23:00:00,0.85435,0.85444,0.85407,0.85421
2026-08-14 23:15:00,0.85418,0.85434,0.85406,0.85419
2026-08-14 23:30:00,0.85417,0.85449,0.85403,0.85444
2026-08-14 23:45:00,0.85439,0.85458,0.85399,0.85437
2026-08-15 00:00:00,0.8543,0.85462,0.85421,0.85448
2026-08-15 00:15:00,0.8544,0.85456,0.85414,0.85434
2026-08-15 00:30:00,0.85431,0.85466,0.85418,0.85461
2026-08-15 00:45:00,0.85454,0.85484,0.85448,0.85476
2026-08-15 01:00:00,0.85472,0.85491,0.85462,0.85471
2026-08-15 01:15:00,0.85476,0.85502,0.85466,0.85471
2026-08-15 01:30:00,0.85475,0.85495,0.85455,0.85472
2026-08-15 01:45:00,0.85471,0.85472,0.85426,0.85431
2026-08-15 02:00:00,0.85436,0.85443,0.8542,0.85437
2026-08-15 02:15:00,0.85433,0.85448,0.8543,0.85436
2026-08-15 02:30:00,0.85438,0.8545,0.85417,0.85437
2026-08-15 02:45:00,0.85437,0.85468,0.85433,0.85462
2026-08-15 03:00:00,0.85463,0.85482,0.85459,0.85481
2026-08-15 03:15:00,0.85479,0.8549,0.85467,0.85487
2026-08-15 03:30:00,0.85484,0.85485,0.85461,0.85475
2026-08-15 03:45:00,0.85472,0.85477,0.85455,0.85456
2026-08-15 04:00:00,0.85458,0.8547,0.85453,0.8547
2026-08-15 04:15:00,0.85468,0.8547,0.85443,0.85457
2026-08-15 04:30:00,0.85452,0.85462,0.85447,0.85455
2026-08-15 04:45:00,0.85454,0.85464,0.85448,0.85462
2026-08-15 05:00:00,0.85459,0.85468,0.85447,0.85466
2026-08-15 05:15:00,0.85464,0.85467,0.85454,0.85457
2026-08-15 05:30:00,0.85457,0.85469,0.85449,0.85458
2026-08-15 05:45:00,0.8546,0.85475,0.85453,0.85474
2026-08-15 06:00:00,0.85473,0.85481,0.85465,0.85471
2026-08-15 06:15:00,0.85471,0.85472,0.85458,0.85462
2026-08-15 06:30:00,0.85462,0.85483,0.85462,0.85471
2026-08-15 06:45:00,0.85475,0.85495,0.85469,0.85491
2026-08-15 07:00:00,0.85492,0.85531,0.85464,0.85502
2026-08-15 07:15:00,0.85503,0.85523,0.85498,0.85517
2026-08-15 07:30:00,0.85512,0.85529,0.85486,0.85511
2026-08-15 07:45:00,0.8551,0.85522,0.85483,0.85521
2026-08-15 08:00:00,0.85518,0.85534,0.85487,0.85515
2026-08-15 08:15:00,0.85513,0.85519,0.85485,0.85517
2026-08-15 08:30:00,0.85512,0.85522,0.85485,0.85521
2026-08-15 08:45:00,0.85519,0.85521,0.85484,0.85514
2026-08-15 09:00:00,0.85509,0.85533,0.85485,0.85515
2026-08-15 09:15:00,0.85513,0.8552,0.85487,0.85506
2026-08-15 09:30:00,0.85513,0.8552,0.85488,0.85519
2026-08-15 09:45:00,0.85517,0.85528,0.85489,0.85505
2026-08-15 10:00:00,0.85514,0.85528,0.85489,0.85496
2026-08-15 10:15:00,0.85497,0.85503,0.85493,0.855
2026-08-15 10:30:00,0.85496,0.85501,0.85494,0.85499
2026-08-15 10:45:00,0.85496,0.85502,0.8549,0.85499
2026-08-15 11:00:00,0.85496,0.85499,0.85493,0.85494
2026-08-15 11:15:00,0.85495,0.85501,0.85471,0.85495
2026-08-15 11:30:00,0.85495,0.85512,0.85469,0.85498
2026-08-15 11:45:00,0.85495,0.85499,0.85493,0.85496
2026-08-15 12:00:00,0.85494,0.855,0.85485,0.85494
2026-08-15 12:15:00,0.85495,0.85498,0.85493,0.85494
2026-08-15 12:30:00,0.85494,0.85502,0.85479,0.85497
2026-08-15 12:45:00,0.85494,0.855,0.85485,0.85497
2026-08-15 13:00:00,0.85494,0.85498,0.85493,0.85494
2026-08-15 13:15:00,0.85495,0.8551,0.85461,0.85494
2026-08-15 13:30:00,0.85494,0.85498,0.85493,0.85497
2026-08-15 13:45:00,0.85495,0.85499,0.85469,0.85497
2026-08-15 14:00:00,0.85494,0.85499,0.8548,0.85497
2026-08-15 14:15:00,0.85494,0.855,0.85493,0.85493
2026-08-15 14:30:00,0.85495,0.85502,0.85468,0.85497
2026-08-15 14:45:00,0.85495,0.85501,0.85494,0.85498
2026-08-15 15:00:00,0.85496,0.85507,0.85465,0.85495
2026-08-15 15:15:00,0.85495,0.855,0.8549,0.85494
2026-08-15 15:30:00,0.85495,0.85501,0.85494,0.85497
2026-08-15 15:45:00,0.85495,0.85501,0.85485,0.85498
2026-08-15 16:00:00,0.85496,0.85501,0.85494,0.85498
2026-08-15 16:15:00,0.85497,0.85502,0.85492,0.85496
2026-08-15 16:30:00,0.85497,0.85507,0.8548,0.85501
2026-08-15 16:45:00,0.85496,0.85501,0.85493,0.85498
2026-08-15 17:00:00,0.85495,0.85503,0.85467,0.85498
2026-08-15 17:15:00,0.85497,0.85501,0.85494,0.85495
2026-08-15 17:30:00,0.85496,0.85501,0.85486,0.85495
2026-08-15 17:45:00,0.85495,0.85503,0.85486,0.85499
2026-08-15 18:00:00,0.85496,0.85501,0.85494,0.85498
2026-08-15 18:15:00,0.85496,0.85506,0.85471,0.85494
2026-08-15 18:30:00,0.85495,0.85501,0.85494,0.85495
2026-08-15 18:45:00,0.85495,0.85502,0.8548,0.85499
2026-08-15 19:00:00,0.85496,0.855,0.85466,0.85499
2026-08-15 19:15:00,0.85496,0.85501,0.85493,0.85495
2026-08-15 19:30:00,0.85496,0.85503,0.85477,0.85497
2026-08-15 19:45:00,0.85497,0.85502,0.85495,0.855
2026-08-15 20:00:00,0.85498,0.85508,0.85494,0.85502
2026-08-15 20:15:00,0.85499,0.85502,0.85486,0.85499
2026-08-15 20:30:00,0.85497,0.85503,0.85495,0.85497
2026-08-15 20:45:00,0.85498,0.85506,0.85468,0.85501
2026-08-15 21:00:00,0.85498,0.85503,0.85492,0.855
2026-08-15 21:15:00,0.85498,0.85504,0.85487,0.85501
2026-08-15 21:30:00,0.855,0.85513,0.85473,0.85493
2026-08-15 21:45:00,0.85497,0.85503,0.85494,0.855
2026-08-15 22:00:00,0.85498,0.85502,0.85466,0.85499
2026-08-15 22:15:00,0.85497,0.85502,0.85496,0.85499
2026-08-15 22:30:00,0.85498,0.855,0.85464,0.85496
2026-08-15 22:45:00,0.85497,0.85501,0.85466,0.85493
2026-08-15 23:00:00,0.85494,0.85499,0.85493,0.85498
2026-08-15 23:15:00,0.85496,0.85508,0.85473,0.85498
2026-08-15 23:30:00,0.855,0.85504,0.85499,0.85499
2026-08-15 23:45:00,0.855,0.85504,0.85475,0.85496
2026-08-16 00:00:00,0.85496,0.855,0.85476,0.85493
2026-08-16 00:15:00,0.85493,0.85497,0.85492,0.85495
2026-08-16 00:30:00,0.85493,0.85496,0.85473,0.85488
2026-08-16 00:45:00,0.85488,0.85492,0.85487,0.85488
2026-08-16 01:00:00,0.85488,0.85499,0.85482,0.85495
2026-08-16 01:15:00,0.85493,0.85497,0.85489,0.85493
2026-08-16 01:30:00,0.85491,0.85495,0.8549,0.85491
2026-08-16 01:45:00,0.85491,0.85495,0.85485,0.85489
2026-08-16 02:00:00,0.85489,0.8552,0.85458,0.85479
2026-08-16 02:15:00,0.85477,0.85499,0.85464,0.85485
2026-08-16 02:30:00,0.85484,0.85496,0.85474,0.85493
2026-08-16 02:45:00,0.85492,0.85496,0.85486,0.8549
2026-08-16 03:00:00,0.85491,0.85505,0.85459,0.85473
2026-08-16 03:15:00,0.85472,0.85491,0.8547,0.85489
2026-08-16 03:30:00,0.85488,0.85497,0.85466,0.85495
2026-08-16 03:45:00,0.85495,0.855,0.85465,0.85497
2026-08-16 04:00:00,0.85497,0.85497,0.85464,0.85492
2026-08-16 04:15:00,0.85487,0.85505,0.85469,0.85493
2026-08-16 04:30:00,0.85491,0.85498,0.8549,0.85495
2026-08-16 04:45:00,0.85494,0.85499,0.85471,0.85494
2026-08-16 05:00:00,0.85495,0.85515,0.85445,0.8548
2026-08-16 05:15:00,0.85477,0.85489,0.85471,0.85488
2026-08-16 05:30:00,0.85485,0.85494,0.85461,0.85491
2026-08-16 05:45:00,0.8549,0.85494,0.85489,0.8549
2026-08-16 06:00:00,0.8549,0.85522,0.85453,0.85481
2026-08-16 06:15:00,0.85481,0.85485,0.85471,0.85483
2026-08-16 06:30:00,0.85481,0.85485,0.8548,0.85483
2026-08-16 06:45:00,0.85481,0.85489,0.85473,0.85488
2026-08-16 07:00:00,0.85486,0.85488,0.85457,0.85471
2026-08-16 07:15:00,0.85471,0.85477,0.85449,0.85475
2026-08-16 07:30:00,0.85473,0.85498,0.85466,0.85495
2026-08-16 07:45:00,0.85493,0.85497,0.85466,0.85494
2026-08-16 08:00:00,0.85494,0.85498,0.85452,0.85483
2026-08-16 08:15:00,0.85483,0.85487,0.85482,0.85485
2026-08-16 08:30:00,0.85483,0.85487,0.85457,0.85485
2026-08-16 08:45:00,0.85483,0.85487,0.85462,0.85483
2026-08-16 09:00:00,0.85483,0.85486,0.85457,0.85463
2026-08-16 09:15:00,0.85464,0.85489,0.85463,0.85485
2026-08-16 09:30:00,0.85483,0.85487,0.85482,0.85485
2026-08-16 09:45:00,0.85483,0.85487,0.85477,0.85484
2026-08-16 10:00:00,0.85483,0.85491,0.85481,0.85487
2026-08-16 10:15:00,0.85487,0.8549,0.85472,0.85488
2026-08-16 10:30:00,0.85486,0.8549,0.85475,0.85487
2026-08-16 10:45:00,0.85485,0.85489,0.85484,0.85486
2026-08-16 11:00:00,0.85485,0.85496,0.85483,0.85491
2026-08-16 11:15:00,0.85492,0.85526,0.85489,0.85498
2026-08-16 11:30:00,0.85498,0.85499,0.85478,0.85496
2026-08-16 11:45:00,0.85494,0.85498,0.85478,0.85493
2026-08-16 12:00:00,0.85492,0.85496,0.85491,0.85491
2026-08-16 12:15:00,0.85491,0.85495,0.85478,0.85489
2026-08-16 12:30:00,0.85489,0.85515,0.85488,0.85501
2026-08-16 12:45:00,0.855,0.85502,0.85472,0.85499
2026-08-16 13:00:00,0.85497,0.85501,0.85482,0.85494
2026-08-16 13:15:00,0.85494,0.85498,0.85493,0.85494
2026-08-16 13:30:00,0.85494,0.85497,0.85482,0.85493
2026-08-16 13:45:00,0.85492,0.85496,0.8549,0.85493
2026-08-16 14:00:00,0.85492,0.85495,0.85482,0.8549
2026-08-16 14:15:00,0.8549,0.85498,0.85485,0.85494
2026-08-16 14:30:00,0.85495,0.85498,0.85493,0.85496
2026-08-16 14:45:00,0.85495,0.85498,0.85489,0.85492
2026-08-16 15:00:00,0.8549,0.85494,0.85489,0.8549
2026-08-16 15:15:00,0.8549,0.85492,0.85486,0.85488
2026-08-16 15:30:00,0.85488,0.85492,0.85485,0.85488
2026-08-16 15:45:00,0.85486,0.8549,0.85485,0.85488
2026-08-16 16:00:00,0.85486,0.8552,0.85476,0.85497
2026-08-16 16:15:00,0.85496,0.85513,0.8549,0.85492
2026-08-16 16:30:00,0.85492,0.85494,0.85473,0.85492
2026-08-16 16:45:00,0.8549,0.85494,0.85475,0.8549
2026-08-16 17:00:00,0.85489,0.85492,0.85487,0.8549
2026-08-16 17:15:00,0.85489,0.85492,0.85476,0.85487
2026-08-16 17:30:00,0.85487,0.85495,0.85486,0.85491
2026-08-16 17:45:00,0.85491,0.85497,0.85481,0.85495
2026-08-16 18:00:00,0.85493,0.85497,0.85486,0.85492
2026-08-16 18:15:00,0.85491,0.85495,0.8549,0.85491
2026-08-16 18:30:00,0.85491,0.85495,0.85486,0.85489
2026-08-16 18:45:00,0.85489,0.85493,0.85488,0.85491
2026-08-16 19:00:00,0.85489,0.85492,0.85485,0.85489
2026-08-16 19:15:00,0.85488,0.85494,0.85487,0.85489
2026-08-16 19:30:00,0.85489,0.85493,0.85488,0.85488
2026-08-16 19:45:00,0.85489,0.85492,0.85486,0.85487
2026-08-16 20:00:00,0.85486,0.8549,0.85485,0.85488
2026-08-16 20:15:00,0.85486,0.8549,0.85485,0.85486
2026-08-16 20:30:00,0.85486,0.8549,0.85485,0.85485
2026-08-16 20:45:00,0.85486,0.8549,0.85485,0.85487
2026-08-16 21:00:00,0.85486,0.8549,0.85485,0.85488
2026-08-16 21:15:00,0.85486,0.8549,0.85485,0.85487
2026-08-16 21:30:00,0.85486,0.85497,0.85485,0.85493
2026-08-16 21:45:00,0.85494,0.85498,0.85492,0.85494
2026-08-16 22:00:00,0.85494,0.85497,0.85492,0.85496
2026-08-16 22:15:00,0.85494,0.85498,0.85492,0.85495
2026-08-16 22:30:00,0.85494,0.85498,0.85492,0.85493
2026-08-16 22:45:00,0.85494,0.85498,0.85492,0.85494
2026-08-16 23:00:00,0.85494,0.85498,0.85493,0.85496
2026-08-16 23:15:00,0.85494,0.85527,0.85488,0.85501
2026-08-16 23:30:00,0.855,0.85504,0.85499,0.85499
2026-08-16 23:45:00,0.855,0.85504,0.85499,0.855
2026-08-17 00:00:00,0.855,0.8551,0.85492,0.85495
2026-08-17 00:15:00,0.85494,0.85498,0.8549,0.85496
2026-08-17 00:30:00,0.85494,0.85498,0.85493,0.85494
2026-08-17 00:45:00,0.85494,0.85511,0.85491,0.85501
2026-08-17 01:00:00,0.85501,0.85503,0.85344,0.85393
2026-08-17 01:15:00,0.85391,0.85557,0.85244,0.85305
2026-08-17 01:30:00,0.85303,0.85307,0.85302,0.85303
2026-08-17 01:45:00,0.85303,0.85359,0.85102,0.85307
2026-08-17 02:00:00,0.85307,0.85598,0.8522,0.8543
2026-08-17 02:15:00,0.85429,0.8545,0.85249,0.85318
2026-08-17 02:30:00,0.85316,0.85367,0.85228,0.85319
2026-08-17 02:45:00,0.85267,0.85425,0.85267,0.85401
2026-08-17 03:00:00,0.85402,0.85574,0.85328,0.85489
2026-08-17 03:15:00,0.85485,0.85499,0.85485,0.85495
2026-08-17 03:30:00,0.85493,0.85496,0.85318,0.85484
2026-08-17 03:45:00,0.85481,0.85497,0.85481,0.85493
2026-08-17 04:00:00,0.85493,0.85501,0.85478,0.85501
2026-08-17 04:15:00,0.85499,0.85503,0.85495,0.85501
2026-08-17 04:30:00,0.855,0.85518,0.85483,0.85484
2026-08-17 04:45:00,0.85484,0.85531,0.85449,0.85488
2026-08-17 05:00:00,0.85488,0.85508,0.85462,0.85478
2026-08-17 05:15:00,0.85483,0.85606,0.85408,0.85413
2026-08-17 05:30:00,0.85413,0.85616,0.85401,0.85492
2026-08-17 05:45:00,0.85486,0.85628,0.85406,0.85551
2026-08-17 06:00:00,0.85479,0.85617,0.85416,0.8545
2026-08-17 06:15:00,0.85456,0.8549,0.8545,0.85464
2026-08-17 06:30:00,0.85465,0.85494,0.8544,0.85488
2026-08-17 06:45:00,0.85481,0.85494,0.85428,0.85478
2026-08-17 07:00:00,0.85453,0.85483,0.85411,0.85416
2026-08-17 07:15:00,0.85425,0.85473,0.85424,0.85428
2026-08-17 07:30:00,0.85429,0.85488,0.85416,0.8546
2026-08-17 07:45:00,0.85438,0.85513,0.85425,0.85497
2026-08-17 08:00:00,0.85467,0.85506,0.85456,0.85473
2026-08-17 08:15:00,0.85475,0.85479,0.8546,0.85465
2026-08-17 08:30:00,0.85465,0.85468,0.85455,0.85466
2026-08-17 08:45:00,0.85464,0.85474,0.85457,0.85472
2026-08-17 09:00:00,0.85467,0.85467,0.85449,0.85455
2026-08-17 09:15:00,0.85458,0.85465,0.85456,0.8546
2026-08-17 09:30:00,0.8546,0.85464,0.85453,0.85457
2026-08-17 09:45:00,0.85455,0.85459,0.85433,0.85443
2026-08-17 10:00:00,0.8544,0.85455,0.85428,0.85449
2026-08-17 10:15:00,0.85452,0.85454,0.85432,0.85442
2026-08-17 10:30:00,0.85441,0.85442,0.85426,0.85436
2026-08-17 10:45:00,0.85434,0.85441,0.8542,0.85436
2026-08-17 11:00:00,0.85434,0.85445,0.85422,0.85443
2026-08-17 11:15:00,0.8544,0.85454,0.85433,0.85446
2026-08-17 11:30:00,0.85446,0.85459,0.85433,0.85458
2026-08-17 11:45:00,0.85453,0.85458,0.85444,0.85455
2026-08-17 12:00:00,0.85454,0.85466,0.85447,0.85465
2026-08-17 12:15:00,0.85463,0.85466,0.85453,0.85461
2026-08-17 12:30:00,0.8546,0.8547,0.85447,0.85462
2026-08-17 12:45:00,0.8546,0.85468,0.85453,0.8546
2026-08-17 13:00:00,0.85458,0.8547,0.85458,0.8546
2026-08-17 13:15:00,0.85461,0.85469,0.85455,0.85468
2026-08-17 13:30:00,0.85465,0.85476,0.85457,0.85475
2026-08-17 13:45:00,0.85474,0.85483,0.85467,0.85481
2026-08-17 14:00:00,0.85476,0.85483,0.8547,0.8548
2026-08-17 14:15:00,0.85479,0.85485,0.85469,0.85477
2026-08-17 14:30:00,0.85479,0.85485,0.8547,0.85484
2026-08-17 14:45:00,0.85483,0.8549,0.85475,0.85489
2026-08-17 15:00:00,0.85486,0.85494,0.8548,0.85486
2026-08-17 15:15:00,0.85484,0.85493,0.85481,0.85482
2026-08-17 15:30:00,0.85484,0.85492,0.85477,0.85491
2026-08-17 15:45:00,0.8549,0.85498,0.85467,0.85496
2026-08-17 16:00:00,0.85494,0.855,0.85476,0.8548
2026-08-17 16:15:00,0.8548,0.85518,0.8548,0.85515
2026-08-17 16:30:00,0.85511,0.8553,0.85492,0.85519
2026-08-17 16:45:00,0.8552,0.85531,0.8551,0.85528
2026-08-17 17:00:00,0.85526,0.85539,0.85507,0.85538
2026-08-17 17:15:00,0.85536,0.85567,0.85527,0.85564
2026-08-17 17:30:00,0.8556,0.85578,0.85548,0.85567
2026-08-17 17:45:00,0.85564,0.85589,0.85554,0.85576
2026-08-17 18:00:00,0.85575,0.85594,0.85547,0.85573
2026-08-17 18:15:00,0.85571,0.85596,0.85559,0.85585
2026-08-17 18:30:00,0.85585,0.85591,0.85563,0.85585
2026-08-17 18:45:00,0.85582,0.85602,0.85568,0.85585
2026-08-17 19:00:00,0.8558,0.85591,0.85556,0.85565
2026-08-17 19:15:00,0.85563,0.85579,0.85558,0.85563
2026-08-17 19:30:00,0.85565,0.85576,0.85538,0.85541
2026-08-17 19:45:00,0.85546,0.85548,0.85522,0.85533
2026-08-17 20:00:00,0.85531,0.85534,0.85502,0.85518
2026-08-17 20:15:00,0.85512,0.85526,0.85505,0.85509
2026-08-17 20:30:00,0.85511,0.85523,0.85484,0.85495
2026-08-17 20:45:00,0.85492,0.85516,0.85489,0.85507
2026-08-17 21:00:00,0.85504,0.85517,0.85492,0.85504
2026-08-17 21:15:00,0.85502,0.85515,0.85477,0.85479
2026-08-17 21:30:00,0.85479,0.85506,0.85478,0.85505
2026-08-17 21:45:00,0.85502,0.85517,0.85496,0.85515
2026-08-17 22:00:00,0.85509,0.8552,0.85485,0.85499
2026-08-17 22:15:00,0.85498,0.85521,0.85472,0.85511
2026-08-17 22:30:00,0.85508,0.8552,0.85493,0.85519
2026-08-17 22:45:00,0.85516,0.85541,0.85499,0.85529
2026-08-17 23:00:00,0.85531,0.85534,0.85497,0.8551
2026-08-17 23:15:00,0.85508,0.85511,0.8549,0.85505
2026-08-17 23:30:00,0.85504,0.85519,0.85488,0.85503
2026-08-17 23:45:00,0.85504,0.85531,0.85491,0.85513
2026-08-18 00:00:00,0.85517,0.85517,0.85474,0.85488
2026-08-18 00:15:00,0.8549,0.85503,0.85465,0.85482
2026-08-18 00:30:00,0.85486,0.85493,0.85464,0.85488
2026-08-18 00:45:00,0.85487,0.85515,0.85477,0.85504
2026-08-18 01:00:00,0.85501,0.8551,0.85468,0.85479
2026-08-18 01:15:00,0.85477,0.85479,0.85452,0.8546
2026-08-18 01:30:00,0.85458,0.85468,0.85441,0.85461
2026-08-18 01:45:00,0.85458,0.85477,0.85454,0.85455
2026-08-18 02:00:00,0.85458,0.85467,0.85441,0.85461
2026-08-18 02:15:00,0.85458,0.85465,0.85447,0.85458
2026-08-18 02:30:00,0.85457,0.85467,0.85445,0.85466
2026-08-18 02:45:00,0.85464,0.85474,0.85451,0.85472
2026-08-18 03:00:00,0.85469,0.85474,0.85457,0.85461
2026-08-18 03:15:00,0.85461,0.85477,0.85453,0.85475
2026-08-18 03:30:00,0.85469,0.85485,0.85457,0.85478
2026-08-18 03:45:00,0.85477,0.85486,0.85464,0.85479
2026-08-18 04:00:00,0.85477,0.85488,0.85468,0.85472
2026-08-18 04:15:00,0.85476,0.85488,0.85463,0.85487
2026-08-18 04:30:00,0.85485,0.85489,0.8547,0.85485
2026-08-18 04:45:00,0.85483,0.85493,0.85478,0.85482
2026-08-18 05:00:00,0.85487,0.85505,0.85475,0.85503
2026-08-18 05:15:00,0.85499,0.85506,0.85489,0.85501
2026-08-18 05:30:00,0.85499,0.85504,0.85491,0.855
2026-08-18 05:45:00,0.85498,0.85503,0.85488,0.85491
2026-08-18 06:00:00,0.85494,0.85506,0.8547,0.85499
2026-08-18 06:15:00,0.85499,0.85501,0.85479,0.85486
2026-08-18 06:30:00,0.85484,0.85498,0.85479,0.85495
2026-08-18 06:45:00,0.85494,0.85515,0.85487,0.85514
2026-08-18 07:00:00,0.85511,0.85539,0.85461,0.85479
2026-08-18 07:15:00,0.85475,0.85494,0.85463,0.85489
2026-08-18 07:30:00,0.85485,0.85496,0.85484,0.85495
2026-08-18 07:45:00,0.85492,0.85507,0.85484,0.85495
2026-08-18 08:00:00,0.85497,0.85502,0.85483,0.8549
2026-08-18 08:15:00,0.85491,0.85497,0.85482,0.85488
2026-08-18 08:30:00,0.85488,0.85501,0.85486,0.85492
2026-08-18 08:45:00,0.85489,0.85498,0.85487,0.85492
2026-08-18 09:00:00,0.85491,0.85501,0.85484,0.85489
2026-08-18 09:15:00,0.8549,0.85495,0.85485,0.85489
2026-08-18 09:30:00,0.85487,0.85493,0.85474,0.85482
2026-08-18 09:45:00,0.85479,0.85485,0.85472,0.85479
2026-08-18 10:00:00,0.85479,0.85484,0.85466,0.8547
2026-08-18 10:15:00,0.85473,0.85477,0.85462,0.85471
2026-08-18 10:30:00,0.85471,0.85484,0.85465,0.85478
2026-08-18 10:45:00,0.85476,0.85486,0.85467,0.85479
2026-08-18 11:00:00,0.85478,0.85489,0.85473,0.8548
2026-08-18 11:15:00,0.85483,0.85491,0.85469,0.85486
2026-08-18 11:30:00,0.85485,0.85486,0.85465,0.85482
2026-08-18 11:45:00,0.8548,0.85487,0.85471,0.85485
2026-08-18 12:00:00,0.85483,0.85484,0.85471,0.85476
2026-08-18 12:15:00,0.85477,0.85492,0.85474,0.85491
2026-08-18 12:30:00,0.85489,0.85502,0.85483,0.85487
2026-08-18 12:45:00,0.85485,0.85493,0.85483,0.85491
2026-08-18 13:00:00,0.85489,0.85501,0.85479,0.855
2026-08-18 13:15:00,0.85498,0.85511,0.85488,0.85509
2026-08-18 13:30:00,0.85505,0.85509,0.85489,0.85498
2026-08-18 13:45:00,0.85497,0.85511,0.85491,0.85507
2026-08-18 14:00:00,0.85505,0.85513,0.85501,0.85512
2026-08-18 14:15:00,0.8551,0.85513,0.85481,0.85491
2026-08-18 14:30:00,0.85492,0.85503,0.85486,0.85492
2026-08-18 14:45:00,0.85496,0.85504,0.85487,0.8549
2026-08-18 15:00:00,0.85494,0.85497,0.85485,0.85489
2026-08-18 15:15:00,0.85489,0.85492,0.85478,0.85481
2026-08-18 15:30:00,0.85483,0.85491,0.85474,0.8549
2026-08-18 15:45:00,0.85487,0.85497,0.85478,0.85492
2026-08-18 16:00:00,0.85489,0.85555,0.85483,0.85526
2026-08-18 16:15:00,0.85523,0.85537,0.85508,0.85513
2026-08-18 16:30:00,0.85515,0.85532,0.85498,0.8553
2026-08-18 16:45:00,0.85526,0.85566,0.85523,0.85542
2026-08-18 17:00:00,0.85543,0.85582,0.85538,0.85567
2026-08-18 17:15:00,0.85571,0.85584,0.85557,0.85579
2026-08-18 17:30:00,0.85576,0.85586,0.85554,0.85556
2026-08-18 17:45:00,0.8556,0.85575,0.85545,0.85557
2026-08-18 18:00:00,0.85555,0.85563,0.85538,0.85551
2026-08-18 18:15:00,0.85548,0.85558,0.85536,0.85537
2026-08-18 18:30:00,0.8554,0.85554,0.85533,0.85545
2026-08-18 18:45:00,0.85548,0.85563,0.85539,0.8555
2026-08-18 19:00:00,0.85547,0.85557,0.85537,0.85553
2026-08-18 19:15:00,0.85551,0.85564,0.85543,0.85551
2026-08-18 19:30:00,0.85554,0.85567,0.85545,0.85562
2026-08-18 19:45:00,0.8556,0.85572,0.85547,0.85571
2026-08-18 20:00:00,0.85568,0.85581,0.8556,0.85577
2026-08-18 20:15:00,0.85575,0.85587,0.85564,0.85568
2026-08-18 20:30:00,0.85573,0.85575,0.85556,0.85569
2026-08-18 20:45:00,0.85565,0.85588,0.85553,0.85587
2026-08-18 21:00:00,0.85586,0.85603,0.8557,0.85584
2026-08-18 21:15:00,0.85581,0.85598,0.85574,0.85596
2026-08-18 21:30:00,0.85594,0.856,0.85581,0.85591
2026-08-18 21:45:00,0.85596,0.856,0.85573,0.8558
2026-08-18 22:00:00,0.85579,0.85596,0.85567,0.85591
2026-08-18 22:15:00,0.85587,0.85587,0.85554,0.85568
2026-08-18 22:30:00,0.85568,0.85571,0.85549,0.85559
2026-08-18 22:45:00,0.85559,0.85565,0.85532,0.85536
2026-08-18 23:00:00,0.85544,0.85547,0.85517,0.85534
2026-08-18 23:15:00,0.85532,0.85542,0.85515,0.85528
2026-08-18 23:30:00,0.85526,0.85547,0.85509,0.85524
2026-08-18 23:45:00,0.85532,0.85569,0.85526,0.85527
2026-08-19 00:00:00,0.85528,0.85554,0.85514,0.85552
2026-08-19 00:15:00,0.8555,0.85554,0.85521,0.85542
2026-08-19 00:30:00,0.85539,0.85548,0.85512,0.85516
2026-08-19 00:45:00,0.85523,0.85533,0.85489,0.85507
2026-08-19 01:00:00,0.85518,0.85542,0.85501,0.85528
2026-08-19 01:15:00,0.85526,0.85532,0.85503,0.85525
2026-08-19 01:30:00,0.85522,0.85532,0.85509,0.85529
2026-08-19 01:45:00,0.85528,0.85532,0.85497,0.85501
2026-08-19 02:00:00,0.85505,0.85531,0.85495,0.85531
2026-08-19 02:15:00,0.85529,0.85535,0.85503,0.85526
2026-08-19 02:30:00,0.85522,0.85522,0.855,0.85511
2026-08-19 02:45:00,0.85508,0.85523,0.85505,0.85518
2026-08-19 03:00:00,0.85519,0.85535,0.85507,0.85534
2026-08-19 03:15:00,0.85532,0.85536,0.85517,0.8553
2026-08-19 03:30:00,0.85526,0.85537,0.85517,0.85534
2026-08-19 03:45:00,0.85533,0.85537,0.85521,0.85535
2026-08-19 04:00:00,0.85533,0.85539,0.85523,0.85538
2026-08-19 04:15:00,0.85534,0.85539,0.85517,0.85524
2026-08-19 04:30:00,0.85522,0.85529,0.85515,0.85526
2026-08-19 04:45:00,0.85525,0.85539,0.85521,0.85533
2026-08-19 05:00:00,0.85534,0.85537,0.85523,0.85526
2026-08-19 05:15:00,0.85529,0.85536,0.85521,0.8553
2026-08-19 05:30:00,0.85528,0.8554,0.85524,0.85538
2026-08-19 05:45:00,0.85536,0.85539,0.85518,0.85533
2026-08-19 06:00:00,0.85531,0.85538,0.85523,0.85528
2026-08-19 06:15:00,0.85532,0.85545,0.85526,0.85543
2026-08-19 06:30:00,0.85542,0.85544,0.85529,0.85542
2026-08-19 06:45:00,0.85539,0.85553,0.85526,0.85551
2026-08-19 07:00:00,0.85548,0.85555,0.85504,0.85522
2026-08-19 07:15:00,0.85525,0.85561,0.85522,0.85554
2026-08-19 07:30:00,0.85553,0.85553,0.85531,0.85548
2026-08-19 07:45:00,0.85541,0.85567,0.85528,0.85557
2026-08-19 08:00:00,0.85548,0.85549,0.85513,0.85541
2026-08-19 08:15:00,0.85539,0.85548,0.85534,0.85544
2026-08-19 08:30:00,0.85543,0.85546,0.85536,0.85542
2026-08-19 08:45:00,0.8554,0.85547,0.85533,0.85538
2026-08-19 09:00:00,0.85538,0.85542,0.8553,0.85531
2026-08-19 09:15:00,0.85534,0.85542,0.85522,0.85536
2026-08-19 09:30:00,0.85534,0.85538,0.85521,0.85531
2026-08-19 09:45:00,0.85529,0.85533,0.85518,0.85524
2026-08-19 10:00:00,0.85522,0.85533,0.85509,0.85529
2026-08-19 10:15:00,0.85527,0.85541,0.85521,0.85532
2026-08-19 10:30:00,0.85532,0.85536,0.85515,0.85527
2026-08-19 10:45:00,0.85525,0.85556,0.85519,0.85539
2026-08-19 11:00:00,0.85546,0.85556,0.85537,0.85555
2026-08-19 11:15:00,0.85553,0.85568,0.85547,0.85558
2026-08-19 11:30:00,0.85558,0.8558,0.85551,0.8558
2026-08-19 11:45:00,0.85578,0.85578,0.85558,0.85564
2026-08-19 12:00:00,0.85563,0.85566,0.85551,0.85556
2026-08-19 12:15:00,0.85557,0.85583,0.85537,0.85569
2026-08-19 12:30:00,0.85567,0.85569,0.85547,0.85554
2026-08-19 12:45:00,0.85552,0.85561,0.85535,0.85544
2026-08-19 13:00:00,0.85542,0.85565,0.8554,0.85564
2026-08-19 13:15:00,0.85562,0.85567,0.85547,0.85547
2026-08-19 13:30:00,0.85549,0.85558,0.85538,0.85553
2026-08-19 13:45:00,0.85553,0.85559,0.85543,0.85551
2026-08-19 14:00:00,0.85549,0.85558,0.85548,0.85555
2026-08-19 14:15:00,0.85555,0.85563,0.85548,0.85555
2026-08-19 14:30:00,0.85558,0.8557,0.85555,0.8556
2026-08-19 14:45:00,0.85561,0.85568,0.85551,0.85559
2026-08-19 15:00:00,0.85557,0.85567,0.85551,0.85559
2026-08-19 15:15:00,0.8556,0.8557,0.85555,0.85561
2026-08-19 15:30:00,0.85562,0.85565,0.85552,0.8556
2026-08-19 15:45:00,0.85558,0.8557,0.85554,0.85569
2026-08-19 16:00:00,0.85565,0.85578,0.85544,0.85576
2026-08-19 16:15:00,0.85575,0.8558,0.85542,0.85572
2026-08-19 16:30:00,0.85568,0.85583,0.85556,0.85581
2026-08-19 16:45:00,0.85578,0.85579,0.85558,0.85562
2026-08-19 17:00:00,0.85566,0.85568,0.85534,0.85561
2026-08-19 17:15:00,0.85557,0.85587,0.85554,0.85571
2026-08-19 17:30:00,0.85568,0.85582,0.85538,0.85544
2026-08-19 17:45:00,0.85555,0.85561,0.85539,0.85544
2026-08-19 18:00:00,0.85549,0.85571,0.85538,0.85543
2026-08-19 18:15:00,0.85549,0.85559,0.85536,0.85556
2026-08-19 18:30:00,0.85555,0.85573,0.85551,0.85564
2026-08-19 18:45:00,0.85561,0.85574,0.85531,0.85573
2026-08-19 19:00:00,0.8557,0.85596,0.85566,0.85589
2026-08-19 19:15:00,0.85585,0.85615,0.85574,0.85613
2026-08-19 19:30:00,0.85609,0.85625,0.856,0.85622
2026-08-19 19:45:00,0.85621,0.85623,0.85596,0.85607
2026-08-19 20:00:00,0.85605,0.85626,0.85597,0.85617
2026-08-19 20:15:00,0.85616,0.85619,0.85598,0.85612
2026-08-19 20:30:00,0.85612,0.85612,0.85598,0.85602
2026-08-19 20:45:00,0.85604,0.85623,0.85593,0.85622
2026-08-19 21:00:00,0.8562,0.8563,0.85592,0.85626
2026-08-19 21:15:00,0.85622,0.85622,0.85607,0.85616
2026-08-19 21:30:00,0.85614,0.85629,0.85608,0.85626
2026-08-19 21:45:00,0.85621,0.85627,0.85608,0.85611
2026-08-19 22:00:00,0.85612,0.85615,0.85596,0.85601
2026-08-19 22:15:00,0.85599,0.85606,0.85578,0.85583
2026-08-19 22:30:00,0.85591,0.85636,0.85541,0.85584
2026-08-19 22:45:00,0.85588,0.85614,0.85548,0.85565
2026-08-19 23:00:00,0.85586,0.85608,0.8556,0.85563
2026-08-19 23:15:00,0.85567,0.85573,0.85508,0.8554
2026-08-19 23:30:00,0.85545,0.85591,0.85526,0.85579
2026-08-19 23:45:00,0.85572,0.85625,0.8556,0.85584
2026-08-20 00:00:00,0.8559,0.85659,0.85576,0.8565
2026-08-20 00:15:00,0.85637,0.85679,0.85625,0.8566
2026-08-20 00:30:00,0.85663,0.85701,0.85654,0.85686
2026-08-20 00:45:00,0.8569,0.85725,0.85676,0.85691
2026-08-20 01:00:00,0.85698,0.85723,0.85667,0.85687
2026-08-20 01:15:00,0.8568,0.8572,0.85672,0.85716
2026-08-20 01:30:00,0.85709,0.85732,0.8568,0.8573
2026-08-20 01:45:00,0.85728,0.85746,0.85696,0.85728
2026-08-20 02:00:00,0.85729,0.85753,0.85722,0.8575
2026-08-20 02:15:00,0.85748,0.85755,0.85721,0.85728
2026-08-20 02:30:00,0.85735,0.8575,0.8573,0.85748
2026-08-20 02:45:00,0.85747,0.85748,0.85714,0.8574
2026-08-20 03:00:00,0.85736,0.85759,0.85719,0.8575
2026-08-20 03:15:00,0.8575,0.85786,0.85748,0.85784
2026-08-20 03:30:00,0.85778,0.85791,0.85764,0.85767
2026-08-20 03:45:00,0.85772,0.85794,0.85762,0.85783
2026-08-20 04:00:00,0.85786,0.85817,0.85772,0.85794
2026-08-20 04:15:00,0.85797,0.85811,0.85775,0.85802
2026-08-20 04:30:00,0.858,0.85818,0.85783,0.85792
2026-08-20 04:45:00,0.85791,0.85795,0.85768,0.8579
2026-08-20 05:00:00,0.8579,0.85808,0.85773,0.85798
2026-08-20 05:15:00,0.85795,0.85805,0.85785,0.85792
2026-08-20 05:30:00,0.85792,0.85813,0.85784,0.85797
2026-08-20 05:45:00,0.85796,0.85817,0.85779,0.85813
2026-08-20 06:00:00,0.85809,0.8583,0.85795,0.85828
2026-08-20 06:15:00,0.85826,0.85845,0.8582,0.85831
2026-08-20 06:30:00,0.85835,0.85848,0.85827,0.85832
2026-08-20 06:45:00,0.85831,0.85836,0.85819,0.85823
2026-08-20 07:00:00,0.85823,0.85851,0.85806,0.8583
2026-08-20 07:15:00,0.85827,0.85833,0.85741,0.8579
2026-08-20 07:30:00,0.8579,0.85823,0.85789,0.85794
2026-08-20 07:45:00,0.85795,0.85842,0.8579,0.85818
2026-08-20 08:00:00,0.85814,0.85843,0.85806,0.85823
2026-08-20 08:15:00,0.85827,0.85832,0.85814,0.85819
2026-08-20 08:30:00,0.8582,0.85822,0.85806,0.85821
2026-08-20 08:45:00,0.85819,0.85828,0.8581,0.85818
2026-08-20 09:00:00,0.85822,0.85832,0.85814,0.85827
2026-08-20 09:15:00,0.85827,0.85835,0.85818,0.85834
2026-08-20 09:30:00,0.85831,0.8584,0.85827,0.85834
2026-08-20 09:45:00,0.85832,0.85844,0.85824,0.85841
2026-08-20 10:00:00,0.8584,0.85854,0.85823,0.85841
2026-08-20 10:15:00,0.85845,0.85853,0.85828,0.85841
2026-08-20 10:30:00,0.85838,0.85846,0.85824,0.85844
2026-08-20 10:45:00,0.85842,0.8585,0.85834,0.85847
2026-08-20 11:00:00,0.85845,0.85854,0.85829,0.85838
2026-08-20 11:15:00,0.85841,0.85853,0.8583,0.85846
2026-08-20 11:30:00,0.85841,0.85859,0.85821,0.85832
2026-08-20 11:45:00,0.85836,0.85838,0.85806,0.85808
2026-08-20 12:00:00,0.8581,0.85831,0.85798,0.85811
2026-08-20 12:15:00,0.85811,0.85827,0.85794,0.85818
2026-08-20 12:30:00,0.85821,0.85831,0.85809,0.85824
2026-08-20 12:45:00,0.85823,0.85827,0.85806,0.85814
2026-08-20 13:00:00,0.85812,0.85819,0.85799,0.85816
2026-08-20 13:15:00,0.85809,0.85816,0.85785,0.85788
2026-08-20 13:30:00,0.85791,0.85798,0.85783,0.85787
2026-08-20 13:45:00,0.85787,0.85795,0.85781,0.85793
2026-08-20 14:00:00,0.85791,0.85796,0.85781,0.85782
2026-08-20 14:15:00,0.85782,0.85792,0.85775,0.8578
2026-08-20 14:30:00,0.85783,0.85791,0.85776,0.85788
2026-08-20 14:45:00,0.85786,0.85796,0.85774,0.8579
2026-08-20 15:00:00,0.85789,0.85791,0.85779,0.85788
2026-08-20 15:15:00,0.85788,0.85798,0.8578,0.85795
2026-08-20 15:30:00,0.85792,0.85807,0.85783,0.85806
2026-08-20 15:45:00,0.85802,0.85834,0.858,0.85828
2026-08-20 16:00:00,0.85825,0.85836,0.85808,0.85816
2026-08-20 16:15:00,0.85815,0.8583,0.85799,0.85823
2026-08-20 16:30:00,0.8582,0.85839,0.85806,0.85829
2026-08-20 16:45:00,0.85827,0.85855,0.85823,0.85842
2026-08-20 17:00:00,0.85835,0.85853,0.85816,0.85825
2026-08-20 17:15:00,0.85822,0.85822,0.85795,0.85798
2026-08-20 17:30:00,0.858,0.85818,0.85759,0.85787
2026-08-20 17:45:00,0.85784,0.85812,0.85768,0.85811
2026-08-20 18:00:00,0.85808,0.85823,0.85797,0.85808
2026-08-20 18:15:00,0.85808,0.85808,0.85735,0.85749
2026-08-20 18:30:00,0.85752,0.85808,0.85744,0.85805
2026-08-20 18:45:00,0.85801,0.85807,0.85777,0.85797
2026-08-20 19:00:00,0.85795,0.85817,0.85787,0.858
2026-08-20 19:15:00,0.85807,0.85823,0.85796,0.85806
2026-08-20 19:30:00,0.85805,0.85805,0.85777,0.85791
2026-08-20 19:45:00,0.85786,0.85801,0.85763,0.85785
2026-08-20 20:00:00,0.85786,0.85801,0.85735,0.85738
2026-08-20 20:15:00,0.85742,0.85762,0.85726,0.85739
2026-08-20 20:30:00,0.85738,0.85754,0.85719,0.85751
2026-08-20 20:45:00,0.85748,0.85756,0.85719,0.85726
2026-08-20 21:00:00,0.8573,0.85766,0.85718,0.8575
2026-08-20 21:15:00,0.85752,0.85762,0.85728,0.85736
2026-08-20 21:30:00,0.85744,0.85751,0.85714,0.85736
2026-08-20 21:45:00,0.85732,0.85742,0.85698,0.85714
2026-08-20 22:00:00,0.85711,0.85746,0.857,0.85716
2026-08-20 22:15:00,0.85714,0.85718,0.85679,0.85704
2026-08-20 22:30:00,0.85707,0.85726,0.85693,0.85701
2026-08-20 22:45:00,0.85703,0.85712,0.85669,0.8567
2026-08-20 23:00:00,0.85673,0.85685,0.85636,0.85667
2026-08-20 23:15:00,0.85664,0.85683,0.85645,0.85674
2026-08-20 23:30:00,0.85673,0.85692,0.8565,0.85662
2026-08-20 23:45:00,0.85663,0.85663,0.85622,0.8563
2026-08-21 00:00:00,0.85636,0.8566,0.85608,0.85659
2026-08-21 00:15:00,0.85656,0.85681,0.85633,0.85642
2026-08-21 00:30:00,0.85644,0.85692,0.85644,0.85681
2026-08-21 00:45:00,0.85683,0.85713,0.85681,0.85704
2026-08-21 01:00:00,0.85701,0.8571,0.85652,0.85663
2026-08-21 01:15:00,0.85664,0.85688,0.85639,0.85646
2026-08-21 01:30:00,0.85658,0.85672,0.8563,0.85644
2026-08-21 01:45:00,0.85656,0.85664,0.85628,0.85647
2026-08-21 02:00:00,0.85643,0.85658,0.85635,0.85647
2026-08-21 02:15:00,0.85646,0.85659,0.85636,0.85657
2026-08-21 02:30:00,0.85655,0.85665,0.85637,0.85641
2026-08-21 02:45:00,0.85643,0.85654,0.85623,0.85631
2026-08-21 03:00:00,0.85633,0.85663,0.85632,0.85657
2026-08-21 03:15:00,0.85656,0.85675,0.85652,0.85673
2026-08-21 03:30:00,0.85669,0.85677,0.85658,0.85672
2026-08-21 03:45:00,0.85668,0.85674,0.85662,0.85666
2026-08-21 04:00:00,0.85667,0.85685,0.85661,0.85684
2026-08-21 04:15:00,0.85682,0.85694,0.85673,0.85679
2026-08-21 04:30:00,0.85677,0.8569,0.85673,0.85687
2026-08-21 04:45:00,0.85686,0.85692,0.8567,0.85672
2026-08-21 05:00:00,0.85678,0.85681,0.85662,0.85667
2026-08-21 05:15:00,0.85669,0.85678,0.85663,0.8567
2026-08-21 05:30:00,0.85673,0.85683,0.85664,0.85677
2026-08-21 05:45:00,0.85676,0.85689,0.85665,0.85687
2026-08-21 06:00:00,0.85684,0.85692,0.85672,0.85676
2026-08-21 06:15:00,0.85677,0.85689,0.85671,0.85684
2026-08-21 06:30:00,0.85682,0.85689,0.85673,0.85675
2026-08-21 06:45:00,0.85678,0.85682,0.85664,0.85681
2026-08-21 07:00:00,0.8568,0.85706,0.85673,0.85678
2026-08-21 07:15:00,0.85682,0.85692,0.85661,0.85677
2026-08-21 07:30:00,0.85675,0.85685,0.85669,0.85678
2026-08-21 07:45:00,0.85679,0.85686,0.85662,0.85664
2026-08-21 08:00:00,0.85668,0.85688,0.85663,0.85678
2026-08-21 08:15:00,0.85679,0.85691,0.85671,0.85684
2026-08-21 08:30:00,0.85683,0.85689,0.85676,0.85685
2026-08-21 08:45:00,0.85684,0.85686,0.8567,0.85682
2026-08-21 09:00:00,0.85679,0.85684,0.85669,0.85674
2026-08-21 09:15:00,0.85676,0.85686,0.8567,0.85677
2026-08-21 09:30:00,0.85676,0.85685,0.85664,0.85678
2026-08-21 09:45:00,0.85676,0.8568,0.85665,0.8567
2026-08-21 10:00:00,0.85669,0.85675,0.85658,0.85662
2026-08-21 10:15:00,0.85663,0.85681,0.85652,0.85677
2026-08-21 10:30:00,0.8567,0.85677,0.85655,0.85674
2026-08-21 10:45:00,0.85672,0.85675,0.85664,0.8567
2026-08-21 11:00:00,0.85668,0.85684,0.85663,0.85671
2026-08-21 11:15:00,0.85677,0.85684,0.85666,0.85677
2026-08-21 11:30:00,0.85674,0.8568,0.85654,0.85671
2026-08-21 11:45:00,0.8567,0.85683,0.85666,0.8568
2026-08-21 12:00:00,0.85678,0.85691,0.85671,0.85684
2026-08-21 12:15:00,0.85686,0.857,0.85677,0.85681
2026-08-21 12:30:00,0.85688,0.85693,0.85674,0.85688
2026-08-21 12:45:00,0.85684,0.85704,0.85675,0.85703
2026-08-21 13:00:00,0.85699,0.85706,0.85683,0.85694
2026-08-21 13:15:00,0.85696,0.85704,0.85687,0.85701
2026-08-21 13:30:00,0.85699,0.85704,0.85689,0.85692
2026-08-21 13:45:00,0.85694,0.85702,0.85686,0.857
2026-08-21 14:00:00,0.85698,0.85711,0.85689,0.85707
2026-08-21 14:15:00,0.85708,0.85721,0.85698,0.85709
2026-08-21 14:30:00,0.85714,0.85727,0.85703,0.85705
2026-08-21 14:45:00,0.85708,0.85715,0.85697,0.85711
2026-08-21 15:00:00,0.85709,0.85711,0.85693,0.85709
2026-08-21 15:15:00,0.85707,0.85709,0.85694,0.85705
2026-08-21 15:30:00,0.85702,0.85711,0.8569,0.85703
2026-08-21 15:45:00,0.85706,0.85711,0.85681,0.85688
2026-08-21 16:00:00,0.85686,0.85711,0.85675,0.85696
2026-08-21 16:15:00,0.85694,0.85708,0.85681,0.85695
2026-08-21 16:30:00,0.85696,0.85705,0.85674,0.85694
2026-08-21 16:45:00,0.85699,0.85712,0.85682,0.85704
2026-08-21 17:00:00,0.85698,0.8572,0.85683,0.85706
2026-08-21 17:15:00,0.85705,0.85708,0.85668,0.85674
2026-08-21 17:30:00,0.85675,0.85685,0.85641,0.8567
2026-08-21 17:45:00,0.85664,0.85708,0.85645,0.85706
2026-08-21 18:00:00,0.85701,0.85741,0.85694,0.85737
2026-08-21 18:15:00,0.85727,0.85739,0.85703,0.85705
2026-08-21 18:30:00,0.8571,0.85711,0.85673,0.85699
2026-08-21 18:45:00,0.85695,0.85714,0.85667,0.85671
2026-08-21 19:00:00,0.85679,0.85679,0.85622,0.85642
2026-08-21 19:15:00,0.8564,0.85682,0.85632,0.8568
2026-08-21 19:30:00,0.85676,0.85697,0.85669,0.85678
2026-08-21 19:45:00,0.85685,0.85698,0.85674,0.85692
2026-08-21 20:00:00,0.85689,0.85692,0.85662,0.85686
2026-08-21 20:15:00,0.85682,0.85696,0.85673,0.85676
2026-08-21 20:30:00,0.85679,0.85704,0.85674,0.85697
2026-08-21 20:45:00,0.85699,0.85761,0.8569,0.85752
2026-08-21 21:00:00,0.85747,0.85747,0.85713,0.85716
2026-08-21 21:15:00,0.8572,0.8572,0.85682,0.85686
2026-08-21 21:30:00,0.85692,0.85711,0.85651,0.85668
2026-08-21 21:45:00,0.8567,0.85696,0.85667,0.8567
2026-08-21 22:00:00,0.85672,0.85688,0.85656,0.85676
2026-08-21 22:15:00,0.85674,0.85677,0.85636,0.85659
2026-08-21 22:30:00,0.85657,0.85703,0.85635,0.8567
2026-08-21 22:45:00,0.85675,0.85696,0.85661,0.85686
2026-08-21 23:00:00,0.85689,0.85704,0.85665,0.85704
2026-08-21 23:15:00,0.85703,0.85704,0.85668,0.85682
2026-08-21 23:30:00,0.85675,0.85684,0.85648,0.85659
2026-08-21 23:45:00,0.85661,0.85663,0.85615,0.85633
2026-08-22 00:00:00,0.8563,0.85639,0.85605,0.85625
2026-08-22 00:15:00,0.85622,0.8563,0.85599,0.85623
2026-08-22 00:30:00,0.8562,0.85691,0.85605,0.85669
2026-08-22 00:45:00,0.85673,0.85694,0.85637,0.85682
2026-08-22 01:00:00,0.85678,0.85684,0.85658,0.85674
2026-08-22 01:15:00,0.85669,0.85685,0.85657,0.85674
2026-08-22 01:30:00,0.85664,0.85675,0.85629,0.85647
2026-08-22 01:45:00,0.85649,0.85663,0.85638,0.85649
2026-08-22 02:00:00,0.85651,0.85661,0.8562,0.85652
2026-08-22 02:15:00,0.8565,0.85691,0.85629,0.85643
2026-08-22 02:30:00,0.85645,0.85647,0.85623,0.85634
2026-08-22 02:45:00,0.85633,0.85647,0.85623,0.8563
2026-08-22 03:00:00,0.85632,0.85634,0.85603,0.85615
2026-08-22 03:15:00,0.85613,0.85621,0.85602,0.85614
2026-08-22 03:30:00,0.8561,0.85613,0.85585,0.85597
2026-08-22 03:45:00,0.85599,0.85608,0.85571,0.85573
2026-08-22 04:00:00,0.85578,0.85586,0.85564,0.85577
2026-08-22 04:15:00,0.85575,0.85582,0.85564,0.85573
2026-08-22 04:30:00,0.8557,0.85582,0.85568,0.8558
2026-08-22 04:45:00,0.85577,0.85587,0.85569,0.85585
2026-08-22 05:00:00,0.85582,0.85588,0.85564,0.85571
2026-08-22 05:15:00,0.85576,0.85582,0.85568,0.85578
2026-08-22 05:30:00,0.85577,0.85588,0.85561,0.85586
2026-08-22 05:45:00,0.85584,0.85586,0.85561,0.85579
2026-08-22 06:00:00,0.85579,0.85583,0.85562,0.85564
2026-08-22 06:15:00,0.85568,0.85577,0.85563,0.85566
2026-08-22 06:30:00,0.85569,0.85585,0.85559,0.85578
2026-08-22 06:45:00,0.85575,0.85587,0.85569,0.85571
2026-08-22 07:00:00,0.85574,0.85689,0.85572,0.85614
2026-08-22 07:15:00,0.85624,0.85695,0.85592,0.85622
2026-08-22 07:30:00,0.85622,0.85702,0.85592,0.85667
2026-08-22 07:45:00,0.85621,0.85696,0.856,0.8567
2026-08-22 08:00:00,0.85633,0.8569,0.85585,0.85628
2026-08-22 08:15:00,0.85621,0.85693,0.8559,0.85643
2026-08-22 08:30:00,0.85625,0.85692,0.85616,0.85672
2026-08-22 08:45:00,0.85636,0.85695,0.8562,0.85632
2026-08-22 09:00:00,0.85632,0.85696,0.85574,0.85621
2026-08-22 09:15:00,0.85623,0.85692,0.85608,0.8563
2026-08-22 09:30:00,0.85632,0.85695,0.8562,0.85647
2026-08-22 09:45:00,0.85636,0.85693,0.85626,0.8563
2026-08-22 10:00:00,0.85631,0.85696,0.85566,0.8557
2026-08-22 10:15:00,0.8557,0.8562,0.85554,0.8557
2026-08-22 10:30:00,0.8557,0.85573,0.85568,0.8557
2026-08-22 10:45:00,0.85569,0.85691,0.85562,0.8557
2026-08-22 11:00:00,0.85569,0.85573,0.85568,0.85568
2026-08-22 11:15:00,0.85569,0.85603,0.85553,0.85569
2026-08-22 11:30:00,0.85569,0.85677,0.85562,0.85572
2026-08-22 11:45:00,0.85581,0.85581,0.85567,0.8557
2026-08-22 12:00:00,0.85568,0.85661,0.85566,0.85569
2026-08-22 12:15:00,0.85569,0.85573,0.85568,0.85569
2026-08-22 12:30:00,0.85569,0.85681,0.85554,0.8557
2026-08-22 12:45:00,0.85569,0.85683,0.85563,0.85589
2026-08-22 13:00:00,0.85583,0.85583,0.85573,0.85573
2026-08-22 13:15:00,0.85574,0.85704,0.85569,0.85581
2026-08-22 13:30:00,0.85579,0.85581,0.85569,0.85574
2026-08-22 13:45:00,0.85574,0.85701,0.85573,0.8558
2026-08-22 14:00:00,0.85578,0.85636,0.85555,0.85578
2026-08-22 14:15:00,0.8558,0.85582,0.85569,0.85572
2026-08-22 14:30:00,0.85573,0.85696,0.85571,0.85573
2026-08-22 14:45:00,0.85575,0.85581,0.85571,0.8558
2026-08-22 15:00:00,0.85578,0.85702,0.8557,0.85574
2026-08-22 15:15:00,0.85576,0.85696,0.85571,0.8558
2026-08-22 15:30:00,0.85581,0.85583,0.8557,0.85574
2026-08-22 15:45:00,0.85576,0.85703,0.85563,0.8558
2026-08-22 16:00:00,0.85578,0.85579,0.85567,0.85569
2026-08-22 16:15:00,0.85571,0.85607,0.85567,0.85574
2026-08-22 16:30:00,0.85573,0.8562,0.85541,0.85572
2026-08-22 16:45:00,0.85581,0.85581,0.85567,0.85575
2026-08-22 17:00:00,0.85574,0.85591,0.85566,0.85573
2026-08-22 17:15:00,0.85571,0.85581,0.85567,0.85574
2026-08-22 17:30:00,0.85573,0.85591,0.85564,0.85566
2026-08-22 17:45:00,0.85572,0.85703,0.8557,0.85579
2026-08-22 18:00:00,0.85587,0.85587,0.8557,0.85572
2026-08-22 18:15:00,0.85574,0.85664,0.85539,0.85583
2026-08-22 18:30:00,0.85581,0.85585,0.8557,0.85573
2026-08-22 18:45:00,0.85576,0.85691,0.8557,0.8558
2026-08-22 19:00:00,0.85579,0.8569,0.85569,0.85577
2026-08-22 19:15:00,0.85584,0.85593,0.8557,0.85579
2026-08-22 19:30:00,0.85578,0.8571,0.85565,0.85567
2026-08-22 19:45:00,0.8557,0.85573,0.85566,0.8557
2026-08-22 20:00:00,0.85568,0.85613,0.85552,0.85571
2026-08-22 20:15:00,0.85569,0.85618,0.85565,0.85574
2026-08-22 20:30:00,0.85583,0.85584,0.85566,0.85569
2026-08-22 20:45:00,0.85569,0.85686,0.85566,0.85569
2026-08-22 21:00:00,0.85571,0.85573,0.85567,0.8557
2026-08-22 21:15:00,0.85569,0.8562,0.85544,0.85571
2026-08-22 21:30:00,0.8557,0.8568,0.85562,0.85625
2026-08-22 21:45:00,0.85616,0.85633,0.85592,0.85598
2026-08-22 22:00:00,0.85598,0.85688,0.85559,0.85604
2026-08-22 22:15:00,0.85602,0.85626,0.85565,0.85586
2026-08-22 22:30:00,0.85588,0.85684,0.85562,0.85588
2026-08-22 22:45:00,0.85588,0.85693,0.85577,0.85608
2026-08-22 23:00:00,0.85602,0.85606,0.85601,0.85603
2026-08-22 23:15:00,0.85602,0.8569,0.85598,0.85634
2026-08-22 23:30:00,0.85632,0.85636,0.85631,0.85632
2026-08-22 23:45:00,0.85632,0.85685,0.85616,0.85623
2026-08-23 00:00:00,0.85624,0.85688,0.85569,0.85617
2026-08-23 00:15:00,0.85611,0.85615,0.8561,0.85613
2026-08-23 00:30:00,0.85611,0.85691,0.85591,0.85615
2026-08-23 00:45:00,0.85615,0.85618,0.85613,0.85614
2026-08-23 01:00:00,0.85615,0.85685,0.85601,0.8564
2026-08-23 01:15:00,0.85639,0.85684,0.8563,0.85651
2026-08-23 01:30:00,0.85648,0.85652,0.85647,0.85649
2026-08-23 01:45:00,0.85648,0.85684,0.85647,0.85656
2026-08-23 02:00:00,0.85656,0.85658,0.85563,0.8561
2026-08-23 02:15:00,0.8561,0.85711,0.85607,0.85627
2026-08-23 02:30:00,0.85625,0.85701,0.85574,0.85669
2026-08-23 02:45:00,0.85634,0.85636,0.85589,0.85595
2026-08-23 03:00:00,0.85596,0.85718,0.85559,0.85627
2026-08-23 03:15:00,0.85627,0.85644,0.85606,0.85639
2026-08-23 03:30:00,0.85631,0.85698,0.85581,0.85613
2026-08-23 03:45:00,0.85612,0.85695,0.85573,0.85578
2026-08-23 04:00:00,0.85591,0.85641,0.85582,0.85631
2026-08-23 04:15:00,0.85631,0.85706,0.85621,0.85649
2026-08-23 04:30:00,0.85647,0.85651,0.856,0.85631
2026-08-23 04:45:00,0.85622,0.8569,0.85582,0.85586
2026-08-23 05:00:00,0.85586,0.85714,0.85583,0.85589
2026-08-23 05:15:00,0.85603,0.85625,0.85603,0.85619
2026-08-23 05:30:00,0.85618,0.85698,0.85614,0.85633
2026-08-23 05:45:00,0.85632,0.85635,0.8563,0.85632
2026-08-23 06:00:00,0.85632,0.85717,0.85578,0.85579
2026-08-23 06:15:00,0.85579,0.85693,0.85568,0.8565
2026-08-23 06:30:00,0.85568,0.85597,0.85568,0.85573
2026-08-23 06:45:00,0.85572,0.85692,0.85546,0.85595
2026-08-23 07:00:00,0.85595,0.85639,0.8558,0.85601
2026-08-23 07:15:00,0.85602,0.85705,0.856,0.85621
2026-08-23 07:30:00,0.85619,0.85687,0.85577,0.85654
2026-08-23 07:45:00,0.85588,0.85686,0.85588,0.85591
2026-08-23 08:00:00,0.8559,0.85713,0.85563,0.85617
2026-08-23 08:15:00,0.85617,0.85621,0.85616,0.85619
2026-08-23 08:30:00,0.85617,0.85707,0.85615,0.85633
2026-08-23 08:45:00,0.85631,0.85704,0.8563,0.85679
2026-08-23 09:00:00,0.85631,0.85703,0.85628,0.85662
2026-08-23 09:15:00,0.85663,0.8571,0.85642,0.85664
2026-08-23 09:30:00,0.85664,0.85668,0.85662,0.85665
2026-08-23 09:45:00,0.85664,0.857,0.85662,0.8567
2026-08-23 10:00:00,0.85668,0.85678,0.85578,0.85602
2026-08-23 10:15:00,0.85602,0.85686,0.85599,0.85619
2026-08-23 10:30:00,0.85619,0.85684,0.85609,0.85634
2026-08-23 10:45:00,0.85633,0.85636,0.85631,0.85634
2026-08-23 11:00:00,0.85633,0.85683,0.85616,0.85648
2026-08-23 11:15:00,0.85648,0.85652,0.85647,0.85648
2026-08-23 11:30:00,0.85648,0.85682,0.85647,0.85657
2026-08-23 11:45:00,0.85656,0.85683,0.85655,0.85664
2026-08-23 12:00:00,0.85662,0.85666,0.85661,0.85662
2026-08-23 12:15:00,0.85662,0.85684,0.85657,0.85667
2026-08-23 12:30:00,0.85667,0.85719,0.85563,0.85598
2026-08-23 12:45:00,0.85597,0.85686,0.85586,0.85633
2026-08-23 13:00:00,0.85631,0.85686,0.85629,0.85643
2026-08-23 13:15:00,0.85642,0.85646,0.85641,0.85642
2026-08-23 13:30:00,0.85642,0.85687,0.85639,0.85653
2026-08-23 13:45:00,0.85651,0.85655,0.8565,0.85653
2026-08-23 14:00:00,0.85651,0.85686,0.8565,0.85659
2026-08-23 14:15:00,0.85658,0.85692,0.85618,0.85649
2026-08-23 14:30:00,0.8565,0.85653,0.85648,0.8565
2026-08-23 14:45:00,0.8565,0.85687,0.85641,0.85659
2026-08-23 15:00:00,0.85657,0.85661,0.85656,0.85658
2026-08-23 15:15:00,0.85657,0.85688,0.85657,0.85662
2026-08-23 15:30:00,0.85663,0.85688,0.85662,0.85668
2026-08-23 15:45:00,0.85668,0.85672,0.85667,0.8567
2026-08-23 16:00:00,0.85668,0.85732,0.85561,0.85621
2026-08-23 16:15:00,0.85619,0.85623,0.85618,0.85619
2026-08-23 16:30:00,0.85619,0.85687,0.85606,0.85633
2026-08-23 16:45:00,0.85633,0.85687,0.85632,0.85645
2026-08-23 17:00:00,0.85644,0.85648,0.85642,0.85645
2026-08-23 17:15:00,0.85644,0.85686,0.85642,0.85652
2026-08-23 17:30:00,0.85652,0.85656,0.85645,0.85647
2026-08-23 17:45:00,0.85648,0.8568,0.8564,0.85665
2026-08-23 18:00:00,0.85657,0.85684,0.85654,0.85666
2026-08-23 18:15:00,0.85664,0.85668,0.85663,0.85664
2026-08-23 18:30:00,0.85664,0.85683,0.85663,0.85668
2026-08-23 18:45:00,0.85669,0.85672,0.85667,0.8567
2026-08-23 19:00:00,0.85669,0.85684,0.85666,0.85674
2026-08-23 19:15:00,0.85672,0.85679,0.85664,0.85671
2026-08-23 19:30:00,0.85671,0.85675,0.8567,0.8567
2026-08-23 19:45:00,0.85671,0.8568,0.85669,0.85676
2026-08-23 20:00:00,0.85674,0.85678,0.85673,0.85676
2026-08-23 20:15:00,0.85674,0.85678,0.85673,0.85675
2026-08-23 20:30:00,0.85674,0.85678,0.85673,0.85673
2026-08-23 20:45:00,0.85674,0.85678,0.85673,0.85674
2026-08-23 21:00:00,0.85674,0.85678,0.85673,0.85676
2026-08-23 21:15:00,0.85674,0.85678,0.85673,0.85675
2026-08-23 21:30:00,0.85674,0.85678,0.85638,0.85649
2026-08-23 21:45:00,0.8565,0.85653,0.85648,0.85649
2026-08-23 22:00:00,0.8565,0.85653,0.85648,0.85651
2026-08-23 22:15:00,0.8565,0.85653,0.85648,0.85651
2026-08-23 22:30:00,0.8565,0.85653,0.85648,0.85649
2026-08-23 22:45:00,0.8565,0.85653,0.85648,0.85649
2026-08-23 23:00:00,0.8565,0.85653,0.85648,0.85651
2026-08-23 23:15:00,0.8565,0.85653,0.85621,0.85632
2026-08-23 23:30:00,0.8563,0.8564,0.85628,0.8563
2026-08-23 23:45:00,0.85631,0.85644,0.85623,0.85628
2026-08-24 00:00:00,0.85628,0.85649,0.85586,0.85601
2026-08-24 00:15:00,0.856,0.8561,0.85579,0.85587
2026-08-24 00:30:00,0.85585,0.85585,0.85577,0.85578
2026-08-24 00:45:00,0.85578,0.85582,0.85577,0.85578
2026-08-24 01:00:00,0.85578,0.85589,0.85572,0.8558
2026-08-24 01:15:00,0.85578,0.85582,0.85577,0.8558
2026-08-24 01:30:00,0.85578,0.85582,0.85573,0.85576
2026-08-24 01:45:00,0.85576,0.85579,0.85574,0.85575
2026-08-24 02:00:00,0.85576,0.85609,0.85551,0.85579
2026-08-24 02:15:00,0.85579,0.85592,0.85578,0.85589
2026-08-24 02:30:00,0.85587,0.85602,0.85574,0.85581
2026-08-24 02:45:00,0.8558,0.85598,0.8558,0.85594
2026-08-24 03:00:00,0.85595,0.85624,0.85567,0.85572
2026-08-24 03:15:00,0.85572,0.85613,0.85567,0.85613
2026-08-24 03:30:00,0.85611,0.85612,0.85588,0.85592
2026-08-24 03:45:00,0.85591,0.85594,0.85579,0.85589
2026-08-24 04:00:00,0.8559,0.85599,0.8556,0.85571
2026-08-24 04:15:00,0.85573,0.85584,0.85561,0.85577
2026-08-24 04:30:00,0.85569,0.85588,0.85563,0.85577
2026-08-24 04:45:00,0.85571,0.85582,0.85566,0.85567
2026-08-24 05:00:00,0.85569,0.85676,0.8554,0.85659
2026-08-24 05:15:00,0.8563,0.85714,0.85582,0.85698
2026-08-24 05:30:00,0.85665,0.85788,0.85559,0.85692
2026-08-24 05:45:00,0.85622,0.85725,0.85559,0.85683
2026-08-24 06:00:00,0.85664,0.85738,0.85549,0.85716
2026-08-24 06:15:00,0.8567,0.85697,0.85538,0.8567
2026-08-24 06:30:00,0.85655,0.85724,0.85581,0.85679
2026-08-24 06:45:00,0.85668,0.85701,0.85611,0.85632
2026-08-24 07:00:00,0.85631,0.85643,0.85583,0.85627
2026-08-24 07:15:00,0.85632,0.85657,0.85618,0.85641
2026-08-24 07:30:00,0.85638,0.85651,0.85565,0.8563
2026-08-24 07:45:00,0.85628,0.85653,0.85619,0.8565
2026-08-24 08:00:00,0.85644,0.85655,0.85574,0.85585
2026-08-24 08:15:00,0.85591,0.85597,0.85583,0.85591
2026-08-24 08:30:00,0.85588,0.85593,0.85565,0.85577
2026-08-24 08:45:00,0.85573,0.85583,0.85572,0.85581
2026-08-24 09:00:00,0.8558,0.85584,0.85573,0.85575
2026-08-24 09:15:00,0.85576,0.85578,0.85562,0.85563
2026-08-24 09:30:00,0.85564,0.85569,0.85556,0.85561
2026-08-24 09:45:00,0.8556,0.85568,0.85553,0.85563
2026-08-24 10:00:00,0.85559,0.85588,0.85559,0.85574
2026-08-24 10:15:00,0.8558,0.85595,0.85573,0.85586
2026-08-24 10:30:00,0.85587,0.85592,0.85578,0.8559
2026-08-24 10:45:00,0.85589,0.85595,0.8557,0.85583
2026-08-24 11:00:00,0.8558,0.85594,0.85569,0.85593
2026-08-24 11:15:00,0.85591,0.85595,0.85575,0.85585
2026-08-24 11:30:00,0.85589,0.85601,0.85586,0.85599
2026-08-24 11:45:00,0.85596,0.85611,0.85589,0.85596
2026-08-24 12:00:00,0.85595,0.85606,0.85584,0.85591
2026-08-24 12:15:00,0.85594,0.85596,0.85577,0.85583
2026-08-24 12:30:00,0.85585,0.85598,0.85579,0.85595
2026-08-24 12:45:00,0.85595,0.85595,0.8558,0.85588
2026-08-24 13:00:00,0.85587,0.85597,0.85573,0.85596
2026-08-24 13:15:00,0.85592,0.85594,0.85581,0.85592
2026-08-24 13:30:00,0.85589,0.85598,0.85584,0.85589
2026-08-24 13:45:00,0.85592,0.85599,0.85587,0.85595
2026-08-24 14:00:00,0.85593,0.85599,0.85578,0.8559
2026-08-24 14:15:00,0.85588,0.85601,0.85583,0.85596
2026-08-24 14:30:00,0.85596,0.85605,0.85589,0.85604
2026-08-24 14:45:00,0.85603,0.85608,0.85593,0.85606
2026-08-24 15:00:00,0.85604,0.85612,0.85598,0.85602
2026-08-24 15:15:00,0.85602,0.85608,0.85593,0.85599
2026-08-24 15:30:00,0.85603,0.85615,0.85595,0.85608
2026-08-24 15:45:00,0.85608,0.85616,0.85596,0.85616
2026-08-24 16:00:00,0.85613,0.85615,0.85586,0.85599
2026-08-24 16:15:00,0.85597,0.85607,0.85583,0.85597
2026-08-24 16:30:00,0.85594,0.85611,0.85591,0.85605
2026-08-24 16:45:00,0.85605,0.85619,0.85582,0.8559
2026-08-24 17:00:00,0.85591,0.85605,0.85557,0.85571
2026-08-24 17:15:00,0.85567,0.85571,0.85542,0.8556
2026-08-24 17:30:00,0.85555,0.8557,0.85532,0.85565
2026-08-24 17:45:00,0.85557,0.85579,0.85546,0.85573
2026-08-24 18:00:00,0.8557,0.85592,0.85544,0.85566
2026-08-24 18:15:00,0.85562,0.85587,0.85556,0.8558
2026-08-24 18:30:00,0.85579,0.85584,0.85563,0.85583
2026-08-24 18:45:00,0.8558,0.85619,0.85571,0.85616
2026-08-24 19:00:00,0.8561,0.85625,0.85574,0.85577
2026-08-24 19:15:00,0.85582,0.85588,0.85565,0.85576
2026-08-24 19:30:00,0.85578,0.85583,0.85566,0.85572
2026-08-24 19:45:00,0.85573,0.85578,0.85553,0.85561
2026-08-24 20:00:00,0.8556,0.85578,0.85549,0.85573
2026-08-24 20:15:00,0.85571,0.85576,0.85551,0.85566
2026-08-24 20:30:00,0.85563,0.8559,0.8556,0.85589
2026-08-24 20:45:00,0.85586,0.85613,0.85575,0.85607
2026-08-24 21:00:00,0.85604,0.85618,0.85582,0.85599
2026-08-24 21:15:00,0.85597,0.85608,0.8559,0.85606
2026-08-24 21:30:00,0.85605,0.85605,0.85543,0.85552
2026-08-24 21:45:00,0.85561,0.85574,0.85531,0.85536
2026-08-24 22:00:00,0.85541,0.85557,0.85533,0.85554
2026-08-24 22:15:00,0.85552,0.85573,0.85543,0.85554
2026-08-24 22:30:00,0.85552,0.85564,0.85505,0.85545
2026-08-24 22:45:00,0.85543,0.8556,0.85522,0.85528
2026-08-24 23:00:00,0.85532,0.85539,0.85513,0.85537
2026-08-24 23:15:00,0.85532,0.85544,0.85519,0.85537
2026-08-24 23:30:00,0.85533,0.8555,0.85497,0.85518
2026-08-24 23:45:00,0.85515,0.85538,0.85507,0.85525
2026-08-25 00:00:00,0.85523,0.85548,0.8551,0.85543
2026-08-25 00:15:00,0.85532,0.85557,0.85528,0.85551
2026-08-25 00:30:00,0.85549,0.85567,0.8553,0.85536
2026-08-25 00:45:00,0.85539,0.85572,0.85529,0.8557
2026-08-25 01:00:00,0.85566,0.85569,0.85535,0.85551
2026-08-25 01:15:00,0.8555,0.85564,0.85536,0.85555
2026-08-25 01:30:00,0.85548,0.85579,0.85536,0.85577
2026-08-25 01:45:00,0.85576,0.85592,0.85566,0.85581
2026-08-25 02:00:00,0.85584,0.8559,0.85567,0.85585
2026-08-25 02:15:00,0.85584,0.85589,0.85557,0.85566
2026-08-25 02:30:00,0.85565,0.85567,0.85543,0.85566
2026-08-25 02:45:00,0.85564,0.85575,0.85548,0.85553
2026-08-25 03:00:00,0.85559,0.85566,0.85532,0.85547
2026-08-25 03:15:00,0.85552,0.85555,0.85532,0.85548
2026-08-25 03:30:00,0.85543,0.85552,0.85537,0.85548
2026-08-25 03:45:00,0.85546,0.85553,0.85528,0.85548
2026-08-25 04:00:00,0.85549,0.85562,0.85544,0.8556
2026-08-25 04:15:00,0.85557,0.85564,0.85549,0.85558
2026-08-25 04:30:00,0.85554,0.85566,0.85546,0.85561
2026-08-25 04:45:00,0.8556,0.85574,0.85549,0.85569
2026-08-25 05:00:00,0.85569,0.85579,0.85557,0.85568
2026-08-25 05:15:00,0.85573,0.85573,0.8556,0.85568
2026-08-25 05:30:00,0.85567,0.8558,0.85558,0.85571
2026-08-25 05:45:00,0.85567,0.85577,0.85553,0.85559
2026-08-25 06:00:00,0.85563,0.85572,0.85559,0.85564
2026-08-25 06:15:00,0.85565,0.85576,0.85562,0.85572
2026-08-25 06:30:00,0.8557,0.85579,0.85566,0.85571
2026-08-25 06:45:00,0.85569,0.85577,0.85567,0.85572
2026-08-25 07:00:00,0.85572,0.85572,0.85528,0.85554
2026-08-25 07:15:00,0.85551,0.85566,0.8553,0.85556
2026-08-25 07:30:00,0.85554,0.85579,0.85539,0.85576
2026-08-25 07:45:00,0.85571,0.85571,0.85535,0.85538
2026-08-25 08:00:00,0.85543,0.85573,0.8554,0.85569
2026-08-25 08:15:00,0.85566,0.85573,0.85557,0.85565
2026-08-25 08:30:00,0.85564,0.85568,0.85556,0.85562
2026-08-25 08:45:00,0.8556,0.85567,0.85553,0.85562
2026-08-25 09:00:00,0.8556,0.8556,0.85551,0.85553
2026-08-25 09:15:00,0.85554,0.85563,0.85551,0.85558
2026-08-25 09:30:00,0.85554,0.85559,0.85548,0.85558
2026-08-25 09:45:00,0.85557,0.85566,0.85553,0.85559
2026-08-25 10:00:00,0.85557,0.8557,0.85548,0.85565
2026-08-25 10:15:00,0.85566,0.8557,0.85554,0.85563
2026-08-25 10:30:00,0.85559,0.85564,0.85549,0.85559
2026-08-25 10:45:00,0.85558,0.8557,0.85547,0.85555
2026-08-25 11:00:00,0.85553,0.85557,0.8554,0.85544
2026-08-25 11:15:00,0.85545,0.85561,0.85533,0.85552
2026-08-25 11:30:00,0.85554,0.85555,0.85535,0.85548
2026-08-25 11:45:00,0.85546,0.85558,0.85538,0.85556
2026-08-25 12:00:00,0.85554,0.8556,0.85539,0.85546
2026-08-25 12:15:00,0.85545,0.85553,0.8554,0.85544
2026-08-25 12:30:00,0.85546,0.8555,0.85533,0.85539
2026-08-25 12:45:00,0.85538,0.85548,0.85531,0.85545
2026-08-25 13:00:00,0.8554,0.85549,0.85533,0.85545
2026-08-25 13:15:00,0.85543,0.8555,0.85535,0.85541
2026-08-25 13:30:00,0.85543,0.85554,0.8554,0.8555
2026-08-25 13:45:00,0.85548,0.85558,0.8554,0.85557
2026-08-25 14:00:00,0.85553,0.85562,0.8554,0.85558
2026-08-25 14:15:00,0.85556,0.85558,0.85543,0.85545
2026-08-25 14:30:00,0.85549,0.85552,0.85535,0.85543
2026-08-25 14:45:00,0.85541,0.85544,0.85531,0.8554
2026-08-25 15:00:00,0.85537,0.85543,0.85526,0.85535
2026-08-25 15:15:00,0.85533,0.85543,0.85524,0.85541
2026-08-25 15:30:00,0.85538,0.8555,0.8553,0.8554
2026-08-25 15:45:00,0.85545,0.85553,0.85539,0.85548
2026-08-25 16:00:00,0.85546,0.85554,0.85537,0.8555
2026-08-25 16:15:00,0.85549,0.85561,0.85543,0.85546
2026-08-25 16:30:00,0.85551,0.85559,0.85527,0.85539
2026-08-25 16:45:00,0.85536,0.85539,0.85509,0.8552
2026-08-25 17:00:00,0.85518,0.85518,0.85463,0.85474
2026-08-25 17:15:00,0.85472,0.85499,0.85465,0.8549
2026-08-25 17:30:00,0.85492,0.85496,0.85472,0.85484
2026-08-25 17:45:00,0.85482,0.85494,0.85465,0.85488
2026-08-25 18:00:00,0.85485,0.85541,0.85481,0.85536
2026-08-25 18:15:00,0.85533,0.8554,0.85501,0.85539
2026-08-25 18:30:00,0.85536,0.8556,0.85524,0.85545
2026-08-25 18:45:00,0.85546,0.8555,0.85514,0.85517
2026-08-25 19:00:00,0.85522,0.85534,0.85498,0.85531
2026-08-25 19:15:00,0.85529,0.85539,0.85517,0.85524
2026-08-25 19:30:00,0.85526,0.85543,0.8551,0.85533
2026-08-25 19:45:00,0.85534,0.85541,0.85513,0.85525
2026-08-25 20:00:00,0.85521,0.85537,0.85512,0.85536
2026-08-25 20:15:00,0.85533,0.85544,0.85511,0.85515
2026-08-25 20:30:00,0.8552,0.85529,0.85502,0.8551
2026-08-25 20:45:00,0.85516,0.8555,0.85509,0.85548
2026-08-25 21:00:00,0.85545,0.85561,0.8554,0.85555
2026-08-25 21:15:00,0.85554,0.85568,0.85536,0.85566
2026-08-25 21:30:00,0.85564,0.85569,0.85543,0.85547
2026-08-25 21:45:00,0.85555,0.85561,0.85519,0.85531
2026-08-25 22:00:00,0.85528,0.85557,0.8552,0.85553
2026-08-25 22:15:00,0.85551,0.8556,0.85523,0.85555
2026-08-25 22:30:00,0.85553,0.85588,0.8555,0.85574
2026-08-25 22:45:00,0.85577,0.85579,0.85553,0.85556
2026-08-25 23:00:00,0.85559,0.85572,0.85506,0.85531
2026-08-25 23:15:00,0.85527,0.85546,0.85515,0.85544
2026-08-25 23:30:00,0.85538,0.85558,0.85528,0.85554
2026-08-25 23:45:00,0.85554,0.85576,0.85538,0.85572
2026-08-26 00:00:00,0.85567,0.85589,0.85545,0.85565
2026-08-26 00:15:00,0.85567,0.85612,0.85559,0.85597
2026-08-26 00:30:00,0.85601,0.85609,0.85576,0.85597
2026-08-26 00:45:00,0.85593,0.85606,0.85546,0.85591
2026-08-26 01:00:00,0.85595,0.85609,0.85578,0.85597
2026-08-26 01:15:00,0.856,0.85617,0.85587,0.85595
2026-08-26 01:30:00,0.85594,0.8562,0.85583,0.85619
2026-08-26 01:45:00,0.85617,0.85622,0.85576,0.85578
2026-08-26 02:00:00,0.85583,0.85591,0.85569,0.85583
2026-08-26 02:15:00,0.85583,0.85596,0.85571,0.85584
2026-08-26 02:30:00,0.85582,0.85589,0.8557,0.85587
2026-08-26 02:45:00,0.85586,0.85606,0.85583,0.85599
2026-08-26 03:00:00,0.85602,0.85608,0.85578,0.85583
2026-08-26 03:15:00,0.85585,0.85587,0.85566,0.85577
2026-08-26 03:30:00,0.85576,0.8558,0.85555,0.8557
2026-08-26 03:45:00,0.85567,0.85573,0.8556,0.85561
2026-08-26 04:00:00,0.85565,0.85567,0.85545,0.85555
2026-08-26 04:15:00,0.85555,0.8556,0.85538,0.85557
2026-08-26 04:30:00,0.85555,0.85568,0.85553,0.85562
2026-08-26 04:45:00,0.85561,0.8557,0.85549,0.85555
2026-08-26 05:00:00,0.85555,0.85567,0.85548,0.85555
2026-08-26 05:15:00,0.85558,0.8556,0.85531,0.85545
2026-08-26 05:30:00,0.85544,0.85546,0.85513,0.85525
2026-08-26 05:45:00,0.85523,0.85534,0.85513,0.85532
2026-08-26 06:00:00,0.85527,0.85543,0.85513,0.85535
2026-08-26 06:15:00,0.85531,0.85536,0.85515,0.8553
2026-08-26 06:30:00,0.85527,0.85537,0.85524,0.85536
2026-08-26 06:45:00,0.85533,0.85543,0.85528,0.85538
2026-08-26 07:00:00,0.85536,0.85593,0.85517,0.85525
2026-08-26 07:15:00,0.85525,0.85529,0.85512,0.85528
2026-08-26 07:30:00,0.85527,0.85575,0.8552,0.85555
2026-08-26 07:45:00,0.85558,0.85565,0.85534,0.85537
2026-08-26 08:00:00,0.85542,0.85554,0.85533,0.85545
2026-08-26 08:15:00,0.85546,0.85554,0.85539,0.85543
2026-08-26 08:30:00,0.85541,0.85549,0.85535,0.85549
2026-08-26 08:45:00,0.85547,0.85551,0.85537,0.85548
2026-08-26 09:00:00,0.85547,0.85553,0.85539,0.85541
2026-08-26 09:15:00,0.85543,0.8555,0.85538,0.85541
2026-08-26 09:30:00,0.85543,0.85551,0.85538,0.85545
2026-08-26 09:45:00,0.85542,0.85553,0.85541,0.85551
2026-08-26 10:00:00,0.85549,0.85555,0.85542,0.85548
2026-08-26 10:15:00,0.85547,0.85551,0.85534,0.85543
2026-08-26 10:30:00,0.85543,0.85546,0.85529,0.85539
2026-08-26 10:45:00,0.85537,0.85549,0.85532,0.85545
2026-08-26 11:00:00,0.85544,0.85548,0.85529,0.85538
2026-08-26 11:15:00,0.85538,0.85541,0.85521,0.85531
2026-08-26 11:30:00,0.85534,0.85538,0.85516,0.85526
2026-08-26 11:45:00,0.85523,0.85535,0.85519,0.85533
2026-08-26 12:00:00,0.85531,0.85542,0.85526,0.85541
2026-08-26 12:15:00,0.85539,0.85543,0.85522,0.85537
2026-08-26 12:30:00,0.85534,0.85538,0.85525,0.85536
2026-08-26 12:45:00,0.85535,0.85545,0.85529,0.85539
2026-08-26 13:00:00,0.85537,0.85544,0.85524,0.85542
2026-08-26 13:15:00,0.85541,0.85544,0.85523,0.85539
2026-08-26 13:30:00,0.8554,0.85545,0.85525,0.85539
2026-08-26 13:45:00,0.85538,0.8554,0.85521,0.85536
2026-08-26 14:00:00,0.85534,0.85547,0.85531,0.85544
2026-08-26 14:15:00,0.85543,0.85548,0.85532,0.85539
2026-08-26 14:30:00,0.8554,0.85544,0.85529,0.85539
2026-08-26 14:45:00,0.85539,0.85546,0.85532,0.85545
2026-08-26 15:00:00,0.85544,0.85551,0.85536,0.85549
2026-08-26 15:15:00,0.85547,0.85566,0.85545,0.85564
2026-08-26 15:30:00,0.85562,0.85568,0.85551,0.85556
2026-08-26 15:45:00,0.85556,0.8556,0.85546,0.85555
2026-08-26 16:00:00,0.85554,0.85573,0.85549,0.8557
2026-08-26 16:15:00,0.85567,0.85579,0.85556,0.85559
2026-08-26 16:30:00,0.85561,0.85588,0.85554,0.85587
2026-08-26 16:45:00,0.85586,0.8561,0.85571,0.85573
2026-08-26 17:00:00,0.85576,0.85589,0.85554,0.85573
2026-08-26 17:15:00,0.85568,0.85587,0.85553,0.85579
2026-08-26 17:30:00,0.85581,0.85599,0.85576,0.85589
2026-08-26 17:45:00,0.85593,0.85619,0.85582,0.85617
2026-08-26 18:00:00,0.85613,0.85631,0.85603,0.85619
2026-08-26 18:15:00,0.85616,0.85642,0.85615,0.85641
2026-08-26 18:30:00,0.8564,0.85649,0.85625,0.85631
2026-08-26 18:45:00,0.85634,0.85654,0.85626,0.85637
2026-08-26 19:00:00,0.85639,0.85646,0.85622,0.85626
2026-08-26 19:15:00,0.85631,0.85635,0.85606,0.85613
2026-08-26 19:30:00,0.85611,0.85626,0.85603,0.85614
2026-08-26 19:45:00,0.85613,0.85621,0.85596,0.85613
2026-08-26 20:00:00,0.85612,0.85631,0.85604,0.85631
2026-08-26 20:15:00,0.85628,0.85653,0.85622,0.85643
2026-08-26 20:30:00,0.85641,0.85648,0.85626,0.85629
2026-08-26 20:45:00,0.85633,0.85636,0.85618,0.85627
2026-08-26 21:00:00,0.85626,0.85638,0.85617,0.85618
2026-08-26 21:15:00,0.85619,0.85627,0.85595,0.85603
2026-08-26 21:30:00,0.85598,0.85619,0.85592,0.85611
2026-08-26 21:45:00,0.85613,0.85627,0.85609,0.85611
2026-08-26 22:00:00,0.85614,0.85625,0.85601,0.85624
2026-08-26 22:15:00,0.85619,0.85643,0.85612,0.85641
2026-08-26 22:30:00,0.85634,0.8569,0.85614,0.85672
2026-08-26 22:45:00,0.85674,0.85681,0.85638,0.85655
2026-08-26 23:00:00,0.85663,0.85668,0.85638,0.85662
2026-08-26 23:15:00,0.85657,0.85683,0.85641,0.85674
2026-08-26 23:30:00,0.85672,0.85692,0.85662,0.85686
2026-08-26 23:45:00,0.85685,0.85686,0.85662,0.85664
2026-08-27 00:00:00,0.85668,0.85688,0.85652,0.85686
2026-08-27 00:15:00,0.85684,0.85715,0.85664,0.85696
2026-08-27 00:30:00,0.85694,0.85706,0.85677,0.85683
2026-08-27 00:45:00,0.85688,0.85727,0.85662,0.85693
2026-08-27 01:00:00,0.85699,0.85727,0.85687,0.85725
2026-08-27 01:15:00,0.85722,0.85744,0.85713,0.85732
2026-08-27 01:30:00,0.85728,0.85736,0.85689,0.85693
2026-08-27 01:45:00,0.857,0.85732,0.8569,0.85705
2026-08-27 02:00:00,0.85706,0.85721,0.85696,0.85711
2026-08-27 02:15:00,0.85709,0.85723,0.85704,0.85715
2026-08-27 02:30:00,0.85713,0.85732,0.85711,0.85726
2026-08-27 02:45:00,0.85724,0.85734,0.85708,0.85721
2026-08-27 03:00:00,0.85725,0.8573,0.85704,0.85728
2026-08-27 03:15:00,0.85725,0.85727,0.85706,0.85725
2026-08-27 03:30:00,0.85722,0.85729,0.85713,0.85724
2026-08-27 03:45:00,0.85722,0.85728,0.85704,0.85723
2026-08-27 04:00:00,0.85721,0.85731,0.85704,0.85724
2026-08-27 04:15:00,0.85722,0.85724,0.85707,0.85722
2026-08-27 04:30:00,0.8572,0.85735,0.85716,0.85733
2026-08-27 04:45:00,0.85731,0.85736,0.85718,0.8573
2026-08-27 05:00:00,0.85729,0.85736,0.85712,0.85732
2026-08-27 05:15:00,0.85733,0.85738,0.8572,0.85722
2026-08-27 05:30:00,0.85726,0.85733,0.8572,0.8573
2026-08-27 05:45:00,0.85727,0.85729,0.85714,0.85725
2026-08-27 06:00:00,0.85725,0.8573,0.85712,0.85718
2026-08-27 06:15:00,0.85721,0.85729,0.85714,0.85727
2026-08-27 06:30:00,0.85726,0.8573,0.85717,0.85728
2026-08-27 06:45:00,0.85726,0.8573,0.85696,0.857
2026-08-27 07:00:00,0.85705,0.85729,0.85686,0.85712
2026-08-27 07:15:00,0.85712,0.85736,0.85705,0.85726
2026-08-27 07:30:00,0.85726,0.85736,0.85714,0.85726
2026-08-27 07:45:00,0.85723,0.85754,0.8572,0.85723
2026-08-27 08:00:00,0.8573,0.85732,0.8571,0.85726
2026-08-27 08:15:00,0.85728,0.85733,0.85716,0.85731
2026-08-27 08:30:00,0.85728,0.85731,0.85717,0.85723
2026-08-27 08:45:00,0.85721,0.85727,0.85714,0.85725
2026-08-27 09:00:00,0.85723,0.85728,0.85711,0.85715
2026-08-27 09:15:00,0.85718,0.85727,0.85715,0.85726
2026-08-27 09:30:00,0.85725,0.8573,0.85714,0.85726
2026-08-27 09:45:00,0.85725,0.8573,0.85716,0.85722
2026-08-27 10:00:00,0.85721,0.85751,0.85718,0.85745
2026-08-27 10:15:00,0.85747,0.85755,0.8574,0.8575
2026-08-27 10:30:00,0.85751,0.85755,0.85739,0.85753
2026-08-27 10:45:00,0.85751,0.85767,0.85742,0.85758
2026-08-27 11:00:00,0.85759,0.85775,0.85752,0.85774
2026-08-27 11:15:00,0.85771,0.85778,0.85753,0.85763
2026-08-27 11:30:00,0.85766,0.85777,0.85759,0.85776
2026-08-27 11:45:00,0.85772,0.85777,0.8576,0.85768
2026-08-27 12:00:00,0.85767,0.8577,0.85755,0.85759
2026-08-27 12:15:00,0.85761,0.85767,0.85751,0.85763
2026-08-27 12:30:00,0.85763,0.85772,0.85755,0.85764
2026-08-27 12:45:00,0.85763,0.85764,0.85749,0.8576
2026-08-27 13:00:00,0.85758,0.85763,0.85751,0.85755
2026-08-27 13:15:00,0.85754,0.8576,0.85745,0.85751
2026-08-27 13:30:00,0.85752,0.85767,0.85749,0.85763
2026-08-27 13:45:00,0.85762,0.85774,0.85757,0.85772
2026-08-27 14:00:00,0.8577,0.85773,0.85756,0.85767
2026-08-27 14:15:00,0.85765,0.85773,0.85758,0.85762
2026-08-27 14:30:00,0.85765,0.85784,0.85758,0.85775
2026-08-27 14:45:00,0.85778,0.85783,0.85771,0.85782
2026-08-27 15:00:00,0.85781,0.85789,0.85773,0.85784
2026-08-27 15:15:00,0.85782,0.85789,0.85772,0.85777
2026-08-27 15:30:00,0.85778,0.8578,0.85766,0.85769
2026-08-27 15:45:00,0.85772,0.85782,0.85748,0.8576
2026-08-27 16:00:00,0.8576,0.85767,0.8575,0.85763
2026-08-27 16:15:00,0.85761,0.85764,0.8575,0.85761
2026-08-27 16:30:00,0.8576,0.85772,0.85755,0.85766
2026-08-27 16:45:00,0.85766,0.8577,0.85751,0.85762
2026-08-27 17:00:00,0.85761,0.85761,0.85726,0.8573
2026-08-27 17:15:00,0.8573,0.8576,0.85726,0.85751
2026-08-27 17:30:00,0.85751,0.85762,0.85738,0.85754
2026-08-27 17:45:00,0.85755,0.85782,0.85746,0.85773
2026-08-27 18:00:00,0.85777,0.85782,0.85741,0.85756
2026-08-27 18:15:00,0.85754,0.85767,0.85743,0.85753
2026-08-27 18:30:00,0.8576,0.85788,0.85743,0.85766
2026-08-27 18:45:00,0.8577,0.8578,0.8576,0.85765
2026-08-27 19:00:00,0.85768,0.85791,0.85761,0.85778
2026-08-27 19:15:00,0.85775,0.8578,0.85752,0.85762
2026-08-27 19:30:00,0.8576,0.85779,0.85747,0.85753
2026-08-27 19:45:00,0.85756,0.85765,0.85728,0.85746
2026-08-27 20:00:00,0.85746,0.85766,0.85743,0.85757
2026-08-27 20:15:00,0.85753,0.85768,0.85747,0.85757
2026-08-27 20:30:00,0.85755,0.85755,0.8572,0.85742
2026-08-27 20:45:00,0.85744,0.8575,0.8572,0.85739
2026-08-27 21:00:00,0.85734,0.85749,0.85716,0.85724
2026-08-27 21:15:00,0.85723,0.85723,0.85703,0.85713
2026-08-27 21:30:00,0.85708,0.85754,0.85708,0.85747
2026-08-27 21:45:00,0.8575,0.85758,0.85718,0.85737
2026-08-27 22:00:00,0.85735,0.85755,0.8572,0.85725
2026-08-27 22:15:00,0.85732,0.85747,0.85714,0.85719
2026-08-27 22:30:00,0.85726,0.85753,0.85722,0.85735
2026-08-27 22:45:00,0.8574,0.85763,0.85735,0.85754
2026-08-27 23:00:00,0.85755,0.85762,0.85709,0.85713
2026-08-27 23:15:00,0.85718,0.85746,0.85707,0.85724
2026-08-27 23:30:00,0.85721,0.85733,0.85694,0.85725
2026-08-27 23:45:00,0.8572,0.85741,0.85717,0.85735
2026-08-28 00:00:00,0.85733,0.85754,0.85716,0.85736
2026-08-28 00:15:00,0.85735,0.85757,0.8572,0.85756
2026-08-28 00:30:00,0.85754,0.85774,0.85738,0.85756
2026-08-28 00:45:00,0.85758,0.85778,0.85739,0.8574
2026-08-28 01:00:00,0.85742,0.85759,0.85733,0.85753
2026-08-28 01:15:00,0.8575,0.85756,0.85737,0.85747
2026-08-28 01:30:00,0.85742,0.85753,0.85724,0.85729
2026-08-28 01:45:00,0.85728,0.85729,0.85691,0.85693
2026-08-28 02:00:00,0.85697,0.85704,0.85672,0.85695
2026-08-28 02:15:00,0.85695,0.85707,0.85688,0.85692
2026-08-28 02:30:00,0.85698,0.857,0.85678,0.85693
2026-08-28 02:45:00,0.85695,0.85723,0.8569,0.85722
2026-08-28 03:00:00,0.8572,0.85726,0.85706,0.8572
2026-08-28 03:15:00,0.85717,0.85726,0.85709,0.85724
2026-08-28 03:30:00,0.85723,0.85723,0.85707,0.85721
2026-08-28 03:45:00,0.85719,0.8573,0.85706,0.85729
2026-08-28 04:00:00,0.85727,0.85731,0.85714,0.85724
2026-08-28 04:15:00,0.85726,0.85743,0.85719,0.85736
2026-08-28 04:30:00,0.85738,0.85747,0.85728,0.85738
2026-08-28 04:45:00,0.85737,0.8574,0.85718,0.85719
2026-08-28 05:00:00,0.85721,0.85734,0.85717,0.85725
2026-08-28 05:15:00,0.85729,0.85735,0.8572,0.85734
2026-08-28 05:30:00,0.85732,0.85741,0.85725,0.85739
2026-08-28 05:45:00,0.85737,0.85741,0.85722,0.85725
2026-08-28 06:00:00,0.85731,0.85738,0.8572,0.85721
2026-08-28 06:15:00,0.85723,0.85729,0.85711,0.85721
2026-08-28 06:30:00,0.85722,0.85728,0.85715,0.85723
2026-08-28 06:45:00,0.8572,0.85731,0.85715,0.85723
2026-08-28 07:00:00,0.85721,0.85745,0.85714,0.85737
2026-08-28 07:15:00,0.85724,0.85747,0.85717,0.85725
2026-08-28 07:30:00,0.8572,0.85729,0.85701,0.85724
2026-08-28 07:45:00,0.85709,0.85754,0.85709,0.85751
2026-08-28 08:00:00,0.85745,0.85745,0.85715,0.85725
2026-08-28 08:15:00,0.85723,0.8573,0.85711,0.85714
2026-08-28 08:30:00,0.85717,0.85722,0.85709,0.85716
2026-08-28 08:45:00,0.85714,0.85719,0.85708,0.8571
2026-08-28 09:00:00,0.85713,0.85717,0.85706,0.85712
2026-08-28 09:15:00,0.85709,0.85717,0.85704,0.8571
2026-08-28 09:30:00,0.8571,0.85713,0.85699,0.85708
2026-08-28 09:45:00,0.85707,0.85714,0.85702,0.85712
2026-08-28 10:00:00,0.8571,0.8571,0.85694,0.85708
2026-08-28 10:15:00,0.85707,0.85715,0.85701,0.85705
2026-08-28 10:30:00,0.85707,0.85713,0.85697,0.85713
2026-08-28 10:45:00,0.85711,0.85716,0.85699,0.85713
2026-08-28 11:00:00,0.85711,0.85718,0.85697,0.85717
2026-08-28 11:15:00,0.85716,0.85726,0.85712,0.85717
2026-08-28 11:30:00,0.8572,0.85726,0.85714,0.85725
2026-08-28 11:45:00,0.85722,0.85732,0.85704,0.85719
2026-08-28 12:00:00,0.85717,0.85729,0.85705,0.85719
2026-08-28 12:15:00,0.85718,0.85718,0.85695,0.85701
2026-08-28 12:30:00,0.85704,0.85716,0.85697,0.85709
2026-08-28 12:45:00,0.85709,0.85715,0.85702,0.85709
2026-08-28 13:00:00,0.85707,0.85712,0.857,0.85706
2026-08-28 13:15:00,0.85705,0.85713,0.85698,0.85709
2026-08-28 13:30:00,0.85706,0.85715,0.85697,0.85711
2026-08-28 13:45:00,0.8571,0.85714,0.85694,0.85701
2026-08-28 14:00:00,0.85699,0.85705,0.85693,0.85702
2026-08-28 14:15:00,0.857,0.85707,0.85692,0.85705
2026-08-28 14:30:00,0.85704,0.85709,0.85698,0.85708
2026-08-28 14:45:00,0.85706,0.85708,0.85694,0.85702
2026-08-28 15:00:00,0.85699,0.85708,0.85689,0.85698
2026-08-28 15:15:00,0.85697,0.85702,0.85687,0.85693
2026-08-28 15:30:00,0.85696,0.857,0.85688,0.85691
2026-08-28 15:45:00,0.85691,0.85697,0.85681,0.8569
2026-08-28 16:00:00,0.85686,0.85701,0.85676,0.85687
2026-08-28 16:15:00,0.85684,0.85691,0.85666,0.85679
2026-08-28 16:30:00,0.85679,0.85701,0.85677,0.85688
2026-08-28 16:45:00,0.85684,0.85695,0.85678,0.8569
2026-08-28 17:00:00,0.85688,0.85714,0.85687,0.85702
2026-08-28 17:15:00,0.85701,0.85731,0.85689,0.85723
2026-08-28 17:30:00,0.8572,0.85726,0.857,0.85702
2026-08-28 17:45:00,0.85704,0.85718,0.85689,0.85717
2026-08-28 18:00:00,0.85716,0.85743,0.85706,0.85743
2026-08-28 18:15:00,0.8574,0.8574,0.85709,0.85712
2026-08-28 18:30:00,0.85716,0.85728,0.85707,0.85713
2026-08-28 18:45:00,0.85718,0.8572,0.85698,0.85707
2026-08-28 19:00:00,0.85706,0.85726,0.85688,0.85697
2026-08-28 19:15:00,0.85694,0.85715,0.85686,0.85703
2026-08-28 19:30:00,0.85708,0.85712,0.85693,0.85699
2026-08-28 19:45:00,0.85701,0.85714,0.85693,0.85703
2026-08-28 20:00:00,0.85704,0.85712,0.85691,0.85704
2026-08-28 20:15:00,0.85703,0.85712,0.85686,0.85689
2026-08-28 20:30:00,0.85692,0.85706,0.85688,0.85696
2026-08-28 20:45:00,0.85697,0.85712,0.85678,0.8571
2026-08-28 21:00:00,0.85707,0.85722,0.85701,0.85715
2026-08-28 21:15:00,0.85714,0.85728,0.85703,0.85717
2026-08-28 21:30:00,0.8572,0.85736,0.85714,0.85733
2026-08-28 21:45:00,0.85731,0.8574,0.85711,0.85714
2026-08-28 22:00:00,0.8572,0.8573,0.85709,0.85722
2026-08-28 22:15:00,0.85716,0.85727,0.8571,0.85724
2026-08-28 22:30:00,0.85718,0.85754,0.85718,0.85743
2026-08-28 22:45:00,0.85746,0.8576,0.85723,0.85759
2026-08-28 23:00:00,0.85757,0.8576,0.85735,0.85737
2026-08-28 23:15:00,0.85739,0.8576,0.85734,0.85753
2026-08-28 23:30:00,0.85751,0.85753,0.85724,0.85728
2026-08-28 23:45:00,0.85733,0.8577,0.85715,0.85718
2026-08-29 00:00:00,0.85725,0.85804,0.85649,0.85676
2026-08-29 00:15:00,0.85691,0.85722,0.85652,0.85692
2026-08-29 00:30:00,0.85704,0.85732,0.85677,0.85691
2026-08-29 00:45:00,0.85696,0.85703,0.85573,0.85611
2026-08-29 01:00:00,0.85603,0.85623,0.85555,0.85619
2026-08-29 01:15:00,0.85611,0.85629,0.85581,0.85599
2026-08-29 01:30:00,0.85596,0.85596,0.85542,0.85558
2026-08-29 01:45:00,0.8556,0.85582,0.85529,0.85574
2026-08-29 02:00:00,0.85571,0.85583,0.85553,0.85581
2026-08-29 02:15:00,0.85577,0.85603,0.85569,0.85583
2026-08-29 02:30:00,0.85589,0.85608,0.85571,0.85591
2026-08-29 02:45:00,0.85594,0.85599,0.85556,0.85582
2026-08-29 03:00:00,0.85588,0.85627,0.85583,0.856
2026-08-29 03:15:00,0.85607,0.85609,0.85586,0.85607
2026-08-29 03:30:00,0.85603,0.85617,0.85589,0.85598
2026-08-29 03:45:00,0.85605,0.85605,0.85578,0.85595
2026-08-29 04:00:00,0.85593,0.85607,0.85578,0.85596
2026-08-29 04:15:00,0.85597,0.85617,0.85591,0.85605
2026-08-29 04:30:00,0.85608,0.85612,0.85583,0.85591
2026-08-29 04:45:00,0.85588,0.85597,0.85578,0.85584
2026-08-29 05:00:00,0.85586,0.85591,0.85569,0.85583
2026-08-29 05:15:00,0.85587,0.856,0.85579,0.85589
2026-08-29 05:30:00,0.8559,0.85598,0.85578,0.85591
2026-08-29 05:45:00,0.85589,0.85597,0.85573,0.85581
2026-08-29 06:00:00,0.8558,0.85593,0.85571,0.85589
2026-08-29 06:15:00,0.85587,0.85595,0.85566,0.85588
2026-08-29 06:30:00,0.85586,0.85593,0.85574,0.85589
2026-08-29 06:45:00,0.85584,0.85598,0.85567,0.85571
2026-08-29 07:00:00,0.85576,0.85623,0.85559,0.85607
2026-08-29 07:15:00,0.85589,0.85629,0.85582,0.85612
2026-08-29 07:30:00,0.85595,0.85644,0.85573,0.85615
2026-08-29 07:45:00,0.85592,0.85663,0.85584,0.85632
2026-08-29 08:00:00,0.85601,0.85649,0.85521,0.85596
2026-08-29 08:15:00,0.85597,0.85615,0.8559,0.85597
2026-08-29 08:30:00,0.856,0.85605,0.85581,0.85602
2026-08-29 08:45:00,0.85599,0.85607,0.85592,0.85601
2026-08-29 09:00:00,0.856,0.85604,0.85508,0.85601
2026-08-29 09:15:00,0.85597,0.85605,0.8558,0.85596
2026-08-29 09:30:00,0.856,0.85604,0.85585,0.85598
2026-08-29 09:45:00,0.85598,0.85606,0.85591,0.85602
2026-08-29 10:00:00,0.856,0.85618,0.85563,0.85584
2026-08-29 10:15:00,0.85585,0.85613,0.85576,0.85587
2026-08-29 10:30:00,0.85585,0.85588,0.8558,0.85585
2026-08-29 10:45:00,0.85584,0.85603,0.85578,0.85587
2026-08-29 11:00:00,0.85585,0.85588,0.8558,0.85583
2026-08-29 11:15:00,0.85583,0.85598,0.85578,0.85582
2026-08-29 11:30:00,0.85583,0.85602,0.85574,0.85585
2026-08-29 11:45:00,0.85584,0.85588,0.85581,0.85587
2026-08-29 12:00:00,0.85585,0.85626,0.85581,0.85585
2026-08-29 12:15:00,0.85584,0.85589,0.85581,0.85587
2026-08-29 12:30:00,0.85585,0.85628,0.85581,0.85585
2026-08-29 12:45:00,0.85584,0.85607,0.8558,0.85589
2026-08-29 13:00:00,0.85587,0.8559,0.85582,0.85585
2026-08-29 13:15:00,0.85584,0.85609,0.85571,0.85584
2026-08-29 13:30:00,0.85585,0.8559,0.85581,0.85583
2026-08-29 13:45:00,0.85584,0.85627,0.85581,0.85587
2026-08-29 14:00:00,0.85586,0.85615,0.8558,0.85586
2026-08-29 14:15:00,0.85585,0.85589,0.85582,0.85586
2026-08-29 14:30:00,0.85585,0.85629,0.85582,0.85583
2026-08-29 14:45:00,0.85585,0.8559,0.85582,0.8559
2026-08-29 15:00:00,0.85588,0.85629,0.85577,0.85586
2026-08-29 15:15:00,0.85584,0.85617,0.85579,0.8559
2026-08-29 15:30:00,0.85588,0.85593,0.85581,0.85583
2026-08-29 15:45:00,0.85585,0.85628,0.85581,0.85587
2026-08-29 16:00:00,0.85586,0.85588,0.85581,0.85584
2026-08-29 16:15:00,0.85582,0.85603,0.85576,0.85583
2026-08-29 16:30:00,0.85583,0.85607,0.85569,0.85582
2026-08-29 16:45:00,0.85588,0.85591,0.85582,0.85585
2026-08-29 17:00:00,0.85583,0.85599,0.85577,0.85587
2026-08-29 17:15:00,0.85584,0.8559,0.85578,0.85584
2026-08-29 17:30:00,0.85583,0.85626,0.85582,0.85583
2026-08-29 17:45:00,0.85585,0.85597,0.85577,0.85587
2026-08-29 18:00:00,0.85586,0.85589,0.85581,0.85587
2026-08-29 18:15:00,0.85585,0.85627,0.85577,0.85587
2026-08-29 18:30:00,0.85586,0.85589,0.85584,0.85584
2026-08-29 18:45:00,0.85585,0.8562,0.85579,0.85587
2026-08-29 19:00:00,0.85586,0.85622,0.85578,0.85583
2026-08-29 19:15:00,0.85582,0.85585,0.85575,0.8558
2026-08-29 19:30:00,0.85579,0.85623,0.85576,0.85582
2026-08-29 19:45:00,0.8558,0.85584,0.85578,0.85578
2026-08-29 20:00:00,0.85579,0.85604,0.85573,0.85583
2026-08-29 20:15:00,0.85581,0.85613,0.85578,0.85582
2026-08-29 20:30:00,0.8558,0.85584,0.85578,0.85582
2026-08-29 20:45:00,0.8558,0.85623,0.85578,0.85578
2026-08-29 21:00:00,0.8558,0.85583,0.85578,0.85583
2026-08-29 21:15:00,0.85581,0.85609,0.85576,0.85581
2026-08-29 21:30:00,0.85579,0.85623,0.85576,0.85594
2026-08-29 21:45:00,0.85589,0.85589,0.85582,0.85582
2026-08-29 22:00:00,0.85583,0.85629,0.8558,0.85584
2026-08-29 22:15:00,0.85583,0.85587,0.85582,0.85585
2026-08-29 22:30:00,0.85583,0.85625,0.85579,0.85583
2026-08-29 22:45:00,0.85583,0.85628,0.8558,0.85583
2026-08-29 23:00:00,0.85584,0.85587,0.85581,0.85585
2026-08-29 23:15:00,0.85583,0.85626,0.85575,0.85585
2026-08-29 23:30:00,0.85583,0.85587,0.85582,0.85583
2026-08-29 23:45:00,0.85583,0.85623,0.85579,0.85582
2026-08-30 00:00:00,0.85583,0.85628,0.8558,0.85586
2026-08-30 00:15:00,0.85584,0.85587,0.85581,0.85585
2026-08-30 00:30:00,0.85583,0.85629,0.85581,0.85584
2026-08-30 00:45:00,0.85583,0.85587,0.85582,0.85582
2026-08-30 01:00:00,0.85583,0.85653,0.85543,0.85586
2026-08-30 01:15:00,0.85586,0.85651,0.85578,0.85592
2026-08-30 01:30:00,0.85586,0.85621,0.85479,0.85514
2026-08-30 01:45:00,0.85512,0.85665,0.8551,0.85527
2026-08-30 02:00:00,0.85528,0.85622,0.85477,0.85528
2026-08-30 02:15:00,0.85528,0.85593,0.85527,0.85542
2026-08-30 02:30:00,0.8554,0.85607,0.85516,0.85594
2026-08-30 02:45:00,0.85578,0.85581,0.85576,0.85577
2026-08-30 03:00:00,0.85577,0.85579,0.85506,0.8554
2026-08-30 03:15:00,0.85541,0.85545,0.8554,0.85542
2026-08-30 03:30:00,0.85541,0.85559,0.85531,0.85552
2026-08-30 03:45:00,0.8555,0.85589,0.85549,0.85562
2026-08-30 04:00:00,0.85563,0.85585,0.85561,0.85584
2026-08-30 04:15:00,0.85581,0.85624,0.85576,0.85585
2026-08-30 04:30:00,0.85584,0.85587,0.85582,0.85585
2026-08-30 04:45:00,0.85583,0.85628,0.8558,0.85585
2026-08-30 05:00:00,0.85584,0.85596,0.85508,0.85525
2026-08-30 05:15:00,0.85535,0.85549,0.85535,0.85546
2026-08-30 05:30:00,0.85544,0.85572,0.85543,0.85555
2026-08-30 05:45:00,0.85553,0.85575,0.85546,0.85571
2026-08-30 06:00:00,0.85571,0.85604,0.85565,0.85581
2026-08-30 06:15:00,0.85582,0.85611,0.85578,0.85581
2026-08-30 06:30:00,0.85581,0.85586,0.85579,0.85584
2026-08-30 06:45:00,0.85582,0.85604,0.85578,0.85584
2026-08-30 07:00:00,0.85583,0.85587,0.8558,0.85582
2026-08-30 07:15:00,0.85583,0.85628,0.85581,0.85583
2026-08-30 07:30:00,0.85583,0.85628,0.8558,0.85613
2026-08-30 07:45:00,0.85581,0.85593,0.8558,0.85583
2026-08-30 08:00:00,0.85582,0.85625,0.85521,0.85582
2026-08-30 08:15:00,0.85582,0.85587,0.85581,0.85582
2026-08-30 08:30:00,0.85583,0.85628,0.85576,0.85584
2026-08-30 08:45:00,0.85583,0.85621,0.85578,0.85608
2026-08-30 09:00:00,0.85583,0.85621,0.85579,0.85582
2026-08-30 09:15:00,0.85583,0.85614,0.85579,0.85585
2026-08-30 09:30:00,0.85586,0.8559,0.85585,0.85587
2026-08-30 09:45:00,0.85586,0.85606,0.85582,0.85587
2026-08-30 10:00:00,0.85585,0.85589,0.85574,0.85583
2026-08-30 10:15:00,0.85581,0.85615,0.85577,0.85581
2026-08-30 10:30:00,0.85582,0.85613,0.85578,0.85582
2026-08-30 10:45:00,0.85581,0.85585,0.8558,0.85583
2026-08-30 11:00:00,0.85581,0.85616,0.85577,0.85588
2026-08-30 11:15:00,0.85588,0.8559,0.85581,0.85585
2026-08-30 11:30:00,0.85585,0.85614,0.85582,0.85585
2026-08-30 11:45:00,0.85585,0.85608,0.85581,0.85586
2026-08-30 12:00:00,0.85584,0.85588,0.85583,0.85585
2026-08-30 12:15:00,0.85584,0.85603,0.85582,0.85583
2026-08-30 12:30:00,0.85584,0.85591,0.85556,0.85579
2026-08-30 12:45:00,0.85579,0.85611,0.85579,0.85586
2026-08-30 13:00:00,0.85584,0.85607,0.85582,0.85585
2026-08-30 13:15:00,0.85584,0.85588,0.85583,0.85583
2026-08-30 13:30:00,0.85584,0.85601,0.85582,0.85584
2026-08-30 13:45:00,0.85584,0.85587,0.85582,0.85585
2026-08-30 14:00:00,0.85584,0.85599,0.85581,0.85585
2026-08-30 14:15:00,0.85583,0.85597,0.85583,0.85586
2026-08-30 14:30:00,0.85586,0.8559,0.85585,0.85586
2026-08-30 14:45:00,0.85586,0.856,0.85585,0.85589
2026-08-30 15:00:00,0.85588,0.85592,0.85587,0.8559
2026-08-30 15:15:00,0.85588,0.85609,0.85583,0.85585
2026-08-30 15:30:00,0.85585,0.85605,0.85584,0.85586
2026-08-30 15:45:00,0.85587,0.8559,0.85585,0.85588
2026-08-30 16:00:00,0.85587,0.85615,0.85557,0.85587
2026-08-30 16:15:00,0.85585,0.85589,0.85584,0.85585
2026-08-30 16:30:00,0.85585,0.85607,0.85581,0.85584
2026-08-30 16:45:00,0.85584,0.85602,0.85583,0.85586
2026-08-30 17:00:00,0.85584,0.85588,0.85583,0.85586
2026-08-30 17:15:00,0.85584,0.85598,0.85581,0.85584
2026-08-30 17:30:00,0.85584,0.85587,0.85553,0.85581
2026-08-30 17:45:00,0.85582,0.85611,0.85578,0.85586
2026-08-30 18:00:00,0.85586,0.85605,0.85582,0.85587
2026-08-30 18:15:00,0.85585,0.85589,0.85584,0.85586
2026-08-30 18:30:00,0.85585,0.85601,0.85582,0.85584
2026-08-30 18:45:00,0.85584,0.85588,0.85583,0.85586
2026-08-30 19:00:00,0.85584,0.85597,0.85582,0.85586
2026-08-30 19:15:00,0.85584,0.85596,0.85583,0.85587
2026-08-30 19:30:00,0.85585,0.85589,0.85584,0.85585
2026-08-30 19:45:00,0.85585,0.85598,0.85584,0.85588
2026-08-30 20:00:00,0.85588,0.85591,0.85586,0.85589
2026-08-30 20:15:00,0.85588,0.85592,0.85586,0.85589
2026-08-30 20:30:00,0.85588,0.85596,0.85587,0.85592
2026-08-30 20:45:00,0.85592,0.85596,0.85591,0.85592
2026-08-30 21:00:00,0.85592,0.85596,0.85591,0.85593
2026-08-30 21:15:00,0.85592,0.85596,0.85591,0.85594
2026-08-30 21:30:00,0.85592,0.85596,0.85556,0.85564
2026-08-30 21:45:00,0.85564,0.85568,0.85563,0.85563
2026-08-30 22:00:00,0.85564,0.85568,0.85563,0.85565
2026-08-30 22:15:00,0.85564,0.85568,0.85563,0.85566
2026-08-30 22:30:00,0.85564,0.85568,0.85563,0.85564
2026-08-30 22:45:00,0.85564,0.85647,0.8532,0.85399
2026-08-30 23:00:00,0.85399,0.85403,0.85398,0.85401
2026-08-30 23:15:00,0.85399,0.85614,0.85311,0.85376
2026-08-30 23:30:00,0.85374,0.85378,0.85373,0.85375
2026-08-30 23:45:00,0.85374,0.85375,0.8519,0.85247
2026-08-31 00:00:00,0.85248,0.85684,0.85119,0.85347
2026-08-31 00:15:00,0.85347,0.85351,0.85346,0.85349
2026-08-31 00:30:00,0.85347,0.85355,0.85171,0.85227
2026-08-31 00:45:00,0.85226,0.8523,0.85225,0.85226
2026-08-31 01:00:00,0.85226,0.85228,0.85186,0.85202
2026-08-31 01:15:00,0.852,0.85212,0.85071,0.85111
2026-08-31 01:30:00,0.85109,0.85129,0.85097,0.85125
2026-08-31 01:45:00,0.85124,0.85127,0.85014,0.85048
2026-08-31 02:00:00,0.85048,0.85752,0.84888,0.85315
2026-08-31 02:15:00,0.85315,0.85328,0.85152,0.85228
2026-08-31 02:30:00,0.85226,0.85257,0.85162,0.85181
2026-08-31 02:45:00,0.8518,0.85184,0.85179,0.8518
2026-08-31 03:00:00,0.8518,0.85699,0.84953,0.85343
2026-08-31 03:15:00,0.85345,0.85378,0.85345,0.85377
2026-08-31 03:30:00,0.85376,0.85379,0.8519,0.85251
2026-08-31 03:45:00,0.85249,0.85655,0.85184,0.85515
2026-08-31 04:00:00,0.85496,0.85601,0.85496,0.85578
2026-08-31 04:15:00,0.85579,0.85677,0.85373,0.85581
2026-08-31 04:30:00,0.85577,0.85583,0.85575,0.85581
2026-08-31 04:45:00,0.85579,0.85784,0.85332,0.85579
2026-08-31 05:00:00,0.85466,0.85737,0.85426,0.85591
2026-08-31 05:15:00,0.85613,0.85942,0.85414,0.85427
2026-08-31 05:30:00,0.8545,0.85806,0.85367,0.85605
2026-08-31 05:45:00,0.8557,0.8571,0.85473,0.85594
2026-08-31 06:00:00,0.85568,0.85635,0.85538,0.85601
2026-08-31 06:15:00,0.85592,0.85612,0.85553,0.85582
2026-08-31 06:30:00,0.85582,0.85628,0.85559,0.85571
2026-08-31 06:45:00,0.85573,0.85696,0.85515,0.85584
2026-08-31 07:00:00,0.85575,0.85599,0.85548,0.85559
2026-08-31 07:15:00,0.85563,0.85572,0.85535,0.85569
2026-08-31 07:30:00,0.85568,0.8558,0.85549,0.85563
2026-08-31 07:45:00,0.85555,0.85572,0.85541,0.8555
2026-08-31 08:00:00,0.85551,0.85597,0.85541,0.85588
2026-08-31 08:15:00,0.85586,0.85593,0.85582,0.85585
2026-08-31 08:30:00,0.85586,0.85591,0.85575,0.8558
2026-08-31 08:45:00,0.85578,0.85588,0.85577,0.85582
2026-08-31 09:00:00,0.8558,0.8559,0.85573,0.85582
2026-08-31 09:15:00,0.85582,0.8559,0.85581,0.85585
2026-08-31 09:30:00,0.85585,0.85595,0.8558,0.85592
2026-08-31 09:45:00,0.85591,0.85594,0.85583,0.85591
2026-08-31 10:00:00,0.8559,0.85612,0.85584,0.85597
2026-08-31 10:15:00,0.85601,0.85611,0.85592,0.856
2026-08-31 10:30:00,0.85605,0.85613,0.85584,0.85591
2026-08-31 10:45:00,0.85592,0.856,0.85568,0.85583
2026-08-31 11:00:00,0.8558,0.85603,0.8557,0.85595
2026-08-31 11:15:00,0.85595,0.85597,0.85578,0.85581
2026-08-31 11:30:00,0.85581,0.85598,0.85577,0.85586
2026-08-31 11:45:00,0.85585,0.85595,0.85573,0.85588
2026-08-31 12:00:00,0.85586,0.85591,0.85573,0.8558
2026-08-31 12:15:00,0.85584,0.85589,0.85568,0.85582
2026-08-31 12:30:00,0.85584,0.85599,0.85573,0.85597
2026-08-31 12:45:00,0.85594,0.85599,0.85583,0.85591
2026-08-31 13:00:00,0.85589,0.85591,0.85574,0.8558
2026-08-31 13:15:00,0.85579,0.85588,0.85572,0.85575
2026-08-31 13:30:00,0.85577,0.85588,0.8557,0.85583
2026-08-31 13:45:00,0.85583,0.85585,0.85574,0.85583
2026-08-31 14:00:00,0.85581,0.85589,0.85572,0.85579
2026-08-31 14:15:00,0.85577,0.85584,0.8557,0.85573
2026-08-31 14:30:00,0.85576,0.85587,0.8557,0.85586
2026-08-31 14:45:00,0.85583,0.85583,0.8557,0.85579
2026-08-31 15:00:00,0.85578,0.85587,0.85566,0.8558
2026-08-31 15:15:00,0.8558,0.85589,0.85562,0.85564
2026-08-31 15:30:00,0.85567,0.85573,0.85549,0.85559
2026-08-31 15:45:00,0.85564,0.85566,0.8555,0.85564
2026-08-31 16:00:00,0.8556,0.85573,0.85542,0.85562
2026-08-31 16:15:00,0.85557,0.85559,0.85532,0.85546
2026-08-31 16:30:00,0.85544,0.8556,0.8554,0.8555
2026-08-31 16:45:00,0.85557,0.8558,0.85544,0.85566
2026-08-31 17:00:00,0.85565,0.85593,0.85554,0.85591
2026-08-31 17:15:00,0.85583,0.8561,0.85573,0.85595
2026-08-31 17:30:00,0.85593,0.85642,0.85586,0.85639
2026-08-31 17:45:00,0.85634,0.85655,0.85626,0.85653
2026-08-31 18:00:00,0.85649,0.85656,0.85598,0.85625
2026-08-31 18:15:00,0.85623,0.85632,0.85605,0.85611
2026-08-31 18:30:00,0.85613,0.85639,0.8561,0.85637
2026-08-31 18:45:00,0.85634,0.85649,0.85618,0.8562
2026-08-31 19:00:00,0.85624,0.85656,0.85622,0.8565
2026-08-31 19:15:00,0.85649,0.85653,0.85632,0.85644
2026-08-31 19:30:00,0.85644,0.85651,0.8563,0.85643
2026-08-31 19:45:00,0.85642,0.85658,0.85629,0.85651
2026-08-31 20:00:00,0.85653,0.85661,0.85635,0.85656
2026-08-31 20:15:00,0.85654,0.85663,0.8564,0.8566
2026-08-31 20:30:00,0.85659,0.8567,0.85649,0.85666
2026-08-31 20:45:00,0.85666,0.85679,0.85647,0.85649
2026-08-31 21:00:00,0.85652,0.85676,0.85645,0.85661
2026-08-31 21:15:00,0.85667,0.85675,0.85657,0.85664
2026-08-31 21:30:00,0.85663,0.85672,0.85642,0.85669
2026-08-31 21:45:00,0.85669,0.85675,0.85646,0.85655
2026-08-31 22:00:00,0.85658,0.85661,0.85634,0.85641
2026-08-31 22:15:00,0.85645,0.85655,0.85616,0.8562
2026-08-31 22:30:00,0.85625,0.85649,0.85609,0.85645
2026-08-31 22:45:00,0.85643,0.85654,0.8563,0.85648
2026-08-31 23:00:00,0.8565,0.85652,0.85618,0.85632
2026-08-31 23:15:00,0.85631,0.85647,0.85615,0.8563
2026-08-31 23:30:00,0.85624,0.85644,0.85609,0.85617
2026-08-31 23:45:00,0.8563,0.85656,0.8561,0.85654
2026-09-01 00:00:00,0.8565,0.85705,0.8563,0.85684
2026-09-01 00:15:00,0.8569,0.85693,0.85665,0.85683
2026-09-01 00:30:00,0.85681,0.85708,0.85658,0.85705
2026-09-01 00:45:00,0.85699,0.85725,0.85604,0.85691
2026-09-01 01:00:00,0.85683,0.85726,0.85649,0.85723
2026-09-01 01:15:00,0.85716,0.8574,0.85696,0.85724
2026-09-01 01:30:00,0.85726,0.85751,0.85721,0.85735
2026-09-01 01:45:00,0.8574,0.85743,0.85719,0.85738
2026-09-01 02:00:00,0.85736,0.85747,0.85721,0.85729
2026-09-01 02:15:00,0.85735,0.85735,0.85717,0.85733
2026-09-01 02:30:00,0.85731,0.85743,0.85715,0.85736
2026-09-01 02:45:00,0.85734,0.85746,0.85725,0.85737
2026-09-01 03:00:00,0.8574,0.8575,0.85733,0.85739
2026-09-01 03:15:00,0.85742,0.85744,0.85718,0.85727
2026-09-01 03:30:00,0.85726,0.85733,0.85718,0.85724
2026-09-01 03:45:00,0.85723,0.85726,0.8571,0.85722
2026-09-01 04:00:00,0.85719,0.85733,0.85714,0.85725
2026-09-01 04:15:00,0.85727,0.85734,0.8572,0.85732
2026-09-01 04:30:00,0.85731,0.85744,0.85719,0.85739
2026-09-01 04:45:00,0.85737,0.85744,0.85718,0.8573
2026-09-01 05:00:00,0.8573,0.85748,0.85719,0.85747
2026-09-01 05:15:00,0.85745,0.85748,0.85733,0.85746
2026-09-01 05:30:00,0.85743,0.85748,0.85731,0.85743
2026-09-01 05:45:00,0.85741,0.85742,0.85723,0.85733
2026-09-01 06:00:00,0.85732,0.85744,0.85723,0.85734
2026-09-01 06:15:00,0.85738,0.85747,0.85731,0.85737
2026-09-01 06:30:00,0.85735,0.85739,0.85725,0.85737
2026-09-01 06:45:00,0.85735,0.85749,0.85733,0.85748
2026-09-01 07:00:00,0.85745,0.85755,0.85732,0.85748
2026-09-01 07:15:00,0.85744,0.85757,0.85737,0.85755
2026-09-01 07:30:00,0.8575,0.85752,0.85726,0.85736
2026-09-01 07:45:00,0.85733,0.8574,0.85721,0.85725
2026-09-01 08:00:00,0.85727,0.85744,0.85717,0.85741
2026-09-01 08:15:00,0.8574,0.85747,0.85733,0.85739
2026-09-01 08:30:00,0.85741,0.85747,0.85738,0.85745
2026-09-01 08:45:00,0.85742,0.85748,0.85737,0.85746
2026-09-01 09:00:00,0.85744,0.85749,0.8573,0.85748
2026-09-01 09:15:00,0.85746,0.85755,0.85739,0.85753
2026-09-01 09:30:00,0.8575,0.85757,0.85743,0.85756
2026-09-01 09:45:00,0.85752,0.85759,0.85744,0.85753
2026-09-01 10:00:00,0.8575,0.85758,0.85729,0.85734
2026-09-01 10:15:00,0.85739,0.85743,0.85721,0.85724
2026-09-01 10:30:00,0.8573,0.85739,0.85714,0.85727
2026-09-01 10:45:00,0.85734,0.8574,0.85718,0.85728
2026-09-01 11:00:00,0.85724,0.85735,0.85715,0.85725
2026-09-01 11:15:00,0.85725,0.85734,0.85716,0.85725
2026-09-01 11:30:00,0.85729,0.85737,0.85706,0.85707
2026-09-01 11:45:00,0.85709,0.8572,0.85698,0.85714
2026-09-01 12:00:00,0.85711,0.85718,0.85698,0.85715
2026-09-01 12:15:00,0.85714,0.85722,0.85708,0.85708
2026-09-01 12:30:00,0.8571,0.8572,0.85702,0.85711
2026-09-01 12:45:00,0.85714,0.85715,0.85705,0.85711
2026-09-01 13:00:00,0.85709,0.85716,0.85694,0.85711
2026-09-01 13:15:00,0.8571,0.85716,0.85696,0.85712
2026-09-01 13:30:00,0.85709,0.85716,0.85699,0.85706
2026-09-01 13:45:00,0.85706,0.85712,0.85694,0.85708
2026-09-01 14:00:00,0.85706,0.85714,0.85696,0.85706
2026-09-01 14:15:00,0.85704,0.85707,0.85696,0.85705
2026-09-01 14:30:00,0.85703,0.85711,0.85697,0.85705
2026-09-01 14:45:00,0.85706,0.8571,0.8569,0.85697
2026-09-01 15:00:00,0.85696,0.85707,0.85685,0.85691
2026-09-01 15:15:00,0.85689,0.85697,0.85683,0.85687
2026-09-01 15:30:00,0.8569,0.85696,0.85677,0.8568
2026-09-01 15:45:00,0.85687,0.85697,0.85675,0.85694
2026-09-01 16:00:00,0.85691,0.85716,0.85683,0.85697
2026-09-01 16:15:00,0.85695,0.8572,0.85694,0.85712
2026-09-01 16:30:00,0.85712,0.85721,0.8568,0.85683
2026-09-01 16:45:00,0.85683,0.85705,0.85668,0.85704
2026-09-01 17:00:00,0.85701,0.85712,0.85679,0.85688
2026-09-01 17:15:00,0.85685,0.85696,0.85653,0.85689
2026-09-01 17:30:00,0.85691,0.85698,0.85667,0.85674
2026-09-01 17:45:00,0.85673,0.85681,0.85651,0.85659
2026-09-01 18:00:00,0.85662,0.85669,0.85627,0.85645
2026-09-01 18:15:00,0.85647,0.85663,0.8564,0.85647
2026-09-01 18:30:00,0.85651,0.85659,0.85622,0.85623
2026-09-01 18:45:00,0.85625,0.85636,0.85608,0.85615
2026-09-01 19:00:00,0.85621,0.85644,0.85612,0.85631
2026-09-01 19:15:00,0.85627,0.85639,0.85598,0.85619
2026-09-01 19:30:00,0.85617,0.8563,0.85605,0.85629
2026-09-01 19:45:00,0.85627,0.85644,0.85612,0.85619
2026-09-01 20:00:00,0.85622,0.8563,0.85606,0.85616
2026-09-01 20:15:00,0.85615,0.85619,0.85599,0.85612
2026-09-01 20:30:00,0.85609,0.85635,0.85609,0.85633
2026-09-01 20:45:00,0.85629,0.85652,0.85625,0.85644
2026-09-01 21:00:00,0.85644,0.8566,0.85634,0.85652
2026-09-01 21:15:00,0.85651,0.85661,0.85638,0.85655
2026-09-01 21:30:00,0.85652,0.85665,0.85635,0.85637
2026-09-01 21:45:00,0.8564,0.85662,0.85637,0.8564
2026-09-01 22:00:00,0.85647,0.8566,0.85636,0.85659
2026-09-01 22:15:00,0.85656,0.85669,0.85641,0.85657
2026-09-01 22:30:00,0.85654,0.85671,0.85643,0.8567
2026-09-01 22:45:00,0.85666,0.85687,0.85647,0.85684
2026-09-01 23:00:00,0.8568,0.85694,0.8566,0.85676
2026-09-01 23:15:00,0.85679,0.8568,0.85647,0.85656
2026-09-01 23:30:00,0.85654,0.85674,0.85639,0.85664
2026-09-01 23:45:00,0.85661,0.85685,0.85642,0.85654
2026-09-02 00:00:00,0.85658,0.85679,0.85632,0.85661
2026-09-02 00:15:00,0.85657,0.85673,0.85646,0.85669
2026-09-02 00:30:00,0.85665,0.85676,0.85648,0.85662
2026-09-02 00:45:00,0.85667,0.8568,0.85643,0.8566
2026-09-02 01:00:00,0.85658,0.85708,0.85649,0.85673
2026-09-02 01:15:00,0.85683,0.85705,0.85677,0.85698
2026-09-02 01:30:00,0.85697,0.85702,0.85673,0.85693
2026-09-02 01:45:00,0.85689,0.85702,0.85678,0.857
2026-09-02 02:00:00,0.85695,0.85703,0.85686,0.85688
2026-09-02 02:15:00,0.85691,0.85695,0.85659,0.8569
2026-09-02 02:30:00,0.85686,0.857,0.85674,0.85697
2026-09-02 02:45:00,0.85691,0.85728,0.85687,0.85727
2026-09-02 03:00:00,0.85724,0.85747,0.85711,0.85734
2026-09-02 03:15:00,0.85736,0.85754,0.8573,0.85745
2026-09-02 03:30:00,0.85737,0.85771,0.85737,0.85753
2026-09-02 03:45:00,0.85751,0.85752,0.85738,0.85749
2026-09-02 04:00:00,0.85747,0.85765,0.85735,0.85756
2026-09-02 04:15:00,0.85758,0.85773,0.85751,0.85771
2026-09-02 04:30:00,0.85768,0.85782,0.85762,0.85781
2026-09-02 04:45:00,0.85778,0.85783,0.85745,0.85769
2026-09-02 05:00:00,0.85768,0.85781,0.85758,0.85773
2026-09-02 05:15:00,0.85778,0.85785,0.85766,0.85772
2026-09-02 05:30:00,0.85771,0.8578,0.85763,0.85776
2026-09-02 05:45:00,0.85774,0.85781,0.85764,0.85778
2026-09-02 06:00:00,0.85777,0.85779,0.85761,0.85766
2026-09-02 06:15:00,0.85767,0.85784,0.85762,0.85777
2026-09-02 06:30:00,0.85777,0.85781,0.85769,0.85778
2026-09-02 06:45:00,0.85776,0.85781,0.85759,0.85772
2026-09-02 07:00:00,0.8577,0.85778,0.85735,0.85753
2026-09-02 07:15:00,0.85755,0.85776,0.85746,0.85748
2026-09-02 07:30:00,0.85752,0.85776,0.85745,0.85773
2026-09-02 07:45:00,0.85766,0.85776,0.85748,0.85756
2026-09-02 08:00:00,0.85757,0.85784,0.85754,0.8578
2026-09-02 08:15:00,0.8578,0.85784,0.85763,0.8578
2026-09-02 08:30:00,0.85776,0.85783,0.85767,0.85777
2026-09-02 08:45:00,0.85776,0.8578,0.85769,0.85777
2026-09-02 09:00:00,0.85775,0.85789,0.85767,0.85783
2026-09-02 09:15:00,0.85782,0.85787,0.85771,0.85776
2026-09-02 09:30:00,0.85777,0.8578,0.85769,0.85773
2026-09-02 09:45:00,0.85772,0.85777,0.85764,0.85775
2026-09-02 10:00:00,0.85773,0.85778,0.85759,0.85777
2026-09-02 10:15:00,0.85773,0.85784,0.85758,0.85765
2026-09-02 10:30:00,0.85769,0.85772,0.85756,0.85766
2026-09-02 10:45:00,0.85765,0.85768,0.85748,0.85758
2026-09-02 11:00:00,0.85756,0.85764,0.85751,0.85763
2026-09-02 11:15:00,0.85761,0.85772,0.85751,0.85755
2026-09-02 11:30:00,0.85753,0.85758,0.8573,0.85739
2026-09-02 11:45:00,0.85739,0.85749,0.8573,0.8574
2026-09-02 12:00:00,0.85737,0.85751,0.85731,0.8574
2026-09-02 12:15:00,0.85736,0.85748,0.85722,0.85738
2026-09-02 12:30:00,0.8574,0.85752,0.85736,0.85745
2026-09-02 12:45:00,0.85745,0.85749,0.85734,0.85744
2026-09-02 13:00:00,0.85742,0.85753,0.85736,0.85745
2026-09-02 13:15:00,0.85743,0.85752,0.8574,0.85744
2026-09-02 13:30:00,0.85748,0.85758,0.8574,0.85757
2026-09-02 13:45:00,0.85755,0.85762,0.8575,0.85762
2026-09-02 14:00:00,0.8576,0.85765,0.85745,0.85758
2026-09-02 14:15:00,0.85756,0.8576,0.85738,0.85759
2026-09-02 14:30:00,0.85758,0.85768,0.85752,0.85757
2026-09-02 14:45:00,0.85761,0.85772,0.85754,0.8577
2026-09-02 15:00:00,0.85769,0.85774,0.85756,0.85765
2026-09-02 15:15:00,0.85763,0.8577,0.85747,0.85764
2026-09-02 15:30:00,0.85763,0.85775,0.85753,0.85766
2026-09-02 15:45:00,0.85767,0.85773,0.85755,0.85765
2026-09-02 16:00:00,0.85764,0.85785,0.85749,0.85769
2026-09-02 16:15:00,0.85767,0.85776,0.85726,0.85739
2026-09-02 16:30:00,0.85737,0.85743,0.85714,0.85722
2026-09-02 16:45:00,0.85724,0.85742,0.85716,0.8572
2026-09-02 17:00:00,0.85727,0.85748,0.8572,0.85734
2026-09-02 17:15:00,0.8573,0.85739,0.85682,0.85709
2026-09-02 17:30:00,0.85703,0.85713,0.8567,0.85702
2026-09-02 17:45:00,0.857,0.85704,0.85682,0.85695
2026-09-02 18:00:00,0.85696,0.85706,0.8568,0.85702
2026-09-02 18:15:00,0.85699,0.85711,0.85691,0.85708
2026-09-02 18:30:00,0.85706,0.85725,0.85701,0.85705
2026-09-02 18:45:00,0.85707,0.85725,0.85693,0.85709
2026-09-02 19:00:00,0.85716,0.85739,0.85711,0.85738
2026-09-02 19:15:00,0.85733,0.85746,0.85722,0.85745
2026-09-02 19:30:00,0.85742,0.85773,0.85737,0.85769
2026-09-02 19:45:00,0.85766,0.85805,0.85759,0.85801
2026-09-02 20:00:00,0.85795,0.85832,0.85793,0.8583
2026-09-02 20:15:00,0.85824,0.85836,0.85807,0.85825
2026-09-02 20:30:00,0.85821,0.85824,0.85787,0.85823
2026-09-02 20:45:00,0.8582,0.85832,0.85816,0.85824
2026-09-02 21:00:00,0.85822,0.85835,0.85805,0.85829
2026-09-02 21:15:00,0.85827,0.85851,0.85815,0.85849
2026-09-02 21:30:00,0.85848,0.85875,0.85829,0.85831
2026-09-02 21:45:00,0.85835,0.85859,0.85798,0.85855
2026-09-02 22:00:00,0.85851,0.85889,0.8584,0.85888
2026-09-02 22:15:00,0.85884,0.85931,0.85871,0.85903
2026-09-02 22:30:00,0.85894,0.85924,0.85889,0.85904
2026-09-02 22:45:00,0.85904,0.85929,0.85881,0.85927
2026-09-02 23:00:00,0.85924,0.85937,0.85894,0.859
2026-09-02 23:15:00,0.85909,0.85998,0.85865,0.85882
2026-09-02 23:30:00,0.85912,0.85917,0.85852,0.85855
2026-09-02 23:45:00,0.8586,0.85909,0.85834,0.85892
2026-09-03 00:00:00,0.85895,0.85896,0.85831,0.85862
2026-09-03 00:15:00,0.85871,0.8588,0.85841,0.85848
2026-09-03 00:30:00,0.85855,0.85863,0.8583,0.85837
2026-09-03 00:45:00,0.85845,0.85876,0.85826,0.85853
2026-09-03 01:00:00,0.85855,0.85855,0.85812,0.85849
2026-09-03 01:15:00,0.85845,0.85865,0.85834,0.85854
2026-09-03 01:30:00,0.85853,0.85888,0.85846,0.85885
2026-09-03 01:45:00,0.85883,0.8589,0.8586,0.85863
2026-09-03 02:00:00,0.85869,0.85869,0.85844,0.85859
2026-09-03 02:15:00,0.8586,0.8587,0.85842,0.85865
2026-09-03 02:30:00,0.8586,0.85882,0.85859,0.85867
2026-09-03 02:45:00,0.85864,0.85882,0.85859,0.85867
2026-09-03 03:00:00,0.8587,0.85885,0.85864,0.85877
2026-09-03 03:15:00,0.85879,0.85903,0.85874,0.85894
2026-09-03 03:30:00,0.85893,0.85911,0.85888,0.85902
2026-09-03 03:45:00,0.859,0.85922,0.85889,0.85906
2026-09-03 04:00:00,0.85911,0.85917,0.85898,0.8591
2026-09-03 04:15:00,0.85911,0.85924,0.85883,0.85911
2026-09-03 04:30:00,0.85911,0.85917,0.85895,0.85911
2026-09-03 04:45:00,0.85907,0.85908,0.85894,0.85907
2026-09-03 05:00:00,0.85905,0.85917,0.85896,0.85898
2026-09-03 05:15:00,0.85903,0.85908,0.85891,0.85906
2026-09-03 05:30:00,0.85904,0.85914,0.85899,0.8591
2026-09-03 05:45:00,0.85908,0.85915,0.85901,0.85904
2026-09-03 06:00:00,0.85908,0.85915,0.859,0.8591
2026-09-03 06:15:00,0.8591,0.85919,0.85904,0.85916
2026-09-03 06:30:00,0.85914,0.85922,0.85906,0.85922
2026-09-03 06:45:00,0.8592,0.85942,0.85907,0.8594
2026-09-03 07:00:00,0.85936,0.85936,0.85891,0.85898
2026-09-03 07:15:00,0.85902,0.8592,0.85902,0.85907
2026-09-03 07:30:00,0.8591,0.85942,0.85909,0.85934
2026-09-03 07:45:00,0.85935,0.85948,0.85927,0.85928
2026-09-03 08:00:00,0.85929,0.85947,0.85922,0.85939
2026-09-03 08:15:00,0.8594,0.85947,0.85934,0.85936
2026-09-03 08:30:00,0.85938,0.85942,0.85933,0.85939
2026-09-03 08:45:00,0.85938,0.85945,0.85927,0.85938
2026-09-03 09:00:00,0.85936,0.85939,0.85921,0.85935
2026-09-03 09:15:00,0.85935,0.85943,0.85931,0.85941
2026-09-03 09:30:00,0.85938,0.85941,0.85932,0.8594
2026-09-03 09:45:00,0.85939,0.8594,0.85923,0.85927
2026-09-03 10:00:00,0.85925,0.85943,0.85922,0.85934
2026-09-03 10:15:00,0.85933,0.85948,0.85926,0.85939
2026-09-03 10:30:00,0.85942,0.85945,0.85922,0.85925
2026-09-03 10:45:00,0.85931,0.85943,0.85918,0.85926
2026-09-03 11:00:00,0.85923,0.85931,0.85917,0.85924
2026-09-03 11:15:00,0.85923,0.8594,0.85916,0.8593
2026-09-03 11:30:00,0.85931,0.85941,0.8592,0.85937
2026-09-03 11:45:00,0.85937,0.85945,0.85926,0.85942
2026-09-03 12:00:00,0.85939,0.85946,0.85931,0.85941
2026-09-03 12:15:00,0.85939,0.85951,0.85926,0.85942
2026-09-03 12:30:00,0.8594,0.85948,0.85923,0.85939
2026-09-03 12:45:00,0.85939,0.85945,0.85925,0.85929
2026-09-03 13:00:00,0.85935,0.85936,0.85922,0.85931
2026-09-03 13:15:00,0.85929,0.85937,0.85923,0.8593
2026-09-03 13:30:00,0.85927,0.85945,0.85923,0.85944
2026-09-03 13:45:00,0.85942,0.85943,0.8593,0.85942
2026-09-03 14:00:00,0.8594,0.85942,0.8593,0.8594
2026-09-03 14:15:00,0.85938,0.85945,0.85929,0.85934
2026-09-03 14:30:00,0.85932,0.85946,0.85928,0.8594
2026-09-03 14:45:00,0.8594,0.85944,0.8593,0.85934
2026-09-03 15:00:00,0.85934,0.85944,0.85926,0.85943
2026-09-03 15:15:00,0.85941,0.85954,0.85929,0.85943
2026-09-03 15:30:00,0.85941,0.85962,0.85937,0.85959
2026-09-03 15:45:00,0.85956,0.85984,0.85949,0.85979
2026-09-03 16:00:00,0.85979,0.86008,0.85968,0.85998
2026-09-03 16:15:00,0.85997,0.86023,0.85985,0.8602
2026-09-03 16:30:00,0.86018,0.86039,0.86007,0.86017
2026-09-03 16:45:00,0.86019,0.86024,0.85982,0.86004
2026-09-03 17:00:00,0.85999,0.86037,0.85978,0.86013
2026-09-03 17:15:00,0.86009,0.86027,0.8598,0.86012
2026-09-03 17:30:00,0.86011,0.86011,0.85962,0.85964
2026-09-03 17:45:00,0.85968,0.85968,0.85931,0.85958
2026-09-03 18:00:00,0.85955,0.85957,0.85905,0.85946
2026-09-03 18:15:00,0.85943,0.85962,0.85923,0.85954
2026-09-03 18:30:00,0.85952,0.85978,0.85939,0.85972
2026-09-03 18:45:00,0.85972,0.86006,0.85963,0.85998
2026-09-03 19:00:00,0.85993,0.86008,0.8596,0.85974
2026-09-03 19:15:00,0.85973,0.85997,0.85955,0.85988
2026-09-03 19:30:00,0.85986,0.86012,0.85981,0.85998
2026-09-03 19:45:00,0.86,0.86008,0.85974,0.85981
2026-09-03 20:00:00,0.85984,0.85993,0.8597,0.85993
2026-09-03 20:15:00,0.85991,0.86003,0.85975,0.85986
2026-09-03 20:30:00,0.85985,0.86014,0.85976,0.86009
2026-09-03 20:45:00,0.86008,0.86014,0.85983,0.85993
2026-09-03 21:00:00,0.85997,0.86007,0.85977,0.86004
2026-09-03 21:15:00,0.86002,0.86054,0.85997,0.86053
2026-09-03 21:30:00,0.8605,0.86061,0.86021,0.86046
2026-09-03 21:45:00,0.86051,0.86088,0.86043,0.86045
2026-09-03 22:00:00,0.86049,0.86077,0.86036,0.86052
2026-09-03 22:15:00,0.8605,0.86067,0.86029,0.86063
2026-09-03 22:30:00,0.86057,0.86157,0.85999,0.86017
2026-09-03 22:45:00,0.86019,0.86034,0.85988,0.86001
2026-09-03 23:00:00,0.86002,0.86027,0.85991,0.86014
2026-09-03 23:15:00,0.86017,0.86039,0.86005,0.86034
2026-09-03 23:30:00,0.86032,0.86062,0.8602,0.86038
2026-09-03 23:45:00,0.86044,0.86051,0.86004,0.86041
2026-09-04 00:00:00,0.86032,0.86042,0.85991,0.86032
2026-09-04 00:15:00,0.86021,0.86048,0.86005,0.86033
2026-09-04 00:30:00,0.86029,0.86038,0.86008,0.8603
2026-09-04 00:45:00,0.86027,0.86029,0.85945,0.85948
2026-09-04 01:00:00,0.85953,0.85961,0.85854,0.85878
2026-09-04 01:15:00,0.85875,0.85884,0.85843,0.85871
2026-09-04 01:30:00,0.85869,0.85891,0.8586,0.85883
2026-09-04 01:45:00,0.85877,0.85902,0.85864,0.85895
2026-09-04 02:00:00,0.85884,0.859,0.85872,0.85874
2026-09-04 02:15:00,0.85878,0.85916,0.85872,0.85912
2026-09-04 02:30:00,0.85908,0.85919,0.85879,0.85918
2026-09-04 02:45:00,0.85915,0.8593,0.8591,0.85915
2026-09-04 03:00:00,0.85921,0.85936,0.85905,0.85924
2026-09-04 03:15:00,0.85928,0.85929,0.85899,0.85907
2026-09-04 03:30:00,0.85909,0.85923,0.859,0.85921
2026-09-04 03:45:00,0.85918,0.85931,0.85907,0.85919
2026-09-04 04:00:00,0.85917,0.85925,0.85905,0.8591
2026-09-04 04:15:00,0.8591,0.85928,0.85903,0.85927
2026-09-04 04:30:00,0.85923,0.85935,0.85917,0.85931
2026-09-04 04:45:00,0.85929,0.85938,0.8592,0.85936
2026-09-04 05:00:00,0.85935,0.85939,0.85914,0.85916
2026-09-04 05:15:00,0.85923,0.85974,0.85915,0.85972
2026-09-04 05:30:00,0.85968,0.85976,0.85956,0.85964
2026-09-04 05:45:00,0.85961,0.85979,0.85953,0.85978
2026-09-04 06:00:00,0.85975,0.8598,0.85952,0.85955
2026-09-04 06:15:00,0.85962,0.8597,0.85951,0.85959
2026-09-04 06:30:00,0.85959,0.85965,0.85952,0.85958
2026-09-04 06:45:00,0.85957,0.85966,0.8595,0.85965
2026-09-04 07:00:00,0.85963,0.85982,0.85931,0.85937
2026-09-04 07:15:00,0.85951,0.85964,0.85926,0.8593
2026-09-04 07:30:00,0.85933,0.85946,0.85928,0.8594
2026-09-04 07:45:00,0.85938,0.85954,0.85935,0.85953
2026-09-04 08:00:00,0.85948,0.85971,0.85948,0.85969
2026-09-04 08:15:00,0.85968,0.85973,0.85958,0.85964
2026-09-04 08:30:00,0.85967,0.85971,0.85956,0.85963
2026-09-04 08:45:00,0.85961,0.85963,0.85944,0.8595
2026-09-04 09:00:00,0.85949,0.85955,0.85938,0.85945
2026-09-04 09:15:00,0.85944,0.85951,0.85938,0.8594
2026-09-04 09:30:00,0.85942,0.85954,0.8593,0.85951
2026-09-04 09:45:00,0.85949,0.85957,0.85944,0.85956
2026-09-04 10:00:00,0.85954,0.85971,0.85948,0.85958
2026-09-04 10:15:00,0.85959,0.85965,0.85949,0.85956
2026-09-04 10:30:00,0.85961,0.85967,0.85943,0.85954
2026-09-04 10:45:00,0.85954,0.8596,0.85926,0.85943
2026-09-04 11:00:00,0.85941,0.85949,0.85925,0.85946
2026-09-04 11:15:00,0.85943,0.85947,0.85928,0.85935
2026-09-04 11:30:00,0.85936,0.85939,0.85924,0.85933
2026-09-04 11:45:00,0.8593,0.85938,0.85925,0.85929
2026-09-04 12:00:00,0.85927,0.85939,0.85918,0.85934
2026-09-04 12:15:00,0.85932,0.85936,0.8592,0.85931
2026-09-04 12:30:00,0.85931,0.85942,0.85927,0.8593
2026-09-04 12:45:00,0.85932,0.85937,0.85919,0.85931
2026-09-04 13:00:00,0.85928,0.85932,0.85915,0.85926
2026-09-04 13:15:00,0.85924,0.85933,0.85913,0.8593
2026-09-04 13:30:00,0.85926,0.85939,0.85918,0.85925
2026-09-04 13:45:00,0.85927,0.8593,0.85902,0.85909
2026-09-04 14:00:00,0.85908,0.8593,0.85905,0.8592
2026-09-04 14:15:00,0.85918,0.85921,0.85907,0.85916
2026-09-04 14:30:00,0.85913,0.85928,0.85908,0.85927
2026-09-04 14:45:00,0.85925,0.85931,0.85915,0.85917
2026-09-04 15:00:00,0.85921,0.85925,0.8591,0.85924
2026-09-04 15:15:00,0.85921,0.85927,0.85913,0.85926
2026-09-04 15:30:00,0.85924,0.85928,0.85908,0.8591
2026-09-04 15:45:00,0.85913,0.85917,0.859,0.8591
2026-09-04 16:00:00,0.85909,0.85915,0.85873,0.85878
2026-09-04 16:15:00,0.85885,0.85885,0.85858,0.85871
2026-09-04 16:30:00,0.8587,0.85876,0.85851,0.85859
2026-09-04 16:45:00,0.85861,0.85873,0.85849,0.85864
2026-09-04 17:00:00,0.85866,0.85869,0.85842,0.85858
2026-09-04 17:15:00,0.85856,0.85859,0.85838,0.8584
2026-09-04 17:30:00,0.85844,0.85862,0.85827,0.85838
2026-09-04 17:45:00,0.85842,0.85881,0.85825,0.85878
2026-09-04 18:00:00,0.85873,0.8588,0.85834,0.85849
2026-09-04 18:15:00,0.85844,0.85861,0.85824,0.85827
2026-09-04 18:30:00,0.85833,0.85902,0.8582,0.85892
2026-09-04 18:45:00,0.85894,0.8591,0.8588,0.85906
2026-09-04 19:00:00,0.85899,0.85914,0.8589,0.85911
2026-09-04 19:15:00,0.8591,0.85931,0.85903,0.8593
2026-09-04 19:30:00,0.85926,0.85929,0.85906,0.85916
2026-09-04 19:45:00,0.85919,0.85932,0.8589,0.8592
2026-09-04 20:00:00,0.85911,0.85916,0.85901,0.85909
2026-09-04 20:15:00,0.85909,0.85917,0.85893,0.85909
2026-09-04 20:30:00,0.85904,0.85904,0.85873,0.85878
2026-09-04 20:45:00,0.85881,0.85886,0.85857,0.85878
2026-09-04 21:00:00,0.8588,0.85886,0.85858,0.8586
2026-09-04 21:15:00,0.85864,0.8587,0.85844,0.85863
2026-09-04 21:30:00,0.85861,0.85875,0.85851,0.85873
2026-09-04 21:45:00,0.85868,0.8588,0.85853,0.8586
2026-09-04 22:00:00,0.85866,0.85912,0.8586,0.85909
2026-09-04 22:15:00,0.85902,0.85919,0.8589,0.85919
2026-09-04 22:30:00,0.85916,0.86074,0.85697,0.85932
2026-09-04 22:45:00,0.8593,0.85976,0.85897,0.85917
2026-09-04 23:00:00,0.85918,0.8595,0.8591,0.85925
2026-09-04 23:15:00,0.85932,0.85963,0.85921,0.85949
2026-09-04 23:30:00,0.85938,0.85959,0.85919,0.85957
2026-09-04 23:45:00,0.85951,0.85983,0.85905,0.85979
2026-09-05 00:00:00,0.85973,0.8598,0.85943,0.85957
2026-09-05 00:15:00,0.85958,0.85972,0.85948,0.85965
2026-09-05 00:30:00,0.85963,0.85975,0.85935,0.85942
2026-09-05 00:45:00,0.85946,0.85956,0.85913,0.85952
2026-09-05 01:00:00,0.85948,0.85974,0.85937,0.8596
2026-09-05 01:15:00,0.85965,0.85972,0.85929,0.85933
2026-09-05 01:30:00,0.85934,0.85952,0.85922,0.85939
2026-09-05 01:45:00,0.85934,0.85953,0.85922,0.85925
2026-09-05 02:00:00,0.85927,0.85954,0.8592,0.85949
2026-09-05 02:15:00,0.85939,0.85972,0.85932,0.8596
2026-09-05 02:30:00,0.85966,0.8597,0.8595,0.85968
2026-09-05 02:45:00,0.85962,0.85966,0.85951,0.85958
2026-09-05 03:00:00,0.85957,0.85969,0.8594,0.8595
2026-09-05 03:15:00,0.8595,0.8595,0.85931,0.85944
2026-09-05 03:30:00,0.85942,0.85942,0.85928,0.8594
2026-09-05 03:45:00,0.85938,0.8595,0.85928,0.8593
2026-09-05 04:00:00,0.85933,0.85939,0.8592,0.85927
2026-09-05 04:15:00,0.85926,0.85935,0.85918,0.85924
2026-09-05 04:30:00,0.85929,0.85936,0.8592,0.85925
2026-09-05 04:45:00,0.85923,0.85927,0.85915,0.85923
2026-09-05 05:00:00,0.85922,0.85924,0.85913,0.85916
2026-09-05 05:15:00,0.85917,0.85925,0.85912,0.85913
2026-09-05 05:30:00,0.85916,0.85917,0.85902,0.85906
2026-09-05 05:45:00,0.85908,0.85918,0.859,0.85911
2026-09-05 06:00:00,0.85909,0.85926,0.85903,0.85923
2026-09-05 06:15:00,0.85923,0.85926,0.85909,0.85911
2026-09-05 06:30:00,0.85915,0.85928,0.85911,0.85923
2026-09-05 06:45:00,0.85921,0.85938,0.85911,0.85914
2026-09-05 07:00:00,0.85919,0.85975,0.85884,0.85947
2026-09-05 07:15:00,0.85947,0.85952,0.859,0.85949
2026-09-05 07:30:00,0.85946,0.85959,0.85908,0.85943
2026-09-05 07:45:00,0.85956,0.85958,0.8592,0.85939
2026-09-05 08:00:00,0.85943,0.85975,0.85898,0.85952
2026-09-05 08:15:00,0.85946,0.85974,0.85922,0.85947
2026-09-05 08:30:00,0.85952,0.85974,0.85925,0.85965
2026-09-05 08:45:00,0.85946,0.85974,0.85946,0.85951
2026-09-05 09:00:00,0.8595,0.8598,0.85913,0.85947
2026-09-05 09:15:00,0.85948,0.85974,0.85928,0.85946
2026-09-05 09:30:00,0.85951,0.85975,0.85927,0.85945
2026-09-05 09:45:00,0.85949,0.85976,0.85945,0.8595
2026-09-05 10:00:00,0.85949,0.85974,0.8591,0.85919
2026-09-05 10:15:00,0.85918,0.85966,0.85909,0.85914
2026-09-05 10:30:00,0.85917,0.85921,0.85915,0.85918
2026-09-05 10:45:00,0.85917,0.85978,0.85906,0.85918
2026-09-05 11:00:00,0.85916,0.85921,0.85915,0.85919
2026-09-05 11:15:00,0.85918,0.85959,0.85914,0.85915
2026-09-05 11:30:00,0.85917,0.8594,0.85912,0.85917
2026-09-05 11:45:00,0.85921,0.85921,0.85915,0.85918
2026-09-05 12:00:00,0.85916,0.85938,0.85914,0.85918
2026-09-05 12:15:00,0.85917,0.8592,0.85914,0.85915
2026-09-05 12:30:00,0.85916,0.85974,0.85909,0.85918
2026-09-05 12:45:00,0.85916,0.85938,0.85913,0.85918
2026-09-05 13:00:00,0.85919,0.85922,0.85914,0.85918
2026-09-05 13:15:00,0.85916,0.85974,0.85913,0.85919
2026-09-05 13:30:00,0.8592,0.85924,0.85913,0.85918
2026-09-05 13:45:00,0.85919,0.85976,0.85913,0.8592
2026-09-05 14:00:00,0.85919,0.85962,0.85913,0.85924
2026-09-05 14:15:00,0.85922,0.85924,0.85917,0.8592
2026-09-05 14:30:00,0.85922,0.8594,0.85917,0.85918
2026-09-05 14:45:00,0.85919,0.85923,0.85918,0.8592
2026-09-05 15:00:00,0.85919,0.85954,0.85915,0.85924
2026-09-05 15:15:00,0.85922,0.85983,0.85912,0.85921
2026-09-05 15:30:00,0.85922,0.85923,0.85917,0.85919
2026-09-05 15:45:00,0.85919,0.85964,0.85915,0.85922
2026-09-05 16:00:00,0.85922,0.85922,0.85917,0.85921
2026-09-05 16:15:00,0.85919,0.85932,0.8591,0.8592
2026-09-05 16:30:00,0.85919,0.85949,0.8591,0.85919
2026-09-05 16:45:00,0.85926,0.85926,0.85917,0.85921
2026-09-05 17:00:00,0.85919,0.85932,0.85917,0.85921
2026-09-05 17:15:00,0.85919,0.85923,0.85917,0.8592
2026-09-05 17:30:00,0.85919,0.8594,0.85917,0.85918
2026-09-05 17:45:00,0.85919,0.85933,0.85908,0.8592
2026-09-05 18:00:00,0.85923,0.85923,0.85917,0.85921
2026-09-05 18:15:00,0.85919,0.8595,0.85917,0.85921
2026-09-05 18:30:00,0.8592,0.85923,0.85918,0.85919
2026-09-05 18:45:00,0.85919,0.85976,0.85913,0.85915
2026-09-05 19:00:00,0.85916,0.8593,0.85915,0.85919
2026-09-05 19:15:00,0.85922,0.85924,0.85916,0.85918
2026-09-05 19:30:00,0.85919,0.85939,0.85906,0.85918
2026-09-05 19:45:00,0.85917,0.85921,0.85914,0.85914
2026-09-05 20:00:00,0.85915,0.85944,0.85913,0.85921
2026-09-05 20:15:00,0.8592,0.85971,0.85912,0.85918
2026-09-05 20:30:00,0.85922,0.85922,0.85914,0.85918
2026-09-05 20:45:00,0.85917,0.85978,0.85909,0.85913
2026-09-05 21:00:00,0.85915,0.85919,0.85911,0.85915
2026-09-05 21:15:00,0.85914,0.85957,0.85911,0.85915
2026-09-05 21:30:00,0.85914,0.85982,0.85901,0.85947
2026-09-05 21:45:00,0.85942,0.85945,0.8594,0.85941
2026-09-05 22:00:00,0.85942,0.85979,0.8594,0.85942
2026-09-05 22:15:00,0.85942,0.85945,0.8593,0.85935
2026-09-05 22:30:00,0.85933,0.85983,0.85932,0.85939
2026-09-05 22:45:00,0.85938,0.85983,0.85936,0.85942
2026-09-05 23:00:00,0.8594,0.85944,0.85939,0.8594
2026-09-05 23:15:00,0.8594,0.85984,0.85929,0.8594
2026-09-05 23:30:00,0.85938,0.85945,0.85937,0.85942
2026-09-05 23:45:00,0.85941,0.85981,0.8594,0.85941
2026-09-06 00:00:00,0.85942,0.85984,0.85917,0.85937
2026-09-06 00:15:00,0.85935,0.85937,0.85917,0.85937
2026-09-06 00:30:00,0.85935,0.8598,0.85925,0.85935
2026-09-06 00:45:00,0.85934,0.85938,0.85933,0.85934
2026-09-06 01:00:00,0.85934,0.85984,0.85917,0.8594
2026-09-06 01:15:00,0.8594,0.85979,0.85934,0.85943
2026-09-06 01:30:00,0.85942,0.85942,0.8593,0.85935
2026-09-06 01:45:00,0.85933,0.85982,0.85923,0.85926
2026-09-06 02:00:00,0.85926,0.85931,0.85914,0.85921
2026-09-06 02:15:00,0.85921,0.85983,0.85916,0.85926
2026-09-06 02:30:00,0.85925,0.85983,0.85918,0.85962
2026-09-06 02:45:00,0.85916,0.85952,0.85916,0.8592
2026-09-06 03:00:00,0.85923,0.85986,0.85921,0.85933
2026-09-06 03:15:00,0.85933,0.85935,0.85923,0.85925
2026-09-06 03:30:00,0.85925,0.85984,0.85916,0.85924
2026-09-06 03:45:00,0.85925,0.85985,0.85918,0.85921
2026-09-06 04:00:00,0.8592,0.8594,0.8592,0.85936
2026-09-06 04:15:00,0.85936,0.85982,0.85918,0.8594
2026-09-06 04:30:00,0.85938,0.85945,0.85937,0.85943
2026-09-06 04:45:00,0.85941,0.85968,0.85935,0.85952
2026-09-06 05:00:00,0.85951,0.85984,0.85946,0.85948
2026-09-06 05:15:00,0.85954,0.85963,0.85954,0.85961
2026-09-06 05:30:00,0.85958,0.85983,0.85948,0.85973
2026-09-06 05:45:00,0.85968,0.85968,0.85917,0.8592
2026-09-06 06:00:00,0.85919,0.8598,0.85914,0.8594
2026-09-06 06:15:00,0.85941,0.85978,0.85931,0.85941
2026-09-06 06:30:00,0.85942,0.85955,0.85942,0.85952
2026-09-06 06:45:00,0.85951,0.85982,0.85934,0.85951
2026-09-06 07:00:00,0.85946,0.85946,0.85931,0.85937
2026-09-06 07:15:00,0.85937,0.85986,0.85936,0.85947
2026-09-06 07:30:00,0.85948,0.85977,0.85921,0.85962
2026-09-06 07:45:00,0.85932,0.85987,0.8592,0.85947
2026-09-06 08:00:00,0.85945,0.85982,0.85943,0.85956
2026-09-06 08:15:00,0.85956,0.85959,0.85903,0.85919
2026-09-06 08:30:00,0.8592,0.85989,0.85918,0.85935
2026-09-06 08:45:00,0.85934,0.85938,0.85933,0.85936
2026-09-06 09:00:00,0.85934,0.85991,0.85922,0.85947
2026-09-06 09:15:00,0.85946,0.85987,0.85942,0.85961
2026-09-06 09:30:00,0.85961,0.85965,0.8596,0.85963
2026-09-06 09:45:00,0.85961,0.85983,0.85937,0.85944
2026-09-06 10:00:00,0.85942,0.85946,0.85922,0.85928
2026-09-06 10:15:00,0.85927,0.85985,0.85924,0.85924
2026-09-06 10:30:00,0.85925,0.85979,0.85911,0.85938
2026-09-06 10:45:00,0.85938,0.85942,0.85937,0.8594
2026-09-06 11:00:00,0.85938,0.85981,0.85936,0.85959
2026-09-06 11:15:00,0.85957,0.85961,0.85956,0.85957
2026-09-06 11:30:00,0.85957,0.8598,0.85956,0.85964
2026-09-06 11:45:00,0.85964,0.85974,0.85934,0.85941
2026-09-06 12:00:00,0.85939,0.85943,0.85929,0.85933
2026-09-06 12:15:00,0.85932,0.85984,0.85922,0.85934
2026-09-06 12:30:00,0.85934,0.85938,0.85917,0.85923
2026-09-06 12:45:00,0.85923,0.85982,0.8592,0.85951
2026-09-06 13:00:00,0.8595,0.8598,0.85943,0.85959
2026-09-06 13:15:00,0.85958,0.85967,0.85937,0.85944
2026-09-06 13:30:00,0.85944,0.85981,0.85942,0.85952
2026-09-06 13:45:00,0.85953,0.85957,0.85952,0.85954
2026-09-06 14:00:00,0.85953,0.85984,0.85952,0.85962
2026-09-06 14:15:00,0.8596,0.85983,0.85948,0.85969
2026-09-06 14:30:00,0.85969,0.85973,0.85967,0.85968
2026-09-06 14:45:00,0.85969,0.85981,0.85967,0.85975
2026-09-06 15:00:00,0.85973,0.85977,0.85972,0.85975
2026-09-06 15:15:00,0.85973,0.85982,0.85972,0.85977
2026-09-06 15:30:00,0.85976,0.85983,0.85975,0.85978
2026-09-06 15:45:00,0.85979,0.85983,0.85978,0.85979
2026-09-06 16:00:00,0.85979,0.85982,0.85917,0.85969
2026-09-06 16:15:00,0.85967,0.85971,0.85966,0.85968
2026-09-06 16:30:00,0.85967,0.85978,0.85967,0.85971
2026-09-06 16:45:00,0.85972,0.85982,0.8597,0.85975
2026-09-06 17:00:00,0.85975,0.85979,0.85974,0.85977
2026-09-06 17:15:00,0.85975,0.85983,0.85974,0.85979
2026-09-06 17:30:00,0.85978,0.85982,0.85973,0.85974
2026-09-06 17:45:00,0.85974,0.85982,0.85971,0.85978
2026-09-06 18:00:00,0.85978,0.85983,0.85977,0.85982
2026-09-06 18:15:00,0.8598,0.85984,0.85979,0.85982
2026-09-06 18:30:00,0.8598,0.85986,0.85978,0.85982
2026-09-06 18:45:00,0.85982,0.85986,0.85981,0.85982
2026-09-06 19:00:00,0.85982,0.85988,0.85981,0.85985
2026-09-06 19:15:00,0.85984,0.85987,0.85978,0.85983
2026-09-06 19:30:00,0.85982,0.85986,0.8598,0.85982
2026-09-06 19:45:00,0.85982,0.85987,0.8598,0.85983
2026-09-06 20:00:00,0.85983,0.85987,0.85982,0.85985
2026-09-06 20:15:00,0.85983,0.85987,0.85982,0.85985
2026-09-06 20:30:00,0.85983,0.85987,0.85982,0.85984
2026-09-06 20:45:00,0.85983,0.85987,0.85982,0.85983
2026-09-06 21:00:00,0.85983,0.85987,0.85982,0.85985
2026-09-06 21:15:00,0.85983,0.85987,0.85982,0.85985
2026-09-06 21:30:00,0.85983,0.85987,0.85822,0.85864
2026-09-06 21:45:00,0.85863,0.85867,0.85862,0.85862
2026-09-06 22:00:00,0.85863,0.85867,0.85862,0.85863
2026-09-06 22:15:00,0.85863,0.85867,0.85862,0.85865
2026-09-06 22:30:00,0.85863,0.85867,0.85861,0.85864
2026-09-06 22:45:00,0.85863,0.85867,0.85861,0.85862
2026-09-06 23:00:00,0.85863,0.85867,0.85862,0.85863
2026-09-06 23:15:00,0.85863,0.85934,0.85749,0.85803
2026-09-06 23:30:00,0.85801,0.85805,0.858,0.85802
2026-09-06 23:45:00,0.85801,0.85805,0.858,0.85801
2026-09-07 00:00:00,0.85801,0.85919,0.85777,0.85918
2026-09-07 00:15:00,0.85915,0.8592,0.85915,0.85919
2026-09-07 00:30:00,0.85917,0.85921,0.85916,0.85919
2026-09-07 00:45:00,0.85917,0.85927,0.85905,0.85915
2026-09-07 01:00:00,0.85914,0.85915,0.85757,0.85804
2026-09-07 01:15:00,0.85804,0.85808,0.85803,0.85805
2026-09-07 01:30:00,0.85804,0.85861,0.8576,0.85856
2026-09-07 01:45:00,0.85845,0.85905,0.85842,0.85888
2026-09-07 02:00:00,0.85888,0.85919,0.85876,0.85901
2026-09-07 02:15:00,0.85902,0.85906,0.859,0.85903
2026-09-07 02:30:00,0.85902,0.85906,0.85766,0.858
2026-09-07 02:45:00,0.85798,0.85801,0.85796,0.85798
2026-09-07 03:00:00,0.85798,0.85921,0.85765,0.85915
2026-09-07 03:15:00,0.85916,0.85921,0.85914,0.85917
2026-09-07 03:30:00,0.85917,0.85921,0.85916,0.85919
2026-09-07 03:45:00,0.85917,0.85921,0.85915,0.85918
2026-09-07 04:00:00,0.85918,0.8592,0.85914,0.85914
2026-09-07 04:15:00,0.85916,0.86021,0.85804,0.85977
2026-09-07 04:30:00,0.85895,0.86039,0.85864,0.85964
2026-09-07 04:45:00,0.85893,0.86034,0.8586,0.85866
2026-09-07 05:00:00,0.85867,0.85986,0.85776,0.85936
2026-09-07 05:15:00,0.85924,0.86117,0.85766,0.85877
2026-09-07 05:30:00,0.85908,0.8607,0.85806,0.85976
2026-09-07 05:45:00,0.85966,0.86058,0.85835,0.86042
2026-09-07 06:00:00,0.86018,0.86018,0.85903,0.85929
2026-09-07 06:15:00,0.85939,0.85968,0.85929,0.85945
2026-09-07 06:30:00,0.85944,0.85944,0.85895,0.85908
2026-09-07 06:45:00,0.85907,0.85932,0.85902,0.85918
2026-09-07 07:00:00,0.85916,0.85937,0.85902,0.85933
2026-09-07 07:15:00,0.85926,0.85926,0.85882,0.85884
2026-09-07 07:30:00,0.85889,0.85898,0.85859,0.85867
2026-09-07 07:45:00,0.85867,0.85898,0.85866,0.85878
2026-09-07 08:00:00,0.85878,0.85923,0.85845,0.85922
2026-09-07 08:15:00,0.85921,0.85931,0.85915,0.85921
2026-09-07 08:30:00,0.85922,0.85931,0.85918,0.85925
2026-09-07 08:45:00,0.85924,0.85927,0.85918,0.85924
2026-09-07 09:00:00,0.85922,0.85926,0.85914,0.85923
2026-09-07 09:15:00,0.85922,0.85925,0.85915,0.85916
2026-09-07 09:30:00,0.85918,0.85925,0.85912,0.8592
2026-09-07 09:45:00,0.85918,0.85925,0.85906,0.8592
2026-09-07 10:00:00,0.85918,0.85929,0.8591,0.85918
2026-09-07 10:15:00,0.85917,0.85937,0.85911,0.8593
2026-09-07 10:30:00,0.85931,0.8594,0.85925,0.85935
2026-09-07 10:45:00,0.85935,0.85943,0.85925,0.85936
2026-09-07 11:00:00,0.85934,0.85951,0.85925,0.85947
2026-09-07 11:15:00,0.85946,0.85953,0.85927,0.85941
2026-09-07 11:30:00,0.85941,0.85949,0.85931,0.8594
2026-09-07 11:45:00,0.85941,0.85955,0.85934,0.8595
2026-09-07 12:00:00,0.85948,0.85956,0.8594,0.85946
2026-09-07 12:15:00,0.85949,0.85957,0.8594,0.85953
2026-09-07 12:30:00,0.85952,0.85957,0.85943,0.85953
2026-09-07 12:45:00,0.85951,0.85954,0.85938,0.85952
2026-09-07 13:00:00,0.85949,0.85952,0.85935,0.85945
2026-09-07 13:15:00,0.85943,0.85946,0.85929,0.85936
2026-09-07 13:30:00,0.85936,0.85947,0.85929,0.85939
2026-09-07 13:45:00,0.85942,0.85947,0.85936,0.85938
2026-09-07 14:00:00,0.85941,0.85945,0.85931,0.85938
2026-09-07 14:15:00,0.85936,0.85943,0.85929,0.85941
2026-09-07 14:30:00,0.8594,0.85942,0.85926,0.85936
2026-09-07 14:45:00,0.85936,0.85939,0.85925,0.85939
2026-09-07 15:00:00,0.85937,0.85937,0.8592,0.85936
2026-09-07 15:15:00,0.85934,0.85937,0.85922,0.85934
2026-09-07 15:30:00,0.85932,0.85932,0.85913,0.85914
2026-09-07 15:45:00,0.85916,0.85924,0.85907,0.85908
2026-09-07 16:00:00,0.8591,0.8592,0.85893,0.85903
2026-09-07 16:15:00,0.85901,0.85905,0.85871,0.85889
2026-09-07 16:30:00,0.85887,0.85887,0.85861,0.85865
2026-09-07 16:45:00,0.8587,0.85879,0.85861,0.85863
2026-09-07 17:00:00,0.85867,0.85877,0.85849,0.85874
2026-09-07 17:15:00,0.85869,0.85896,0.85869,0.85894
2026-09-07 17:30:00,0.85892,0.859,0.85878,0.85885
2026-09-07 17:45:00,0.85885,0.85906,0.85868,0.85896
2026-09-07 18:00:00,0.85893,0.85907,0.85882,0.85905
