time,open,high,low,close
2026-07-17 16:15:00,1.63889,1.63906,1.63797,1.63835
2026-07-17 16:30:00,1.6383,1.6387,1.63792,1.63867
2026-07-17 16:45:00,1.63863,1.63933,1.63839,1.63887
2026-07-17 17:00:00,1.63899,1.63903,1.63814,1.63848
2026-07-17 17:15:00,1.63844,1.63856,1.63801,1.63832
2026-07-17 17:30:00,1.63828,1.63872,1.638,1.63867
2026-07-17 17:45:00,1.63856,1.63893,1.63831,1.63889
2026-07-17 18:00:00,1.63884,1.639,1.63817,1.63894
2026-07-17 18:15:00,1.63887,1.63994,1.63857,1.63964
2026-07-17 18:30:00,1.63952,1.64092,1.63952,1.64088
2026-07-17 18:45:00,1.6408,1.6409,1.64043,1.6405
2026-07-17 19:00:00,1.64059,1.64201,1.64054,1.6412
2026-07-17 19:15:00,1.6413,1.6413,1.64032,1.64055
2026-07-17 19:30:00,1.64053,1.64096,1.64016,1.6409
2026-07-17 19:45:00,1.64079,1.64117,1.64075,1.64089
2026-07-17 20:00:00,1.64097,1.64098,1.64044,1.64078
2026-07-17 20:15:00,1.64079,1.64079,1.63998,1.64004
2026-07-17 20:30:00,1.64012,1.64018,1.63963,1.63979
2026-07-17 20:45:00,1.63969,1.64005,1.63921,1.63924
2026-07-17 21:00:00,1.63929,1.64005,1.63924,1.63982
2026-07-17 21:15:00,1.63989,1.64039,1.63979,1.64
2026-07-17 21:30:00,1.63997,1.63997,1.63911,1.63941
2026-07-17 21:45:00,1.63936,1.63938,1.6384,1.6388
2026-07-17 22:00:00,1.63876,1.63953,1.63864,1.63923
2026-07-17 22:15:00,1.63935,1.63979,1.63919,1.63932
2026-07-17 22:30:00,1.63936,1.63938,1.63876,1.63935
2026-07-17 22:45:00,1.63928,1.63984,1.63907,1.63978
2026-07-17 23:00:00,1.63964,1.64023,1.63964,1.63979
2026-07-17 23:15:00,1.63984,1.63984,1.63863,1.63918
2026-07-17 23:30:00,1.63914,1.63994,1.63892,1.63983
2026-07-17 23:45:00,1.63953,1.64026,1.63885,1.63893
2026-07-18 00:00:00,1.63906,1.63906,1.63794,1.63891
2026-07-18 00:15:00,1.63882,1.63921,1.63852,1.63861
2026-07-18 00:30:00,1.63877,1.63913,1.63845,1.63891
2026-07-18 00:45:00,1.63879,1.63909,1.63845,1.63873
2026-07-18 01:00:00,1.63859,1.63917,1.63811,1.63877
2026-07-18 01:15:00,1.63863,1.63903,1.63831,1.63838
2026-07-18 01:30:00,1.63842,1.6389,1.63778,1.63844
2026-07-18 01:45:00,1.6384,1.63861,1.638,1.63804
2026-07-18 02:00:00,1.6381,1.63847,1.63771,1.63777
2026-07-18 02:15:00,1.63787,1.63787,1.63708,1.63743
2026-07-18 02:30:00,1.63755,1.63818,1.63752,1.63796
2026-07-18 02:45:00,1.63801,1.63803,1.63768,1.63781
2026-07-18 03:00:00,1.63781,1.63797,1.63714,1.63753
2026-07-18 03:15:00,1.6375,1.63755,1.63711,1.63734
2026-07-18 03:30:00,1.6373,1.63763,1.6372,1.6376
2026-07-18 03:45:00,1.63752,1.63784,1.63726,1.63782
2026-07-18 04:00:00,1.63778,1.63786,1.63751,1.63776
2026-07-18 04:15:00,1.63771,1.63797,1.63761,1.63777
2026-07-18 04:30:00,1.63778,1.6382,1.6376,1.63819
2026-07-18 04:45:00,1.63815,1.63817,1.63768,1.63784
2026-07-18 05:00:00,1.6378,1.63825,1.6377,1.6382
2026-07-18 05:15:00,1.63815,1.63841,1.63789,1.63799
2026-07-18 05:30:00,1.63804,1.63811,1.63771,1.63773
2026-07-18 05:45:00,1.63778,1.63796,1.63754,1.63773
2026-07-18 06:00:00,1.63776,1.63847,1.63763,1.63829
2026-07-18 06:15:00,1.63828,1.63852,1.63809,1.63838
2026-07-18 06:30:00,1.63836,1.63878,1.63826,1.63869
2026-07-18 06:45:00,1.63867,1.63872,1.63807,1.63845
2026-07-18 07:00:00,1.63835,1.63853,1.63789,1.63838
2026-07-18 07:15:00,1.63835,1.63853,1.63801,1.63832
2026-07-18 07:30:00,1.63832,1.63861,1.63813,1.6383
2026-07-18 07:45:00,1.63831,1.63861,1.63825,1.63836
2026-07-18 08:00:00,1.6383,1.63879,1.63777,1.63837
2026-07-18 08:15:00,1.63833,1.63842,1.63787,1.63835
2026-07-18 08:30:00,1.63835,1.63864,1.63788,1.63822
2026-07-18 08:45:00,1.63826,1.63869,1.63825,1.63847
2026-07-18 09:00:00,1.6383,1.63875,1.63824,1.63856
2026-07-18 09:15:00,1.63831,1.63867,1.63825,1.63831
2026-07-18 09:30:00,1.6383,1.63869,1.63824,1.63827
2026-07-18 09:45:00,1.63828,1.63867,1.63823,1.63852
2026-07-18 10:00:00,1.63828,1.63869,1.63824,1.63834
2026-07-18 10:15:00,1.63825,1.63855,1.63822,1.63834
2026-07-18 10:30:00,1.63827,1.63842,1.63819,1.63824
2026-07-18 10:45:00,1.63825,1.63848,1.63823,1.63827
2026-07-18 11:00:00,1.63826,1.63841,1.63823,1.63836
2026-07-18 11:15:00,1.63824,1.63854,1.63823,1.63834
2026-07-18 11:30:00,1.63826,1.63873,1.63824,1.63829
2026-07-18 11:45:00,1.6383,1.63842,1.63823,1.63834
2026-07-18 12:00:00,1.63825,1.63875,1.63813,1.63837
2026-07-18 12:15:00,1.63828,1.63843,1.63823,1.6383
2026-07-18 12:30:00,1.63827,1.63872,1.63824,1.63825
2026-07-18 12:45:00,1.63825,1.6388,1.63821,1.63837
2026-07-18 13:00:00,1.63832,1.63842,1.63822,1.63831
2026-07-18 13:15:00,1.63828,1.63876,1.6382,1.63836
2026-07-18 13:30:00,1.63833,1.63842,1.63825,1.63831
2026-07-18 13:45:00,1.63831,1.63874,1.63826,1.63828
2026-07-18 14:00:00,1.63828,1.63861,1.63823,1.63836
2026-07-18 14:15:00,1.63831,1.63841,1.63824,1.63832
2026-07-18 14:30:00,1.63825,1.63881,1.63825,1.63838
2026-07-18 14:45:00,1.63834,1.63841,1.63824,1.63832
2026-07-18 15:00:00,1.63834,1.6388,1.63808,1.63827
2026-07-18 15:15:00,1.63826,1.63845,1.63822,1.63837
2026-07-18 15:30:00,1.63833,1.63843,1.63826,1.63836
2026-07-18 15:45:00,1.63832,1.63847,1.63823,1.63828
2026-07-18 16:00:00,1.63829,1.63839,1.63825,1.63833
2026-07-18 16:15:00,1.63827,1.63844,1.63821,1.63834
2026-07-18 16:30:00,1.63828,1.63851,1.63823,1.63828
2026-07-18 16:45:00,1.63831,1.63839,1.63825,1.63826
2026-07-18 17:00:00,1.63828,1.63841,1.63823,1.63833
2026-07-18 17:15:00,1.63828,1.6384,1.63824,1.63834
2026-07-18 17:30:00,1.63828,1.63844,1.63815,1.63832
2026-07-18 17:45:00,1.63826,1.63847,1.63824,1.63828
2026-07-18 18:00:00,1.6383,1.6384,1.63823,1.63824
2026-07-18 18:15:00,1.63826,1.63875,1.63822,1.63837
2026-07-18 18:30:00,1.63828,1.6384,1.63823,1.63835
2026-07-18 18:45:00,1.63825,1.63864,1.63824,1.63834
2026-07-18 19:00:00,1.63827,1.63877,1.63813,1.63831
2026-07-18 19:15:00,1.63832,1.6384,1.63824,1.63836
2026-07-18 19:30:00,1.63827,1.6386,1.63823,1.63836
2026-07-18 19:45:00,1.63826,1.6384,1.63822,1.63835
2026-07-18 20:00:00,1.63827,1.63855,1.63822,1.63824
2026-07-18 20:15:00,1.63825,1.63859,1.63819,1.63831
2026-07-18 20:30:00,1.63831,1.6384,1.63822,1.63836
2026-07-18 20:45:00,1.63825,1.63877,1.63815,1.63836
2026-07-18 21:00:00,1.63828,1.6384,1.63823,1.63823
2026-07-18 21:15:00,1.63826,1.63857,1.63823,1.63836
2026-07-18 21:30:00,1.63827,1.63878,1.63802,1.63852
2026-07-18 21:45:00,1.63846,1.63846,1.6382,1.63824
2026-07-18 22:00:00,1.63822,1.63881,1.63821,1.63823
2026-07-18 22:15:00,1.63824,1.6383,1.6382,1.63826
2026-07-18 22:30:00,1.63822,1.6388,1.6382,1.63826
2026-07-18 22:45:00,1.63823,1.6388,1.63811,1.6384
2026-07-18 23:00:00,1.63836,1.63836,1.6382,1.63821
2026-07-18 23:15:00,1.63822,1.6388,1.63807,1.63825
2026-07-18 23:30:00,1.63825,1.6383,1.6382,1.63826
2026-07-18 23:45:00,1.63822,1.6388,1.6382,1.63825
2026-07-19 00:00:00,1.63823,1.6383,1.6382,1.63822
2026-07-19 00:15:00,1.63822,1.6383,1.6382,1.63822
2026-07-19 00:30:00,1.63822,1.6388,1.63805,1.63836
2026-07-19 00:45:00,1.63833,1.6384,1.6383,1.63836
2026-07-19 01:00:00,1.63833,1.63882,1.63826,1.63842
2026-07-19 01:15:00,1.63842,1.63855,1.63826,1.63848
2026-07-19 01:30:00,1.63844,1.63851,1.63841,1.63846
2026-07-19 01:45:00,1.63844,1.63876,1.63841,1.63859
2026-07-19 02:00:00,1.63855,1.63862,1.63836,1.63856
2026-07-19 02:15:00,1.63853,1.63878,1.63845,1.63867
2026-07-19 02:30:00,1.63862,1.63879,1.63827,1.63873
2026-07-19 02:45:00,1.6386,1.6386,1.63836,1.6384
2026-07-19 03:00:00,1.63842,1.63874,1.63817,1.63838
2026-07-19 03:15:00,1.63835,1.63835,1.63824,1.63826
2026-07-19 03:30:00,1.63828,1.63883,1.63825,1.63836
2026-07-19 03:45:00,1.63833,1.63884,1.6383,1.63867
2026-07-19 04:00:00,1.6383,1.63853,1.6383,1.63843
2026-07-19 04:15:00,1.63841,1.63881,1.63828,1.63828
2026-07-19 04:30:00,1.6383,1.63833,1.6382,1.63826
2026-07-19 04:45:00,1.63822,1.63881,1.63811,1.63827
2026-07-19 05:00:00,1.63823,1.6388,1.6382,1.63861
2026-07-19 05:15:00,1.63822,1.63841,1.63821,1.63821
2026-07-19 05:30:00,1.63822,1.6388,1.6382,1.63826
2026-07-19 05:45:00,1.63826,1.63862,1.63821,1.63828
2026-07-19 06:00:00,1.63825,1.63859,1.63814,1.63835
2026-07-19 06:15:00,1.63832,1.6386,1.63823,1.63825
2026-07-19 06:30:00,1.63833,1.6385,1.63828,1.63845
2026-07-19 06:45:00,1.63841,1.63857,1.63811,1.63839
2026-07-19 07:00:00,1.63836,1.6385,1.63835,1.63846
2026-07-19 07:15:00,1.63843,1.63881,1.63841,1.63854
2026-07-19 07:30:00,1.63855,1.63871,1.63826,1.63842
2026-07-19 07:45:00,1.63846,1.63883,1.63846,1.63851
2026-07-19 08:00:00,1.63848,1.63883,1.63833,1.63849
2026-07-19 08:15:00,1.63845,1.63852,1.63843,1.63845
2026-07-19 08:30:00,1.63845,1.63876,1.63834,1.63845
2026-07-19 08:45:00,1.63847,1.63876,1.63846,1.63867
2026-07-19 09:00:00,1.6385,1.63876,1.63847,1.63857
2026-07-19 09:15:00,1.63853,1.63873,1.63851,1.63865
2026-07-19 09:30:00,1.63864,1.63866,1.63856,1.63856
2026-07-19 09:45:00,1.63857,1.63874,1.63855,1.63866
2026-07-19 10:00:00,1.63863,1.63876,1.63861,1.63873
2026-07-19 10:15:00,1.63863,1.63878,1.63855,1.63873
2026-07-19 10:30:00,1.63871,1.6389,1.63845,1.6385
2026-07-19 10:45:00,1.63851,1.63859,1.63843,1.63844
2026-07-19 11:00:00,1.63846,1.6388,1.63843,1.63865
2026-07-19 11:15:00,1.63862,1.63862,1.6383,1.63835
2026-07-19 11:30:00,1.63833,1.63883,1.63825,1.63825
2026-07-19 11:45:00,1.63826,1.63875,1.6381,1.63839
2026-07-19 12:00:00,1.63839,1.63839,1.63826,1.6383
2026-07-19 12:15:00,1.63827,1.6388,1.63823,1.63837
2026-07-19 12:30:00,1.63834,1.63843,1.63824,1.63828
2026-07-19 12:45:00,1.63825,1.63881,1.63822,1.63825
2026-07-19 13:00:00,1.63826,1.63883,1.63814,1.63838
2026-07-19 13:15:00,1.63836,1.63839,1.63827,1.63833
2026-07-19 13:30:00,1.6383,1.63882,1.63822,1.63839
2026-07-19 13:45:00,1.63839,1.63846,1.63836,1.63838
2026-07-19 14:00:00,1.63839,1.63883,1.6383,1.63846
2026-07-19 14:15:00,1.63844,1.63878,1.63834,1.63849
2026-07-19 14:30:00,1.63853,1.63858,1.63846,1.63852
2026-07-19 14:45:00,1.6385,1.63874,1.63848,1.63857
2026-07-19 15:00:00,1.63858,1.63863,1.63854,1.63858
2026-07-19 15:15:00,1.63856,1.63874,1.63854,1.63868
2026-07-19 15:30:00,1.63865,1.63879,1.63857,1.63873
2026-07-19 15:45:00,1.63872,1.63876,1.63865,1.63866
2026-07-19 16:00:00,1.63867,1.63875,1.63833,1.63856
2026-07-19 16:15:00,1.63852,1.63859,1.63849,1.63856
2026-07-19 16:30:00,1.63852,1.63873,1.6385,1.6386
2026-07-19 16:45:00,1.63858,1.63875,1.63854,1.63862
2026-07-19 17:00:00,1.63863,1.6387,1.6386,1.63863
2026-07-19 17:15:00,1.63863,1.63878,1.63854,1.63874
2026-07-19 17:30:00,1.63871,1.63878,1.63865,1.63866
2026-07-19 17:45:00,1.63867,1.63879,1.63862,1.63863
2026-07-19 18:00:00,1.63865,1.6388,1.63863,1.63872
2026-07-19 18:15:00,1.63872,1.6388,1.6387,1.63875
2026-07-19 18:30:00,1.63872,1.63887,1.63869,1.63881
2026-07-19 18:45:00,1.63878,1.63885,1.63876,1.63878
2026-07-19 19:00:00,1.63878,1.6389,1.63874,1.63882
2026-07-19 19:15:00,1.63883,1.63891,1.63881,1.63889
2026-07-19 19:30:00,1.63887,1.63894,1.63884,1.6389
2026-07-19 19:45:00,1.63887,1.63897,1.63884,1.6389
2026-07-19 20:00:00,1.6389,1.63897,1.63887,1.63889
2026-07-19 20:15:00,1.6389,1.63897,1.63887,1.63892
2026-07-19 20:30:00,1.6389,1.63897,1.63887,1.63893
2026-07-19 20:45:00,1.6389,1.63914,1.63855,1.63867
2026-07-19 21:00:00,1.63865,1.63868,1.63843,1.63849
2026-07-19 21:15:00,1.6385,1.63857,1.63848,1.63853
2026-07-19 21:30:00,1.6385,1.63914,1.63839,1.63888
2026-07-19 21:45:00,1.63884,1.63892,1.63864,1.63866
2026-07-19 22:00:00,1.63869,1.63876,1.63867,1.63868
2026-07-19 22:15:00,1.63869,1.63876,1.63828,1.63828
2026-07-19 22:30:00,1.63829,1.63835,1.63825,1.63831
2026-07-19 22:45:00,1.63828,1.63847,1.63824,1.63829
2026-07-19 23:00:00,1.63826,1.63836,1.63826,1.63828
2026-07-19 23:15:00,1.63829,1.63898,1.63826,1.63867
2026-07-19 23:30:00,1.63867,1.63901,1.63866,1.63879
2026-07-19 23:45:00,1.63875,1.63883,1.63873,1.63878
2026-07-20 00:00:00,1.63875,1.63897,1.63823,1.63828
2026-07-20 00:15:00,1.63829,1.63839,1.63826,1.63828
2026-07-20 00:30:00,1.63829,1.63838,1.63828,1.63833
2026-07-20 00:45:00,1.6383,1.63838,1.63797,1.63834
2026-07-20 01:00:00,1.6383,1.63869,1.63817,1.63828
2026-07-20 01:15:00,1.63829,1.63842,1.63829,1.63831
2026-07-20 01:30:00,1.63833,1.63845,1.63833,1.6384
2026-07-20 01:45:00,1.63838,1.63845,1.63835,1.63841
2026-07-20 02:00:00,1.63838,1.63845,1.63832,1.63836
2026-07-20 02:15:00,1.63836,1.63843,1.63829,1.63834
2026-07-20 02:30:00,1.63835,1.63892,1.63814,1.63845
2026-07-20 02:45:00,1.6385,1.63853,1.6383,1.63837
2026-07-20 03:00:00,1.63834,1.63891,1.63776,1.63885
2026-07-20 03:15:00,1.63884,1.63884,1.63809,1.63846
2026-07-20 03:30:00,1.63847,1.6386,1.63845,1.63848
2026-07-20 03:45:00,1.63847,1.63854,1.63844,1.6385
2026-07-20 04:00:00,1.63846,1.63882,1.63784,1.6382
2026-07-20 04:15:00,1.63818,1.63945,1.63758,1.63808
2026-07-20 04:30:00,1.63816,1.63965,1.6378,1.63807
2026-07-20 04:45:00,1.63814,1.63931,1.63407,1.63458
2026-07-20 05:00:00,1.63522,1.64023,1.63522,1.63909
2026-07-20 05:15:00,1.63866,1.64083,1.63847,1.64016
2026-07-20 05:30:00,1.63979,1.64118,1.6381,1.64077
2026-07-20 05:45:00,1.6399,1.64186,1.63756,1.63811
2026-07-20 06:00:00,1.63909,1.64176,1.63715,1.64087
2026-07-20 06:15:00,1.63964,1.64214,1.63842,1.64077
2026-07-20 06:30:00,1.64082,1.64347,1.63977,1.63983
2026-07-20 06:45:00,1.63997,1.64144,1.63917,1.63957
2026-07-20 07:00:00,1.63971,1.64252,1.63944,1.64094
2026-07-20 07:15:00,1.64095,1.64253,1.63935,1.64115
2026-07-20 07:30:00,1.64077,1.64225,1.64027,1.64056
2026-07-20 07:45:00,1.64076,1.64167,1.63983,1.63989
2026-07-20 08:00:00,1.63996,1.64046,1.63887,1.6394
2026-07-20 08:15:00,1.63935,1.63966,1.63869,1.63875
2026-07-20 08:30:00,1.63885,1.63885,1.63803,1.6381
2026-07-20 08:45:00,1.63813,1.63841,1.63797,1.63808
2026-07-20 09:00:00,1.63811,1.63819,1.63749,1.63765
2026-07-20 09:15:00,1.6376,1.63781,1.63744,1.63765
2026-07-20 09:30:00,1.63759,1.63836,1.63748,1.63755
2026-07-20 09:45:00,1.63762,1.63817,1.63741,1.63764
2026-07-20 10:00:00,1.63768,1.63819,1.63697,1.63725
2026-07-20 10:15:00,1.63717,1.63719,1.63644,1.63676
2026-07-20 10:30:00,1.63674,1.63711,1.63643,1.63647
2026-07-20 10:45:00,1.63656,1.63725,1.63656,1.63708
2026-07-20 11:00:00,1.63706,1.6371,1.63586,1.63643
2026-07-20 11:15:00,1.63627,1.63668,1.63609,1.63649
2026-07-20 11:30:00,1.6364,1.63658,1.63613,1.63652
2026-07-20 11:45:00,1.63647,1.63677,1.63606,1.63648
2026-07-20 12:00:00,1.63655,1.63655,1.63573,1.63596
2026-07-20 12:15:00,1.6359,1.63679,1.63579,1.63653
2026-07-20 12:30:00,1.63659,1.63664,1.6356,1.63565
2026-07-20 12:45:00,1.63576,1.63623,1.63562,1.63619
2026-07-20 13:00:00,1.63615,1.63672,1.63597,1.6367
2026-07-20 13:15:00,1.63665,1.63665,1.63613,1.63619
2026-07-20 13:30:00,1.63627,1.63639,1.63592,1.63598
2026-07-20 13:45:00,1.63605,1.63614,1.63575,1.636
2026-07-20 14:00:00,1.63604,1.63608,1.63575,1.63581
2026-07-20 14:15:00,1.63584,1.63598,1.63532,1.63552
2026-07-20 14:30:00,1.63547,1.63556,1.63512,1.63521
2026-07-20 14:45:00,1.63526,1.6357,1.63517,1.63568
2026-07-20 15:00:00,1.63564,1.63664,1.63552,1.63662
2026-07-20 15:15:00,1.63656,1.63656,1.63612,1.63634
2026-07-20 15:30:00,1.6363,1.63652,1.63605,1.63628
2026-07-20 15:45:00,1.63625,1.6366,1.63598,1.63655
2026-07-20 16:00:00,1.63649,1.63686,1.63626,1.63673
2026-07-20 16:15:00,1.63667,1.63724,1.63659,1.63692
2026-07-20 16:30:00,1.63683,1.6373,1.63585,1.63597
2026-07-20 16:45:00,1.63619,1.63619,1.63566,1.63604
2026-07-20 17:00:00,1.63598,1.63619,1.63562,1.63598
2026-07-20 17:15:00,1.63593,1.63618,1.63511,1.63541
2026-07-20 17:30:00,1.63535,1.63575,1.63428,1.63452
2026-07-20 17:45:00,1.63468,1.63478,1.63427,1.63456
2026-07-20 18:00:00,1.63459,1.63488,1.63411,1.63423
2026-07-20 18:15:00,1.63431,1.6346,1.63392,1.63432
2026-07-20 18:30:00,1.6343,1.63469,1.63417,1.63465
2026-07-20 18:45:00,1.63461,1.63473,1.63408,1.63417
2026-07-20 19:00:00,1.63418,1.63446,1.63392,1.63408
2026-07-20 19:15:00,1.63406,1.63408,1.63328,1.63363
2026-07-20 19:30:00,1.63353,1.63357,1.63309,1.63328
2026-07-20 19:45:00,1.63316,1.63339,1.63302,1.63318
2026-07-20 20:00:00,1.63322,1.6334,1.63268,1.63271
2026-07-20 20:15:00,1.63277,1.63277,1.63146,1.63164
2026-07-20 20:30:00,1.63157,1.63199,1.6314,1.63197
2026-07-20 20:45:00,1.63192,1.63201,1.63147,1.63153
2026-07-20 21:00:00,1.63162,1.63173,1.63122,1.63161
2026-07-20 21:15:00,1.63162,1.63162,1.63118,1.6315
2026-07-20 21:30:00,1.63143,1.6319,1.6306,1.63097
2026-07-20 21:45:00,1.63091,1.63109,1.63023,1.63054
2026-07-20 22:00:00,1.63044,1.63125,1.63029,1.6304
2026-07-20 22:15:00,1.6306,1.63097,1.63026,1.63035
2026-07-20 22:30:00,1.63041,1.63095,1.63039,1.63083
2026-07-20 22:45:00,1.63072,1.63133,1.63053,1.6308
2026-07-20 23:00:00,1.63091,1.63091,1.63013,1.63015
2026-07-20 23:15:00,1.63023,1.63044,1.62956,1.62997
2026-07-20 23:30:00,1.62991,1.62999,1.62834,1.62871
2026-07-20 23:45:00,1.62859,1.62943,1.62843,1.62849
2026-07-21 00:00:00,1.62859,1.62866,1.62788,1.62806
2026-07-21 00:15:00,1.6281,1.62825,1.62762,1.62777
2026-07-21 00:30:00,1.62777,1.6281,1.62733,1.62776
2026-07-21 00:45:00,1.62779,1.62968,1.62759,1.62964
2026-07-21 01:00:00,1.62955,1.63019,1.62916,1.62984
2026-07-21 01:15:00,1.62981,1.62988,1.62929,1.62941
2026-07-21 01:30:00,1.62942,1.62982,1.62915,1.62967
2026-07-21 01:45:00,1.62968,1.63009,1.62934,1.62954
2026-07-21 02:00:00,1.62945,1.62961,1.62907,1.62924
2026-07-21 02:15:00,1.62922,1.62962,1.62895,1.62946
2026-07-21 02:30:00,1.62947,1.62988,1.62897,1.62942
2026-07-21 02:45:00,1.62945,1.62967,1.62927,1.62934
2026-07-21 03:00:00,1.62936,1.62976,1.62924,1.62974
2026-07-21 03:15:00,1.62971,1.62995,1.62944,1.62969
2026-07-21 03:30:00,1.62967,1.6299,1.62946,1.62978
2026-07-21 03:45:00,1.6298,1.62987,1.62942,1.62972
2026-07-21 04:00:00,1.62967,1.62988,1.62947,1.62962
2026-07-21 04:15:00,1.6296,1.63015,1.6294,1.63012
2026-07-21 04:30:00,1.63007,1.63042,1.62992,1.63036
2026-07-21 04:45:00,1.63031,1.63045,1.63009,1.63036
2026-07-21 05:00:00,1.63032,1.63073,1.63014,1.63071
2026-07-21 05:15:00,1.63065,1.63097,1.63063,1.63084
2026-07-21 05:30:00,1.63083,1.63095,1.63041,1.63076
2026-07-21 05:45:00,1.63073,1.63093,1.63051,1.63086
2026-07-21 06:00:00,1.63083,1.6313,1.63066,1.63122
2026-07-21 06:15:00,1.63118,1.63125,1.63094,1.63121
2026-07-21 06:30:00,1.63117,1.63126,1.63086,1.631
2026-07-21 06:45:00,1.63101,1.63109,1.63069,1.63085
2026-07-21 07:00:00,1.63082,1.63156,1.63019,1.63098
2026-07-21 07:15:00,1.63092,1.63196,1.63022,1.63131
2026-07-21 07:30:00,1.63136,1.63164,1.62984,1.63151
2026-07-21 07:45:00,1.63128,1.63201,1.63115,1.63131
2026-07-21 08:00:00,1.63132,1.6317,1.63072,1.63166
2026-07-21 08:15:00,1.63162,1.63201,1.63152,1.63169
2026-07-21 08:30:00,1.63173,1.63182,1.63153,1.63158
2026-07-21 08:45:00,1.63164,1.63186,1.63149,1.6317
2026-07-21 09:00:00,1.63167,1.63169,1.63071,1.63104
2026-07-21 09:15:00,1.63101,1.63113,1.63055,1.63091
2026-07-21 09:30:00,1.63085,1.63095,1.63045,1.63046
2026-07-21 09:45:00,1.63049,1.63093,1.63044,1.63065
2026-07-21 10:00:00,1.63059,1.63156,1.63059,1.63089
2026-07-21 10:15:00,1.63098,1.63112,1.63028,1.63031
2026-07-21 10:30:00,1.63036,1.63042,1.62985,1.62987
2026-07-21 10:45:00,1.62991,1.62998,1.62943,1.62986
2026-07-21 11:00:00,1.62977,1.63031,1.62932,1.62951
2026-07-21 11:15:00,1.62945,1.62965,1.62912,1.62955
2026-07-21 11:30:00,1.62943,1.62957,1.62874,1.62926
2026-07-21 11:45:00,1.62919,1.62966,1.62911,1.62952
2026-07-21 12:00:00,1.62948,1.62948,1.62858,1.62875
2026-07-21 12:15:00,1.62873,1.62923,1.62851,1.62921
2026-07-21 12:30:00,1.62915,1.62954,1.62845,1.62873
2026-07-21 12:45:00,1.62873,1.62879,1.62836,1.62859
2026-07-21 13:00:00,1.62849,1.62895,1.62841,1.62865
2026-07-21 13:15:00,1.62871,1.629,1.62859,1.62898
2026-07-21 13:30:00,1.62893,1.62929,1.62867,1.62921
2026-07-21 13:45:00,1.62906,1.62949,1.62905,1.62929
2026-07-21 14:00:00,1.62935,1.6294,1.62902,1.62932
2026-07-21 14:15:00,1.62928,1.62979,1.62919,1.62967
2026-07-21 14:30:00,1.62969,1.62986,1.62909,1.62939
2026-07-21 14:45:00,1.62935,1.62959,1.62905,1.62939
2026-07-21 15:00:00,1.62945,1.62945,1.62897,1.62918
2026-07-21 15:15:00,1.62921,1.62955,1.62898,1.62908
2026-07-21 15:30:00,1.62904,1.62937,1.62895,1.6293
2026-07-21 15:45:00,1.62928,1.62935,1.62899,1.62922
2026-07-21 16:00:00,1.62923,1.62925,1.62851,1.629
2026-07-21 16:15:00,1.62898,1.62918,1.6286,1.62869
2026-07-21 16:30:00,1.6287,1.6288,1.62801,1.62867
2026-07-21 16:45:00,1.62861,1.62861,1.62745,1.6275
2026-07-21 17:00:00,1.62757,1.6278,1.62691,1.6273
2026-07-21 17:15:00,1.62736,1.62813,1.62729,1.62813
2026-07-21 17:30:00,1.6281,1.62827,1.62754,1.62759
2026-07-21 17:45:00,1.62765,1.62782,1.62716,1.62743
2026-07-21 18:00:00,1.62732,1.62773,1.62709,1.62714
2026-07-21 18:15:00,1.62715,1.62739,1.62666,1.62699
2026-07-21 18:30:00,1.62692,1.62714,1.62668,1.6269
2026-07-21 18:45:00,1.62686,1.62698,1.62636,1.62637
2026-07-21 19:00:00,1.6264,1.62675,1.62639,1.62644
2026-07-21 19:15:00,1.6265,1.62654,1.62603,1.62645
2026-07-21 19:30:00,1.62644,1.62685,1.62623,1.62664
2026-07-21 19:45:00,1.62654,1.62663,1.62616,1.62645
2026-07-21 20:00:00,1.62642,1.62666,1.62604,1.6263
2026-07-21 20:15:00,1.62632,1.62641,1.62582,1.62634
2026-07-21 20:30:00,1.62625,1.62706,1.62625,1.62701
2026-07-21 20:45:00,1.62696,1.62748,1.62678,1.62703
2026-07-21 21:00:00,1.62702,1.62766,1.62684,1.62749
2026-07-21 21:15:00,1.62752,1.62784,1.62724,1.62776
2026-07-21 21:30:00,1.62776,1.62783,1.62722,1.62759
2026-07-21 21:45:00,1.62753,1.62765,1.62715,1.62724
2026-07-21 22:00:00,1.62728,1.62767,1.627,1.62759
2026-07-21 22:15:00,1.62755,1.62814,1.62725,1.62812
2026-07-21 22:30:00,1.62806,1.62816,1.62752,1.62774
2026-07-21 22:45:00,1.62757,1.628,1.62702,1.62726
2026-07-21 23:00:00,1.62731,1.62763,1.62702,1.6272
2026-07-21 23:15:00,1.62725,1.62803,1.62693,1.62797
2026-07-21 23:30:00,1.62787,1.62889,1.62753,1.62858
2026-07-21 23:45:00,1.62865,1.62919,1.62842,1.62896
2026-07-22 00:00:00,1.62892,1.629,1.62837,1.62878
2026-07-22 00:15:00,1.6286,1.62884,1.62759,1.62767
2026-07-22 00:30:00,1.62782,1.62827,1.6273,1.62787
2026-07-22 00:45:00,1.62798,1.62862,1.62777,1.62858
2026-07-22 01:00:00,1.6285,1.6285,1.62769,1.62781
2026-07-22 01:15:00,1.62787,1.62805,1.6274,1.62767
2026-07-22 01:30:00,1.62762,1.62766,1.62702,1.62735
2026-07-22 01:45:00,1.62728,1.62787,1.62721,1.62783
2026-07-22 02:00:00,1.62775,1.62822,1.6277,1.6281
2026-07-22 02:15:00,1.62812,1.62877,1.62801,1.62853
2026-07-22 02:30:00,1.62862,1.62891,1.62848,1.62878
2026-07-22 02:45:00,1.62874,1.62875,1.62803,1.62807
2026-07-22 03:00:00,1.62811,1.62838,1.62791,1.62819
2026-07-22 03:15:00,1.62827,1.6285,1.62816,1.6283
2026-07-22 03:30:00,1.62831,1.62853,1.62815,1.62851
2026-07-22 03:45:00,1.62844,1.62848,1.62813,1.62826
2026-07-22 04:00:00,1.62823,1.62831,1.62787,1.62805
2026-07-22 04:15:00,1.628,1.62808,1.62762,1.62783
2026-07-22 04:30:00,1.62783,1.62796,1.62747,1.62768
2026-07-22 04:45:00,1.62772,1.62786,1.62749,1.62784
2026-07-22 05:00:00,1.62776,1.62795,1.62746,1.62768
2026-07-22 05:15:00,1.62766,1.62798,1.62747,1.62794
2026-07-22 05:30:00,1.62788,1.62853,1.62778,1.62851
2026-07-22 05:45:00,1.62847,1.62864,1.6282,1.62834
2026-07-22 06:00:00,1.62832,1.62884,1.62775,1.62878
2026-07-22 06:15:00,1.62874,1.62919,1.62865,1.62882
2026-07-22 06:30:00,1.62882,1.62906,1.62869,1.62887
2026-07-22 06:45:00,1.62892,1.62901,1.62852,1.62873
2026-07-22 07:00:00,1.6287,1.6287,1.6281,1.62835
2026-07-22 07:15:00,1.62827,1.62845,1.62795,1.62803
2026-07-22 07:30:00,1.62804,1.62893,1.62801,1.62885
2026-07-22 07:45:00,1.62872,1.62905,1.62848,1.6289
2026-07-22 08:00:00,1.62869,1.62908,1.62852,1.62873
2026-07-22 08:15:00,1.62865,1.62882,1.62851,1.62862
2026-07-22 08:30:00,1.62863,1.62898,1.62862,1.62893
2026-07-22 08:45:00,1.62888,1.62914,1.6288,1.62902
2026-07-22 09:00:00,1.62899,1.62921,1.62877,1.62889
2026-07-22 09:15:00,1.62885,1.62907,1.62866,1.62903
2026-07-22 09:30:00,1.62901,1.62927,1.6289,1.62899
2026-07-22 09:45:00,1.62901,1.62932,1.62877,1.62888
2026-07-22 10:00:00,1.62891,1.62911,1.62854,1.62861
2026-07-22 10:15:00,1.62866,1.62872,1.62843,1.6285
2026-07-22 10:30:00,1.62853,1.62875,1.62814,1.62861
2026-07-22 10:45:00,1.62857,1.62873,1.62714,1.6272
2026-07-22 11:00:00,1.62728,1.62728,1.62642,1.62691
2026-07-22 11:15:00,1.62685,1.62771,1.62679,1.62762
2026-07-22 11:30:00,1.62759,1.62795,1.62742,1.62764
2026-07-22 11:45:00,1.62767,1.62771,1.62724,1.62748
2026-07-22 12:00:00,1.6275,1.62883,1.6275,1.62854
2026-07-22 12:15:00,1.62845,1.62872,1.62804,1.62837
2026-07-22 12:30:00,1.62826,1.62887,1.62779,1.62857
2026-07-22 12:45:00,1.62854,1.62868,1.6281,1.62866
2026-07-22 13:00:00,1.62862,1.62925,1.62835,1.62923
2026-07-22 13:15:00,1.62918,1.62924,1.62838,1.62855
2026-07-22 13:30:00,1.62851,1.62928,1.6283,1.62926
2026-07-22 13:45:00,1.62921,1.62989,1.62908,1.62986
2026-07-22 14:00:00,1.62981,1.63016,1.62951,1.63008
2026-07-22 14:15:00,1.63006,1.63006,1.62969,1.62991
2026-07-22 14:30:00,1.62984,1.62997,1.62966,1.62969
2026-07-22 14:45:00,1.62973,1.63015,1.62955,1.63002
2026-07-22 15:00:00,1.63003,1.63032,1.62987,1.63009
2026-07-22 15:15:00,1.63006,1.63019,1.6298,1.63008
2026-07-22 15:30:00,1.63002,1.63078,1.63001,1.63076
2026-07-22 15:45:00,1.63071,1.63105,1.63029,1.63069
2026-07-22 16:00:00,1.63069,1.63079,1.63027,1.63074
2026-07-22 16:15:00,1.63066,1.63183,1.63057,1.63153
2026-07-22 16:30:00,1.6316,1.63196,1.63121,1.63141
2026-07-22 16:45:00,1.63139,1.6317,1.631,1.63119
2026-07-22 17:00:00,1.63113,1.63128,1.63055,1.63062
2026-07-22 17:15:00,1.63074,1.63084,1.62984,1.62999
2026-07-22 17:30:00,1.63012,1.63079,1.62959,1.63031
2026-07-22 17:45:00,1.63033,1.63072,1.63015,1.63062
2026-07-22 18:00:00,1.63055,1.63112,1.63047,1.63094
2026-07-22 18:15:00,1.63099,1.63114,1.63073,1.63095
2026-07-22 18:30:00,1.6309,1.63091,1.63044,1.63079
2026-07-22 18:45:00,1.63071,1.63083,1.63023,1.63041
2026-07-22 19:00:00,1.63049,1.63079,1.63027,1.63044
2026-07-22 19:15:00,1.63045,1.63058,1.63013,1.63051
2026-07-22 19:30:00,1.63044,1.63146,1.6304,1.63104
2026-07-22 19:45:00,1.63112,1.63132,1.6307,1.63082
2026-07-22 20:00:00,1.6308,1.63089,1.63021,1.63077
2026-07-22 20:15:00,1.63078,1.63095,1.63053,1.63077
2026-07-22 20:30:00,1.63067,1.63091,1.63063,1.63075
2026-07-22 20:45:00,1.63072,1.63097,1.63058,1.63095
2026-07-22 21:00:00,1.6309,1.63093,1.63043,1.63075
2026-07-22 21:15:00,1.63072,1.63109,1.63064,1.63104
2026-07-22 21:30:00,1.63096,1.63156,1.63078,1.6315
2026-07-22 21:45:00,1.63135,1.63161,1.63067,1.63087
2026-07-22 22:00:00,1.63083,1.63139,1.63071,1.63134
2026-07-22 22:15:00,1.63131,1.63169,1.63113,1.63165
2026-07-22 22:30:00,1.63161,1.63208,1.63144,1.63206
2026-07-22 22:45:00,1.63196,1.63375,1.63196,1.63293
2026-07-22 23:00:00,1.63311,1.63315,1.63223,1.63253
2026-07-22 23:15:00,1.63246,1.63269,1.6318,1.63216
2026-07-22 23:30:00,1.63207,1.63238,1.63105,1.63161
2026-07-22 23:45:00,1.63171,1.63209,1.63117,1.63161
2026-07-23 00:00:00,1.63183,1.63236,1.63118,1.63168
2026-07-23 00:15:00,1.63169,1.6321,1.63126,1.63169
2026-07-23 00:30:00,1.63181,1.63188,1.63081,1.63086
2026-07-23 00:45:00,1.63092,1.63123,1.63041,1.63111
2026-07-23 01:00:00,1.63101,1.63101,1.63044,1.6308
2026-07-23 01:15:00,1.63077,1.6312,1.63066,1.63102
2026-07-23 01:30:00,1.63098,1.63102,1.63018,1.63047
2026-07-23 01:45:00,1.6304,1.63072,1.63025,1.63057
2026-07-23 02:00:00,1.63051,1.63062,1.62992,1.63013
2026-07-23 02:15:00,1.63023,1.63135,1.62997,1.63118
2026-07-23 02:30:00,1.63124,1.63132,1.6309,1.63115
2026-07-23 02:45:00,1.63112,1.63135,1.63079,1.63097
2026-07-23 03:00:00,1.63093,1.63133,1.63065,1.6313
2026-07-23 03:15:00,1.63122,1.63148,1.63115,1.63122
2026-07-23 03:30:00,1.63132,1.63161,1.63103,1.63155
2026-07-23 03:45:00,1.63146,1.63185,1.63137,1.63174
2026-07-23 04:00:00,1.6317,1.63185,1.63142,1.63181
2026-07-23 04:15:00,1.63173,1.63198,1.63142,1.63143
2026-07-23 04:30:00,1.63144,1.63157,1.63126,1.63134
2026-07-23 04:45:00,1.63135,1.63147,1.6312,1.63138
2026-07-23 05:00:00,1.63133,1.63155,1.63123,1.63142
2026-07-23 05:15:00,1.63144,1.63165,1.63126,1.63127
2026-07-23 05:30:00,1.63129,1.6316,1.63126,1.63137
2026-07-23 05:45:00,1.6314,1.63162,1.63111,1.63126
2026-07-23 06:00:00,1.63123,1.6313,1.6308,1.63084
2026-07-23 06:15:00,1.63087,1.63095,1.63067,1.63084
2026-07-23 06:30:00,1.63086,1.63124,1.63066,1.63119
2026-07-23 06:45:00,1.63111,1.63125,1.63081,1.63086
2026-07-23 07:00:00,1.63093,1.63141,1.63076,1.63083
2026-07-23 07:15:00,1.63084,1.63163,1.63084,1.63138
2026-07-23 07:30:00,1.63133,1.63157,1.63091,1.6314
2026-07-23 07:45:00,1.63145,1.63254,1.63127,1.63153
2026-07-23 08:00:00,1.63163,1.63237,1.63148,1.6323
2026-07-23 08:15:00,1.63227,1.63252,1.63217,1.63247
2026-07-23 08:30:00,1.63238,1.63259,1.63224,1.63256
2026-07-23 08:45:00,1.63252,1.6326,1.63214,1.63249
2026-07-23 09:00:00,1.63248,1.63256,1.63221,1.63235
2026-07-23 09:15:00,1.63244,1.63244,1.6322,1.63237
2026-07-23 09:30:00,1.63235,1.63264,1.63218,1.63262
2026-07-23 09:45:00,1.63257,1.633,1.63245,1.63269
2026-07-23 10:00:00,1.63276,1.63285,1.63243,1.63274
2026-07-23 10:15:00,1.63267,1.63284,1.63205,1.63212
2026-07-23 10:30:00,1.63224,1.6326,1.63218,1.63257
2026-07-23 10:45:00,1.63253,1.63272,1.63218,1.63224
2026-07-23 11:00:00,1.63236,1.63254,1.63174,1.63191
2026-07-23 11:15:00,1.63188,1.63194,1.63148,1.6319
2026-07-23 11:30:00,1.63182,1.63206,1.62639,1.62722
2026-07-23 11:45:00,1.6271,1.62841,1.62692,1.62834
2026-07-23 12:00:00,1.62819,1.62836,1.62718,1.62796
2026-07-23 12:15:00,1.62786,1.6291,1.62786,1.62908
2026-07-23 12:30:00,1.62902,1.62921,1.62855,1.62881
2026-07-23 12:45:00,1.62877,1.62892,1.62829,1.62872
2026-07-23 13:00:00,1.62879,1.62946,1.62878,1.62936
2026-07-23 13:15:00,1.62934,1.62934,1.62861,1.62902
2026-07-23 13:30:00,1.62897,1.62914,1.62866,1.62893
2026-07-23 13:45:00,1.62888,1.62888,1.62834,1.62869
2026-07-23 14:00:00,1.62865,1.62902,1.62837,1.62865
2026-07-23 14:15:00,1.62878,1.62912,1.62833,1.62909
2026-07-23 14:30:00,1.62905,1.62936,1.62883,1.62934
2026-07-23 14:45:00,1.6293,1.62991,1.62919,1.62967
2026-07-23 15:00:00,1.62974,1.63011,1.62938,1.62989
2026-07-23 15:15:00,1.62987,1.63008,1.62944,1.62963
2026-07-23 15:30:00,1.62958,1.62997,1.62928,1.62982
2026-07-23 15:45:00,1.62972,1.63009,1.62972,1.6299
2026-07-23 16:00:00,1.62994,1.63024,1.62948,1.63022
2026-07-23 16:15:00,1.63017,1.63019,1.62933,1.62961
2026-07-23 16:30:00,1.62957,1.62979,1.62927,1.62975
2026-07-23 16:45:00,1.62966,1.63074,1.62953,1.63061
2026-07-23 17:00:00,1.63041,1.63161,1.63041,1.63113
2026-07-23 17:15:00,1.63106,1.63106,1.63005,1.63053
2026-07-23 17:30:00,1.63038,1.63207,1.63038,1.63198
2026-07-23 17:45:00,1.63179,1.63216,1.63135,1.6314
2026-07-23 18:00:00,1.63147,1.63162,1.63078,1.63096
2026-07-23 18:15:00,1.63116,1.6315,1.63093,1.63107
2026-07-23 18:30:00,1.63111,1.63116,1.62971,1.62974
2026-07-23 18:45:00,1.62976,1.63024,1.62965,1.62968
2026-07-23 19:00:00,1.62973,1.63006,1.62923,1.62987
2026-07-23 19:15:00,1.62977,1.6304,1.62965,1.63034
2026-07-23 19:30:00,1.63031,1.63056,1.63002,1.63038
2026-07-23 19:45:00,1.63029,1.63083,1.63006,1.6308
2026-07-23 20:00:00,1.63074,1.63108,1.63048,1.63065
2026-07-23 20:15:00,1.63071,1.63079,1.63009,1.63024
2026-07-23 20:30:00,1.6302,1.63035,1.62979,1.63002
2026-07-23 20:45:00,1.62997,1.63025,1.62943,1.62982
2026-07-23 21:00:00,1.62973,1.63004,1.62954,1.62974
2026-07-23 21:15:00,1.62978,1.63002,1.62929,1.62952
2026-07-23 21:30:00,1.62946,1.62983,1.62885,1.62978
2026-07-23 21:45:00,1.6297,1.63005,1.6291,1.6296
2026-07-23 22:00:00,1.62955,1.62984,1.629,1.62974
2026-07-23 22:15:00,1.62961,1.63046,1.62898,1.63042
2026-07-23 22:30:00,1.63034,1.63139,1.62983,1.6313
2026-07-23 22:45:00,1.63112,1.63134,1.63055,1.63132
2026-07-23 23:00:00,1.63125,1.63243,1.63076,1.63154
2026-07-23 23:15:00,1.63165,1.63207,1.63112,1.63199
2026-07-23 23:30:00,1.63186,1.63193,1.63,1.63013
2026-07-23 23:45:00,1.63035,1.6312,1.62992,1.63086
2026-07-24 00:00:00,1.63092,1.63142,1.63025,1.63031
2026-07-24 00:15:00,1.63041,1.63064,1.6295,1.62965
2026-07-24 00:30:00,1.62978,1.63042,1.62954,1.63007
2026-07-24 00:45:00,1.62998,1.63092,1.62991,1.63085
2026-07-24 01:00:00,1.63066,1.63122,1.63039,1.63117
2026-07-24 01:15:00,1.63106,1.63161,1.63046,1.63156
2026-07-24 01:30:00,1.6315,1.63228,1.63079,1.63111
2026-07-24 01:45:00,1.63106,1.63118,1.63016,1.63073
2026-07-24 02:00:00,1.63069,1.63086,1.63025,1.63054
2026-07-24 02:15:00,1.6305,1.6309,1.63022,1.63088
2026-07-24 02:30:00,1.63084,1.63099,1.63059,1.63087
2026-07-24 02:45:00,1.63086,1.631,1.6306,1.63086
2026-07-24 03:00:00,1.63082,1.63128,1.63068,1.63113
2026-07-24 03:15:00,1.63106,1.63123,1.63076,1.63113
2026-07-24 03:30:00,1.63109,1.63182,1.63092,1.63164
2026-07-24 03:45:00,1.63162,1.63172,1.6314,1.63168
2026-07-24 04:00:00,1.63164,1.63211,1.63134,1.63208
2026-07-24 04:15:00,1.63199,1.63265,1.63196,1.63245
2026-07-24 04:30:00,1.63248,1.63288,1.63234,1.63263
2026-07-24 04:45:00,1.63267,1.6333,1.63266,1.63327
2026-07-24 05:00:00,1.6332,1.63356,1.63264,1.63352
2026-07-24 05:15:00,1.63349,1.63372,1.63334,1.63352
2026-07-24 05:30:00,1.63346,1.63374,1.63328,1.63361
2026-07-24 05:45:00,1.63363,1.63393,1.63321,1.63328
2026-07-24 06:00:00,1.63339,1.63354,1.63243,1.63316
2026-07-24 06:15:00,1.63312,1.63322,1.63292,1.63293
2026-07-24 06:30:00,1.63296,1.63324,1.63279,1.63299
2026-07-24 06:45:00,1.63304,1.63316,1.6328,1.63287
2026-07-24 07:00:00,1.63299,1.63346,1.63212,1.63248
2026-07-24 07:15:00,1.6325,1.63273,1.63231,1.63245
2026-07-24 07:30:00,1.63255,1.63338,1.632,1.63323
2026-07-24 07:45:00,1.63302,1.63386,1.63194,1.63207
2026-07-24 08:00:00,1.63229,1.63322,1.63206,1.63307
2026-07-24 08:15:00,1.63302,1.63316,1.63284,1.63293
2026-07-24 08:30:00,1.63302,1.63318,1.63277,1.63295
2026-07-24 08:45:00,1.633,1.63321,1.63291,1.63295
2026-07-24 09:00:00,1.63298,1.63326,1.6327,1.63319
2026-07-24 09:15:00,1.63313,1.63314,1.63283,1.6329
2026-07-24 09:30:00,1.63291,1.63291,1.63249,1.63281
2026-07-24 09:45:00,1.63281,1.63314,1.63259,1.63287
2026-07-24 10:00:00,1.63294,1.63294,1.63236,1.63254
2026-07-24 10:15:00,1.63262,1.63306,1.6324,1.63286
2026-07-24 10:30:00,1.63284,1.63291,1.63193,1.63196
2026-07-24 10:45:00,1.63202,1.63213,1.63144,1.63152
2026-07-24 11:00:00,1.63164,1.63247,1.63153,1.63226
2026-07-24 11:15:00,1.63222,1.63263,1.63207,1.63227
2026-07-24 11:30:00,1.63235,1.6325,1.63144,1.63149
2026-07-24 11:45:00,1.63155,1.63211,1.63125,1.63208
2026-07-24 12:00:00,1.63203,1.63245,1.63173,1.63179
2026-07-24 12:15:00,1.63191,1.63191,1.63105,1.63129
2026-07-24 12:30:00,1.63115,1.63174,1.63111,1.6316
2026-07-24 12:45:00,1.63161,1.63211,1.63152,1.63182
2026-07-24 13:00:00,1.63194,1.63217,1.63099,1.63105
2026-07-24 13:15:00,1.63115,1.63168,1.6309,1.63149
2026-07-24 13:30:00,1.63134,1.63208,1.63134,1.63205
2026-07-24 13:45:00,1.63199,1.63212,1.63178,1.63193
2026-07-24 14:00:00,1.63195,1.63205,1.63153,1.63179
2026-07-24 14:15:00,1.63173,1.6318,1.6314,1.63152
2026-07-24 14:30:00,1.63148,1.63217,1.63142,1.63193
2026-07-24 14:45:00,1.63196,1.63204,1.63169,1.63187
2026-07-24 15:00:00,1.63181,1.63195,1.63105,1.63106
2026-07-24 15:15:00,1.63108,1.63135,1.63097,1.6312
2026-07-24 15:30:00,1.63117,1.63132,1.63062,1.63129
2026-07-24 15:45:00,1.63118,1.63155,1.63099,1.63149
2026-07-24 16:00:00,1.63141,1.63162,1.63109,1.63113
2026-07-24 16:15:00,1.63116,1.63157,1.63096,1.6312
2026-07-24 16:30:00,1.63116,1.63126,1.63072,1.63102
2026-07-24 16:45:00,1.63099,1.63122,1.63056,1.63072
2026-07-24 17:00:00,1.63071,1.63102,1.62995,1.6309
2026-07-24 17:15:00,1.63087,1.6312,1.63048,1.63114
2026-07-24 17:30:00,1.63111,1.63167,1.6308,1.6316
2026-07-24 17:45:00,1.63143,1.63159,1.63071,1.63076
2026-07-24 18:00:00,1.63084,1.63092,1.62998,1.63003
2026-07-24 18:15:00,1.63007,1.63011,1.62932,1.62937
2026-07-24 18:30:00,1.62944,1.62975,1.62922,1.6295
2026-07-24 18:45:00,1.62947,1.62947,1.62878,1.62899
2026-07-24 19:00:00,1.62889,1.62965,1.62869,1.62959
2026-07-24 19:15:00,1.6295,1.62973,1.62904,1.62939
2026-07-24 19:30:00,1.62934,1.62955,1.62899,1.62939
2026-07-24 19:45:00,1.62931,1.62958,1.62888,1.62893
2026-07-24 20:00:00,1.62901,1.62915,1.62861,1.62875
2026-07-24 20:15:00,1.62882,1.62894,1.62848,1.62856
2026-07-24 20:30:00,1.62866,1.6287,1.62824,1.62855
2026-07-24 20:45:00,1.6285,1.62864,1.62799,1.62824
2026-07-24 21:00:00,1.62807,1.62846,1.62777,1.6284
2026-07-24 21:15:00,1.62832,1.62876,1.6282,1.62845
2026-07-24 21:30:00,1.62856,1.62871,1.62796,1.62815
2026-07-24 21:45:00,1.62818,1.62846,1.62752,1.62765
2026-07-24 22:00:00,1.62789,1.62829,1.6272,1.62827
2026-07-24 22:15:00,1.62823,1.62886,1.62799,1.62881
2026-07-24 22:30:00,1.62874,1.62976,1.62869,1.62971
2026-07-24 22:45:00,1.62964,1.6301,1.62939,1.62981
2026-07-24 23:00:00,1.62969,1.63013,1.62934,1.62996
2026-07-24 23:15:00,1.62987,1.63011,1.62968,1.62974
2026-07-24 23:30:00,1.62981,1.63046,1.62967,1.63028
2026-07-24 23:45:00,1.63026,1.63081,1.62975,1.63054
2026-07-25 00:00:00,1.63062,1.63066,1.62923,1.62926
2026-07-25 00:15:00,1.62931,1.62968,1.62884,1.62935
2026-07-25 00:30:00,1.62928,1.62961,1.62906,1.62911
2026-07-25 00:45:00,1.6292,1.62922,1.62825,1.62853
2026-07-25 01:00:00,1.62849,1.62885,1.62746,1.62787
2026-07-25 01:15:00,1.62804,1.62814,1.62706,1.62794
2026-07-25 01:30:00,1.62802,1.62872,1.62778,1.62867
2026-07-25 01:45:00,1.62858,1.62867,1.62745,1.62752
2026-07-25 02:00:00,1.62764,1.62772,1.62697,1.62768
2026-07-25 02:15:00,1.62766,1.62791,1.62733,1.62752
2026-07-25 02:30:00,1.62748,1.628,1.6273,1.62797
2026-07-25 02:45:00,1.6279,1.62821,1.62757,1.6276
2026-07-25 03:00:00,1.62765,1.62797,1.62721,1.62756
2026-07-25 03:15:00,1.62759,1.62771,1.6274,1.62745
2026-07-25 03:30:00,1.6275,1.62764,1.62705,1.62749
2026-07-25 03:45:00,1.62753,1.62776,1.62734,1.62754
2026-07-25 04:00:00,1.6275,1.62765,1.6273,1.62755
2026-07-25 04:15:00,1.62756,1.628,1.62755,1.62792
2026-07-25 04:30:00,1.62793,1.62843,1.62785,1.62837
2026-07-25 04:45:00,1.62832,1.62849,1.62814,1.62834
2026-07-25 05:00:00,1.62832,1.6288,1.62821,1.62871
2026-07-25 05:15:00,1.62868,1.62898,1.62848,1.62881
2026-07-25 05:30:00,1.62878,1.62892,1.62851,1.62874
2026-07-25 05:45:00,1.62878,1.62927,1.6286,1.62886
2026-07-25 06:00:00,1.62889,1.62928,1.62875,1.62911
2026-07-25 06:15:00,1.62916,1.62916,1.62851,1.62856
2026-07-25 06:30:00,1.62865,1.62883,1.62835,1.62877
2026-07-25 06:45:00,1.62873,1.62884,1.62826,1.62834
2026-07-25 07:00:00,1.62847,1.63122,1.62826,1.6301
2026-07-25 07:15:00,1.63015,1.63049,1.62971,1.63037
2026-07-25 07:30:00,1.63014,1.63053,1.62985,1.63008
2026-07-25 07:45:00,1.63009,1.63066,1.63002,1.63039
2026-07-25 08:00:00,1.63027,1.63034,1.62971,1.63019
2026-07-25 08:15:00,1.63009,1.63026,1.63006,1.6302
2026-07-25 08:30:00,1.63009,1.63025,1.63006,1.63008
2026-07-25 08:45:00,1.63009,1.63025,1.62994,1.63011
2026-07-25 09:00:00,1.63011,1.63056,1.62934,1.63028
2026-07-25 09:15:00,1.63006,1.63056,1.6299,1.63049
2026-07-25 09:30:00,1.63043,1.63053,1.63005,1.6301
2026-07-25 09:45:00,1.63011,1.6302,1.63008,1.63011
2026-07-25 10:00:00,1.63011,1.63032,1.62902,1.62905
2026-07-25 10:15:00,1.62907,1.62929,1.6288,1.62902
2026-07-25 10:30:00,1.62903,1.62909,1.62899,1.62901
2026-07-25 10:45:00,1.62902,1.62929,1.629,1.62902
2026-07-25 11:00:00,1.62903,1.6291,1.629,1.62906
2026-07-25 11:15:00,1.62903,1.62921,1.62901,1.62907
2026-07-25 11:30:00,1.62904,1.63015,1.62847,1.6292
2026-07-25 11:45:00,1.62925,1.62925,1.62896,1.62898
2026-07-25 12:00:00,1.62899,1.62917,1.62889,1.62903
2026-07-25 12:15:00,1.629,1.62907,1.62897,1.62904
2026-07-25 12:30:00,1.629,1.62917,1.62869,1.6287
2026-07-25 12:45:00,1.6287,1.62922,1.62866,1.62877
2026-07-25 13:00:00,1.62879,1.62886,1.62876,1.62881
2026-07-25 13:15:00,1.62878,1.62998,1.6276,1.62889
2026-07-25 13:30:00,1.62885,1.62892,1.62882,1.62886
2026-07-25 13:45:00,1.62885,1.62918,1.62879,1.62888
2026-07-25 14:00:00,1.62889,1.62913,1.62886,1.62894
2026-07-25 14:15:00,1.62896,1.62899,1.6289,1.62896
2026-07-25 14:30:00,1.62893,1.62917,1.62889,1.62896
2026-07-25 14:45:00,1.62894,1.62902,1.62892,1.62894
2026-07-25 15:00:00,1.62895,1.63021,1.62804,1.62907
2026-07-25 15:15:00,1.62908,1.62924,1.62905,1.62914
2026-07-25 15:30:00,1.62911,1.62922,1.6287,1.62877
2026-07-25 15:45:00,1.62874,1.6292,1.6285,1.6288
2026-07-25 16:00:00,1.62881,1.62887,1.62877,1.62879
2026-07-25 16:15:00,1.62879,1.62916,1.62852,1.62861
2026-07-25 16:30:00,1.62858,1.63001,1.62838,1.62907
2026-07-25 16:45:00,1.62921,1.62921,1.62887,1.62889
2026-07-25 17:00:00,1.62889,1.62912,1.62885,1.62892
2026-07-25 17:15:00,1.62893,1.62901,1.6289,1.62895
2026-07-25 17:30:00,1.62893,1.62916,1.6288,1.629
2026-07-25 17:45:00,1.62896,1.62915,1.62894,1.62901
2026-07-25 18:00:00,1.62903,1.62906,1.62896,1.62898
2026-07-25 18:15:00,1.62899,1.63012,1.6288,1.62908
2026-07-25 18:30:00,1.62906,1.62913,1.62903,1.62909
2026-07-25 18:45:00,1.62905,1.62925,1.62896,1.62907
2026-07-25 19:00:00,1.62906,1.6292,1.6286,1.62886
2026-07-25 19:15:00,1.62888,1.6289,1.62877,1.62882
2026-07-25 19:30:00,1.6288,1.6292,1.62877,1.62887
2026-07-25 19:45:00,1.62884,1.6289,1.6288,1.62884
2026-07-25 20:00:00,1.62883,1.63003,1.62869,1.62971
2026-07-25 20:15:00,1.62972,1.62982,1.62952,1.62968
2026-07-25 20:30:00,1.62964,1.62967,1.62856,1.62864
2026-07-25 20:45:00,1.6286,1.6292,1.6285,1.62859
2026-07-25 21:00:00,1.6286,1.62871,1.62856,1.62856
2026-07-25 21:15:00,1.62857,1.62886,1.62837,1.62857
2026-07-25 21:30:00,1.62858,1.63044,1.62799,1.63026
2026-07-25 21:45:00,1.6299,1.62998,1.62988,1.62993
2026-07-25 22:00:00,1.6299,1.63011,1.62987,1.62989
2026-07-25 22:15:00,1.6299,1.62997,1.62987,1.62989
2026-07-25 22:30:00,1.6299,1.63007,1.62987,1.62992
2026-07-25 22:45:00,1.62989,1.63003,1.62987,1.62992
2026-07-25 23:00:00,1.62989,1.62996,1.62987,1.62989
2026-07-25 23:15:00,1.62989,1.63087,1.62987,1.63057
2026-07-25 23:30:00,1.63058,1.63132,1.62955,1.62974
2026-07-25 23:45:00,1.62972,1.63011,1.62955,1.62964
2026-07-26 00:00:00,1.62961,1.63013,1.62844,1.62887
2026-07-26 00:15:00,1.62879,1.62888,1.62853,1.62855
2026-07-26 00:30:00,1.62856,1.62942,1.6284,1.62893
2026-07-26 00:45:00,1.6289,1.62897,1.62869,1.6288
2026-07-26 01:00:00,1.62876,1.63056,1.62872,1.63001
2026-07-26 01:15:00,1.63,1.63029,1.62857,1.62915
2026-07-26 01:30:00,1.62882,1.62882,1.62866,1.62871
2026-07-26 01:45:00,1.62868,1.62935,1.62854,1.6288
2026-07-26 02:00:00,1.62877,1.62883,1.62842,1.62865
2026-07-26 02:15:00,1.62863,1.62922,1.6286,1.62871
2026-07-26 02:30:00,1.62872,1.62985,1.62804,1.62872
2026-07-26 02:45:00,1.62878,1.63033,1.62878,1.62899
2026-07-26 03:00:00,1.62895,1.62919,1.62871,1.62892
2026-07-26 03:15:00,1.62895,1.62895,1.62884,1.62884
2026-07-26 03:30:00,1.62885,1.62915,1.62883,1.62892
2026-07-26 03:45:00,1.62892,1.62934,1.62855,1.62911
2026-07-26 04:00:00,1.62864,1.6292,1.62851,1.62868
2026-07-26 04:15:00,1.62865,1.63028,1.62759,1.62976
2026-07-26 04:30:00,1.62977,1.62984,1.62937,1.62948
2026-07-26 04:45:00,1.62948,1.62963,1.62945,1.62959
2026-07-26 05:00:00,1.62956,1.62988,1.62908,1.6293
2026-07-26 05:15:00,1.62919,1.62942,1.62891,1.62896
2026-07-26 05:30:00,1.62905,1.62933,1.62876,1.62885
2026-07-26 05:45:00,1.62886,1.62889,1.62853,1.62857
2026-07-26 06:00:00,1.62855,1.63036,1.62683,1.62866
2026-07-26 06:15:00,1.62862,1.6292,1.62862,1.62864
2026-07-26 06:30:00,1.62865,1.62891,1.62865,1.62869
2026-07-26 06:45:00,1.6287,1.62938,1.62855,1.62888
2026-07-26 07:00:00,1.62886,1.62889,1.62847,1.62864
2026-07-26 07:15:00,1.62861,1.62939,1.62854,1.62891
2026-07-26 07:30:00,1.6289,1.62901,1.62853,1.62854
2026-07-26 07:45:00,1.62855,1.62992,1.62836,1.62865
2026-07-26 08:00:00,1.62863,1.62924,1.62828,1.62857
2026-07-26 08:15:00,1.62853,1.62859,1.62849,1.62854
2026-07-26 08:30:00,1.62852,1.62924,1.62827,1.62862
2026-07-26 08:45:00,1.62863,1.62924,1.62862,1.62904
2026-07-26 09:00:00,1.62866,1.62922,1.62862,1.62875
2026-07-26 09:15:00,1.62871,1.6305,1.62846,1.62919
2026-07-26 09:30:00,1.62922,1.62923,1.62896,1.62896
2026-07-26 09:45:00,1.62897,1.62919,1.62888,1.62899
2026-07-26 10:00:00,1.62901,1.62913,1.62858,1.62874
2026-07-26 10:15:00,1.62871,1.62918,1.62852,1.62891
2026-07-26 10:30:00,1.62888,1.62925,1.62886,1.62908
2026-07-26 10:45:00,1.62908,1.62912,1.62885,1.62904
2026-07-26 11:00:00,1.62904,1.63048,1.62886,1.63017
2026-07-26 11:15:00,1.63014,1.63022,1.63012,1.63018
2026-07-26 11:30:00,1.63014,1.63016,1.63006,1.63009
2026-07-26 11:45:00,1.63009,1.63016,1.63002,1.63004
2026-07-26 12:00:00,1.63005,1.63012,1.63002,1.63007
2026-07-26 12:15:00,1.63005,1.63012,1.62999,1.63005
2026-07-26 12:30:00,1.63002,1.63105,1.62855,1.62856
2026-07-26 12:45:00,1.62855,1.63012,1.62846,1.62853
2026-07-26 13:00:00,1.62854,1.62928,1.62851,1.62859
2026-07-26 13:15:00,1.62859,1.62861,1.62851,1.62857
2026-07-26 13:30:00,1.62854,1.62928,1.62851,1.62854
2026-07-26 13:45:00,1.62852,1.62859,1.6285,1.62851
2026-07-26 14:00:00,1.62852,1.62926,1.62829,1.6286
2026-07-26 14:15:00,1.62856,1.62996,1.62851,1.62901
2026-07-26 14:30:00,1.62907,1.62912,1.62872,1.62878
2026-07-26 14:45:00,1.62876,1.62916,1.62872,1.6288
2026-07-26 15:00:00,1.62881,1.62888,1.62859,1.62864
2026-07-26 15:15:00,1.62865,1.6293,1.62861,1.62876
2026-07-26 15:30:00,1.62873,1.62925,1.62849,1.62902
2026-07-26 15:45:00,1.62897,1.62897,1.62878,1.62879
2026-07-26 16:00:00,1.6288,1.63008,1.62853,1.62892
2026-07-26 16:15:00,1.62893,1.62899,1.62842,1.62898
2026-07-26 16:30:00,1.62894,1.62915,1.62871,1.62886
2026-07-26 16:45:00,1.62883,1.62912,1.62872,1.62891
2026-07-26 17:00:00,1.62892,1.62895,1.62884,1.62886
2026-07-26 17:15:00,1.62887,1.62912,1.62873,1.62898
2026-07-26 17:30:00,1.62896,1.629,1.62889,1.62894
2026-07-26 17:45:00,1.62891,1.63064,1.6288,1.62971
2026-07-26 18:00:00,1.62971,1.62981,1.62968,1.62973
2026-07-26 18:15:00,1.62974,1.62981,1.62972,1.62977
2026-07-26 18:30:00,1.62974,1.63,1.62924,1.62938
2026-07-26 18:45:00,1.62935,1.62942,1.62932,1.62936
2026-07-26 19:00:00,1.62935,1.62973,1.62933,1.62944
2026-07-26 19:15:00,1.62945,1.63072,1.62865,1.63038
2026-07-26 19:30:00,1.63035,1.63056,1.62941,1.62973
2026-07-26 19:45:00,1.62969,1.62998,1.62967,1.62971
2026-07-26 20:00:00,1.62969,1.62976,1.62967,1.62968
2026-07-26 20:15:00,1.62969,1.62973,1.62907,1.6293
2026-07-26 20:30:00,1.62926,1.62934,1.62924,1.6293
2026-07-26 20:45:00,1.62926,1.62934,1.62924,1.62929
2026-07-26 21:00:00,1.62926,1.62934,1.62924,1.62926
2026-07-26 21:15:00,1.62926,1.62934,1.62924,1.62926
2026-07-26 21:30:00,1.62926,1.62945,1.62846,1.6287
2026-07-26 21:45:00,1.62867,1.62874,1.62864,1.6287
2026-07-26 22:00:00,1.62867,1.62874,1.62864,1.62866
2026-07-26 22:15:00,1.62867,1.62874,1.62838,1.6284
2026-07-26 22:30:00,1.6284,1.62848,1.62839,1.62843
2026-07-26 22:45:00,1.62841,1.6285,1.62838,1.62846
2026-07-26 23:00:00,1.62843,1.6285,1.62841,1.62843
2026-07-26 23:15:00,1.62843,1.62884,1.628,1.62828
2026-07-26 23:30:00,1.62829,1.62881,1.6282,1.62847
2026-07-26 23:45:00,1.62845,1.62853,1.62843,1.62849
2026-07-27 00:00:00,1.62845,1.62871,1.6282,1.62852
2026-07-27 00:15:00,1.62851,1.62861,1.62849,1.62853
2026-07-27 00:30:00,1.62854,1.62861,1.62851,1.62854
2026-07-27 00:45:00,1.62852,1.62899,1.62831,1.62866
2026-07-27 01:00:00,1.6287,1.6287,1.62783,1.62786
2026-07-27 01:15:00,1.62785,1.62792,1.62781,1.62783
2026-07-27 01:30:00,1.62785,1.62892,1.62762,1.62832
2026-07-27 01:45:00,1.62827,1.62835,1.62825,1.62832
2026-07-27 02:00:00,1.62828,1.62874,1.62789,1.62833
2026-07-27 02:15:00,1.62831,1.62837,1.62799,1.62799
2026-07-27 02:30:00,1.628,1.62806,1.62762,1.6278
2026-07-27 02:45:00,1.62775,1.62808,1.62774,1.62789
2026-07-27 03:00:00,1.62793,1.62894,1.62779,1.62846
2026-07-27 03:15:00,1.62844,1.62877,1.62834,1.62852
2026-07-27 03:30:00,1.62853,1.62867,1.62849,1.62865
2026-07-27 03:45:00,1.62861,1.62861,1.62849,1.62854
2026-07-27 04:00:00,1.62851,1.62876,1.62845,1.62857
2026-07-27 04:15:00,1.62852,1.62865,1.62809,1.6284
2026-07-27 04:30:00,1.62851,1.62878,1.62825,1.62839
2026-07-27 04:45:00,1.62855,1.62865,1.62821,1.62855
2026-07-27 05:00:00,1.62853,1.63137,1.62494,1.62918
2026-07-27 05:15:00,1.62899,1.63132,1.62694,1.62848
2026-07-27 05:30:00,1.62901,1.62991,1.6236,1.6273
2026-07-27 05:45:00,1.6281,1.63153,1.6247,1.62711
2026-07-27 06:00:00,1.62855,1.62974,1.62501,1.62707
2026-07-27 06:15:00,1.62809,1.63007,1.62474,1.6261
2026-07-27 06:30:00,1.62862,1.63088,1.6251,1.62926
2026-07-27 06:45:00,1.62911,1.62952,1.62365,1.62885
2026-07-27 07:00:00,1.62849,1.62932,1.6248,1.62701
2026-07-27 07:15:00,1.62736,1.6281,1.62616,1.6274
2026-07-27 07:30:00,1.62709,1.62881,1.62651,1.62682
2026-07-27 07:45:00,1.62724,1.62804,1.62644,1.62655
2026-07-27 08:00:00,1.62677,1.62807,1.62677,1.62804
2026-07-27 08:15:00,1.62799,1.62825,1.62762,1.6282
2026-07-27 08:30:00,1.62809,1.62903,1.62809,1.62901
2026-07-27 08:45:00,1.62896,1.62926,1.6288,1.62905
2026-07-27 09:00:00,1.62901,1.62915,1.62862,1.62883
2026-07-27 09:15:00,1.62876,1.62916,1.62859,1.62909
2026-07-27 09:30:00,1.62907,1.62915,1.62848,1.62852
2026-07-27 09:45:00,1.62862,1.62925,1.62857,1.62901
2026-07-27 10:00:00,1.62908,1.62955,1.62844,1.62899
2026-07-27 10:15:00,1.62907,1.62998,1.6288,1.62995
2026-07-27 10:30:00,1.62985,1.63015,1.62958,1.63007
2026-07-27 10:45:00,1.63005,1.63023,1.62922,1.63015
2026-07-27 11:00:00,1.63004,1.6307,1.62989,1.62996
2026-07-27 11:15:00,1.63009,1.6302,1.62962,1.63016
2026-07-27 11:30:00,1.63013,1.63057,1.62968,1.63007
2026-07-27 11:45:00,1.63016,1.63065,1.6295,1.62955
2026-07-27 12:00:00,1.62962,1.62979,1.62913,1.6297
2026-07-27 12:15:00,1.62967,1.63011,1.62961,1.62979
2026-07-27 12:30:00,1.62975,1.62997,1.62941,1.62957
2026-07-27 12:45:00,1.62954,1.63,1.62953,1.62967
2026-07-27 13:00:00,1.62968,1.6298,1.62947,1.62956
2026-07-27 13:15:00,1.6296,1.62966,1.62934,1.62965
2026-07-27 13:30:00,1.62956,1.63023,1.62951,1.62986
2026-07-27 13:45:00,1.6299,1.62992,1.62945,1.62948
2026-07-27 14:00:00,1.62954,1.62987,1.62919,1.62972
2026-07-27 14:15:00,1.62973,1.63022,1.62956,1.63021
2026-07-27 14:30:00,1.63018,1.63018,1.62964,1.62981
2026-07-27 14:45:00,1.62976,1.63005,1.62969,1.62976
2026-07-27 15:00:00,1.62979,1.62986,1.62917,1.62938
2026-07-27 15:15:00,1.62939,1.6296,1.62916,1.62919
2026-07-27 15:30:00,1.62922,1.62925,1.62865,1.62903
2026-07-27 15:45:00,1.62901,1.62908,1.62862,1.62886
2026-07-27 16:00:00,1.6288,1.62955,1.62879,1.62949
2026-07-27 16:15:00,1.62939,1.62961,1.6289,1.62911
2026-07-27 16:30:00,1.62908,1.62911,1.6282,1.62828
2026-07-27 16:45:00,1.62839,1.62856,1.62813,1.6282
2026-07-27 17:00:00,1.62828,1.62858,1.62771,1.62809
2026-07-27 17:15:00,1.6279,1.62814,1.62749,1.62802
2026-07-27 17:30:00,1.6279,1.62887,1.62769,1.62882
2026-07-27 17:45:00,1.6287,1.6287,1.62765,1.62785
2026-07-27 18:00:00,1.628,1.6281,1.62735,1.62779
2026-07-27 18:15:00,1.62781,1.62803,1.62761,1.62774
2026-07-27 18:30:00,1.62772,1.62817,1.62772,1.62815
2026-07-27 18:45:00,1.62805,1.62848,1.62797,1.62807
2026-07-27 19:00:00,1.62813,1.6285,1.62785,1.62822
2026-07-27 19:15:00,1.62819,1.62839,1.62757,1.62763
2026-07-27 19:30:00,1.62774,1.62794,1.62746,1.62769
2026-07-27 19:45:00,1.62777,1.62777,1.62737,1.62741
2026-07-27 20:00:00,1.62747,1.62801,1.62732,1.6276
2026-07-27 20:15:00,1.62766,1.62783,1.62741,1.62769
2026-07-27 20:30:00,1.62772,1.6279,1.62736,1.62755
2026-07-27 20:45:00,1.62752,1.62767,1.62719,1.62748
2026-07-27 21:00:00,1.62746,1.62756,1.62709,1.62725
2026-07-27 21:15:00,1.62722,1.62722,1.62683,1.62687
2026-07-27 21:30:00,1.6269,1.62747,1.62662,1.62747
2026-07-27 21:45:00,1.62742,1.62756,1.62698,1.62718
2026-07-27 22:00:00,1.62709,1.62743,1.62678,1.62738
2026-07-27 22:15:00,1.62731,1.62759,1.62713,1.62721
2026-07-27 22:30:00,1.62721,1.62738,1.62661,1.62713
2026-07-27 22:45:00,1.62698,1.62711,1.62665,1.62706
2026-07-27 23:00:00,1.627,1.6274,1.6266,1.62692
2026-07-27 23:15:00,1.62702,1.62709,1.62634,1.62663
2026-07-27 23:30:00,1.62654,1.62707,1.62567,1.62611
2026-07-27 23:45:00,1.62603,1.62616,1.62523,1.62571
2026-07-28 00:00:00,1.62579,1.62626,1.62564,1.62612
2026-07-28 00:15:00,1.62604,1.6269,1.62561,1.62687
2026-07-28 00:30:00,1.62683,1.62778,1.62654,1.62762
2026-07-28 00:45:00,1.62761,1.62763,1.62624,1.62631
2026-07-28 01:00:00,1.62643,1.62645,1.62594,1.62631
2026-07-28 01:15:00,1.6262,1.62683,1.62599,1.62681
2026-07-28 01:30:00,1.62676,1.62742,1.62651,1.6271
2026-07-28 01:45:00,1.62713,1.62727,1.62657,1.62665
2026-07-28 02:00:00,1.62672,1.62724,1.62662,1.627
2026-07-28 02:15:00,1.62687,1.6274,1.62649,1.62657
2026-07-28 02:30:00,1.62672,1.62688,1.62646,1.62682
2026-07-28 02:45:00,1.62673,1.6272,1.62656,1.62691
2026-07-28 03:00:00,1.62692,1.62743,1.62679,1.62717
2026-07-28 03:15:00,1.62724,1.62729,1.62689,1.62704
2026-07-28 03:30:00,1.62705,1.62727,1.62686,1.62702
2026-07-28 03:45:00,1.62705,1.62726,1.62699,1.62725
2026-07-28 04:00:00,1.62721,1.62735,1.62695,1.62731
2026-07-28 04:15:00,1.62727,1.62745,1.62698,1.62703
2026-07-28 04:30:00,1.62705,1.62757,1.62688,1.62712
2026-07-28 04:45:00,1.62709,1.62735,1.62665,1.62676
2026-07-28 05:00:00,1.62678,1.62692,1.62624,1.62642
2026-07-28 05:15:00,1.62638,1.62656,1.62625,1.62647
2026-07-28 05:30:00,1.62642,1.62655,1.62608,1.62626
2026-07-28 05:45:00,1.62623,1.62642,1.62602,1.62612
2026-07-28 06:00:00,1.6261,1.62673,1.62595,1.6267
2026-07-28 06:15:00,1.62667,1.62682,1.62649,1.62662
2026-07-28 06:30:00,1.6267,1.62679,1.62628,1.62632
2026-07-28 06:45:00,1.6264,1.62659,1.62629,1.62638
2026-07-28 07:00:00,1.62637,1.62693,1.6252,1.62689
2026-07-28 07:15:00,1.62676,1.62717,1.62607,1.62641
2026-07-28 07:30:00,1.6269,1.6276,1.62604,1.62678
2026-07-28 07:45:00,1.62712,1.62728,1.62589,1.62609
2026-07-28 08:00:00,1.62644,1.62713,1.6261,1.62704
2026-07-28 08:15:00,1.62698,1.62718,1.62682,1.62685
2026-07-28 08:30:00,1.62689,1.62712,1.6268,1.62709
2026-07-28 08:45:00,1.62705,1.62715,1.62694,1.62697
2026-07-28 09:00:00,1.62701,1.62763,1.62695,1.6275
2026-07-28 09:15:00,1.62747,1.62747,1.62724,1.62738
2026-07-28 09:30:00,1.62735,1.62757,1.62727,1.62747
2026-07-28 09:45:00,1.62749,1.62762,1.62713,1.6273
2026-07-28 10:00:00,1.62728,1.62827,1.62705,1.62822
2026-07-28 10:15:00,1.62814,1.62857,1.62801,1.62829
2026-07-28 10:30:00,1.62837,1.62837,1.62697,1.62704
2026-07-28 10:45:00,1.62715,1.62805,1.62698,1.62741
2026-07-28 11:00:00,1.62734,1.62771,1.62706,1.62771
2026-07-28 11:15:00,1.62768,1.62802,1.62704,1.62716
2026-07-28 11:30:00,1.62739,1.62739,1.62625,1.62686
2026-07-28 11:45:00,1.62683,1.62727,1.62667,1.62704
2026-07-28 12:00:00,1.62708,1.62722,1.62625,1.62643
2026-07-28 12:15:00,1.62636,1.62659,1.62581,1.62641
2026-07-28 12:30:00,1.62632,1.6266,1.62584,1.62657
2026-07-28 12:45:00,1.6265,1.62696,1.62648,1.6269
2026-07-28 13:00:00,1.62687,1.6285,1.6264,1.62807
2026-07-28 13:15:00,1.62793,1.62839,1.62728,1.62782
2026-07-28 13:30:00,1.62778,1.62947,1.62729,1.62894
2026-07-28 13:45:00,1.629,1.62938,1.6285,1.62926
2026-07-28 14:00:00,1.62928,1.63091,1.62904,1.63047
2026-07-28 14:15:00,1.63055,1.63133,1.6304,1.63087
2026-07-28 14:30:00,1.6309,1.6311,1.63056,1.63073
2026-07-28 14:45:00,1.63077,1.63087,1.63052,1.63068
2026-07-28 15:00:00,1.63071,1.63125,1.63044,1.63113
2026-07-28 15:15:00,1.63103,1.63191,1.63091,1.63137
2026-07-28 15:30:00,1.63139,1.63162,1.63067,1.63075
2026-07-28 15:45:00,1.63087,1.63146,1.63079,1.63144
2026-07-28 16:00:00,1.6314,1.63224,1.63126,1.6313
2026-07-28 16:15:00,1.63135,1.6315,1.63086,1.63109
2026-07-28 16:30:00,1.63121,1.63138,1.63044,1.63086
2026-07-28 16:45:00,1.63081,1.63081,1.62998,1.6306
2026-07-28 17:00:00,1.63045,1.6311,1.63043,1.63106
2026-07-28 17:15:00,1.631,1.63121,1.62982,1.63072
2026-07-28 17:30:00,1.63066,1.63109,1.63048,1.63105
2026-07-28 17:45:00,1.631,1.6314,1.63073,1.6308
2026-07-28 18:00:00,1.63082,1.63184,1.63064,1.63175
2026-07-28 18:15:00,1.63155,1.6316,1.6308,1.63093
2026-07-28 18:30:00,1.63096,1.63142,1.63093,1.63117
2026-07-28 18:45:00,1.6312,1.63133,1.63061,1.63093
2026-07-28 19:00:00,1.63091,1.63094,1.63023,1.63031
2026-07-28 19:15:00,1.63033,1.63046,1.62982,1.62998
2026-07-28 19:30:00,1.62996,1.63033,1.62972,1.63006
2026-07-28 19:45:00,1.63001,1.6305,1.62964,1.63047
2026-07-28 20:00:00,1.63038,1.63065,1.63016,1.63062
2026-07-28 20:15:00,1.63057,1.63086,1.63033,1.63053
2026-07-28 20:30:00,1.63058,1.63107,1.63021,1.63097
2026-07-28 20:45:00,1.63089,1.63134,1.63086,1.63091
2026-07-28 21:00:00,1.63095,1.63116,1.63065,1.63101
2026-07-28 21:15:00,1.63096,1.63205,1.63068,1.63198
2026-07-28 21:30:00,1.63188,1.63217,1.63138,1.63178
2026-07-28 21:45:00,1.63175,1.63197,1.63127,1.63181
2026-07-28 22:00:00,1.63177,1.63178,1.63086,1.63109
2026-07-28 22:15:00,1.63116,1.6313,1.63046,1.63049
2026-07-28 22:30:00,1.63056,1.63102,1.63037,1.63083
2026-07-28 22:45:00,1.63078,1.63094,1.63038,1.63093
2026-07-28 23:00:00,1.63086,1.63103,1.63033,1.6304
2026-07-28 23:15:00,1.63053,1.63067,1.6302,1.6305
2026-07-28 23:30:00,1.63053,1.63212,1.63051,1.6317
2026-07-28 23:45:00,1.63165,1.63217,1.6313,1.63156
2026-07-29 00:00:00,1.63149,1.6318,1.6309,1.63176
2026-07-29 00:15:00,1.63167,1.6333,1.63158,1.63229
2026-07-29 00:30:00,1.63234,1.63275,1.63221,1.63255
2026-07-29 00:45:00,1.6326,1.63428,1.63231,1.63424
2026-07-29 01:00:00,1.6341,1.63454,1.63341,1.63353
2026-07-29 01:15:00,1.63373,1.63385,1.63271,1.6331
2026-07-29 01:30:00,1.633,1.63347,1.63207,1.63331
2026-07-29 01:45:00,1.63324,1.63329,1.63258,1.63264
2026-07-29 02:00:00,1.63267,1.6329,1.63233,1.63262
2026-07-29 02:15:00,1.63258,1.63263,1.63223,1.63258
2026-07-29 02:30:00,1.63251,1.6329,1.63223,1.63269
2026-07-29 02:45:00,1.63267,1.63272,1.632,1.63209
2026-07-29 03:00:00,1.63213,1.63264,1.63189,1.63261
2026-07-29 03:15:00,1.63257,1.63272,1.63188,1.63256
2026-07-29 03:30:00,1.63253,1.63308,1.63244,1.63306
2026-07-29 03:45:00,1.63302,1.6331,1.63259,1.63293
2026-07-29 04:00:00,1.63287,1.63305,1.63263,1.633
2026-07-29 04:15:00,1.63291,1.63291,1.63251,1.6327
2026-07-29 04:30:00,1.63278,1.63288,1.63251,1.63265
2026-07-29 04:45:00,1.63266,1.6328,1.6324,1.63248
2026-07-29 05:00:00,1.63253,1.63259,1.63223,1.63256
2026-07-29 05:15:00,1.63253,1.63261,1.63222,1.63242
2026-07-29 05:30:00,1.63246,1.63272,1.63229,1.63269
2026-07-29 05:45:00,1.63264,1.63294,1.63249,1.63269
2026-07-29 06:00:00,1.63267,1.63281,1.63254,1.6327
2026-07-29 06:15:00,1.63267,1.63305,1.63258,1.63266
2026-07-29 06:30:00,1.63271,1.63277,1.63232,1.63269
2026-07-29 06:45:00,1.63264,1.63287,1.6325,1.63273
2026-07-29 07:00:00,1.63271,1.63305,1.63173,1.6319
2026-07-29 07:15:00,1.63205,1.6335,1.63176,1.63345
2026-07-29 07:30:00,1.63335,1.63352,1.6325,1.63279
2026-07-29 07:45:00,1.63302,1.63371,1.63256,1.63286
2026-07-29 08:00:00,1.63271,1.63299,1.63262,1.63296
2026-07-29 08:15:00,1.63293,1.63326,1.63259,1.63295
2026-07-29 08:30:00,1.63305,1.63322,1.63268,1.63308
2026-07-29 08:45:00,1.63312,1.63326,1.63266,1.63277
2026-07-29 09:00:00,1.63278,1.63286,1.63226,1.63245
2026-07-29 09:15:00,1.63241,1.63241,1.63194,1.63203
2026-07-29 09:30:00,1.63204,1.63227,1.63197,1.63222
2026-07-29 09:45:00,1.63219,1.63267,1.63169,1.63265
2026-07-29 10:00:00,1.63262,1.63288,1.63226,1.63279
2026-07-29 10:15:00,1.63258,1.63329,1.63246,1.6329
2026-07-29 10:30:00,1.63291,1.6333,1.63272,1.6331
2026-07-29 10:45:00,1.63316,1.63434,1.63276,1.63423
2026-07-29 11:00:00,1.63407,1.63451,1.63364,1.63439
2026-07-29 11:15:00,1.63436,1.6346,1.63384,1.63394
2026-07-29 11:30:00,1.63395,1.64125,1.62895,1.63909
2026-07-29 11:45:00,1.63904,1.63999,1.63853,1.63997
2026-07-29 12:00:00,1.63992,1.64044,1.63936,1.63969
2026-07-29 12:15:00,1.63959,1.63959,1.63814,1.63849
2026-07-29 12:30:00,1.63843,1.63971,1.63821,1.63967
2026-07-29 12:45:00,1.63965,1.64025,1.63945,1.63993
2026-07-29 13:00:00,1.64,1.64033,1.63935,1.63992
2026-07-29 13:15:00,1.63972,1.64119,1.63972,1.64117
2026-07-29 13:30:00,1.6411,1.64144,1.64051,1.64067
2026-07-29 13:45:00,1.64065,1.64106,1.64022,1.64048
2026-07-29 14:00:00,1.64061,1.64139,1.64028,1.64116
2026-07-29 14:15:00,1.64126,1.6422,1.64119,1.64133
2026-07-29 14:30:00,1.64138,1.64198,1.64087,1.64139
2026-07-29 14:45:00,1.64135,1.64143,1.63948,1.64
2026-07-29 15:00:00,1.63993,1.63997,1.6394,1.63944
2026-07-29 15:15:00,1.63948,1.6399,1.63913,1.6394
2026-07-29 15:30:00,1.63942,1.63974,1.63834,1.63868
2026-07-29 15:45:00,1.63859,1.63898,1.63848,1.63871
2026-07-29 16:00:00,1.63877,1.6389,1.63799,1.638
2026-07-29 16:15:00,1.63804,1.63875,1.63765,1.63844
2026-07-29 16:30:00,1.63854,1.63854,1.63808,1.63839
2026-07-29 16:45:00,1.63835,1.63874,1.63809,1.63871
2026-07-29 17:00:00,1.63866,1.63875,1.63803,1.63828
2026-07-29 17:15:00,1.63843,1.63915,1.63843,1.63888
2026-07-29 17:30:00,1.63885,1.63981,1.63862,1.63979
2026-07-29 17:45:00,1.63972,1.64071,1.63939,1.64041
2026-07-29 18:00:00,1.64024,1.64115,1.64024,1.64111
2026-07-29 18:15:00,1.64104,1.64148,1.64068,1.64115
2026-07-29 18:30:00,1.64123,1.64167,1.64107,1.64131
2026-07-29 18:45:00,1.64135,1.64157,1.64101,1.6414
2026-07-29 19:00:00,1.64132,1.64149,1.64112,1.64115
2026-07-29 19:15:00,1.64119,1.64151,1.6409,1.64104
2026-07-29 19:30:00,1.64108,1.64149,1.64078,1.64102
2026-07-29 19:45:00,1.64105,1.64125,1.64064,1.641
2026-07-29 20:00:00,1.64092,1.64145,1.64074,1.64081
2026-07-29 20:15:00,1.64081,1.64083,1.64034,1.64059
2026-07-29 20:30:00,1.64054,1.64102,1.64051,1.64064
2026-07-29 20:45:00,1.64067,1.64084,1.64024,1.64038
2026-07-29 21:00:00,1.64033,1.64046,1.64012,1.64015
2026-07-29 21:15:00,1.64022,1.64027,1.63945,1.63947
2026-07-29 21:30:00,1.63952,1.64042,1.63952,1.64018
2026-07-29 21:45:00,1.64015,1.64022,1.63933,1.6394
2026-07-29 22:00:00,1.63952,1.63967,1.63898,1.63956
2026-07-29 22:15:00,1.63957,1.64019,1.63944,1.6395
2026-07-29 22:30:00,1.63952,1.6399,1.63914,1.63981
2026-07-29 22:45:00,1.63979,1.63992,1.63913,1.63928
2026-07-29 23:00:00,1.63959,1.63959,1.63863,1.63931
2026-07-29 23:15:00,1.63939,1.63965,1.63908,1.63933
2026-07-29 23:30:00,1.63929,1.63989,1.63884,1.63987
2026-07-29 23:45:00,1.63982,1.64006,1.63919,1.63929
2026-07-30 00:00:00,1.63946,1.63978,1.63876,1.63973
2026-07-30 00:15:00,1.63964,1.64027,1.63941,1.64013
2026-07-30 00:30:00,1.64019,1.64175,1.64009,1.64161
2026-07-30 00:45:00,1.64134,1.64395,1.64134,1.64388
2026-07-30 01:00:00,1.64372,1.6438,1.64294,1.6431
2026-07-30 01:15:00,1.64305,1.64341,1.64251,1.64285
2026-07-30 01:30:00,1.64286,1.64316,1.64232,1.64273
2026-07-30 01:45:00,1.6426,1.64293,1.64226,1.64279
2026-07-30 02:00:00,1.64282,1.64359,1.64258,1.64353
2026-07-30 02:15:00,1.6434,1.64362,1.64303,1.64312
2026-07-30 02:30:00,1.64312,1.6439,1.64294,1.64358
2026-07-30 02:45:00,1.64365,1.64385,1.64303,1.64327
2026-07-30 03:00:00,1.6432,1.64365,1.64289,1.64323
2026-07-30 03:15:00,1.64319,1.64328,1.64283,1.64298
2026-07-30 03:30:00,1.6432,1.64367,1.64308,1.64351
2026-07-30 03:45:00,1.64344,1.64372,1.64307,1.64335
2026-07-30 04:00:00,1.64339,1.64693,1.64035,1.64292
2026-07-30 04:15:00,1.64278,1.64319,1.64173,1.64254
2026-07-30 04:30:00,1.64262,1.64354,1.64056,1.64062
2026-07-30 04:45:00,1.6407,1.64114,1.63934,1.64032
2026-07-30 05:00:00,1.64019,1.64112,1.63881,1.63986
2026-07-30 05:15:00,1.63991,1.6439,1.63942,1.64381
2026-07-30 05:30:00,1.64363,1.64687,1.64275,1.64668
2026-07-30 05:45:00,1.64643,1.64822,1.64643,1.64752
2026-07-30 06:00:00,1.64777,1.64822,1.64691,1.64712
2026-07-30 06:15:00,1.64727,1.64909,1.64689,1.64906
2026-07-30 06:30:00,1.649,1.64979,1.64872,1.64976
2026-07-30 06:45:00,1.64971,1.64987,1.64865,1.64871
2026-07-30 07:00:00,1.64882,1.64889,1.64721,1.64813
2026-07-30 07:15:00,1.64809,1.64913,1.64762,1.6491
2026-07-30 07:30:00,1.64902,1.65032,1.64768,1.64806
2026-07-30 07:45:00,1.64853,1.6496,1.64775,1.6495
2026-07-30 08:00:00,1.64945,1.64977,1.64794,1.64856
2026-07-30 08:15:00,1.64849,1.64876,1.64821,1.64863
2026-07-30 08:30:00,1.64861,1.64861,1.6481,1.6485
2026-07-30 08:45:00,1.64846,1.64861,1.6483,1.64855
2026-07-30 09:00:00,1.64853,1.64863,1.64744,1.64807
2026-07-30 09:15:00,1.64799,1.64829,1.64784,1.64797
2026-07-30 09:30:00,1.64799,1.64807,1.64774,1.64779
2026-07-30 09:45:00,1.64787,1.64793,1.64729,1.64777
2026-07-30 10:00:00,1.64772,1.64821,1.64612,1.64618
2026-07-30 10:15:00,1.64625,1.64736,1.64619,1.64694
2026-07-30 10:30:00,1.64686,1.64819,1.64665,1.64815
2026-07-30 10:45:00,1.64808,1.64832,1.64699,1.64715
2026-07-30 11:00:00,1.64719,1.64734,1.64603,1.64697
2026-07-30 11:15:00,1.64688,1.647,1.64591,1.64608
2026-07-30 11:30:00,1.64594,1.64629,1.64517,1.64519
2026-07-30 11:45:00,1.64523,1.64595,1.64521,1.64573
2026-07-30 12:00:00,1.64581,1.646,1.64512,1.64533
2026-07-30 12:15:00,1.64537,1.64577,1.64494,1.64509
2026-07-30 12:30:00,1.64509,1.64627,1.64501,1.64623
2026-07-30 12:45:00,1.64622,1.64683,1.64593,1.64678
2026-07-30 13:00:00,1.6467,1.64722,1.64631,1.64718
2026-07-30 13:15:00,1.6471,1.6474,1.64678,1.64682
2026-07-30 13:30:00,1.64683,1.64714,1.64652,1.64687
2026-07-30 13:45:00,1.64685,1.64733,1.64665,1.64724
2026-07-30 14:00:00,1.64712,1.64743,1.64683,1.64722
2026-07-30 14:15:00,1.64727,1.64748,1.64697,1.64702
2026-07-30 14:30:00,1.64707,1.64761,1.6469,1.64759
2026-07-30 14:45:00,1.64753,1.64762,1.6471,1.64759
2026-07-30 15:00:00,1.64753,1.6481,1.64745,1.64763
2026-07-30 15:15:00,1.64769,1.64769,1.64716,1.64745
2026-07-30 15:30:00,1.64741,1.64741,1.64693,1.64704
2026-07-30 15:45:00,1.64699,1.64778,1.64662,1.64737
2026-07-30 16:00:00,1.64742,1.64768,1.64694,1.6473
2026-07-30 16:15:00,1.64748,1.64761,1.64649,1.64679
2026-07-30 16:30:00,1.64673,1.64709,1.64628,1.64706
2026-07-30 16:45:00,1.64698,1.647,1.64597,1.64618
2026-07-30 17:00:00,1.64621,1.64635,1.64389,1.64398
2026-07-30 17:15:00,1.64415,1.64481,1.64396,1.64463
2026-07-30 17:30:00,1.64456,1.64536,1.64444,1.64456
2026-07-30 17:45:00,1.64472,1.64547,1.64426,1.6454
2026-07-30 18:00:00,1.64526,1.64601,1.64506,1.64568
2026-07-30 18:15:00,1.64562,1.64576,1.64486,1.64535
2026-07-30 18:30:00,1.64526,1.64549,1.64425,1.64514
2026-07-30 18:45:00,1.64499,1.64542,1.6447,1.64477
2026-07-30 19:00:00,1.64489,1.64533,1.64422,1.64461
2026-07-30 19:15:00,1.64455,1.64479,1.64427,1.6446
2026-07-30 19:30:00,1.64446,1.64501,1.64421,1.64464
2026-07-30 19:45:00,1.64457,1.6446,1.64347,1.64421
2026-07-30 20:00:00,1.64414,1.64434,1.64359,1.64386
2026-07-30 20:15:00,1.6438,1.64476,1.6435,1.64444
2026-07-30 20:30:00,1.64453,1.64542,1.64441,1.64535
2026-07-30 20:45:00,1.64518,1.64526,1.64433,1.64447
2026-07-30 21:00:00,1.6446,1.64493,1.64428,1.64484
2026-07-30 21:15:00,1.64479,1.64483,1.64356,1.64361
2026-07-30 21:30:00,1.64365,1.64377,1.64325,1.64364
2026-07-30 21:45:00,1.64354,1.64382,1.64314,1.64362
2026-07-30 22:00:00,1.64352,1.64415,1.64324,1.64369
2026-07-30 22:15:00,1.64382,1.64419,1.64353,1.64404
2026-07-30 22:30:00,1.64391,1.64487,1.64351,1.64416
2026-07-30 22:45:00,1.64427,1.64505,1.644,1.64501
2026-07-30 23:00:00,1.64491,1.64492,1.64397,1.64406
2026-07-30 23:15:00,1.64421,1.64455,1.64385,1.64424
2026-07-30 23:30:00,1.64426,1.64466,1.64187,1.64197
2026-07-30 23:45:00,1.64215,1.6428,1.64128,1.64206
2026-07-31 00:00:00,1.64221,1.6432,1.64158,1.64262
2026-07-31 00:15:00,1.64279,1.64291,1.64076,1.64212
2026-07-31 00:30:00,1.6423,1.64272,1.64062,1.64127
2026-07-31 00:45:00,1.64125,1.64332,1.64118,1.64253
2026-07-31 01:00:00,1.64273,1.64273,1.64087,1.64186
2026-07-31 01:15:00,1.6417,1.64265,1.6417,1.64237
2026-07-31 01:30:00,1.64238,1.64274,1.64133,1.64135
2026-07-31 01:45:00,1.6414,1.64215,1.64031,1.64074
2026-07-31 02:00:00,1.64064,1.64126,1.64003,1.64012
2026-07-31 02:15:00,1.64027,1.64077,1.64015,1.64074
2026-07-31 02:30:00,1.6407,1.64092,1.64024,1.64088
2026-07-31 02:45:00,1.64082,1.64097,1.64034,1.64068
2026-07-31 03:00:00,1.64058,1.64134,1.63996,1.64004
2026-07-31 03:15:00,1.64017,1.64021,1.63958,1.64018
2026-07-31 03:30:00,1.64013,1.64068,1.63919,1.64053
2026-07-31 03:45:00,1.64026,1.64064,1.63978,1.63985
2026-07-31 04:00:00,1.63995,1.64065,1.63983,1.64028
2026-07-31 04:15:00,1.64024,1.64068,1.63998,1.64032
2026-07-31 04:30:00,1.64037,1.6409,1.64034,1.64081
2026-07-31 04:45:00,1.64077,1.64114,1.64067,1.641
2026-07-31 05:00:00,1.64083,1.64165,1.63961,1.64026
2026-07-31 05:15:00,1.64022,1.64058,1.63992,1.64019
2026-07-31 05:30:00,1.64015,1.64032,1.63985,1.63991
2026-07-31 05:45:00,1.63992,1.64027,1.63974,1.63994
2026-07-31 06:00:00,1.63998,1.64033,1.63951,1.63963
2026-07-31 06:15:00,1.63973,1.63986,1.63957,1.63982
2026-07-31 06:30:00,1.63979,1.63992,1.63952,1.63989
2026-07-31 06:45:00,1.63985,1.6403,1.63959,1.63979
2026-07-31 07:00:00,1.63984,1.64344,1.63984,1.64094
2026-07-31 07:15:00,1.64098,1.64146,1.64078,1.64096
2026-07-31 07:30:00,1.64091,1.64116,1.64064,1.64072
2026-07-31 07:45:00,1.64075,1.64108,1.64037,1.64077
2026-07-31 08:00:00,1.64074,1.64096,1.63986,1.64021
2026-07-31 08:15:00,1.64012,1.64037,1.64007,1.64026
2026-07-31 08:30:00,1.64024,1.64026,1.63974,1.64011
2026-07-31 08:45:00,1.64015,1.64043,1.6401,1.64015
2026-07-31 09:00:00,1.64023,1.64094,1.63931,1.64018
2026-07-31 09:15:00,1.64028,1.64049,1.64007,1.64013
2026-07-31 09:30:00,1.64016,1.64057,1.64006,1.64052
2026-07-31 09:45:00,1.64051,1.64075,1.63987,1.63994
2026-07-31 10:00:00,1.64009,1.64069,1.63952,1.64006
2026-07-31 10:15:00,1.63999,1.63999,1.63916,1.63946
2026-07-31 10:30:00,1.63941,1.63941,1.63793,1.63821
2026-07-31 10:45:00,1.63822,1.63896,1.63802,1.63852
2026-07-31 11:00:00,1.63847,1.63863,1.63801,1.63823
2026-07-31 11:15:00,1.6383,1.63931,1.63822,1.63928
2026-07-31 11:30:00,1.63924,1.63981,1.63904,1.63913
2026-07-31 11:45:00,1.63916,1.63938,1.63874,1.63875
2026-07-31 12:00:00,1.63878,1.63969,1.63858,1.63965
2026-07-31 12:15:00,1.63957,1.6401,1.63934,1.6394
2026-07-31 12:30:00,1.63948,1.63948,1.63871,1.63875
2026-07-31 12:45:00,1.63882,1.63924,1.63856,1.63886
2026-07-31 13:00:00,1.63893,1.63962,1.63863,1.63957
2026-07-31 13:15:00,1.63949,1.63962,1.63876,1.63892
2026-07-31 13:30:00,1.63887,1.63887,1.63782,1.63832
2026-07-31 13:45:00,1.63822,1.63896,1.63803,1.63893
2026-07-31 14:00:00,1.63887,1.63892,1.63811,1.63833
2026-07-31 14:15:00,1.63841,1.63843,1.63763,1.63789
2026-07-31 14:30:00,1.63785,1.63807,1.63719,1.63743
2026-07-31 14:45:00,1.63739,1.63767,1.63708,1.63764
2026-07-31 15:00:00,1.6376,1.63779,1.63714,1.63718
2026-07-31 15:15:00,1.63723,1.63723,1.63672,1.63694
2026-07-31 15:30:00,1.63695,1.63743,1.63674,1.63695
2026-07-31 15:45:00,1.63692,1.63745,1.6368,1.63688
2026-07-31 16:00:00,1.63693,1.63749,1.63673,1.63737
2026-07-31 16:15:00,1.6372,1.63774,1.63692,1.63708
2026-07-31 16:30:00,1.63713,1.63734,1.63656,1.63729
2026-07-31 16:45:00,1.63714,1.63782,1.63713,1.63763
2026-07-31 17:00:00,1.63756,1.63809,1.63743,1.63776
2026-07-31 17:15:00,1.63781,1.63794,1.63717,1.6372
2026-07-31 17:30:00,1.63725,1.63793,1.63709,1.63782
2026-07-31 17:45:00,1.63777,1.63807,1.63699,1.63771
2026-07-31 18:00:00,1.63765,1.63815,1.63736,1.63809
2026-07-31 18:15:00,1.638,1.63814,1.63689,1.63703
2026-07-31 18:30:00,1.63711,1.63711,1.63639,1.63674
2026-07-31 18:45:00,1.63665,1.6374,1.63603,1.6362
2026-07-31 19:00:00,1.63638,1.6365,1.63543,1.63615
2026-07-31 19:15:00,1.63623,1.63653,1.6357,1.63606
2026-07-31 19:30:00,1.63621,1.63689,1.63604,1.63677
2026-07-31 19:45:00,1.63674,1.63679,1.63557,1.63572
2026-07-31 20:00:00,1.63567,1.63612,1.63543,1.63591
2026-07-31 20:15:00,1.63596,1.6362,1.63565,1.63572
2026-07-31 20:30:00,1.63576,1.63588,1.63537,1.6358
2026-07-31 20:45:00,1.6357,1.63628,1.63563,1.63604
2026-07-31 21:00:00,1.63609,1.63609,1.63534,1.63579
2026-07-31 21:15:00,1.63574,1.6362,1.63532,1.63539
2026-07-31 21:30:00,1.63556,1.6365,1.63544,1.6363
2026-07-31 21:45:00,1.63633,1.63662,1.63609,1.63643
2026-07-31 22:00:00,1.63635,1.6369,1.63608,1.63683
2026-07-31 22:15:00,1.63671,1.63736,1.63671,1.63731
2026-07-31 22:30:00,1.63721,1.63853,1.63687,1.63848
2026-07-31 22:45:00,1.63844,1.63851,1.63804,1.63849
2026-07-31 23:00:00,1.63843,1.6386,1.6379,1.63802
2026-07-31 23:15:00,1.63811,1.63919,1.63725,1.63734
2026-07-31 23:30:00,1.63751,1.63805,1.63367,1.63606
2026-07-31 23:45:00,1.63574,1.63776,1.63568,1.63768
2026-08-01 00:00:00,1.63753,1.64034,1.63698,1.64023
2026-08-01 00:15:00,1.64002,1.64034,1.6385,1.63894
2026-08-01 00:30:00,1.63914,1.63935,1.6379,1.63831
2026-08-01 00:45:00,1.6382,1.63852,1.63745,1.6382
2026-08-01 01:00:00,1.63786,1.63857,1.63729,1.63834
2026-08-01 01:15:00,1.63819,1.63927,1.63749,1.63879
2026-08-01 01:30:00,1.63904,1.63913,1.63809,1.63881
2026-08-01 01:45:00,1.63875,1.64011,1.63875,1.64
2026-08-01 02:00:00,1.63974,1.64004,1.63906,1.63924
2026-08-01 02:15:00,1.63929,1.63964,1.63856,1.63865
2026-08-01 02:30:00,1.63882,1.63895,1.63852,1.63862
2026-08-01 02:45:00,1.63878,1.63943,1.63856,1.63941
2026-08-01 03:00:00,1.63934,1.6395,1.63881,1.63914
2026-08-01 03:15:00,1.63905,1.63928,1.63837,1.63852
2026-08-01 03:30:00,1.63863,1.63941,1.63846,1.63939
2026-08-01 03:45:00,1.63935,1.63963,1.63866,1.63945
2026-08-01 04:00:00,1.63929,1.63968,1.63895,1.6391
2026-08-01 04:15:00,1.63923,1.63923,1.63858,1.63871
2026-08-01 04:30:00,1.63882,1.63897,1.63846,1.63853
2026-08-01 04:45:00,1.63866,1.63875,1.63841,1.63867
2026-08-01 05:00:00,1.63863,1.63902,1.63829,1.6385
2026-08-01 05:15:00,1.63845,1.63857,1.63803,1.63809
2026-08-01 05:30:00,1.63813,1.63832,1.63785,1.63814
2026-08-01 05:45:00,1.63814,1.63893,1.63778,1.63889
2026-08-01 06:00:00,1.63882,1.63909,1.63818,1.63889
2026-08-01 06:15:00,1.63884,1.63929,1.63847,1.63924
2026-08-01 06:30:00,1.63913,1.63927,1.6384,1.63923
2026-08-01 06:45:00,1.63917,1.64114,1.63842,1.6408
2026-08-01 07:00:00,1.64021,1.64366,1.64021,1.64165
2026-08-01 07:15:00,1.64167,1.64327,1.64117,1.6426
2026-08-01 07:30:00,1.6425,1.64468,1.64106,1.6438
2026-08-01 07:45:00,1.64344,1.64523,1.64053,1.64166
2026-08-01 08:00:00,1.64189,1.64268,1.6414,1.64241
2026-08-01 08:15:00,1.64231,1.64391,1.64122,1.64255
2026-08-01 08:30:00,1.64235,1.64379,1.64158,1.64279
2026-08-01 08:45:00,1.64242,1.6438,1.64185,1.64213
2026-08-01 09:00:00,1.64256,1.64368,1.64104,1.64186
2026-08-01 09:15:00,1.64188,1.64387,1.64107,1.64235
2026-08-01 09:30:00,1.64239,1.64373,1.64139,1.64261
2026-08-01 09:45:00,1.64221,1.64384,1.64189,1.64209
2026-08-01 10:00:00,1.64258,1.64365,1.63944,1.6395
2026-08-01 10:15:00,1.63947,1.64063,1.63934,1.63944
2026-08-01 10:30:00,1.63943,1.64026,1.63937,1.63949
2026-08-01 10:45:00,1.63944,1.64073,1.63901,1.6394
2026-08-01 11:00:00,1.63942,1.64006,1.63925,1.63949
2026-08-01 11:15:00,1.63943,1.64028,1.63935,1.63949
2026-08-01 11:30:00,1.63943,1.64284,1.63712,1.63985
2026-08-01 11:45:00,1.64007,1.64026,1.63918,1.63944
2026-08-01 12:00:00,1.63946,1.64207,1.63766,1.63953
2026-08-01 12:15:00,1.63948,1.64025,1.63939,1.63949
2026-08-01 12:30:00,1.63942,1.64015,1.63933,1.63945
2026-08-01 12:45:00,1.63941,1.64021,1.63938,1.63942
2026-08-01 13:00:00,1.63947,1.63954,1.63938,1.6394
2026-08-01 13:15:00,1.63941,1.64217,1.63765,1.63949
2026-08-01 13:30:00,1.63945,1.63951,1.63938,1.63947
2026-08-01 13:45:00,1.63941,1.64091,1.63941,1.63942
2026-08-01 14:00:00,1.63944,1.6403,1.63932,1.63947
2026-08-01 14:15:00,1.63951,1.63954,1.63938,1.63944
2026-08-01 14:30:00,1.6394,1.64024,1.63909,1.63942
2026-08-01 14:45:00,1.63939,1.63947,1.63937,1.63939
2026-08-01 15:00:00,1.6394,1.64236,1.63782,1.63938
2026-08-01 15:15:00,1.6394,1.64073,1.63938,1.63955
2026-08-01 15:30:00,1.63961,1.63961,1.63939,1.63947
2026-08-01 15:45:00,1.63943,1.6405,1.63928,1.63943
2026-08-01 16:00:00,1.63943,1.63948,1.63937,1.63938
2026-08-01 16:15:00,1.63939,1.6402,1.6389,1.63943
2026-08-01 16:30:00,1.63939,1.64162,1.63911,1.63954
2026-08-01 16:45:00,1.63999,1.63999,1.63937,1.63943
2026-08-01 17:00:00,1.63939,1.64096,1.63891,1.63938
2026-08-01 17:15:00,1.63939,1.63948,1.63937,1.63943
2026-08-01 17:30:00,1.63939,1.64031,1.63902,1.63944
2026-08-01 17:45:00,1.63939,1.64017,1.63932,1.63945
2026-08-01 18:00:00,1.63956,1.63956,1.6394,1.63942
2026-08-01 18:15:00,1.63943,1.64237,1.6392,1.63948
2026-08-01 18:30:00,1.63949,1.6395,1.6394,1.63947
2026-08-01 18:45:00,1.63943,1.64086,1.63842,1.63945
2026-08-01 19:00:00,1.63943,1.64077,1.63928,1.63992
2026-08-01 19:15:00,1.64003,1.64003,1.63941,1.63943
2026-08-01 19:30:00,1.63943,1.64077,1.63924,1.63961
2026-08-01 19:45:00,1.63957,1.63957,1.6394,1.63945
2026-08-01 20:00:00,1.63942,1.64148,1.63927,1.63939
2026-08-01 20:15:00,1.63939,1.64045,1.63871,1.63953
2026-08-01 20:30:00,1.63962,1.63962,1.63937,1.63944
2026-08-01 20:45:00,1.63939,1.64087,1.63937,1.63943
2026-08-01 21:00:00,1.6394,1.63946,1.63937,1.63939
2026-08-01 21:15:00,1.63939,1.6403,1.63927,1.63939
2026-08-01 21:30:00,1.6394,1.64214,1.63848,1.63997
2026-08-01 21:45:00,1.64032,1.64032,1.63937,1.63944
2026-08-01 22:00:00,1.63941,1.64102,1.63925,1.63944
2026-08-01 22:15:00,1.63945,1.6395,1.63939,1.6394
2026-08-01 22:30:00,1.63941,1.64104,1.63911,1.63946
2026-08-01 22:45:00,1.63943,1.64103,1.63867,1.64043
2026-08-01 23:00:00,1.64027,1.64027,1.63942,1.63945
2026-08-01 23:15:00,1.63944,1.64258,1.63931,1.63975
2026-08-01 23:30:00,1.63978,1.63978,1.63941,1.63942
2026-08-01 23:45:00,1.63942,1.641,1.63929,1.63963
2026-08-02 00:00:00,1.63964,1.64111,1.63877,1.64071
2026-08-02 00:15:00,1.64046,1.64049,1.63978,1.63984
2026-08-02 00:30:00,1.63986,1.64132,1.63927,1.64073
2026-08-02 00:45:00,1.64073,1.6408,1.64071,1.64076
2026-08-02 01:00:00,1.64073,1.64362,1.64005,1.64165
2026-08-02 01:15:00,1.64163,1.6421,1.64072,1.64185
2026-08-02 01:30:00,1.64166,1.64173,1.64163,1.64166
2026-08-02 01:45:00,1.64166,1.64196,1.64042,1.64149
2026-08-02 02:00:00,1.64146,1.6422,1.63955,1.63961
2026-08-02 02:15:00,1.63958,1.64089,1.63936,1.63961
2026-08-02 02:30:00,1.63961,1.64291,1.6391,1.64239
2026-08-02 02:45:00,1.64126,1.64126,1.63939,1.63958
2026-08-02 03:00:00,1.63956,1.64095,1.6394,1.63971
2026-08-02 03:15:00,1.63967,1.63973,1.63952,1.63953
2026-08-02 03:30:00,1.63955,1.64092,1.63944,1.63985
2026-08-02 03:45:00,1.63985,1.64084,1.6397,1.64045
2026-08-02 04:00:00,1.63965,1.64104,1.63965,1.64009
2026-08-02 04:15:00,1.64006,1.64343,1.63725,1.6421
2026-08-02 04:30:00,1.6421,1.64281,1.64043,1.64069
2026-08-02 04:45:00,1.6407,1.6422,1.64018,1.64025
2026-08-02 05:00:00,1.64023,1.64125,1.63952,1.63956
2026-08-02 05:15:00,1.6394,1.64084,1.6394,1.63966
2026-08-02 05:30:00,1.63965,1.6411,1.63921,1.64011
2026-08-02 05:45:00,1.64012,1.64204,1.63785,1.64067
2026-08-02 06:00:00,1.64063,1.64382,1.6389,1.64166
2026-08-02 06:15:00,1.64163,1.64276,1.6416,1.64237
2026-08-02 06:30:00,1.6416,1.64234,1.6416,1.64214
2026-08-02 06:45:00,1.64215,1.64305,1.64207,1.64256
2026-08-02 07:00:00,1.64256,1.6426,1.64242,1.6425
2026-08-02 07:15:00,1.64247,1.6432,1.64219,1.64285
2026-08-02 07:30:00,1.64282,1.64291,1.63843,1.63983
2026-08-02 07:45:00,1.64018,1.64268,1.63969,1.63972
2026-08-02 08:00:00,1.63977,1.6415,1.63932,1.6397
2026-08-02 08:15:00,1.63967,1.63971,1.63961,1.63966
2026-08-02 08:30:00,1.63963,1.64086,1.63952,1.63989
2026-08-02 08:45:00,1.6399,1.64079,1.63978,1.63981
2026-08-02 09:00:00,1.63982,1.64085,1.63973,1.63996
2026-08-02 09:15:00,1.63993,1.64283,1.63963,1.6416
2026-08-02 09:30:00,1.64136,1.64136,1.64003,1.64007
2026-08-02 09:45:00,1.64005,1.64102,1.63934,1.64014
2026-08-02 10:00:00,1.64014,1.64069,1.63976,1.64041
2026-08-02 10:15:00,1.63987,1.64094,1.63963,1.64003
2026-08-02 10:30:00,1.64,1.64098,1.63988,1.64073
2026-08-02 10:45:00,1.6407,1.6407,1.64019,1.64019
2026-08-02 11:00:00,1.64021,1.64361,1.63997,1.64251
2026-08-02 11:15:00,1.6425,1.6425,1.64122,1.64183
2026-08-02 11:30:00,1.64179,1.64248,1.6412,1.64155
2026-08-02 11:45:00,1.64153,1.64194,1.64151,1.64153
2026-08-02 12:00:00,1.64154,1.64161,1.64152,1.64158
2026-08-02 12:15:00,1.64154,1.6423,1.64143,1.64211
2026-08-02 12:30:00,1.64208,1.64215,1.63952,1.63965
2026-08-02 12:45:00,1.63963,1.64285,1.63877,1.63987
2026-08-02 13:00:00,1.63988,1.64097,1.63916,1.64012
2026-08-02 13:15:00,1.64015,1.64015,1.63997,1.64003
2026-08-02 13:30:00,1.64,1.641,1.63996,1.64013
2026-08-02 13:45:00,1.6401,1.64017,1.64007,1.64009
2026-08-02 14:00:00,1.64009,1.64109,1.63996,1.64029
2026-08-02 14:15:00,1.6403,1.64304,1.6401,1.64079
2026-08-02 14:30:00,1.641,1.641,1.64014,1.6402
2026-08-02 14:45:00,1.64017,1.64132,1.64004,1.64082
2026-08-02 15:00:00,1.64082,1.64096,1.64026,1.64027
2026-08-02 15:15:00,1.64028,1.64128,1.63967,1.64078
2026-08-02 15:30:00,1.64076,1.64212,1.6405,1.6419
2026-08-02 15:45:00,1.64187,1.64194,1.64078,1.64096
2026-08-02 16:00:00,1.64094,1.64243,1.63936,1.64012
2026-08-02 16:15:00,1.64013,1.64015,1.63921,1.63986
2026-08-02 16:30:00,1.63984,1.64084,1.63973,1.64
2026-08-02 16:45:00,1.63996,1.64101,1.63924,1.64037
2026-08-02 17:00:00,1.64045,1.64045,1.64006,1.64006
2026-08-02 17:15:00,1.64007,1.64123,1.63979,1.64065
2026-08-02 17:30:00,1.64062,1.64069,1.6406,1.64066
2026-08-02 17:45:00,1.64062,1.64384,1.64023,1.64158
2026-08-02 18:00:00,1.64186,1.64249,1.64183,1.64232
2026-08-02 18:15:00,1.64234,1.64241,1.64231,1.64234
2026-08-02 18:30:00,1.64234,1.64286,1.64142,1.64187
2026-08-02 18:45:00,1.64184,1.64191,1.64181,1.64186
2026-08-02 19:00:00,1.64184,1.64251,1.64184,1.6423
2026-08-02 19:15:00,1.64231,1.64421,1.64204,1.6437
2026-08-02 19:30:00,1.6437,1.64377,1.64367,1.64373
2026-08-02 19:45:00,1.6437,1.64405,1.64367,1.64383
2026-08-02 20:00:00,1.6438,1.64388,1.64378,1.6438
2026-08-02 20:15:00,1.6438,1.64388,1.64378,1.6438
2026-08-02 20:30:00,1.6438,1.64388,1.64342,1.64357
2026-08-02 20:45:00,1.64355,1.64362,1.64352,1.64358
2026-08-02 21:00:00,1.64355,1.64362,1.64352,1.64355
2026-08-02 21:15:00,1.64355,1.64362,1.64352,1.64354
2026-08-02 21:30:00,1.64355,1.64577,1.63975,1.64086
2026-08-02 21:45:00,1.64084,1.64092,1.64082,1.64088
2026-08-02 22:00:00,1.64084,1.64092,1.64082,1.64086
2026-08-02 22:15:00,1.64084,1.64121,1.63976,1.63977
2026-08-02 22:30:00,1.63978,1.63982,1.63972,1.63978
2026-08-02 22:45:00,1.63975,1.63983,1.63973,1.6398
2026-08-02 23:00:00,1.63976,1.63984,1.63974,1.63977
2026-08-02 23:15:00,1.63976,1.64096,1.63761,1.63811
2026-08-02 23:30:00,1.63812,1.6382,1.6381,1.63816
2026-08-02 23:45:00,1.63812,1.6382,1.6381,1.63816
2026-08-03 00:00:00,1.63812,1.64054,1.6381,1.63939
2026-08-03 00:15:00,1.6394,1.6394,1.63926,1.63927
2026-08-03 00:30:00,1.63928,1.63935,1.63925,1.63928
2026-08-03 00:45:00,1.63928,1.64295,1.63678,1.63932
2026-08-03 01:00:00,1.63934,1.64338,1.6367,1.63926
2026-08-03 01:15:00,1.63924,1.63932,1.63922,1.63924
2026-08-03 01:30:00,1.63925,1.63934,1.63924,1.63927
2026-08-03 01:45:00,1.63927,1.63934,1.63925,1.6393
2026-08-03 02:00:00,1.63927,1.63983,1.63921,1.63947
2026-08-03 02:15:00,1.63954,1.63954,1.63928,1.63931
2026-08-03 02:30:00,1.63931,1.63938,1.63772,1.63862
2026-08-03 02:45:00,1.63849,1.63961,1.63849,1.63926
2026-08-03 03:00:00,1.63933,1.63986,1.63907,1.63949
2026-08-03 03:15:00,1.63945,1.63957,1.63928,1.63947
2026-08-03 03:30:00,1.63947,1.6395,1.63934,1.63935
2026-08-03 03:45:00,1.63936,1.63952,1.63934,1.63947
2026-08-03 04:00:00,1.63945,1.63995,1.63914,1.6399
2026-08-03 04:15:00,1.63978,1.63992,1.63826,1.6398
2026-08-03 04:30:00,1.63965,1.64021,1.63937,1.6395
2026-08-03 04:45:00,1.63952,1.63953,1.6394,1.63947
2026-08-03 05:00:00,1.63942,1.64061,1.63555,1.63609
2026-08-03 05:15:00,1.63697,1.64109,1.6346,1.63589
2026-08-03 05:30:00,1.63659,1.64045,1.63421,1.64004
2026-08-03 05:45:00,1.63933,1.6407,1.63537,1.63742
2026-08-03 06:00:00,1.6384,1.63998,1.63464,1.63628
2026-08-03 06:15:00,1.63738,1.63957,1.63483,1.63589
2026-08-03 06:30:00,1.63778,1.64022,1.63411,1.63884
2026-08-03 06:45:00,1.6387,1.64004,1.63546,1.63997
2026-08-03 07:00:00,1.63976,1.63981,1.63518,1.63915
2026-08-03 07:15:00,1.63908,1.63953,1.63588,1.63947
2026-08-03 07:30:00,1.6393,1.63998,1.6362,1.63992
2026-08-03 07:45:00,1.63975,1.64038,1.63605,1.63913
2026-08-03 08:00:00,1.63969,1.64075,1.63923,1.63973
2026-08-03 08:15:00,1.6397,1.64031,1.63858,1.63886
2026-08-03 08:30:00,1.63862,1.6391,1.63826,1.63885
2026-08-03 08:45:00,1.63871,1.63911,1.63862,1.63892
2026-08-03 09:00:00,1.63898,1.63929,1.6386,1.63899
2026-08-03 09:15:00,1.63902,1.63925,1.63882,1.63895
2026-08-03 09:30:00,1.63891,1.63916,1.63856,1.63881
2026-08-03 09:45:00,1.63888,1.63909,1.63816,1.63862
2026-08-03 10:00:00,1.63851,1.63866,1.63775,1.63851
2026-08-03 10:15:00,1.63846,1.63944,1.63795,1.63932
2026-08-03 10:30:00,1.63905,1.63957,1.63854,1.63919
2026-08-03 10:45:00,1.63926,1.63983,1.63867,1.63912
2026-08-03 11:00:00,1.63906,1.63986,1.63892,1.63982
2026-08-03 11:15:00,1.63974,1.63994,1.63923,1.63944
2026-08-03 11:30:00,1.63939,1.63987,1.63915,1.63936
2026-08-03 11:45:00,1.63931,1.63987,1.63918,1.63932
2026-08-03 12:00:00,1.6394,1.64028,1.6394,1.64018
2026-08-03 12:15:00,1.64014,1.64077,1.63984,1.64076
2026-08-03 12:30:00,1.64071,1.64106,1.63989,1.64019
2026-08-03 12:45:00,1.64017,1.64029,1.63986,1.64012
2026-08-03 13:00:00,1.64012,1.64019,1.63981,1.64016
2026-08-03 13:15:00,1.64013,1.64027,1.63993,1.63999
2026-08-03 13:30:00,1.64001,1.64034,1.63971,1.63985
2026-08-03 13:45:00,1.63976,1.64045,1.63957,1.64039
2026-08-03 14:00:00,1.64029,1.64047,1.63989,1.63995
2026-08-03 14:15:00,1.64006,1.6404,1.63998,1.64033
2026-08-03 14:30:00,1.6403,1.64059,1.64016,1.64049
2026-08-03 14:45:00,1.64043,1.64056,1.63999,1.64048
2026-08-03 15:00:00,1.64049,1.64056,1.64001,1.64007
2026-08-03 15:15:00,1.64011,1.64053,1.64005,1.64017
2026-08-03 15:30:00,1.64011,1.64048,1.63991,1.6401
2026-08-03 15:45:00,1.64018,1.64026,1.63966,1.6397
2026-08-03 16:00:00,1.63974,1.63989,1.63929,1.63958
2026-08-03 16:15:00,1.63952,1.63983,1.63908,1.63959
2026-08-03 16:30:00,1.63961,1.63984,1.63916,1.63959
2026-08-03 16:45:00,1.63955,1.64049,1.63941,1.64029
2026-08-03 17:00:00,1.64033,1.6408,1.63976,1.64077
2026-08-03 17:15:00,1.64071,1.64156,1.6403,1.64147
2026-08-03 17:30:00,1.64134,1.64229,1.64128,1.64223
2026-08-03 17:45:00,1.64207,1.64285,1.64202,1.64251
2026-08-03 18:00:00,1.64232,1.64303,1.64232,1.64284
2026-08-03 18:15:00,1.64282,1.64346,1.64262,1.64343
2026-08-03 18:30:00,1.64337,1.64365,1.64298,1.64355
2026-08-03 18:45:00,1.64351,1.64409,1.64335,1.64396
2026-08-03 19:00:00,1.64387,1.64448,1.64373,1.64417
2026-08-03 19:15:00,1.64422,1.64464,1.64395,1.6446
2026-08-03 19:30:00,1.64452,1.64527,1.64437,1.64503
2026-08-03 19:45:00,1.64511,1.64533,1.64468,1.64512
2026-08-03 20:00:00,1.64504,1.64558,1.64476,1.6452
2026-08-03 20:15:00,1.64529,1.64608,1.64477,1.64607
2026-08-03 20:30:00,1.64604,1.64607,1.64545,1.64593
2026-08-03 20:45:00,1.64585,1.64631,1.64584,1.64597
2026-08-03 21:00:00,1.64594,1.64666,1.6458,1.64627
2026-08-03 21:15:00,1.64634,1.64648,1.64583,1.64607
2026-08-03 21:30:00,1.64602,1.64632,1.64536,1.64541
2026-08-03 21:45:00,1.64547,1.64571,1.64519,1.64546
2026-08-03 22:00:00,1.64537,1.64645,1.64536,1.64633
2026-08-03 22:15:00,1.64629,1.64669,1.6461,1.64656
2026-08-03 22:30:00,1.64652,1.64723,1.64645,1.64709
2026-08-03 22:45:00,1.64699,1.64736,1.64659,1.64731
2026-08-03 23:00:00,1.6472,1.6481,1.64711,1.64802
2026-08-03 23:15:00,1.64784,1.64858,1.64779,1.64833
2026-08-03 23:30:00,1.64825,1.64936,1.64814,1.64917
2026-08-03 23:45:00,1.64911,1.65037,1.64863,1.64898
2026-08-04 00:00:00,1.64881,1.64902,1.64705,1.6472
2026-08-04 00:15:00,1.64717,1.64779,1.64689,1.64712
2026-08-04 00:30:00,1.64718,1.64724,1.64588,1.64607
2026-08-04 00:45:00,1.6462,1.64637,1.6451,1.64519
2026-08-04 01:00:00,1.64536,1.64536,1.64397,1.64429
2026-08-04 01:15:00,1.64432,1.64448,1.6438,1.64444
2026-08-04 01:30:00,1.64439,1.64464,1.6435,1.64399
2026-08-04 01:45:00,1.64392,1.6442,1.64376,1.64417
2026-08-04 02:00:00,1.64408,1.64458,1.64384,1.64427
2026-08-04 02:15:00,1.64422,1.64425,1.6437,1.64411
2026-08-04 02:30:00,1.64405,1.64446,1.64393,1.64418
2026-08-04 02:45:00,1.6442,1.64468,1.64408,1.64456
2026-08-04 03:00:00,1.64459,1.64503,1.64433,1.64467
2026-08-04 03:15:00,1.64471,1.64496,1.64453,1.64493
2026-08-04 03:30:00,1.64488,1.64505,1.64471,1.64496
2026-08-04 03:45:00,1.6449,1.64518,1.6448,1.645
2026-08-04 04:00:00,1.6449,1.64521,1.64469,1.64514
2026-08-04 04:15:00,1.6451,1.64529,1.64495,1.64517
2026-08-04 04:30:00,1.64512,1.64544,1.64487,1.64533
2026-08-04 04:45:00,1.64528,1.64536,1.64494,1.64519
2026-08-04 05:00:00,1.64518,1.64518,1.64453,1.64495
2026-08-04 05:15:00,1.64491,1.64506,1.64471,1.64477
2026-08-04 05:30:00,1.64488,1.64497,1.64456,1.64458
2026-08-04 05:45:00,1.64465,1.64482,1.64418,1.64424
2026-08-04 06:00:00,1.64433,1.64451,1.64405,1.64436
2026-08-04 06:15:00,1.6443,1.64443,1.64399,1.64431
2026-08-04 06:30:00,1.64428,1.6445,1.64406,1.64428
2026-08-04 06:45:00,1.64425,1.6443,1.6439,1.64396
2026-08-04 07:00:00,1.64401,1.64477,1.64301,1.64399
2026-08-04 07:15:00,1.64396,1.64439,1.64352,1.64434
2026-08-04 07:30:00,1.64421,1.6449,1.64405,1.64448
2026-08-04 07:45:00,1.64445,1.64465,1.64382,1.64458
2026-08-04 08:00:00,1.64448,1.64463,1.64393,1.64453
2026-08-04 08:15:00,1.64452,1.64466,1.64415,1.64438
2026-08-04 08:30:00,1.64433,1.64448,1.64414,1.64417
2026-08-04 08:45:00,1.64421,1.64436,1.64405,1.64427
2026-08-04 09:00:00,1.64423,1.64457,1.6441,1.64455
2026-08-04 09:15:00,1.64449,1.64462,1.6443,1.64458
2026-08-04 09:30:00,1.64453,1.64488,1.64435,1.64481
2026-08-04 09:45:00,1.64479,1.64479,1.64422,1.64457
2026-08-04 10:00:00,1.64452,1.64474,1.64356,1.64406
2026-08-04 10:15:00,1.64392,1.64422,1.64361,1.64378
2026-08-04 10:30:00,1.64373,1.64385,1.64332,1.64342
2026-08-04 10:45:00,1.64351,1.64381,1.64313,1.64334
2026-08-04 11:00:00,1.64349,1.64405,1.64338,1.64342
2026-08-04 11:15:00,1.64346,1.64414,1.64338,1.64396
2026-08-04 11:30:00,1.64402,1.64447,1.64263,1.64291
2026-08-04 11:45:00,1.64284,1.64284,1.64129,1.64143
2026-08-04 12:00:00,1.64148,1.64206,1.64054,1.64062
2026-08-04 12:15:00,1.64076,1.64102,1.64052,1.64096
2026-08-04 12:30:00,1.64082,1.64088,1.6403,1.64035
2026-08-04 12:45:00,1.64038,1.64066,1.64021,1.64046
2026-08-04 13:00:00,1.64042,1.64068,1.63998,1.64045
2026-08-04 13:15:00,1.64038,1.64058,1.63935,1.63957
2026-08-04 13:30:00,1.63955,1.63983,1.63917,1.63979
2026-08-04 13:45:00,1.63975,1.63989,1.63933,1.63962
2026-08-04 14:00:00,1.63956,1.63984,1.63942,1.63981
2026-08-04 14:15:00,1.63976,1.63993,1.63935,1.63946
2026-08-04 14:30:00,1.63944,1.63999,1.63934,1.63996
2026-08-04 14:45:00,1.6399,1.64011,1.63969,1.6399
2026-08-04 15:00:00,1.6398,1.64007,1.63941,1.63978
2026-08-04 15:15:00,1.63973,1.6399,1.63945,1.63978
2026-08-04 15:30:00,1.63974,1.64,1.63914,1.63998
2026-08-04 15:45:00,1.63992,1.64015,1.63946,1.63949
2026-08-04 16:00:00,1.63953,1.64028,1.63881,1.63992
2026-08-04 16:15:00,1.64003,1.64041,1.63917,1.63925
2026-08-04 16:30:00,1.63937,1.64026,1.63908,1.64023
2026-08-04 16:45:00,1.64019,1.64092,1.64014,1.64051
2026-08-04 17:00:00,1.6405,1.64053,1.63951,1.63959
2026-08-04 17:15:00,1.63964,1.64015,1.63952,1.64007
2026-08-04 17:30:00,1.64001,1.64039,1.63972,1.64017
2026-08-04 17:45:00,1.6401,1.64027,1.6396,1.64023
2026-08-04 18:00:00,1.6402,1.64033,1.63938,1.6395
2026-08-04 18:15:00,1.63957,1.63967,1.63901,1.63906
2026-08-04 18:30:00,1.63916,1.63931,1.63847,1.63873
2026-08-04 18:45:00,1.6387,1.6389,1.63835,1.63878
2026-08-04 19:00:00,1.63871,1.63888,1.63835,1.63875
2026-08-04 19:15:00,1.63868,1.63897,1.63816,1.63835
2026-08-04 19:30:00,1.6383,1.6384,1.63782,1.63793
2026-08-04 19:45:00,1.63796,1.6381,1.63757,1.63781
2026-08-04 20:00:00,1.6379,1.6379,1.63741,1.63749
2026-08-04 20:15:00,1.63764,1.63783,1.63741,1.63764
2026-08-04 20:30:00,1.63757,1.63788,1.63748,1.63787
2026-08-04 20:45:00,1.63785,1.63822,1.63682,1.63734
2026-08-04 21:00:00,1.63727,1.63769,1.63717,1.63744
2026-08-04 21:15:00,1.63747,1.63787,1.63727,1.63732
2026-08-04 21:30:00,1.63733,1.6378,1.63683,1.63771
2026-08-04 21:45:00,1.63752,1.63796,1.63713,1.63788
2026-08-04 22:00:00,1.63779,1.63801,1.63735,1.63798
2026-08-04 22:15:00,1.63796,1.63817,1.63766,1.63806
2026-08-04 22:30:00,1.63807,1.63814,1.63737,1.63763
2026-08-04 22:45:00,1.63769,1.63779,1.63685,1.63735
2026-08-04 23:00:00,1.63728,1.63758,1.637,1.63706
2026-08-04 23:15:00,1.63714,1.63732,1.63625,1.63716
2026-08-04 23:30:00,1.63709,1.63809,1.63694,1.63774
2026-08-04 23:45:00,1.63788,1.63827,1.63764,1.63797
2026-08-05 00:00:00,1.63789,1.6381,1.63743,1.6378
2026-08-05 00:15:00,1.63779,1.63791,1.63717,1.63722
2026-08-05 00:30:00,1.63732,1.63777,1.63688,1.63734
2026-08-05 00:45:00,1.63753,1.63762,1.63689,1.63695
2026-08-05 01:00:00,1.63704,1.63768,1.63689,1.63753
2026-08-05 01:15:00,1.63749,1.63788,1.6373,1.63752
2026-08-05 01:30:00,1.63748,1.63834,1.63736,1.63764
2026-08-05 01:45:00,1.63768,1.63799,1.63764,1.63788
2026-08-05 02:00:00,1.63785,1.63804,1.6374,1.63772
2026-08-05 02:15:00,1.63765,1.63765,1.63664,1.63671
2026-08-05 02:30:00,1.63684,1.63699,1.63647,1.6367
2026-08-05 02:45:00,1.6367,1.63682,1.63625,1.63656
2026-08-05 03:00:00,1.63645,1.63684,1.6364,1.63658
2026-08-05 03:15:00,1.63662,1.63678,1.63634,1.63664
2026-08-05 03:30:00,1.63657,1.63684,1.63635,1.63669
2026-08-05 03:45:00,1.63671,1.63709,1.63661,1.63691
2026-08-05 04:00:00,1.63702,1.63727,1.63677,1.63702
2026-08-05 04:15:00,1.63698,1.63722,1.63677,1.63702
2026-08-05 04:30:00,1.63713,1.63731,1.63696,1.63726
2026-08-05 04:45:00,1.63724,1.63735,1.63655,1.63662
2026-08-05 05:00:00,1.63675,1.637,1.63642,1.63668
2026-08-05 05:15:00,1.63663,1.63665,1.6359,1.63641
2026-08-05 05:30:00,1.63637,1.63637,1.63599,1.63622
2026-08-05 05:45:00,1.63618,1.63652,1.63596,1.63648
2026-08-05 06:00:00,1.63644,1.63683,1.63612,1.63621
2026-08-05 06:15:00,1.63625,1.6367,1.63603,1.63658
2026-08-05 06:30:00,1.63655,1.6368,1.63647,1.63661
2026-08-05 06:45:00,1.63657,1.6368,1.63642,1.6367
2026-08-05 07:00:00,1.6367,1.63751,1.6363,1.63711
2026-08-05 07:15:00,1.63708,1.63748,1.63673,1.63714
2026-08-05 07:30:00,1.6371,1.63719,1.63664,1.63711
2026-08-05 07:45:00,1.63695,1.63729,1.63641,1.63644
2026-08-05 08:00:00,1.6365,1.63704,1.63629,1.63652
2026-08-05 08:15:00,1.6365,1.63655,1.63619,1.63634
2026-08-05 08:30:00,1.63631,1.6365,1.63604,1.63627
2026-08-05 08:45:00,1.63621,1.63656,1.63602,1.63604
2026-08-05 09:00:00,1.63609,1.63656,1.63585,1.6361
2026-08-05 09:15:00,1.63618,1.63618,1.63577,1.63596
2026-08-05 09:30:00,1.63587,1.63628,1.63583,1.63621
2026-08-05 09:45:00,1.63618,1.63655,1.63605,1.63639
2026-08-05 10:00:00,1.63642,1.63687,1.63638,1.63674
2026-08-05 10:15:00,1.63677,1.63677,1.63534,1.6357
2026-08-05 10:30:00,1.63566,1.63652,1.63542,1.63644
2026-08-05 10:45:00,1.63643,1.63734,1.6363,1.63728
2026-08-05 11:00:00,1.63716,1.63756,1.6364,1.63673
2026-08-05 11:15:00,1.63657,1.63746,1.63657,1.63742
2026-08-05 11:30:00,1.63735,1.63735,1.63681,1.63685
2026-08-05 11:45:00,1.63689,1.63706,1.63647,1.63662
2026-08-05 12:00:00,1.63659,1.63742,1.63627,1.63733
2026-08-05 12:15:00,1.63719,1.63793,1.63719,1.63745
2026-08-05 12:30:00,1.63756,1.63766,1.63682,1.63715
2026-08-05 12:45:00,1.63709,1.63709,1.63644,1.63649
2026-08-05 13:00:00,1.6366,1.63692,1.6362,1.63631
2026-08-05 13:15:00,1.63637,1.63687,1.63629,1.63673
2026-08-05 13:30:00,1.63671,1.63677,1.63623,1.63627
2026-08-05 13:45:00,1.6363,1.63683,1.63629,1.63649
2026-08-05 14:00:00,1.63655,1.63674,1.63614,1.63625
2026-08-05 14:15:00,1.63623,1.63631,1.63543,1.63576
2026-08-05 14:30:00,1.63572,1.63645,1.6356,1.63643
2026-08-05 14:45:00,1.63635,1.63677,1.63608,1.63659
2026-08-05 15:00:00,1.63661,1.63693,1.63642,1.63675
2026-08-05 15:15:00,1.6368,1.63711,1.6367,1.63708
2026-08-05 15:30:00,1.63699,1.6372,1.63679,1.63693
2026-08-05 15:45:00,1.6369,1.63714,1.63669,1.63683
2026-08-05 16:00:00,1.63682,1.63701,1.63622,1.63627
2026-08-05 16:15:00,1.63635,1.63756,1.63614,1.63755
2026-08-05 16:30:00,1.63751,1.63777,1.63698,1.63772
2026-08-05 16:45:00,1.63757,1.63809,1.63756,1.63772
2026-08-05 17:00:00,1.63778,1.63803,1.63722,1.6378
2026-08-05 17:15:00,1.63783,1.63838,1.63783,1.63834
2026-08-05 17:30:00,1.63826,1.63851,1.63786,1.63791
2026-08-05 17:45:00,1.63792,1.63798,1.63712,1.63719
2026-08-05 18:00:00,1.63729,1.63778,1.63707,1.63775
2026-08-05 18:15:00,1.63769,1.6381,1.63749,1.63771
2026-08-05 18:30:00,1.6378,1.63824,1.63731,1.63759
2026-08-05 18:45:00,1.63751,1.63799,1.63716,1.63786
2026-08-05 19:00:00,1.63779,1.63795,1.63739,1.6376
2026-08-05 19:15:00,1.63776,1.6384,1.63768,1.63818
2026-08-05 19:30:00,1.63818,1.63849,1.63778,1.63786
2026-08-05 19:45:00,1.63798,1.63798,1.63755,1.63766
2026-08-05 20:00:00,1.63769,1.63809,1.63756,1.6379
2026-08-05 20:15:00,1.63783,1.63835,1.63782,1.63831
2026-08-05 20:30:00,1.63826,1.63869,1.63825,1.63864
2026-08-05 20:45:00,1.63862,1.63881,1.63835,1.6386
2026-08-05 21:00:00,1.63857,1.63871,1.63828,1.63853
2026-08-05 21:15:00,1.63859,1.63909,1.63851,1.6387
2026-08-05 21:30:00,1.63886,1.63924,1.63851,1.63894
2026-08-05 21:45:00,1.63889,1.63905,1.63817,1.63886
2026-08-05 22:00:00,1.63877,1.6389,1.63822,1.63863
2026-08-05 22:15:00,1.6386,1.63878,1.63817,1.63847
2026-08-05 22:30:00,1.6384,1.63868,1.63775,1.6381
2026-08-05 22:45:00,1.63809,1.63839,1.63775,1.63832
2026-08-05 23:00:00,1.63828,1.63843,1.63774,1.63816
2026-08-05 23:15:00,1.63811,1.63877,1.638,1.63865
2026-08-05 23:30:00,1.63868,1.63907,1.63775,1.63805
2026-08-05 23:45:00,1.63799,1.63799,1.63624,1.63671
2026-08-06 00:00:00,1.63664,1.637,1.63547,1.63633
2026-08-06 00:15:00,1.63618,1.63659,1.63585,1.63622
2026-08-06 00:30:00,1.63614,1.63641,1.63577,1.63592
2026-08-06 00:45:00,1.63605,1.63708,1.63545,1.63684
2026-08-06 01:00:00,1.63694,1.63721,1.63619,1.6365
2026-08-06 01:15:00,1.63643,1.63708,1.63623,1.63687
2026-08-06 01:30:00,1.63674,1.63741,1.63666,1.63703
2026-08-06 01:45:00,1.63717,1.63775,1.63677,1.63774
2026-08-06 02:00:00,1.63772,1.63795,1.63722,1.63778
2026-08-06 02:15:00,1.63771,1.63771,1.63696,1.63731
2026-08-06 02:30:00,1.63727,1.63735,1.63682,1.63692
2026-08-06 02:45:00,1.63702,1.63741,1.63697,1.63722
2026-08-06 03:00:00,1.63726,1.63743,1.63683,1.6371
2026-08-06 03:15:00,1.63706,1.63759,1.63697,1.63755
2026-08-06 03:30:00,1.63749,1.63756,1.63717,1.63737
2026-08-06 03:45:00,1.63736,1.63746,1.63649,1.63672
2026-08-06 04:00:00,1.6367,1.63675,1.63632,1.63651
2026-08-06 04:15:00,1.63646,1.63673,1.63633,1.63667
2026-08-06 04:30:00,1.6366,1.63688,1.63629,1.63666
2026-08-06 04:45:00,1.6366,1.63668,1.63615,1.63621
2026-08-06 05:00:00,1.63631,1.63642,1.63601,1.63624
2026-08-06 05:15:00,1.63618,1.63636,1.63606,1.63624
2026-08-06 05:30:00,1.6362,1.6365,1.63611,1.63633
2026-08-06 05:45:00,1.63641,1.63714,1.63631,1.63709
2026-08-06 06:00:00,1.637,1.63745,1.63683,1.63713
2026-08-06 06:15:00,1.63709,1.63723,1.63691,1.63713
2026-08-06 06:30:00,1.63706,1.63723,1.63684,1.63703
2026-08-06 06:45:00,1.63698,1.63721,1.63687,1.63718
2026-08-06 07:00:00,1.63714,1.63807,1.63707,1.63798
2026-08-06 07:15:00,1.63788,1.63788,1.63675,1.63724
2026-08-06 07:30:00,1.6372,1.63788,1.63707,1.63775
2026-08-06 07:45:00,1.63754,1.6381,1.63754,1.63803
2026-08-06 08:00:00,1.63801,1.63824,1.63711,1.63734
2026-08-06 08:15:00,1.63723,1.63742,1.63715,1.63736
2026-08-06 08:30:00,1.63733,1.63747,1.63699,1.63704
2026-08-06 08:45:00,1.63702,1.63733,1.63689,1.63711
2026-08-06 09:00:00,1.63712,1.63743,1.63699,1.63727
2026-08-06 09:15:00,1.63732,1.63754,1.63716,1.63723
2026-08-06 09:30:00,1.63719,1.63753,1.63701,1.63744
2026-08-06 09:45:00,1.63738,1.63779,1.6372,1.63774
2026-08-06 10:00:00,1.63767,1.63793,1.63687,1.6375
2026-08-06 10:15:00,1.63746,1.63798,1.63722,1.63796
2026-08-06 10:30:00,1.63788,1.63814,1.63704,1.63735
2026-08-06 10:45:00,1.63731,1.63764,1.63704,1.63744
2026-08-06 11:00:00,1.63752,1.63789,1.63696,1.6378
2026-08-06 11:15:00,1.63771,1.63799,1.63723,1.63794
2026-08-06 11:30:00,1.63779,1.63802,1.63721,1.63747
2026-08-06 11:45:00,1.63735,1.63766,1.63704,1.63743
2026-08-06 12:00:00,1.63741,1.63771,1.63682,1.6376
2026-08-06 12:15:00,1.63742,1.63789,1.63737,1.63762
2026-08-06 12:30:00,1.63766,1.63774,1.63731,1.63736
2026-08-06 12:45:00,1.63741,1.63758,1.63709,1.63726
2026-08-06 13:00:00,1.63732,1.63803,1.6372,1.63786
2026-08-06 13:15:00,1.63794,1.63869,1.63788,1.63862
2026-08-06 13:30:00,1.63858,1.63867,1.6383,1.63865
2026-08-06 13:45:00,1.63858,1.63898,1.63846,1.63876
2026-08-06 14:00:00,1.63878,1.63897,1.63863,1.63869
2026-08-06 14:15:00,1.63877,1.63908,1.63877,1.63906
2026-08-06 14:30:00,1.63899,1.63951,1.63888,1.63925
2026-08-06 14:45:00,1.63919,1.63919,1.63861,1.63882
2026-08-06 15:00:00,1.6388,1.63906,1.63844,1.63901
2026-08-06 15:15:00,1.63894,1.6393,1.6388,1.63906
2026-08-06 15:30:00,1.6391,1.63966,1.6387,1.63894
2026-08-06 15:45:00,1.6389,1.63902,1.63853,1.63878
2026-08-06 16:00:00,1.63875,1.63937,1.63867,1.63909
2026-08-06 16:15:00,1.63926,1.63962,1.63911,1.63952
2026-08-06 16:30:00,1.63949,1.63997,1.6394,1.63978
2026-08-06 16:45:00,1.63984,1.63991,1.63945,1.63952
2026-08-06 17:00:00,1.63955,1.63966,1.63879,1.63913
2026-08-06 17:15:00,1.63906,1.63943,1.63878,1.6392
2026-08-06 17:30:00,1.63914,1.64034,1.63914,1.64032
2026-08-06 17:45:00,1.64022,1.64043,1.63996,1.64012
2026-08-06 18:00:00,1.64021,1.64032,1.63974,1.64
2026-08-06 18:15:00,1.63999,1.64005,1.63946,1.63971
2026-08-06 18:30:00,1.63968,1.63968,1.63894,1.639
2026-08-06 18:45:00,1.63908,1.63937,1.63856,1.63875
2026-08-06 19:00:00,1.63872,1.63924,1.6385,1.63885
2026-08-06 19:15:00,1.63893,1.63899,1.6386,1.63897
2026-08-06 19:30:00,1.63894,1.63908,1.63847,1.63897
2026-08-06 19:45:00,1.63893,1.63905,1.63848,1.63866
2026-08-06 20:00:00,1.63862,1.63916,1.63846,1.63888
2026-08-06 20:15:00,1.63904,1.63908,1.63878,1.63887
2026-08-06 20:30:00,1.6389,1.63919,1.63873,1.63912
2026-08-06 20:45:00,1.63911,1.63911,1.63853,1.63883
2026-08-06 21:00:00,1.63879,1.63972,1.63871,1.63935
2026-08-06 21:15:00,1.63929,1.63997,1.63914,1.63984
2026-08-06 21:30:00,1.63986,1.64032,1.63949,1.63959
2026-08-06 21:45:00,1.63962,1.63977,1.6392,1.63939
2026-08-06 22:00:00,1.63934,1.63936,1.63866,1.63881
2026-08-06 22:15:00,1.63883,1.63931,1.63883,1.63896
2026-08-06 22:30:00,1.63901,1.63953,1.6388,1.63929
2026-08-06 22:45:00,1.6392,1.63968,1.63903,1.63965
2026-08-06 23:00:00,1.63959,1.64031,1.63923,1.64005
2026-08-06 23:15:00,1.64013,1.64044,1.6398,1.63992
2026-08-06 23:30:00,1.64002,1.64026,1.63948,1.63984
2026-08-06 23:45:00,1.63982,1.63983,1.63901,1.63949
2026-08-07 00:00:00,1.63945,1.63954,1.63854,1.63886
2026-08-07 00:15:00,1.63877,1.63933,1.63838,1.63841
2026-08-07 00:30:00,1.63846,1.639,1.63813,1.63837
2026-08-07 00:45:00,1.63842,1.63877,1.63807,1.63815
2026-08-07 01:00:00,1.63826,1.63858,1.63784,1.63822
2026-08-07 01:15:00,1.63816,1.63864,1.63778,1.63818
2026-08-07 01:30:00,1.63811,1.63875,1.63805,1.63865
2026-08-07 01:45:00,1.63866,1.63945,1.63829,1.63903
2026-08-07 02:00:00,1.63913,1.63961,1.639,1.63952
2026-08-07 02:15:00,1.63943,1.63991,1.63893,1.63908
2026-08-07 02:30:00,1.63912,1.63926,1.63867,1.63879
2026-08-07 02:45:00,1.63895,1.63921,1.63849,1.63863
2026-08-07 03:00:00,1.63859,1.63864,1.63819,1.63845
2026-08-07 03:15:00,1.63841,1.63855,1.63824,1.63847
2026-08-07 03:30:00,1.63843,1.63845,1.63806,1.63831
2026-08-07 03:45:00,1.63831,1.63839,1.63809,1.63834
2026-08-07 04:00:00,1.63826,1.6385,1.63809,1.63828
2026-08-07 04:15:00,1.63824,1.63824,1.63787,1.63813
2026-08-07 04:30:00,1.63814,1.63845,1.63811,1.63837
2026-08-07 04:45:00,1.63839,1.63862,1.63823,1.63854
2026-08-07 05:00:00,1.63853,1.63853,1.63794,1.638
2026-08-07 05:15:00,1.638,1.63856,1.63773,1.63802
2026-08-07 05:30:00,1.63804,1.63865,1.63801,1.63846
2026-08-07 05:45:00,1.63852,1.63893,1.63823,1.63844
2026-08-07 06:00:00,1.6385,1.6386,1.63817,1.63839
2026-08-07 06:15:00,1.63836,1.63856,1.6382,1.63855
2026-08-07 06:30:00,1.63849,1.63896,1.63849,1.63895
2026-08-07 06:45:00,1.63892,1.63895,1.63862,1.63879
2026-08-07 07:00:00,1.63884,1.63929,1.6385,1.63855
2026-08-07 07:15:00,1.63862,1.63866,1.63764,1.63863
2026-08-07 07:30:00,1.63853,1.63943,1.63848,1.6393
2026-08-07 07:45:00,1.63928,1.63944,1.63895,1.63941
2026-08-07 08:00:00,1.63933,1.6395,1.63857,1.63863
2026-08-07 08:15:00,1.63865,1.63894,1.63862,1.63885
2026-08-07 08:30:00,1.63881,1.63895,1.63868,1.63887
2026-08-07 08:45:00,1.63885,1.63907,1.63876,1.63904
2026-08-07 09:00:00,1.63899,1.6391,1.63882,1.63897
2026-08-07 09:15:00,1.63894,1.6391,1.63885,1.63899
2026-08-07 09:30:00,1.63895,1.63903,1.63857,1.63861
2026-08-07 09:45:00,1.63866,1.63877,1.63833,1.63847
2026-08-07 10:00:00,1.6385,1.63898,1.63833,1.63895
2026-08-07 10:15:00,1.63888,1.63948,1.63882,1.63926
2026-08-07 10:30:00,1.63923,1.63936,1.63882,1.63926
2026-08-07 10:45:00,1.63924,1.6395,1.63893,1.63911
2026-08-07 11:00:00,1.63914,1.63927,1.63854,1.63884
2026-08-07 11:15:00,1.63874,1.63949,1.63867,1.63908
2026-08-07 11:30:00,1.63912,1.63989,1.6391,1.63941
2026-08-07 11:45:00,1.63947,1.63953,1.63905,1.63907
2026-08-07 12:00:00,1.63912,1.63984,1.63907,1.63958
2026-08-07 12:15:00,1.63967,1.64011,1.63954,1.64011
2026-08-07 12:30:00,1.64009,1.64055,1.63985,1.64051
2026-08-07 12:45:00,1.64048,1.64059,1.63974,1.64037
2026-08-07 13:00:00,1.64032,1.6404,1.63988,1.6402
2026-08-07 13:15:00,1.64016,1.64052,1.64011,1.64041
2026-08-07 13:30:00,1.64035,1.64057,1.63995,1.64033
2026-08-07 13:45:00,1.64027,1.64041,1.64009,1.64027
2026-08-07 14:00:00,1.6403,1.64044,1.63986,1.64005
2026-08-07 14:15:00,1.63997,1.64009,1.63951,1.63968
2026-08-07 14:30:00,1.63971,1.64011,1.63929,1.6401
2026-08-07 14:45:00,1.64005,1.64024,1.6398,1.64002
2026-08-07 15:00:00,1.64001,1.64011,1.63969,1.63984
2026-08-07 15:15:00,1.63988,1.64014,1.6397,1.64006
2026-08-07 15:30:00,1.64005,1.64005,1.63955,1.63979
2026-08-07 15:45:00,1.63976,1.6399,1.63908,1.63931
2026-08-07 16:00:00,1.63933,1.63963,1.63905,1.63939
2026-08-07 16:15:00,1.63933,1.63939,1.63887,1.639
2026-08-07 16:30:00,1.63899,1.63899,1.6382,1.63849
2026-08-07 16:45:00,1.63845,1.63874,1.63804,1.63813
2026-08-07 17:00:00,1.63821,1.63836,1.63753,1.63779
2026-08-07 17:15:00,1.63773,1.63844,1.63758,1.63803
2026-08-07 17:30:00,1.63807,1.63818,1.63762,1.63782
2026-08-07 17:45:00,1.63779,1.63793,1.63758,1.63789
2026-08-07 18:00:00,1.63786,1.63789,1.63717,1.63722
2026-08-07 18:15:00,1.63723,1.63767,1.63687,1.63762
2026-08-07 18:30:00,1.63755,1.63789,1.63726,1.63752
2026-08-07 18:45:00,1.63752,1.63771,1.6372,1.63769
2026-08-07 19:00:00,1.63763,1.63797,1.63707,1.63771
2026-08-07 19:15:00,1.63781,1.63799,1.63717,1.63737
2026-08-07 19:30:00,1.6375,1.63753,1.63712,1.63734
2026-08-07 19:45:00,1.63732,1.63779,1.63701,1.63748
2026-08-07 20:00:00,1.63752,1.63752,1.63714,1.63749
2026-08-07 20:15:00,1.63744,1.63793,1.63738,1.63781
2026-08-07 20:30:00,1.63783,1.63822,1.63782,1.63799
2026-08-07 20:45:00,1.63793,1.63842,1.6379,1.6381
2026-08-07 21:00:00,1.63812,1.63833,1.63784,1.63824
2026-08-07 21:15:00,1.63822,1.63839,1.63804,1.63823
2026-08-07 21:30:00,1.6382,1.63835,1.63773,1.63794
2026-08-07 21:45:00,1.63789,1.63823,1.63776,1.638
2026-08-07 22:00:00,1.63795,1.63862,1.63781,1.63833
2026-08-07 22:15:00,1.63831,1.63831,1.63781,1.63787
2026-08-07 22:30:00,1.63798,1.64188,1.63547,1.63643
2026-08-07 22:45:00,1.63631,1.6375,1.63571,1.63746
2026-08-07 23:00:00,1.63733,1.63768,1.63689,1.6374
2026-08-07 23:15:00,1.63723,1.63792,1.63693,1.63735
2026-08-07 23:30:00,1.63753,1.63764,1.63663,1.63697
2026-08-07 23:45:00,1.63712,1.6374,1.63635,1.63724
2026-08-08 00:00:00,1.63714,1.63731,1.63638,1.63712
2026-08-08 00:15:00,1.63709,1.63717,1.63528,1.63536
2026-08-08 00:30:00,1.63551,1.63638,1.63507,1.63594
2026-08-08 00:45:00,1.63614,1.63676,1.63577,1.63633
2026-08-08 01:00:00,1.6362,1.63731,1.6362,1.63723
2026-08-08 01:15:00,1.63706,1.63726,1.63621,1.63628
2026-08-08 01:30:00,1.63641,1.63707,1.63613,1.63702
2026-08-08 01:45:00,1.63695,1.63716,1.63632,1.63676
2026-08-08 02:00:00,1.63673,1.63685,1.63599,1.63631
2026-08-08 02:15:00,1.63623,1.63683,1.63578,1.63665
2026-08-08 02:30:00,1.63667,1.63689,1.63614,1.63625
2026-08-08 02:45:00,1.63631,1.63683,1.63592,1.63621
2026-08-08 03:00:00,1.63613,1.6364,1.63567,1.63616
2026-08-08 03:15:00,1.6361,1.63631,1.63589,1.63596
2026-08-08 03:30:00,1.63594,1.6364,1.63572,1.63579
2026-08-08 03:45:00,1.63581,1.63616,1.63568,1.63605
2026-08-08 04:00:00,1.63601,1.63633,1.63583,1.63607
2026-08-08 04:15:00,1.63608,1.63633,1.63592,1.6363
2026-08-08 04:30:00,1.63627,1.63638,1.63622,1.63629
2026-08-08 04:45:00,1.63629,1.63632,1.63599,1.63603
2026-08-08 05:00:00,1.63611,1.63624,1.63538,1.63561
2026-08-08 05:15:00,1.63557,1.63578,1.63506,1.63556
2026-08-08 05:30:00,1.6355,1.63552,1.63517,1.63551
2026-08-08 05:45:00,1.63548,1.63555,1.63513,1.63537
2026-08-08 06:00:00,1.63536,1.63577,1.63511,1.63552
2026-08-08 06:15:00,1.63552,1.63576,1.63537,1.63566
2026-08-08 06:30:00,1.63562,1.63606,1.63545,1.63582
2026-08-08 06:45:00,1.63586,1.63602,1.63544,1.63569
2026-08-08 07:00:00,1.63563,1.6362,1.63508,1.63577
2026-08-08 07:15:00,1.63575,1.63578,1.63557,1.63571
2026-08-08 07:30:00,1.63568,1.63585,1.63554,1.63567
2026-08-08 07:45:00,1.63569,1.63583,1.63534,1.63566
2026-08-08 08:00:00,1.63569,1.63823,1.6343,1.63571
2026-08-08 08:15:00,1.63569,1.63576,1.63561,1.63572
2026-08-08 08:30:00,1.63569,1.63576,1.63562,1.63569
2026-08-08 08:45:00,1.63569,1.63576,1.63562,1.63564
2026-08-08 09:00:00,1.63569,1.63747,1.63545,1.63572
2026-08-08 09:15:00,1.63569,1.63576,1.63561,1.63572
2026-08-08 09:30:00,1.63569,1.63576,1.63562,1.63571
2026-08-08 09:45:00,1.63569,1.63576,1.63562,1.63564
2026-08-08 10:00:00,1.63569,1.6361,1.63551,1.63562
2026-08-08 10:15:00,1.63558,1.63569,1.63556,1.63562
2026-08-08 10:30:00,1.63559,1.63565,1.63555,1.6356
2026-08-08 10:45:00,1.63558,1.63568,1.63556,1.63556
2026-08-08 11:00:00,1.63558,1.63565,1.63555,1.63558
2026-08-08 11:15:00,1.63558,1.6357,1.63555,1.63561
2026-08-08 11:30:00,1.63557,1.63581,1.63543,1.63563
2026-08-08 11:45:00,1.63561,1.63565,1.63555,1.63557
2026-08-08 12:00:00,1.63557,1.63567,1.63555,1.63562
2026-08-08 12:15:00,1.63558,1.63565,1.63555,1.6356
2026-08-08 12:30:00,1.63557,1.63569,1.63555,1.63561
2026-08-08 12:45:00,1.63558,1.63571,1.63553,1.63558
2026-08-08 13:00:00,1.63558,1.63565,1.63555,1.63556
2026-08-08 13:15:00,1.63557,1.6358,1.63546,1.6356
2026-08-08 13:30:00,1.63557,1.63565,1.63555,1.63561
2026-08-08 13:45:00,1.63558,1.6357,1.63556,1.63558
2026-08-08 14:00:00,1.63557,1.63568,1.63555,1.63558
2026-08-08 14:15:00,1.63559,1.63565,1.63555,1.6356
2026-08-08 14:30:00,1.63557,1.63573,1.63551,1.63562
2026-08-08 14:45:00,1.63558,1.63565,1.63556,1.63559
2026-08-08 15:00:00,1.63557,1.63578,1.63551,1.63557
2026-08-08 15:15:00,1.63558,1.63616,1.63549,1.6356
2026-08-08 15:30:00,1.63561,1.63565,1.63556,1.63562
2026-08-08 15:45:00,1.63558,1.6357,1.63553,1.63559
2026-08-08 16:00:00,1.63557,1.63565,1.63555,1.63556
2026-08-08 16:15:00,1.63557,1.63568,1.63555,1.63558
2026-08-08 16:30:00,1.63557,1.63579,1.63552,1.6356
2026-08-08 16:45:00,1.63564,1.63565,1.63555,1.6356
2026-08-08 17:00:00,1.63557,1.6357,1.63552,1.63556
2026-08-08 17:15:00,1.63557,1.63564,1.63551,1.63556
2026-08-08 17:30:00,1.63556,1.63565,1.63551,1.6356
2026-08-08 17:45:00,1.63556,1.63566,1.63551,1.63561
2026-08-08 18:00:00,1.63559,1.63562,1.63546,1.63552
2026-08-08 18:15:00,1.63555,1.63595,1.6355,1.63555
2026-08-08 18:30:00,1.63556,1.63563,1.6355,1.63558
2026-08-08 18:45:00,1.63555,1.63568,1.63549,1.63559
2026-08-08 19:00:00,1.63556,1.63563,1.63549,1.63553
2026-08-08 19:15:00,1.63557,1.63563,1.6355,1.63555
2026-08-08 19:30:00,1.63556,1.63565,1.63549,1.63558
2026-08-08 19:45:00,1.63555,1.63563,1.6355,1.63559
2026-08-08 20:00:00,1.63556,1.63591,1.6354,1.63558
2026-08-08 20:15:00,1.63556,1.63568,1.63551,1.63554
2026-08-08 20:30:00,1.63558,1.63564,1.63551,1.63559
2026-08-08 20:45:00,1.63556,1.63567,1.63549,1.6356
2026-08-08 21:00:00,1.63556,1.63564,1.63551,1.63558
2026-08-08 21:15:00,1.63557,1.63569,1.63551,1.63552
2026-08-08 21:30:00,1.63556,1.63589,1.6355,1.63586
2026-08-08 21:45:00,1.63579,1.63579,1.6355,1.63559
2026-08-08 22:00:00,1.63555,1.63564,1.63549,1.63559
2026-08-08 22:15:00,1.63557,1.63563,1.6355,1.63552
2026-08-08 22:30:00,1.63556,1.63567,1.6355,1.63555
2026-08-08 22:45:00,1.63555,1.63565,1.63547,1.63564
2026-08-08 23:00:00,1.63561,1.63564,1.6355,1.63557
2026-08-08 23:15:00,1.63555,1.63595,1.6355,1.63551
2026-08-08 23:30:00,1.63555,1.63562,1.6355,1.63555
2026-08-08 23:45:00,1.63555,1.63563,1.63549,1.63558
2026-08-09 00:00:00,1.63555,1.63568,1.63549,1.63564
2026-08-09 00:15:00,1.63561,1.63562,1.6355,1.63555
2026-08-09 00:30:00,1.63555,1.63563,1.63549,1.63551
2026-08-09 00:45:00,1.63555,1.63562,1.6355,1.63558
2026-08-09 01:00:00,1.63555,1.63589,1.63549,1.63559
2026-08-09 01:15:00,1.63556,1.63564,1.63549,1.63562
2026-08-09 01:30:00,1.6356,1.63562,1.63549,1.6355
2026-08-09 01:45:00,1.63551,1.63595,1.63542,1.63557
2026-08-09 02:00:00,1.63555,1.63582,1.6355,1.6356
2026-08-09 02:15:00,1.63556,1.63564,1.63551,1.63558
2026-08-09 02:30:00,1.63556,1.63587,1.63532,1.6354
2026-08-09 02:45:00,1.63561,1.63598,1.63551,1.63559
2026-08-09 03:00:00,1.63556,1.63582,1.6355,1.6356
2026-08-09 03:15:00,1.63556,1.63563,1.6355,1.63557
2026-08-09 03:30:00,1.63555,1.63565,1.63549,1.63551
2026-08-09 03:45:00,1.63555,1.63566,1.6355,1.63554
2026-08-09 04:00:00,1.63556,1.63584,1.63549,1.63559
2026-08-09 04:15:00,1.63555,1.63595,1.6353,1.63559
2026-08-09 04:30:00,1.63557,1.63562,1.6355,1.63551
2026-08-09 04:45:00,1.63555,1.63563,1.63549,1.63555
2026-08-09 05:00:00,1.63555,1.63585,1.6355,1.63559
2026-08-09 05:15:00,1.63554,1.63564,1.63549,1.63558
2026-08-09 05:30:00,1.63555,1.63567,1.63549,1.63551
2026-08-09 05:45:00,1.63555,1.63562,1.6355,1.63555
2026-08-09 06:00:00,1.63555,1.63598,1.6355,1.63558
2026-08-09 06:15:00,1.63555,1.63564,1.6355,1.63561
2026-08-09 06:30:00,1.63555,1.63569,1.63549,1.6356
2026-08-09 06:45:00,1.63557,1.63564,1.63551,1.63553
2026-08-09 07:00:00,1.63557,1.63582,1.63545,1.63559
2026-08-09 07:15:00,1.63556,1.63569,1.63551,1.6356
2026-08-09 07:30:00,1.63556,1.63564,1.63551,1.63558
2026-08-09 07:45:00,1.63556,1.6359,1.6355,1.63553
2026-08-09 08:00:00,1.63557,1.63583,1.63542,1.63559
2026-08-09 08:15:00,1.63557,1.63564,1.63551,1.63561
2026-08-09 08:30:00,1.63557,1.63565,1.63551,1.63558
2026-08-09 08:45:00,1.63556,1.63564,1.63548,1.63552
2026-08-09 09:00:00,1.63556,1.63582,1.6355,1.63559
2026-08-09 09:15:00,1.63556,1.63612,1.63551,1.63587
2026-08-09 09:30:00,1.63583,1.63583,1.6356,1.63571
2026-08-09 09:45:00,1.6357,1.63608,1.63564,1.63573
2026-08-09 10:00:00,1.63574,1.63582,1.63572,1.63578
2026-08-09 10:15:00,1.63574,1.63604,1.63574,1.63583
2026-08-09 10:30:00,1.6358,1.63603,1.63577,1.63585
2026-08-09 10:45:00,1.63583,1.6359,1.63581,1.63582
2026-08-09 11:00:00,1.63583,1.63624,1.63568,1.63611
2026-08-09 11:15:00,1.63611,1.63618,1.63609,1.63614
2026-08-09 11:30:00,1.63611,1.63619,1.63605,1.63611
2026-08-09 11:45:00,1.63608,1.63616,1.63578,1.6358
2026-08-09 12:00:00,1.63586,1.63593,1.63566,1.63573
2026-08-09 12:15:00,1.63573,1.63599,1.63567,1.63577
2026-08-09 12:30:00,1.63574,1.63581,1.63542,1.63555
2026-08-09 12:45:00,1.63552,1.63604,1.6352,1.63551
2026-08-09 13:00:00,1.63551,1.63598,1.63549,1.63556
2026-08-09 13:15:00,1.63556,1.63559,1.63549,1.63553
2026-08-09 13:30:00,1.63551,1.63598,1.63545,1.63557
2026-08-09 13:45:00,1.63554,1.6356,1.63549,1.63553
2026-08-09 14:00:00,1.63551,1.63597,1.63546,1.63554
2026-08-09 14:15:00,1.63555,1.63614,1.63549,1.636
2026-08-09 14:30:00,1.63597,1.63597,1.63566,1.63573
2026-08-09 14:45:00,1.6357,1.63604,1.63568,1.63576
2026-08-09 15:00:00,1.63575,1.63582,1.63573,1.63574
2026-08-09 15:15:00,1.63575,1.63603,1.63571,1.63583
2026-08-09 15:30:00,1.63579,1.63603,1.63577,1.63586
2026-08-09 15:45:00,1.63583,1.6359,1.6358,1.63585
2026-08-09 16:00:00,1.63583,1.63605,1.6355,1.63556
2026-08-09 16:15:00,1.63557,1.63564,1.63554,1.63557
2026-08-09 16:30:00,1.63557,1.63604,1.63555,1.63561
2026-08-09 16:45:00,1.63558,1.63605,1.63549,1.63563
2026-08-09 17:00:00,1.63561,1.63568,1.63557,1.63558
2026-08-09 17:15:00,1.63559,1.63604,1.63556,1.63575
2026-08-09 17:30:00,1.6357,1.63573,1.6356,1.6357
2026-08-09 17:45:00,1.63567,1.63609,1.63563,1.63582
2026-08-09 18:00:00,1.63579,1.63606,1.63568,1.63569
2026-08-09 18:15:00,1.6357,1.63583,1.63569,1.63575
2026-08-09 18:30:00,1.63576,1.63598,1.63569,1.63583
2026-08-09 18:45:00,1.6358,1.63587,1.63576,1.63582
2026-08-09 19:00:00,1.63579,1.63602,1.63576,1.63582
2026-08-09 19:15:00,1.63582,1.63601,1.63579,1.63585
2026-08-09 19:30:00,1.63585,1.63593,1.63583,1.63588
2026-08-09 19:45:00,1.63585,1.636,1.63582,1.6359
2026-08-09 20:00:00,1.63586,1.63593,1.63584,1.63588
2026-08-09 20:15:00,1.63586,1.63593,1.63584,1.63585
2026-08-09 20:30:00,1.63586,1.63593,1.63579,1.63587
2026-08-09 20:45:00,1.63585,1.63593,1.63583,1.6359
2026-08-09 21:00:00,1.63586,1.63594,1.63584,1.63588
2026-08-09 21:15:00,1.63586,1.636,1.63568,1.63572
2026-08-09 21:30:00,1.63573,1.6376,1.63555,1.63631
2026-08-09 21:45:00,1.63627,1.63632,1.63546,1.63553
2026-08-09 22:00:00,1.63549,1.63558,1.63357,1.6341
2026-08-09 22:15:00,1.63408,1.63413,1.63404,1.63405
2026-08-09 22:30:00,1.63406,1.6341,1.63264,1.6329
2026-08-09 22:45:00,1.6329,1.63299,1.63188,1.63211
2026-08-09 23:00:00,1.63216,1.63216,1.63199,1.63204
2026-08-09 23:15:00,1.63201,1.63745,1.63187,1.63525
2026-08-09 23:30:00,1.63526,1.63533,1.63524,1.63526
2026-08-09 23:45:00,1.63526,1.63528,1.63397,1.63444
2026-08-10 00:00:00,1.63441,1.63706,1.63261,1.63323
2026-08-10 00:15:00,1.63328,1.63448,1.63312,1.63396
2026-08-10 00:30:00,1.63397,1.6344,1.63268,1.63293
2026-08-10 00:45:00,1.63293,1.63302,1.63276,1.633
2026-08-10 01:00:00,1.63297,1.63499,1.63221,1.63341
2026-08-10 01:15:00,1.63338,1.63369,1.63211,1.63259
2026-08-10 01:30:00,1.63263,1.63263,1.63233,1.63234
2026-08-10 01:45:00,1.63235,1.63266,1.63155,1.63158
2026-08-10 02:00:00,1.63156,1.63371,1.63124,1.63313
2026-08-10 02:15:00,1.63309,1.63319,1.63193,1.63194
2026-08-10 02:30:00,1.63195,1.63388,1.63125,1.63326
2026-08-10 02:45:00,1.6332,1.63342,1.63169,1.6317
2026-08-10 03:00:00,1.63172,1.63781,1.63166,1.6343
2026-08-10 03:15:00,1.63426,1.63432,1.63413,1.63414
2026-08-10 03:30:00,1.63414,1.63459,1.63269,1.63303
2026-08-10 03:45:00,1.63305,1.63316,1.63193,1.63233
2026-08-10 04:00:00,1.63237,1.63733,1.63223,1.63611
2026-08-10 04:15:00,1.63428,1.63911,1.63362,1.63391
2026-08-10 04:30:00,1.63395,1.63753,1.63379,1.63633
2026-08-10 04:45:00,1.63427,1.63811,1.63342,1.63381
2026-08-10 05:00:00,1.63399,1.63973,1.63386,1.63617
2026-08-10 05:15:00,1.6369,1.64005,1.63426,1.63628
2026-08-10 05:30:00,1.63607,1.63914,1.63491,1.63741
2026-08-10 05:45:00,1.63703,1.63878,1.63324,1.63543
2026-08-10 06:00:00,1.6352,1.6369,1.63416,1.63679
2026-08-10 06:15:00,1.63666,1.63666,1.63486,1.63587
2026-08-10 06:30:00,1.6358,1.63759,1.63477,1.63573
2026-08-10 06:45:00,1.63569,1.63676,1.63502,1.63567
2026-08-10 07:00:00,1.63599,1.63744,1.63559,1.6374
2026-08-10 07:15:00,1.63734,1.63734,1.63545,1.63723
2026-08-10 07:30:00,1.63713,1.63762,1.63622,1.63638
2026-08-10 07:45:00,1.63645,1.63707,1.63534,1.63568
2026-08-10 08:00:00,1.63555,1.63611,1.63504,1.63519
2026-08-10 08:15:00,1.63517,1.63552,1.63504,1.63527
2026-08-10 08:30:00,1.63524,1.63549,1.63508,1.63547
2026-08-10 08:45:00,1.63541,1.63564,1.63536,1.63552
2026-08-10 09:00:00,1.63555,1.63579,1.63547,1.63557
2026-08-10 09:15:00,1.63559,1.63571,1.63536,1.63555
2026-08-10 09:30:00,1.6355,1.63586,1.63534,1.63583
2026-08-10 09:45:00,1.6358,1.6363,1.6356,1.63622
2026-08-10 10:00:00,1.63612,1.63638,1.63496,1.63509
2026-08-10 10:15:00,1.63517,1.63565,1.63483,1.63555
2026-08-10 10:30:00,1.63547,1.63623,1.63527,1.63619
2026-08-10 10:45:00,1.63616,1.63677,1.63586,1.63656
2026-08-10 11:00:00,1.63663,1.63709,1.63642,1.63644
2026-08-10 11:15:00,1.63648,1.63661,1.63574,1.63578
2026-08-10 11:30:00,1.63581,1.63633,1.63564,1.63614
2026-08-10 11:45:00,1.63611,1.63611,1.63553,1.63569
2026-08-10 12:00:00,1.63575,1.63582,1.63526,1.63558
2026-08-10 12:15:00,1.63552,1.63594,1.63552,1.63576
2026-08-10 12:30:00,1.6358,1.63602,1.63562,1.63598
2026-08-10 12:45:00,1.63595,1.63608,1.63576,1.63592
2026-08-10 13:00:00,1.63592,1.63658,1.63584,1.63654
2026-08-10 13:15:00,1.63649,1.63658,1.6361,1.63654
2026-08-10 13:30:00,1.63647,1.63649,1.63585,1.63595
2026-08-10 13:45:00,1.63591,1.63616,1.6358,1.6361
2026-08-10 14:00:00,1.63609,1.63656,1.63602,1.63638
2026-08-10 14:15:00,1.63641,1.6367,1.63621,1.63656
2026-08-10 14:30:00,1.6366,1.6366,1.63612,1.63637
2026-08-10 14:45:00,1.63631,1.63633,1.6358,1.63607
2026-08-10 15:00:00,1.63605,1.63608,1.63542,1.63562
2026-08-10 15:15:00,1.63557,1.63579,1.63547,1.63576
2026-08-10 15:30:00,1.63573,1.6358,1.63495,1.63509
2026-08-10 15:45:00,1.63505,1.63519,1.6347,1.63474
2026-08-10 16:00:00,1.63479,1.63511,1.63439,1.63498
2026-08-10 16:15:00,1.63481,1.63528,1.63459,1.63485
2026-08-10 16:30:00,1.63484,1.63524,1.63461,1.63522
2026-08-10 16:45:00,1.63516,1.63541,1.63483,1.63521
2026-08-10 17:00:00,1.63523,1.63541,1.63496,1.63516
2026-08-10 17:15:00,1.63526,1.63556,1.63502,1.63537
2026-08-10 17:30:00,1.6354,1.63569,1.63483,1.63567
2026-08-10 17:45:00,1.63558,1.63592,1.63487,1.63511
2026-08-10 18:00:00,1.63506,1.63518,1.63456,1.63482
2026-08-10 18:15:00,1.6349,1.63513,1.63462,1.6347
2026-08-10 18:30:00,1.63479,1.63542,1.6347,1.63538
2026-08-10 18:45:00,1.63527,1.63559,1.63503,1.6353
2026-08-10 19:00:00,1.63527,1.63586,1.63513,1.63562
2026-08-10 19:15:00,1.63566,1.6358,1.63527,1.63534
2026-08-10 19:30:00,1.63535,1.63584,1.63525,1.63581
2026-08-10 19:45:00,1.63574,1.63613,1.6356,1.63603
2026-08-10 20:00:00,1.63597,1.63616,1.63564,1.63576
2026-08-10 20:15:00,1.63573,1.6362,1.63566,1.63587
2026-08-10 20:30:00,1.63591,1.63616,1.63541,1.63543
2026-08-10 20:45:00,1.63544,1.63559,1.63504,1.6352
2026-08-10 21:00:00,1.63516,1.63553,1.63501,1.63549
2026-08-10 21:15:00,1.6354,1.63566,1.63514,1.63533
2026-08-10 21:30:00,1.63527,1.63543,1.63496,1.63501
2026-08-10 21:45:00,1.63507,1.6356,1.63507,1.63559
2026-08-10 22:00:00,1.63553,1.63628,1.63538,1.63594
2026-08-10 22:15:00,1.63585,1.63643,1.63579,1.63604
2026-08-10 22:30:00,1.63606,1.63639,1.63583,1.63589
2026-08-10 22:45:00,1.636,1.63664,1.63587,1.63644
2026-08-10 23:00:00,1.63641,1.63667,1.63604,1.63656
2026-08-10 23:15:00,1.63649,1.63722,1.63623,1.63701
2026-08-10 23:30:00,1.63699,1.63713,1.63651,1.63688
2026-08-10 23:45:00,1.6369,1.63717,1.63608,1.63613
2026-08-11 00:00:00,1.63621,1.63621,1.63535,1.63556
2026-08-11 00:15:00,1.63546,1.63571,1.63518,1.63528
2026-08-11 00:30:00,1.63538,1.63573,1.63514,1.63528
2026-08-11 00:45:00,1.6354,1.63557,1.63508,1.63523
2026-08-11 01:00:00,1.63519,1.63567,1.63505,1.63509
2026-08-11 01:15:00,1.63512,1.63536,1.63458,1.63491
2026-08-11 01:30:00,1.63483,1.63503,1.63467,1.63481
2026-08-11 01:45:00,1.63482,1.63519,1.63468,1.63508
2026-08-11 02:00:00,1.63503,1.63552,1.63487,1.63549
2026-08-11 02:15:00,1.63541,1.63541,1.63487,1.63513
2026-08-11 02:30:00,1.63508,1.63556,1.63451,1.63553
2026-08-11 02:45:00,1.63552,1.63561,1.63513,1.63542
2026-08-11 03:00:00,1.63543,1.63573,1.63519,1.63547
2026-08-11 03:15:00,1.63543,1.63584,1.63522,1.63581
2026-08-11 03:30:00,1.63578,1.63619,1.63571,1.63616
2026-08-11 03:45:00,1.63611,1.63629,1.6359,1.63601
2026-08-11 04:00:00,1.63604,1.63624,1.63601,1.63621
2026-08-11 04:15:00,1.63618,1.63623,1.63585,1.63603
2026-08-11 04:30:00,1.636,1.63617,1.63558,1.63571
2026-08-11 04:45:00,1.63569,1.63589,1.63558,1.63572
2026-08-11 05:00:00,1.63572,1.6358,1.63551,1.63563
2026-08-11 05:15:00,1.63563,1.63578,1.63544,1.63575
2026-08-11 05:30:00,1.63571,1.63597,1.63549,1.63563
2026-08-11 05:45:00,1.63568,1.63608,1.63551,1.63607
2026-08-11 06:00:00,1.63604,1.63627,1.6359,1.63625
2026-08-11 06:15:00,1.6362,1.6365,1.63617,1.63636
2026-08-11 06:30:00,1.63633,1.63647,1.63623,1.6364
2026-08-11 06:45:00,1.63636,1.63645,1.63617,1.63641
2026-08-11 07:00:00,1.63636,1.63667,1.63545,1.63596
2026-08-11 07:15:00,1.63585,1.63654,1.63565,1.63651
2026-08-11 07:30:00,1.63639,1.6366,1.63621,1.63639
2026-08-11 07:45:00,1.63636,1.63657,1.63617,1.63646
2026-08-11 08:00:00,1.63629,1.6365,1.63609,1.63612
2026-08-11 08:15:00,1.63616,1.63626,1.636,1.6362
2026-08-11 08:30:00,1.63616,1.63623,1.63597,1.63608
2026-08-11 08:45:00,1.63607,1.63612,1.63586,1.63588
2026-08-11 09:00:00,1.63593,1.6361,1.63561,1.63598
2026-08-11 09:15:00,1.63597,1.63613,1.63574,1.6359
2026-08-11 09:30:00,1.63585,1.6362,1.63585,1.63615
2026-08-11 09:45:00,1.63613,1.63676,1.63582,1.63671
2026-08-11 10:00:00,1.63665,1.63668,1.63632,1.63644
2026-08-11 10:15:00,1.63642,1.63666,1.63611,1.63631
2026-08-11 10:30:00,1.63626,1.63658,1.63611,1.63645
2026-08-11 10:45:00,1.6364,1.63665,1.63622,1.63637
2026-08-11 11:00:00,1.63641,1.63715,1.63579,1.63617
2026-08-11 11:15:00,1.63606,1.63619,1.63558,1.6356
2026-08-11 11:30:00,1.63561,1.63589,1.63529,1.63565
2026-08-11 11:45:00,1.63567,1.63603,1.63547,1.63587
2026-08-11 12:00:00,1.63581,1.63596,1.6353,1.63566
2026-08-11 12:15:00,1.6356,1.63587,1.63519,1.63573
2026-08-11 12:30:00,1.6357,1.6358,1.63539,1.63562
2026-08-11 12:45:00,1.63558,1.63605,1.6355,1.63597
2026-08-11 13:00:00,1.63597,1.6361,1.63565,1.63567
2026-08-11 13:15:00,1.63573,1.63597,1.6351,1.63517
2026-08-11 13:30:00,1.63528,1.63564,1.63528,1.63555
2026-08-11 13:45:00,1.63549,1.6357,1.63538,1.63555
2026-08-11 14:00:00,1.63548,1.63571,1.6354,1.63543
2026-08-11 14:15:00,1.63542,1.63544,1.63506,1.6351
2026-08-11 14:30:00,1.63515,1.63897,1.63498,1.63803
2026-08-11 14:45:00,1.6379,1.63862,1.63733,1.63737
2026-08-11 15:00:00,1.63743,1.63813,1.63724,1.63805
2026-08-11 15:15:00,1.63795,1.63886,1.63795,1.63866
2026-08-11 15:30:00,1.6387,1.63878,1.63705,1.63721
2026-08-11 15:45:00,1.63717,1.63742,1.63513,1.63572
2026-08-11 16:00:00,1.63555,1.63593,1.635,1.63541
2026-08-11 16:15:00,1.63549,1.63586,1.63522,1.63574
2026-08-11 16:30:00,1.63566,1.63603,1.63528,1.63583
2026-08-11 16:45:00,1.63579,1.63596,1.63533,1.63592
2026-08-11 17:00:00,1.63586,1.63628,1.63566,1.63572
2026-08-11 17:15:00,1.6358,1.63601,1.6353,1.63564
2026-08-11 17:30:00,1.6356,1.63594,1.63511,1.6359
2026-08-11 17:45:00,1.63577,1.63656,1.63577,1.63647
2026-08-11 18:00:00,1.63641,1.63644,1.63582,1.6361
2026-08-11 18:15:00,1.63602,1.63608,1.63521,1.6356
2026-08-11 18:30:00,1.63554,1.63595,1.63548,1.63584
2026-08-11 18:45:00,1.63579,1.636,1.63543,1.63584
2026-08-11 19:00:00,1.63577,1.63593,1.63543,1.6359
2026-08-11 19:15:00,1.63588,1.63589,1.63529,1.63559
2026-08-11 19:30:00,1.63563,1.63571,1.63508,1.6352
2026-08-11 19:45:00,1.63515,1.63549,1.63476,1.63482
2026-08-11 20:00:00,1.63488,1.63494,1.63428,1.63452
2026-08-11 20:15:00,1.63448,1.63457,1.63393,1.63403
2026-08-11 20:30:00,1.63411,1.63441,1.63391,1.63412
2026-08-11 20:45:00,1.63421,1.63421,1.63363,1.6338
2026-08-11 21:00:00,1.63372,1.63399,1.63298,1.63339
2026-08-11 21:15:00,1.63352,1.63386,1.63331,1.63338
2026-08-11 21:30:00,1.63345,1.63399,1.63331,1.63377
2026-08-11 21:45:00,1.63381,1.63405,1.63362,1.63384
2026-08-11 22:00:00,1.6338,1.63404,1.63342,1.63376
2026-08-11 22:15:00,1.6337,1.63397,1.63315,1.63343
2026-08-11 22:30:00,1.6335,1.63372,1.63307,1.63347
2026-08-11 22:45:00,1.63348,1.63403,1.63328,1.63391
2026-08-11 23:00:00,1.63387,1.63405,1.6333,1.63364
2026-08-11 23:15:00,1.63354,1.63388,1.63338,1.63358
2026-08-11 23:30:00,1.63355,1.63372,1.63324,1.63342
2026-08-11 23:45:00,1.63339,1.63397,1.63325,1.63346
2026-08-12 00:00:00,1.63357,1.63357,1.63296,1.63342
2026-08-12 00:15:00,1.63336,1.63345,1.6325,1.63257
2026-08-12 00:30:00,1.63269,1.6331,1.63255,1.63306
2026-08-12 00:45:00,1.63301,1.63397,1.63284,1.6339
2026-08-12 01:00:00,1.63375,1.6348,1.63375,1.63478
2026-08-12 01:15:00,1.63471,1.63475,1.63431,1.63465
2026-08-12 01:30:00,1.63461,1.63502,1.63439,1.63498
2026-08-12 01:45:00,1.63494,1.63516,1.63462,1.63491
2026-08-12 02:00:00,1.6349,1.6349,1.6344,1.63464
2026-08-12 02:15:00,1.63459,1.63459,1.63414,1.63439
2026-08-12 02:30:00,1.63432,1.63457,1.63422,1.63427
2026-08-12 02:45:00,1.63437,1.63455,1.63405,1.63408
2026-08-12 03:00:00,1.63413,1.63431,1.63381,1.63429
2026-08-12 03:15:00,1.63426,1.63446,1.63413,1.63439
2026-08-12 03:30:00,1.63432,1.6345,1.63417,1.6343
2026-08-12 03:45:00,1.63433,1.63458,1.63417,1.63455
2026-08-12 04:00:00,1.63449,1.63469,1.63431,1.63466
2026-08-12 04:15:00,1.63463,1.63535,1.63449,1.63533
2026-08-12 04:30:00,1.63528,1.63563,1.63508,1.63561
2026-08-12 04:45:00,1.63557,1.63563,1.63481,1.63485
2026-08-12 05:00:00,1.63492,1.63515,1.63482,1.63487
2026-08-12 05:15:00,1.63489,1.63494,1.63465,1.63478
2026-08-12 05:30:00,1.63474,1.63479,1.63431,1.63469
2026-08-12 05:45:00,1.63464,1.63484,1.63455,1.63467
2026-08-12 06:00:00,1.63474,1.63483,1.63438,1.63455
2026-08-12 06:15:00,1.63453,1.63461,1.63432,1.63452
2026-08-12 06:30:00,1.63447,1.63457,1.6343,1.63433
2026-08-12 06:45:00,1.63439,1.63457,1.63432,1.63454
2026-08-12 07:00:00,1.63449,1.63545,1.6341,1.63537
2026-08-12 07:15:00,1.63521,1.63541,1.63421,1.63436
2026-08-12 07:30:00,1.63431,1.63467,1.63414,1.63458
2026-08-12 07:45:00,1.6344,1.63494,1.6344,1.63479
2026-08-12 08:00:00,1.6348,1.63501,1.63437,1.6345
2026-08-12 08:15:00,1.63454,1.63456,1.63424,1.63443
2026-08-12 08:30:00,1.63439,1.6344,1.63387,1.6341
2026-08-12 08:45:00,1.63409,1.63424,1.63402,1.63408
2026-08-12 09:00:00,1.63412,1.63436,1.6339,1.63392
2026-08-12 09:15:00,1.63395,1.63409,1.63383,1.63404
2026-08-12 09:30:00,1.634,1.63412,1.6338,1.63409
2026-08-12 09:45:00,1.63405,1.6344,1.63393,1.63437
2026-08-12 10:00:00,1.63431,1.63448,1.63372,1.634
2026-08-12 10:15:00,1.634,1.63405,1.63329,1.63349
2026-08-12 10:30:00,1.63345,1.63362,1.633,1.63337
2026-08-12 10:45:00,1.63333,1.63382,1.63324,1.63356
2026-08-12 11:00:00,1.63361,1.63381,1.63338,1.6334
2026-08-12 11:15:00,1.63346,1.634,1.63328,1.63361
2026-08-12 11:30:00,1.63366,1.6341,1.63366,1.63403
2026-08-12 11:45:00,1.63398,1.6349,1.63391,1.63483
2026-08-12 12:00:00,1.6348,1.63529,1.6345,1.63506
2026-08-12 12:15:00,1.63504,1.63513,1.63465,1.63485
2026-08-12 12:30:00,1.6349,1.63516,1.63448,1.63454
2026-08-12 12:45:00,1.6346,1.63496,1.63441,1.63494
2026-08-12 13:00:00,1.63488,1.63489,1.63435,1.63449
2026-08-12 13:15:00,1.63453,1.63471,1.63435,1.63445
2026-08-12 13:30:00,1.63446,1.63478,1.63422,1.63476
2026-08-12 13:45:00,1.63469,1.63493,1.63452,1.63468
2026-08-12 14:00:00,1.63474,1.63481,1.63449,1.63461
2026-08-12 14:15:00,1.63459,1.63479,1.63434,1.63441
2026-08-12 14:30:00,1.63445,1.635,1.63439,1.63498
2026-08-12 14:45:00,1.63494,1.63495,1.63459,1.63486
2026-08-12 15:00:00,1.63483,1.63491,1.63466,1.63484
2026-08-12 15:15:00,1.6348,1.63489,1.63451,1.63478
2026-08-12 15:30:00,1.63476,1.63481,1.63432,1.6345
2026-08-12 15:45:00,1.63447,1.63452,1.63372,1.63385
2026-08-12 16:00:00,1.63382,1.63416,1.63348,1.63414
2026-08-12 16:15:00,1.63411,1.63464,1.63405,1.63442
2026-08-12 16:30:00,1.63449,1.63472,1.6341,1.63431
2026-08-12 16:45:00,1.63425,1.63457,1.63406,1.63441
2026-08-12 17:00:00,1.63435,1.63435,1.63363,1.63386
2026-08-12 17:15:00,1.63398,1.6345,1.63378,1.63409
2026-08-12 17:30:00,1.63416,1.63499,1.63394,1.63458
2026-08-12 17:45:00,1.6347,1.6348,1.63428,1.63471
2026-08-12 18:00:00,1.63468,1.63477,1.63431,1.63463
2026-08-12 18:15:00,1.6346,1.63482,1.63439,1.63472
2026-08-12 18:30:00,1.6347,1.63495,1.63451,1.63492
2026-08-12 18:45:00,1.63483,1.63508,1.63404,1.63425
2026-08-12 19:00:00,1.63415,1.63433,1.63368,1.63382
2026-08-12 19:15:00,1.63392,1.634,1.63283,1.63383
2026-08-12 19:30:00,1.63373,1.63393,1.63305,1.6331
2026-08-12 19:45:00,1.63319,1.63335,1.63241,1.63307
2026-08-12 20:00:00,1.63304,1.63304,1.63209,1.63217
2026-08-12 20:15:00,1.6323,1.63259,1.63209,1.63239
2026-08-12 20:30:00,1.63247,1.6327,1.63219,1.63259
2026-08-12 20:45:00,1.63255,1.63301,1.63219,1.63252
2026-08-12 21:00:00,1.63261,1.63283,1.63242,1.63277
2026-08-12 21:15:00,1.6327,1.63296,1.63246,1.63258
2026-08-12 21:30:00,1.63255,1.63273,1.63224,1.63242
2026-08-12 21:45:00,1.63239,1.63285,1.63223,1.63253
2026-08-12 22:00:00,1.6326,1.63299,1.63239,1.63286
2026-08-12 22:15:00,1.63281,1.63282,1.63195,1.63202
2026-08-12 22:30:00,1.63205,1.63386,1.63035,1.63047
2026-08-12 22:45:00,1.63069,1.63176,1.63022,1.63105
2026-08-12 23:00:00,1.63111,1.63141,1.63025,1.63128
2026-08-12 23:15:00,1.63103,1.63146,1.63058,1.63107
2026-08-12 23:30:00,1.63114,1.63126,1.63046,1.63059
2026-08-12 23:45:00,1.6307,1.63086,1.63006,1.63085
2026-08-13 00:00:00,1.63083,1.63083,1.63016,1.63025
2026-08-13 00:15:00,1.63032,1.63071,1.62998,1.63029
2026-08-13 00:30:00,1.63045,1.6318,1.63016,1.63175
2026-08-13 00:45:00,1.63165,1.6326,1.631,1.63202
2026-08-13 01:00:00,1.63214,1.63265,1.63163,1.6317
2026-08-13 01:15:00,1.63182,1.63182,1.63097,1.63154
2026-08-13 01:30:00,1.63148,1.63248,1.63135,1.63224
2026-08-13 01:45:00,1.63231,1.63255,1.63209,1.63235
2026-08-13 02:00:00,1.6323,1.63239,1.63163,1.63215
2026-08-13 02:15:00,1.63214,1.63231,1.6318,1.63206
2026-08-13 02:30:00,1.63201,1.63226,1.63188,1.63203
2026-08-13 02:45:00,1.63197,1.63231,1.63169,1.63219
2026-08-13 03:00:00,1.63218,1.63233,1.63172,1.63185
2026-08-13 03:15:00,1.6318,1.63219,1.63176,1.63215
2026-08-13 03:30:00,1.63212,1.63213,1.63155,1.63165
2026-08-13 03:45:00,1.63182,1.63201,1.63156,1.63159
2026-08-13 04:00:00,1.63164,1.63167,1.63125,1.63157
2026-08-13 04:15:00,1.63152,1.63172,1.6314,1.63148
2026-08-13 04:30:00,1.6316,1.63167,1.63131,1.6316
2026-08-13 04:45:00,1.63155,1.63162,1.63108,1.63151
2026-08-13 05:00:00,1.63141,1.63176,1.63124,1.63143
2026-08-13 05:15:00,1.63147,1.63176,1.63138,1.63161
2026-08-13 05:30:00,1.63158,1.6319,1.63128,1.63187
2026-08-13 05:45:00,1.63182,1.63191,1.63124,1.63126
2026-08-13 06:00:00,1.63132,1.63169,1.63117,1.63169
2026-08-13 06:15:00,1.63167,1.63186,1.63157,1.6318
2026-08-13 06:30:00,1.63176,1.63196,1.63172,1.63186
2026-08-13 06:45:00,1.63188,1.63205,1.63154,1.63174
2026-08-13 07:00:00,1.63176,1.63268,1.63167,1.63202
2026-08-13 07:15:00,1.63187,1.6325,1.6317,1.63227
2026-08-13 07:30:00,1.63208,1.63249,1.63187,1.63207
2026-08-13 07:45:00,1.63211,1.63241,1.63179,1.63183
2026-08-13 08:00:00,1.63193,1.63246,1.63193,1.6322
2026-08-13 08:15:00,1.6322,1.63249,1.63195,1.63211
2026-08-13 08:30:00,1.63208,1.63217,1.63195,1.63209
2026-08-13 08:45:00,1.63208,1.63226,1.63195,1.63204
2026-08-13 09:00:00,1.632,1.63217,1.63188,1.63206
2026-08-13 09:15:00,1.63202,1.63218,1.63198,1.63207
2026-08-13 09:30:00,1.63204,1.63211,1.63179,1.63182
2026-08-13 09:45:00,1.63184,1.63219,1.63181,1.63203
2026-08-13 10:00:00,1.63208,1.63224,1.63148,1.63152
2026-08-13 10:15:00,1.6316,1.63222,1.6315,1.63221
2026-08-13 10:30:00,1.63218,1.63258,1.63212,1.63239
2026-08-13 10:45:00,1.63237,1.63285,1.63214,1.63268
2026-08-13 11:00:00,1.63269,1.63296,1.63253,1.63279
2026-08-13 11:15:00,1.63281,1.63349,1.63279,1.63348
2026-08-13 11:30:00,1.63344,1.63348,1.63277,1.63322
2026-08-13 11:45:00,1.63319,1.63353,1.63294,1.63313
2026-08-13 12:00:00,1.63304,1.63375,1.63304,1.63345
2026-08-13 12:15:00,1.63357,1.63378,1.6333,1.63345
2026-08-13 12:30:00,1.63349,1.63397,1.63325,1.63383
2026-08-13 12:45:00,1.63377,1.63379,1.63349,1.63369
2026-08-13 13:00:00,1.63367,1.63485,1.63353,1.63481
2026-08-13 13:15:00,1.63475,1.63491,1.63449,1.6346
2026-08-13 13:30:00,1.63459,1.63471,1.63435,1.63469
2026-08-13 13:45:00,1.63463,1.63487,1.63421,1.63481
2026-08-13 14:00:00,1.63468,1.63499,1.63447,1.63495
2026-08-13 14:15:00,1.63489,1.63516,1.63481,1.63487
2026-08-13 14:30:00,1.63488,1.63526,1.63475,1.63524
2026-08-13 14:45:00,1.63518,1.63518,1.63457,1.63506
2026-08-13 15:00:00,1.63498,1.6351,1.63437,1.63455
2026-08-13 15:15:00,1.63456,1.63488,1.63434,1.63483
2026-08-13 15:30:00,1.63476,1.6355,1.63476,1.63548
2026-08-13 15:45:00,1.63543,1.63543,1.63478,1.63481
2026-08-13 16:00:00,1.63484,1.63486,1.63419,1.63429
2026-08-13 16:15:00,1.6343,1.63449,1.6339,1.6341
2026-08-13 16:30:00,1.63414,1.63458,1.63362,1.6343
2026-08-13 16:45:00,1.63436,1.63446,1.6338,1.63419
2026-08-13 17:00:00,1.63408,1.63454,1.6337,1.6344
2026-08-13 17:15:00,1.63443,1.63479,1.63406,1.63437
2026-08-13 17:30:00,1.63431,1.63512,1.63423,1.63496
2026-08-13 17:45:00,1.63487,1.63532,1.63479,1.63528
2026-08-13 18:00:00,1.63523,1.63553,1.63471,1.63551
2026-08-13 18:15:00,1.63549,1.63554,1.63508,1.63541
2026-08-13 18:30:00,1.63537,1.63542,1.63505,1.63528
2026-08-13 18:45:00,1.63524,1.63548,1.63496,1.63514
2026-08-13 19:00:00,1.6351,1.63541,1.63483,1.63534
2026-08-13 19:15:00,1.63529,1.63542,1.63504,1.63508
2026-08-13 19:30:00,1.63513,1.63523,1.63471,1.63485
2026-08-13 19:45:00,1.63483,1.63483,1.634,1.6343
2026-08-13 20:00:00,1.63415,1.63484,1.63415,1.63479
2026-08-13 20:15:00,1.63467,1.63521,1.63445,1.63514
2026-08-13 20:30:00,1.63505,1.63541,1.63501,1.63514
2026-08-13 20:45:00,1.6352,1.63544,1.63502,1.63522
2026-08-13 21:00:00,1.63517,1.63581,1.63506,1.63542
2026-08-13 21:15:00,1.63548,1.63567,1.63512,1.63561
2026-08-13 21:30:00,1.63552,1.63568,1.63526,1.63535
2026-08-13 21:45:00,1.6354,1.63569,1.63499,1.63549
2026-08-13 22:00:00,1.63545,1.63576,1.6353,1.63574
2026-08-13 22:15:00,1.63569,1.63588,1.63543,1.63564
2026-08-13 22:30:00,1.63567,1.63608,1.63378,1.63419
2026-08-13 22:45:00,1.63409,1.63474,1.63393,1.63403
2026-08-13 23:00:00,1.6342,1.63455,1.63337,1.63346
2026-08-13 23:15:00,1.63351,1.63413,1.63334,1.63398
2026-08-13 23:30:00,1.63394,1.6345,1.63344,1.63379
2026-08-13 23:45:00,1.63386,1.63432,1.63337,1.63428
2026-08-14 00:00:00,1.63418,1.63456,1.63337,1.63394
2026-08-14 00:15:00,1.63409,1.63419,1.63352,1.63357
2026-08-14 00:30:00,1.6336,1.63432,1.63328,1.63346
2026-08-14 00:45:00,1.63353,1.63393,1.6331,1.63391
2026-08-14 01:00:00,1.63385,1.63454,1.63367,1.63439
2026-08-14 01:15:00,1.63432,1.63461,1.63364,1.63421
2026-08-14 01:30:00,1.634,1.63461,1.63369,1.63383
2026-08-14 01:45:00,1.63393,1.63422,1.63374,1.63395
2026-08-14 02:00:00,1.63387,1.63414,1.63363,1.63412
2026-08-14 02:15:00,1.63403,1.63418,1.63355,1.63359
2026-08-14 02:30:00,1.63364,1.6337,1.63325,1.63342
2026-08-14 02:45:00,1.63337,1.63357,1.63299,1.63328
2026-08-14 03:00:00,1.6332,1.63336,1.63283,1.63304
2026-08-14 03:15:00,1.633,1.63323,1.63287,1.6332
2026-08-14 03:30:00,1.63311,1.63361,1.63311,1.63341
2026-08-14 03:45:00,1.63342,1.63367,1.63312,1.63363
2026-08-14 04:00:00,1.63356,1.63392,1.63349,1.63382
2026-08-14 04:15:00,1.63377,1.63388,1.63355,1.63359
2026-08-14 04:30:00,1.63365,1.63379,1.63346,1.63366
2026-08-14 04:45:00,1.63364,1.6337,1.63339,1.63364
2026-08-14 05:00:00,1.6336,1.63384,1.63327,1.63334
2026-08-14 05:15:00,1.63339,1.63346,1.63317,1.63329
2026-08-14 05:30:00,1.63323,1.6334,1.63304,1.63326
2026-08-14 05:45:00,1.63323,1.63334,1.63284,1.63286
2026-08-14 06:00:00,1.63294,1.63306,1.63271,1.63302
2026-08-14 06:15:00,1.63295,1.63315,1.63283,1.633
2026-08-14 06:30:00,1.63293,1.63319,1.63287,1.63304
2026-08-14 06:45:00,1.63301,1.63321,1.63295,1.63303
2026-08-14 07:00:00,1.63311,1.63385,1.63278,1.63355
2026-08-14 07:15:00,1.63356,1.63411,1.63339,1.63373
2026-08-14 07:30:00,1.63375,1.63391,1.63323,1.63337
2026-08-14 07:45:00,1.63338,1.63382,1.63316,1.63319
2026-08-14 08:00:00,1.63325,1.63352,1.63304,1.63325
2026-08-14 08:15:00,1.63323,1.63337,1.63295,1.6331
2026-08-14 08:30:00,1.63306,1.63315,1.63291,1.63297
2026-08-14 08:45:00,1.63298,1.63305,1.63277,1.63279
2026-08-14 09:00:00,1.63286,1.63318,1.63265,1.63295
2026-08-14 09:15:00,1.6329,1.63309,1.6328,1.63306
2026-08-14 09:30:00,1.63302,1.63325,1.63279,1.63321
2026-08-14 09:45:00,1.63318,1.6332,1.63277,1.63284
2026-08-14 10:00:00,1.63288,1.63293,1.63233,1.6329
2026-08-14 10:15:00,1.63288,1.63316,1.63268,1.63294
2026-08-14 10:30:00,1.6329,1.63368,1.63281,1.63356
2026-08-14 10:45:00,1.63356,1.63408,1.63353,1.63389
2026-08-14 11:00:00,1.63395,1.63453,1.63383,1.63433
2026-08-14 11:15:00,1.63445,1.63456,1.63341,1.63352
2026-08-14 11:30:00,1.63353,1.63452,1.63353,1.63442
2026-08-14 11:45:00,1.63438,1.63446,1.63394,1.63443
2026-08-14 12:00:00,1.63437,1.63468,1.63402,1.6344
2026-08-14 12:15:00,1.63431,1.63478,1.63429,1.63473
2026-08-14 12:30:00,1.63461,1.6348,1.63411,1.63434
2026-08-14 12:45:00,1.63428,1.63466,1.63417,1.63464
2026-08-14 13:00:00,1.6346,1.6348,1.63424,1.63426
2026-08-14 13:15:00,1.63431,1.63458,1.63405,1.63408
2026-08-14 13:30:00,1.63413,1.63416,1.63388,1.63398
2026-08-14 13:45:00,1.63403,1.6342,1.63367,1.63376
2026-08-14 14:00:00,1.63393,1.63415,1.63379,1.63412
2026-08-14 14:15:00,1.6341,1.63422,1.63356,1.63364
2026-08-14 14:30:00,1.63369,1.63404,1.63357,1.63399
2026-08-14 14:45:00,1.63396,1.63408,1.63364,1.63376
2026-08-14 15:00:00,1.63381,1.6341,1.63363,1.63394
2026-08-14 15:15:00,1.63399,1.63412,1.63374,1.63375
2026-08-14 15:30:00,1.63377,1.63377,1.63339,1.63368
2026-08-14 15:45:00,1.63363,1.6337,1.63297,1.63311
2026-08-14 16:00:00,1.63308,1.63347,1.63304,1.63328
2026-08-14 16:15:00,1.63333,1.63366,1.63299,1.63344
2026-08-14 16:30:00,1.63348,1.63355,1.63312,1.63348
2026-08-14 16:45:00,1.63345,1.63347,1.63285,1.63334
2026-08-14 17:00:00,1.63331,1.63352,1.63298,1.63344
2026-08-14 17:15:00,1.63341,1.63378,1.63305,1.63376
2026-08-14 17:30:00,1.63372,1.63379,1.63298,1.63333
2026-08-14 17:45:00,1.63324,1.63342,1.63294,1.63331
2026-08-14 18:00:00,1.63327,1.6338,1.63291,1.63378
2026-08-14 18:15:00,1.63375,1.63402,1.63329,1.63367
2026-08-14 18:30:00,1.63375,1.6338,1.63325,1.63367
2026-08-14 18:45:00,1.63361,1.6338,1.63346,1.63368
2026-08-14 19:00:00,1.63361,1.63389,1.63333,1.63339
2026-08-14 19:15:00,1.63348,1.63348,1.63307,1.63314
2026-08-14 19:30:00,1.63318,1.63353,1.63299,1.63318
2026-08-14 19:45:00,1.63317,1.63342,1.63292,1.6333
2026-08-14 20:00:00,1.63327,1.63328,1.63263,1.6328
2026-08-14 20:15:00,1.63275,1.6333,1.63261,1.63292
2026-08-14 20:30:00,1.63296,1.63318,1.63272,1.63316
2026-08-14 20:45:00,1.63311,1.63335,1.63292,1.6332
2026-08-14 21:00:00,1.63316,1.63346,1.63296,1.63343
2026-08-14 21:15:00,1.6334,1.63345,1.63282,1.63317
2026-08-14 21:30:00,1.63313,1.63377,1.63293,1.63355
2026-08-14 21:45:00,1.63353,1.634,1.63306,1.63342
2026-08-14 22:00:00,1.63338,1.6337,1.63299,1.63366
2026-08-14 22:15:00,1.63361,1.63372,1.63276,1.63279
2026-08-14 22:30:00,1.63282,1.63395,1.63246,1.63358
2026-08-14 22:45:00,1.63366,1.634,1.63315,1.63362
2026-08-14 23:00:00,1.63352,1.63372,1.63286,1.63326
2026-08-14 23:15:00,1.63331,1.63354,1.63283,1.63307
2026-08-14 23:30:00,1.63305,1.63372,1.63277,1.63363
2026-08-14 23:45:00,1.63345,1.6337,1.63291,1.63321
2026-08-15 00:00:00,1.63331,1.63365,1.63259,1.63331
2026-08-15 00:15:00,1.63328,1.63362,1.63283,1.63348
2026-08-15 00:30:00,1.63343,1.63414,1.63301,1.63409
2026-08-15 00:45:00,1.63402,1.63421,1.6327,1.63278
2026-08-15 01:00:00,1.63292,1.63316,1.63231,1.63271
2026-08-15 01:15:00,1.63283,1.63327,1.63259,1.63321
2026-08-15 01:30:00,1.63309,1.63378,1.63297,1.6335
2026-08-15 01:45:00,1.63351,1.63362,1.63296,1.63313
2026-08-15 02:00:00,1.6332,1.63338,1.6328,1.6331
2026-08-15 02:15:00,1.63305,1.63353,1.63303,1.63327
2026-08-15 02:30:00,1.6333,1.63376,1.63287,1.6333
2026-08-15 02:45:00,1.63338,1.63375,1.63332,1.63339
2026-08-15 03:00:00,1.63339,1.63358,1.63328,1.63356
2026-08-15 03:15:00,1.63353,1.63357,1.63299,1.63309
2026-08-15 03:30:00,1.63303,1.63337,1.63293,1.63321
2026-08-15 03:45:00,1.63326,1.63349,1.63314,1.63317
2026-08-15 04:00:00,1.63322,1.63358,1.63319,1.63357
2026-08-15 04:15:00,1.63353,1.63353,1.63315,1.63338
2026-08-15 04:30:00,1.63331,1.63352,1.6331,1.63315
2026-08-15 04:45:00,1.63322,1.63335,1.63296,1.63318
2026-08-15 05:00:00,1.63316,1.63328,1.63279,1.63314
2026-08-15 05:15:00,1.63308,1.63337,1.63299,1.63309
2026-08-15 05:30:00,1.63304,1.63323,1.63288,1.63301
2026-08-15 05:45:00,1.63299,1.63313,1.63286,1.63307
2026-08-15 06:00:00,1.63302,1.63331,1.63293,1.63301
2026-08-15 06:15:00,1.63305,1.63317,1.63293,1.63307
2026-08-15 06:30:00,1.63307,1.63348,1.63307,1.63328
2026-08-15 06:45:00,1.63336,1.63351,1.63305,1.63322
2026-08-15 07:00:00,1.63318,1.63456,1.6327,1.63398
2026-08-15 07:15:00,1.63384,1.63403,1.63348,1.63386
2026-08-15 07:30:00,1.63377,1.63453,1.63332,1.63359
2026-08-15 07:45:00,1.63376,1.63406,1.63332,1.63368
2026-08-15 08:00:00,1.6339,1.63427,1.63334,1.63381
2026-08-15 08:15:00,1.63377,1.63385,1.63329,1.63381
2026-08-15 08:30:00,1.63378,1.63384,1.63328,1.63377
2026-08-15 08:45:00,1.63375,1.6339,1.63329,1.63379
2026-08-15 09:00:00,1.63376,1.63462,1.63327,1.63381
2026-08-15 09:15:00,1.63377,1.6341,1.63322,1.63376
2026-08-15 09:30:00,1.63391,1.63421,1.63329,1.63384
2026-08-15 09:45:00,1.63373,1.63451,1.63336,1.63375
2026-08-15 10:00:00,1.63399,1.63461,1.63318,1.6332
2026-08-15 10:15:00,1.6332,1.63347,1.63314,1.63326
2026-08-15 10:30:00,1.6332,1.63327,1.63316,1.63324
2026-08-15 10:45:00,1.63319,1.63349,1.63316,1.6332
2026-08-15 11:00:00,1.6332,1.63327,1.63317,1.63319
2026-08-15 11:15:00,1.6332,1.63347,1.63275,1.63324
2026-08-15 11:30:00,1.6332,1.63379,1.63268,1.63325
2026-08-15 11:45:00,1.63322,1.63328,1.63317,1.63322
2026-08-15 12:00:00,1.6332,1.63352,1.63302,1.63316
2026-08-15 12:15:00,1.63318,1.63327,1.63318,1.63323
2026-08-15 12:30:00,1.63321,1.63352,1.63292,1.63324
2026-08-15 12:45:00,1.63318,1.63352,1.63301,1.63321
2026-08-15 13:00:00,1.63323,1.63328,1.63317,1.63318
2026-08-15 13:15:00,1.63319,1.63387,1.63258,1.63323
2026-08-15 13:30:00,1.6332,1.63327,1.63317,1.63324
2026-08-15 13:45:00,1.63318,1.63341,1.63272,1.63324
2026-08-15 14:00:00,1.6332,1.63347,1.63294,1.63319
2026-08-15 14:15:00,1.6332,1.63328,1.63316,1.6332
2026-08-15 14:30:00,1.63319,1.63339,1.63265,1.63323
2026-08-15 14:45:00,1.63319,1.63327,1.63316,1.63324
2026-08-15 15:00:00,1.63319,1.63356,1.63261,1.63319
2026-08-15 15:15:00,1.6332,1.63344,1.63309,1.63319
2026-08-15 15:30:00,1.6332,1.63327,1.63318,1.63324
2026-08-15 15:45:00,1.6332,1.63349,1.63303,1.63325
2026-08-15 16:00:00,1.63321,1.63327,1.63318,1.63318
2026-08-15 16:15:00,1.6332,1.63347,1.63317,1.63319
2026-08-15 16:30:00,1.6332,1.6337,1.63279,1.63317
2026-08-15 16:45:00,1.63322,1.63327,1.63317,1.63324
2026-08-15 17:00:00,1.6332,1.63347,1.63265,1.63322
2026-08-15 17:15:00,1.6332,1.63327,1.63317,1.63319
2026-08-15 17:30:00,1.6332,1.6334,1.63301,1.63325
2026-08-15 17:45:00,1.6332,1.63344,1.63299,1.63318
2026-08-15 18:00:00,1.63321,1.63327,1.63318,1.63319
2026-08-15 18:15:00,1.6332,1.63368,1.63263,1.6332
2026-08-15 18:30:00,1.63321,1.63328,1.63317,1.63321
2026-08-15 18:45:00,1.6332,1.63352,1.63291,1.63325
2026-08-15 19:00:00,1.63321,1.63344,1.63263,1.63325
2026-08-15 19:15:00,1.63326,1.6333,1.63317,1.63319
2026-08-15 19:30:00,1.6332,1.63349,1.63281,1.63321
2026-08-15 19:45:00,1.6332,1.63327,1.63318,1.63325
2026-08-15 20:00:00,1.63321,1.63368,1.63305,1.63324
2026-08-15 20:15:00,1.6332,1.63337,1.63297,1.63318
2026-08-15 20:30:00,1.63321,1.63328,1.63317,1.63318
2026-08-15 20:45:00,1.63319,1.63346,1.63261,1.63324
2026-08-15 21:00:00,1.63319,1.63327,1.63316,1.63323
2026-08-15 21:15:00,1.63319,1.63363,1.63301,1.63319
2026-08-15 21:30:00,1.6332,1.63329,1.63259,1.63306
2026-08-15 21:45:00,1.63314,1.63322,1.63307,1.6332
2026-08-15 22:00:00,1.63317,1.6334,1.63256,1.6332
2026-08-15 22:15:00,1.63317,1.63325,1.63315,1.63318
2026-08-15 22:30:00,1.63318,1.63346,1.63256,1.63324
2026-08-15 22:45:00,1.63325,1.63351,1.63264,1.63348
2026-08-15 23:00:00,1.6334,1.63347,1.63326,1.63335
2026-08-15 23:15:00,1.63332,1.63343,1.63278,1.63314
2026-08-15 23:30:00,1.63319,1.63327,1.63317,1.63318
2026-08-15 23:45:00,1.63319,1.6335,1.63272,1.63339
2026-08-16 00:00:00,1.63336,1.63361,1.63297,1.63358
2026-08-16 00:15:00,1.6335,1.63357,1.63347,1.63352
2026-08-16 00:30:00,1.6335,1.63363,1.63311,1.63354
2026-08-16 00:45:00,1.63355,1.63362,1.63352,1.63358
2026-08-16 01:00:00,1.63355,1.63375,1.63324,1.63337
2026-08-16 01:15:00,1.63333,1.63356,1.63323,1.63354
2026-08-16 01:30:00,1.63347,1.63355,1.63345,1.63346
2026-08-16 01:45:00,1.63347,1.63366,1.63339,1.63359
2026-08-16 02:00:00,1.63359,1.63417,1.63262,1.63302
2026-08-16 02:15:00,1.63298,1.6334,1.63267,1.63305
2026-08-16 02:30:00,1.63303,1.6331,1.63267,1.6328
2026-08-16 02:45:00,1.63302,1.63315,1.63285,1.63291
2026-08-16 03:00:00,1.63287,1.63314,1.63236,1.63291
2026-08-16 03:15:00,1.63288,1.63312,1.63284,1.63307
2026-08-16 03:30:00,1.63305,1.63333,1.63262,1.63313
2026-08-16 03:45:00,1.63314,1.63334,1.63256,1.63318
2026-08-16 04:00:00,1.6332,1.63338,1.63277,1.63318
2026-08-16 04:15:00,1.63315,1.63331,1.63256,1.63306
2026-08-16 04:30:00,1.63303,1.63314,1.63293,1.63305
2026-08-16 04:45:00,1.63306,1.63333,1.63267,1.63316
2026-08-16 05:00:00,1.63318,1.63331,1.63247,1.63323
2026-08-16 05:15:00,1.63307,1.63342,1.63307,1.63321
2026-08-16 05:30:00,1.63318,1.63349,1.63258,1.63335
2026-08-16 05:45:00,1.63335,1.63342,1.63333,1.63334
2026-08-16 06:00:00,1.63335,1.63352,1.63241,1.63302
2026-08-16 06:15:00,1.63299,1.63318,1.6328,1.63313
2026-08-16 06:30:00,1.63295,1.63332,1.63295,1.63322
2026-08-16 06:45:00,1.6332,1.63345,1.63304,1.63323
2026-08-16 07:00:00,1.6333,1.63334,1.6327,1.63303
2026-08-16 07:15:00,1.63299,1.63335,1.63257,1.63324
2026-08-16 07:30:00,1.6332,1.6335,1.63262,1.63316
2026-08-16 07:45:00,1.63315,1.63323,1.63262,1.63307
2026-08-16 08:00:00,1.63309,1.63342,1.63259,1.63316
2026-08-16 08:15:00,1.63317,1.6332,1.6331,1.63316
2026-08-16 08:30:00,1.63312,1.63335,1.63262,1.63309
2026-08-16 08:45:00,1.63307,1.63312,1.63264,1.63278
2026-08-16 09:00:00,1.63304,1.63329,1.63261,1.63298
2026-08-16 09:15:00,1.63298,1.63312,1.63268,1.63294
2026-08-16 09:30:00,1.63295,1.63297,1.63285,1.63291
2026-08-16 09:45:00,1.63288,1.63324,1.63268,1.633
2026-08-16 10:00:00,1.63301,1.6331,1.63291,1.63302
2026-08-16 10:15:00,1.63302,1.63336,1.63274,1.63325
2026-08-16 10:30:00,1.63323,1.63349,1.63302,1.63342
2026-08-16 10:45:00,1.63339,1.63351,1.63315,1.63322
2026-08-16 11:00:00,1.63322,1.63386,1.63284,1.6336
2026-08-16 11:15:00,1.63361,1.63426,1.63325,1.63356
2026-08-16 11:30:00,1.63354,1.63372,1.63317,1.63368
2026-08-16 11:45:00,1.63364,1.63379,1.63333,1.63374
2026-08-16 12:00:00,1.63372,1.6338,1.63352,1.63357
2026-08-16 12:15:00,1.63358,1.63375,1.63333,1.6337
2026-08-16 12:30:00,1.63367,1.63416,1.63299,1.63316
2026-08-16 12:45:00,1.63312,1.63391,1.63257,1.63299
2026-08-16 13:00:00,1.63298,1.63326,1.6327,1.63301
2026-08-16 13:15:00,1.63303,1.63305,1.63293,1.63298
2026-08-16 13:30:00,1.63295,1.63321,1.63272,1.63298
2026-08-16 13:45:00,1.63295,1.63301,1.6329,1.63294
2026-08-16 14:00:00,1.63292,1.63321,1.63274,1.63291
2026-08-16 14:15:00,1.63292,1.63401,1.63276,1.63336
2026-08-16 14:30:00,1.63336,1.63343,1.63333,1.63339
2026-08-16 14:45:00,1.63336,1.63357,1.63325,1.6334
2026-08-16 15:00:00,1.63338,1.63345,1.63335,1.63337
2026-08-16 15:15:00,1.63338,1.63358,1.63324,1.63351
2026-08-16 15:30:00,1.63351,1.63358,1.63345,1.63352
2026-08-16 15:45:00,1.63349,1.63357,1.63347,1.63352
2026-08-16 16:00:00,1.63349,1.63422,1.63306,1.63392
2026-08-16 16:15:00,1.63393,1.63419,1.63343,1.63346
2026-08-16 16:30:00,1.63347,1.63366,1.6331,1.63361
2026-08-16 16:45:00,1.63358,1.63375,1.63329,1.63371
2026-08-16 17:00:00,1.63367,1.63375,1.63365,1.63369
2026-08-16 17:15:00,1.63367,1.63382,1.63344,1.63374
2026-08-16 17:30:00,1.63375,1.63382,1.63372,1.63377
2026-08-16 17:45:00,1.63375,1.63423,1.63356,1.63411
2026-08-16 18:00:00,1.63407,1.63415,1.63395,1.63407
2026-08-16 18:15:00,1.63407,1.63414,1.63404,1.63405
2026-08-16 18:30:00,1.63407,1.63414,1.63396,1.63409
2026-08-16 18:45:00,1.63406,1.63413,1.63404,1.6341
2026-08-16 19:00:00,1.63406,1.63414,1.63399,1.63407
2026-08-16 19:15:00,1.63406,1.63413,1.634,1.63404
2026-08-16 19:30:00,1.63405,1.63413,1.63403,1.63409
2026-08-16 19:45:00,1.63405,1.63413,1.6337,1.63385
2026-08-16 20:00:00,1.63382,1.63389,1.63379,1.63384
2026-08-16 20:15:00,1.63382,1.63389,1.63379,1.63381
2026-08-16 20:30:00,1.63382,1.63389,1.63379,1.63382
2026-08-16 20:45:00,1.63382,1.63389,1.63379,1.63385
2026-08-16 21:00:00,1.63382,1.63389,1.63379,1.63384
2026-08-16 21:15:00,1.63382,1.63389,1.63379,1.63381
2026-08-16 21:30:00,1.63382,1.63398,1.63379,1.63391
2026-08-16 21:45:00,1.63391,1.63398,1.63389,1.63394
2026-08-16 22:00:00,1.63391,1.63398,1.63389,1.63394
2026-08-16 22:15:00,1.63391,1.63427,1.63287,1.63287
2026-08-16 22:30:00,1.63287,1.63292,1.63282,1.63284
2026-08-16 22:45:00,1.63285,1.63292,1.63282,1.63286
2026-08-16 23:00:00,1.63283,1.63291,1.63282,1.63288
2026-08-16 23:15:00,1.63284,1.63374,1.63273,1.63353
2026-08-16 23:30:00,1.63353,1.6336,1.63351,1.63352
2026-08-16 23:45:00,1.63353,1.6336,1.63351,1.63356
2026-08-17 00:00:00,1.63353,1.63373,1.63317,1.63323
2026-08-17 00:15:00,1.6332,1.63327,1.63316,1.63321
2026-08-17 00:30:00,1.63319,1.63327,1.63316,1.6332
2026-08-17 00:45:00,1.63321,1.63362,1.63302,1.63342
2026-08-17 01:00:00,1.63337,1.63384,1.6309,1.63113
2026-08-17 01:15:00,1.6311,1.63353,1.62919,1.62973
2026-08-17 01:30:00,1.62985,1.62985,1.62931,1.62932
2026-08-17 01:45:00,1.62934,1.63054,1.62554,1.62945
2026-08-17 02:00:00,1.62947,1.63503,1.62931,1.63227
2026-08-17 02:15:00,1.63223,1.63267,1.62902,1.62987
2026-08-17 02:30:00,1.62984,1.63068,1.62803,1.62841
2026-08-17 02:45:00,1.6294,1.63199,1.6294,1.63136
2026-08-17 03:00:00,1.63141,1.63492,1.63029,1.6331
2026-08-17 03:15:00,1.63305,1.63331,1.63305,1.63322
2026-08-17 03:30:00,1.6332,1.63327,1.63015,1.63294
2026-08-17 03:45:00,1.63296,1.63326,1.63296,1.63319
2026-08-17 04:00:00,1.63319,1.63327,1.63296,1.63324
2026-08-17 04:15:00,1.63322,1.63328,1.63318,1.63324
2026-08-17 04:30:00,1.63321,1.63389,1.63309,1.63314
2026-08-17 04:45:00,1.6333,1.63409,1.63293,1.63324
2026-08-17 05:00:00,1.63338,1.63397,1.63253,1.63365
2026-08-17 05:15:00,1.6336,1.63531,1.63187,1.63195
2026-08-17 05:30:00,1.63191,1.63542,1.6306,1.63286
2026-08-17 05:45:00,1.63241,1.63433,1.63007,1.63099
2026-08-17 06:00:00,1.63161,1.6344,1.63082,1.63294
2026-08-17 06:15:00,1.63273,1.63301,1.63174,1.63238
2026-08-17 06:30:00,1.63211,1.6332,1.63193,1.63263
2026-08-17 06:45:00,1.63268,1.63446,1.63183,1.63197
2026-08-17 07:00:00,1.63234,1.63463,1.63172,1.63285
2026-08-17 07:15:00,1.63241,1.63344,1.63216,1.63324
2026-08-17 07:30:00,1.63287,1.63386,1.6326,1.63327
2026-08-17 07:45:00,1.63285,1.63354,1.63215,1.63321
2026-08-17 08:00:00,1.63263,1.63335,1.6324,1.63279
2026-08-17 08:15:00,1.63279,1.63318,1.63277,1.63298
2026-08-17 08:30:00,1.63296,1.6331,1.63282,1.6329
2026-08-17 08:45:00,1.63288,1.63313,1.63274,1.63309
2026-08-17 09:00:00,1.63301,1.63305,1.63274,1.63284
2026-08-17 09:15:00,1.6329,1.63302,1.63287,1.63298
2026-08-17 09:30:00,1.63295,1.63322,1.63286,1.63309
2026-08-17 09:45:00,1.63306,1.6336,1.63303,1.63357
2026-08-17 10:00:00,1.63353,1.63366,1.63279,1.63281
2026-08-17 10:15:00,1.63287,1.63298,1.6322,1.63234
2026-08-17 10:30:00,1.63239,1.6324,1.63204,1.63234
2026-08-17 10:45:00,1.6323,1.63302,1.63218,1.63288
2026-08-17 11:00:00,1.6329,1.63338,1.63263,1.63333
2026-08-17 11:15:00,1.63328,1.63335,1.63256,1.63261
2026-08-17 11:30:00,1.63266,1.63283,1.63224,1.6323
2026-08-17 11:45:00,1.63239,1.63243,1.6318,1.63212
2026-08-17 12:00:00,1.63218,1.63267,1.63218,1.63265
2026-08-17 12:15:00,1.6326,1.6329,1.63246,1.63254
2026-08-17 12:30:00,1.6326,1.63274,1.63219,1.63266
2026-08-17 12:45:00,1.6324,1.63295,1.6324,1.63276
2026-08-17 13:00:00,1.63277,1.63281,1.63241,1.63243
2026-08-17 13:15:00,1.63248,1.63256,1.63209,1.63212
2026-08-17 13:30:00,1.63216,1.63228,1.63168,1.63174
2026-08-17 13:45:00,1.63183,1.63188,1.63125,1.63133
2026-08-17 14:00:00,1.63147,1.6315,1.63105,1.63118
2026-08-17 14:15:00,1.63115,1.63122,1.63067,1.63098
2026-08-17 14:30:00,1.63086,1.63142,1.63086,1.6311
2026-08-17 14:45:00,1.63106,1.63131,1.63096,1.63122
2026-08-17 15:00:00,1.63119,1.63134,1.63091,1.63116
2026-08-17 15:15:00,1.63111,1.63114,1.63071,1.63073
2026-08-17 15:30:00,1.63077,1.63077,1.62902,1.62939
2026-08-17 15:45:00,1.62934,1.62962,1.62848,1.62902
2026-08-17 16:00:00,1.62894,1.6292,1.62866,1.62889
2026-08-17 16:15:00,1.62896,1.62948,1.62869,1.62873
2026-08-17 16:30:00,1.62884,1.62913,1.62848,1.62885
2026-08-17 16:45:00,1.62884,1.62896,1.62814,1.62831
2026-08-17 17:00:00,1.62827,1.62874,1.62788,1.62869
2026-08-17 17:15:00,1.62861,1.62955,1.6285,1.62941
2026-08-17 17:30:00,1.62943,1.63035,1.62931,1.63
2026-08-17 17:45:00,1.6302,1.6302,1.62973,1.63003
2026-08-17 18:00:00,1.62998,1.63074,1.6299,1.63059
2026-08-17 18:15:00,1.63055,1.63089,1.63033,1.63073
2026-08-17 18:30:00,1.63067,1.63074,1.62931,1.62938
2026-08-17 18:45:00,1.62944,1.62968,1.62884,1.62941
2026-08-17 19:00:00,1.62933,1.62933,1.62824,1.62842
2026-08-17 19:15:00,1.6284,1.62892,1.62838,1.62888
2026-08-17 19:30:00,1.62882,1.62899,1.62765,1.62771
2026-08-17 19:45:00,1.62783,1.62789,1.62735,1.62755
2026-08-17 20:00:00,1.62751,1.62757,1.6271,1.62749
2026-08-17 20:15:00,1.6274,1.62749,1.627,1.62713
2026-08-17 20:30:00,1.62714,1.62737,1.62652,1.62687
2026-08-17 20:45:00,1.62676,1.6273,1.62673,1.62686
2026-08-17 21:00:00,1.62682,1.62698,1.62632,1.62639
2026-08-17 21:15:00,1.6265,1.62662,1.62614,1.62642
2026-08-17 21:30:00,1.62631,1.62707,1.62631,1.62703
2026-08-17 21:45:00,1.627,1.62713,1.62675,1.62702
2026-08-17 22:00:00,1.62694,1.62734,1.62685,1.6272
2026-08-17 22:15:00,1.62715,1.62807,1.62687,1.62789
2026-08-17 22:30:00,1.62784,1.6286,1.6275,1.6285
2026-08-17 22:45:00,1.62845,1.62877,1.62822,1.62845
2026-08-17 23:00:00,1.62849,1.62948,1.62823,1.6291
2026-08-17 23:15:00,1.62919,1.62962,1.62899,1.6296
2026-08-17 23:30:00,1.62956,1.63008,1.62924,1.62982
2026-08-17 23:45:00,1.62995,1.63028,1.62936,1.62942
2026-08-18 00:00:00,1.62951,1.62984,1.62865,1.62871
2026-08-18 00:15:00,1.62882,1.62888,1.62774,1.62813
2026-08-18 00:30:00,1.62812,1.6284,1.62754,1.62802
2026-08-18 00:45:00,1.6281,1.62948,1.62778,1.62938
2026-08-18 01:00:00,1.62929,1.62942,1.6288,1.62888
2026-08-18 01:15:00,1.62882,1.62915,1.62855,1.62895
2026-08-18 01:30:00,1.62896,1.62951,1.62878,1.62931
2026-08-18 01:45:00,1.62938,1.62976,1.62927,1.62956
2026-08-18 02:00:00,1.6296,1.62966,1.62912,1.62927
2026-08-18 02:15:00,1.62919,1.62947,1.62906,1.6291
2026-08-18 02:30:00,1.62915,1.62942,1.62893,1.62937
2026-08-18 02:45:00,1.62931,1.62952,1.62911,1.62947
2026-08-18 03:00:00,1.6294,1.62955,1.62921,1.62943
2026-08-18 03:15:00,1.62938,1.62978,1.62913,1.62973
2026-08-18 03:30:00,1.62962,1.62989,1.62944,1.62959
2026-08-18 03:45:00,1.62969,1.62986,1.62936,1.62948
2026-08-18 04:00:00,1.62953,1.62982,1.62938,1.62943
2026-08-18 04:15:00,1.62948,1.62968,1.62925,1.62967
2026-08-18 04:30:00,1.6296,1.62969,1.62927,1.6295
2026-08-18 04:45:00,1.62951,1.62963,1.62919,1.62956
2026-08-18 05:00:00,1.62953,1.62987,1.62946,1.62985
2026-08-18 05:15:00,1.62978,1.62992,1.62938,1.62958
2026-08-18 05:30:00,1.62953,1.62984,1.62935,1.6296
2026-08-18 05:45:00,1.62968,1.6299,1.62951,1.62972
2026-08-18 06:00:00,1.62968,1.6299,1.62957,1.62981
2026-08-18 06:15:00,1.62977,1.62985,1.62955,1.62983
2026-08-18 06:30:00,1.62978,1.63,1.62966,1.62998
2026-08-18 06:45:00,1.62991,1.63012,1.62985,1.6301
2026-08-18 07:00:00,1.63005,1.63057,1.6289,1.62934
2026-08-18 07:15:00,1.62931,1.63011,1.62927,1.62959
2026-08-18 07:30:00,1.62949,1.62973,1.62948,1.6296
2026-08-18 07:45:00,1.6296,1.63009,1.6296,1.62991
2026-08-18 08:00:00,1.62989,1.63002,1.62963,1.62985
2026-08-18 08:15:00,1.62987,1.62989,1.62958,1.62961
2026-08-18 08:30:00,1.62962,1.62981,1.62941,1.62954
2026-08-18 08:45:00,1.6295,1.62969,1.62943,1.62949
2026-08-18 09:00:00,1.62953,1.62987,1.62932,1.6295
2026-08-18 09:15:00,1.62947,1.62966,1.62939,1.62958
2026-08-18 09:30:00,1.62956,1.62975,1.62937,1.62967
2026-08-18 09:45:00,1.62963,1.62978,1.62946,1.62948
2026-08-18 10:00:00,1.6295,1.62968,1.62918,1.62933
2026-08-18 10:15:00,1.62939,1.62948,1.62884,1.62913
2026-08-18 10:30:00,1.62904,1.62922,1.6287,1.62875
2026-08-18 10:45:00,1.62881,1.62923,1.62851,1.62915
2026-08-18 11:00:00,1.62916,1.62924,1.62865,1.62884
2026-08-18 11:15:00,1.62889,1.62913,1.62841,1.62901
2026-08-18 11:30:00,1.62896,1.62907,1.6286,1.62905
2026-08-18 11:45:00,1.62894,1.62938,1.62891,1.62908
2026-08-18 12:00:00,1.62915,1.6294,1.62899,1.62921
2026-08-18 12:15:00,1.62926,1.62934,1.62877,1.62881
2026-08-18 12:30:00,1.62887,1.629,1.62841,1.62844
2026-08-18 12:45:00,1.62844,1.62868,1.62823,1.62853
2026-08-18 13:00:00,1.62852,1.6286,1.62824,1.62851
2026-08-18 13:15:00,1.62847,1.62896,1.62825,1.62879
2026-08-18 13:30:00,1.62884,1.62934,1.62879,1.62929
2026-08-18 13:45:00,1.62923,1.62964,1.62918,1.62962
2026-08-18 14:00:00,1.62956,1.62956,1.6291,1.62919
2026-08-18 14:15:00,1.62923,1.62969,1.62915,1.62952
2026-08-18 14:30:00,1.62958,1.62967,1.6293,1.62959
2026-08-18 14:45:00,1.62955,1.63011,1.62943,1.62975
2026-08-18 15:00:00,1.62981,1.63047,1.62962,1.63022
2026-08-18 15:15:00,1.6303,1.63062,1.62996,1.63049
2026-08-18 15:30:00,1.63039,1.63059,1.63001,1.63022
2026-08-18 15:45:00,1.63018,1.63044,1.62976,1.63002
2026-08-18 16:00:00,1.62997,1.63026,1.62954,1.62975
2026-08-18 16:15:00,1.62971,1.63046,1.6295,1.63028
2026-08-18 16:30:00,1.6303,1.63032,1.62931,1.63002
2026-08-18 16:45:00,1.63,1.63051,1.62981,1.63004
2026-08-18 17:00:00,1.63,1.63013,1.62921,1.62952
2026-08-18 17:15:00,1.62959,1.62998,1.62923,1.62992
2026-08-18 17:30:00,1.62983,1.63028,1.62959,1.62967
2026-08-18 17:45:00,1.62965,1.62976,1.62929,1.62951
2026-08-18 18:00:00,1.62947,1.62981,1.62907,1.62912
2026-08-18 18:15:00,1.62921,1.62961,1.62903,1.62935
2026-08-18 18:30:00,1.62941,1.62958,1.62917,1.62941
2026-08-18 18:45:00,1.62939,1.62993,1.62918,1.6297
2026-08-18 19:00:00,1.62967,1.62972,1.6294,1.62957
2026-08-18 19:15:00,1.62954,1.62982,1.62925,1.6293
2026-08-18 19:30:00,1.62937,1.62944,1.62868,1.62928
2026-08-18 19:45:00,1.62919,1.62944,1.62847,1.62876
2026-08-18 20:00:00,1.62869,1.62889,1.62832,1.62865
2026-08-18 20:15:00,1.6287,1.629,1.62849,1.62873
2026-08-18 20:30:00,1.62881,1.62895,1.6286,1.6287
2026-08-18 20:45:00,1.6287,1.62906,1.62864,1.62894
2026-08-18 21:00:00,1.62889,1.62914,1.62867,1.62894
2026-08-18 21:15:00,1.62888,1.62888,1.62853,1.62881
2026-08-18 21:30:00,1.62878,1.62887,1.62839,1.62844
2026-08-18 21:45:00,1.62854,1.62866,1.62793,1.62827
2026-08-18 22:00:00,1.62822,1.6283,1.62761,1.62779
2026-08-18 22:15:00,1.62783,1.62803,1.62742,1.62759
2026-08-18 22:30:00,1.62768,1.62791,1.62738,1.62772
2026-08-18 22:45:00,1.62772,1.6279,1.62739,1.62748
2026-08-18 23:00:00,1.62763,1.62807,1.62734,1.62756
2026-08-18 23:15:00,1.62752,1.62771,1.62724,1.62764
2026-08-18 23:30:00,1.62758,1.62792,1.62685,1.62751
2026-08-18 23:45:00,1.62738,1.62855,1.62734,1.62783
2026-08-19 00:00:00,1.62787,1.62901,1.62763,1.62896
2026-08-19 00:15:00,1.62892,1.62957,1.62852,1.62949
2026-08-19 00:30:00,1.62947,1.6305,1.62931,1.63042
2026-08-19 00:45:00,1.6303,1.63165,1.63024,1.63154
2026-08-19 01:00:00,1.63152,1.63177,1.6307,1.63153
2026-08-19 01:15:00,1.63139,1.63205,1.63139,1.6319
2026-08-19 01:30:00,1.63182,1.63187,1.6315,1.63185
2026-08-19 01:45:00,1.6318,1.63195,1.63137,1.63193
2026-08-19 02:00:00,1.63188,1.6325,1.63143,1.63243
2026-08-19 02:15:00,1.63223,1.63301,1.63223,1.63296
2026-08-19 02:30:00,1.63289,1.63326,1.63265,1.63321
2026-08-19 02:45:00,1.63314,1.63334,1.63262,1.63283
2026-08-19 03:00:00,1.6328,1.63318,1.63245,1.63284
2026-08-19 03:15:00,1.63288,1.63308,1.63261,1.63305
2026-08-19 03:30:00,1.63293,1.63332,1.63286,1.6333
2026-08-19 03:45:00,1.63327,1.6336,1.63314,1.63357
2026-08-19 04:00:00,1.63352,1.63418,1.63326,1.63396
2026-08-19 04:15:00,1.634,1.6346,1.63372,1.63453
2026-08-19 04:30:00,1.6344,1.6344,1.63383,1.634
2026-08-19 04:45:00,1.63403,1.63422,1.63394,1.63401
2026-08-19 05:00:00,1.63404,1.63408,1.6335,1.63377
2026-08-19 05:15:00,1.63376,1.63403,1.63356,1.63384
2026-08-19 05:30:00,1.63381,1.63404,1.63359,1.63374
2026-08-19 05:45:00,1.63373,1.63406,1.63347,1.63387
2026-08-19 06:00:00,1.63381,1.63393,1.6334,1.63362
2026-08-19 06:15:00,1.63371,1.63399,1.63363,1.63396
2026-08-19 06:30:00,1.63393,1.63396,1.63362,1.6339
2026-08-19 06:45:00,1.63387,1.63387,1.63354,1.63383
2026-08-19 07:00:00,1.63373,1.63457,1.63309,1.63452
2026-08-19 07:15:00,1.63442,1.63495,1.63424,1.63485
2026-08-19 07:30:00,1.63469,1.63469,1.63344,1.63388
2026-08-19 07:45:00,1.63371,1.63442,1.63371,1.63401
2026-08-19 08:00:00,1.63401,1.63434,1.63341,1.63371
2026-08-19 08:15:00,1.63376,1.63386,1.6336,1.63385
2026-08-19 08:30:00,1.63383,1.63409,1.63374,1.634
2026-08-19 08:45:00,1.63397,1.63433,1.63387,1.63412
2026-08-19 09:00:00,1.63418,1.63469,1.63374,1.6346
2026-08-19 09:15:00,1.63446,1.63493,1.63446,1.63477
2026-08-19 09:30:00,1.63474,1.63479,1.63435,1.6347
2026-08-19 09:45:00,1.63465,1.63489,1.63448,1.63488
2026-08-19 10:00:00,1.63484,1.63563,1.63458,1.63482
2026-08-19 10:15:00,1.63476,1.63503,1.63421,1.63434
2026-08-19 10:30:00,1.6344,1.63508,1.63421,1.63505
2026-08-19 10:45:00,1.63497,1.63601,1.63481,1.63597
2026-08-19 11:00:00,1.6359,1.63604,1.63513,1.63581
2026-08-19 11:15:00,1.6357,1.63685,1.63559,1.63632
2026-08-19 11:30:00,1.63627,1.63636,1.63585,1.63603
2026-08-19 11:45:00,1.63597,1.63652,1.63589,1.63594
2026-08-19 12:00:00,1.636,1.63633,1.63591,1.63632
2026-08-19 12:15:00,1.63628,1.63667,1.63587,1.63665
2026-08-19 12:30:00,1.63659,1.63703,1.63626,1.63643
2026-08-19 12:45:00,1.63642,1.63642,1.63528,1.63616
2026-08-19 13:00:00,1.63612,1.63706,1.63612,1.63701
2026-08-19 13:15:00,1.63695,1.63713,1.6368,1.63711
2026-08-19 13:30:00,1.63707,1.63728,1.63674,1.63727
2026-08-19 13:45:00,1.63722,1.63747,1.63714,1.63742
2026-08-19 14:00:00,1.6374,1.63777,1.63734,1.63766
2026-08-19 14:15:00,1.63761,1.63805,1.63755,1.6379
2026-08-19 14:30:00,1.63783,1.63853,1.63774,1.6385
2026-08-19 14:45:00,1.6384,1.63934,1.63818,1.63832
2026-08-19 15:00:00,1.63861,1.63894,1.63785,1.63887
2026-08-19 15:15:00,1.63876,1.63918,1.63863,1.63865
2026-08-19 15:30:00,1.63869,1.63928,1.63839,1.63924
2026-08-19 15:45:00,1.63913,1.63962,1.63892,1.63937
2026-08-19 16:00:00,1.63945,1.63997,1.63911,1.63996
2026-08-19 16:15:00,1.63994,1.64,1.63857,1.63884
2026-08-19 16:30:00,1.63888,1.63957,1.63861,1.63952
2026-08-19 16:45:00,1.63941,1.63994,1.63898,1.63903
2026-08-19 17:00:00,1.63908,1.6393,1.63821,1.63918
2026-08-19 17:15:00,1.6391,1.64005,1.6391,1.63998
2026-08-19 17:30:00,1.63987,1.6403,1.6395,1.63998
2026-08-19 17:45:00,1.63988,1.64031,1.63967,1.64028
2026-08-19 18:00:00,1.64019,1.64035,1.63893,1.63917
2026-08-19 18:15:00,1.63913,1.63913,1.63817,1.6387
2026-08-19 18:30:00,1.63865,1.63902,1.63833,1.63881
2026-08-19 18:45:00,1.63874,1.63912,1.63856,1.63873
2026-08-19 19:00:00,1.6387,1.63894,1.63796,1.63818
2026-08-19 19:15:00,1.63808,1.63902,1.63803,1.63897
2026-08-19 19:30:00,1.6389,1.63924,1.6387,1.63921
2026-08-19 19:45:00,1.63917,1.63952,1.63897,1.63939
2026-08-19 20:00:00,1.63934,1.64024,1.63921,1.63975
2026-08-19 20:15:00,1.63983,1.64045,1.63957,1.64043
2026-08-19 20:30:00,1.64036,1.64037,1.64,1.64012
2026-08-19 20:45:00,1.64018,1.64026,1.63981,1.64001
2026-08-19 21:00:00,1.64003,1.64039,1.63993,1.6402
2026-08-19 21:15:00,1.64011,1.64056,1.63989,1.64054
2026-08-19 21:30:00,1.6405,1.6407,1.63994,1.64064
2026-08-19 21:45:00,1.64055,1.64102,1.64022,1.64039
2026-08-19 22:00:00,1.64037,1.64046,1.63977,1.63981
2026-08-19 22:15:00,1.63983,1.63987,1.63901,1.6391
2026-08-19 22:30:00,1.63926,1.63959,1.63809,1.63916
2026-08-19 22:45:00,1.63902,1.64007,1.63822,1.63889
2026-08-19 23:00:00,1.63928,1.6394,1.63589,1.63625
2026-08-19 23:15:00,1.6361,1.63698,1.63589,1.63661
2026-08-19 23:30:00,1.63644,1.63735,1.63547,1.63674
2026-08-19 23:45:00,1.63682,1.63803,1.63612,1.63757
2026-08-20 00:00:00,1.63768,1.63776,1.63657,1.63726
2026-08-20 00:15:00,1.63691,1.63899,1.63677,1.63768
2026-08-20 00:30:00,1.63776,1.6387,1.63766,1.6381
2026-08-20 00:45:00,1.63804,1.63861,1.63757,1.63765
2026-08-20 01:00:00,1.63776,1.63836,1.63681,1.63692
2026-08-20 01:15:00,1.63705,1.63767,1.63659,1.6373
2026-08-20 01:30:00,1.63748,1.63768,1.63694,1.63762
2026-08-20 01:45:00,1.63757,1.63818,1.63713,1.63787
2026-08-20 02:00:00,1.63788,1.63809,1.63736,1.63763
2026-08-20 02:15:00,1.63759,1.63788,1.63719,1.63786
2026-08-20 02:30:00,1.63779,1.63816,1.63767,1.63782
2026-08-20 02:45:00,1.63791,1.63829,1.63771,1.63798
2026-08-20 03:00:00,1.63815,1.63862,1.63783,1.63835
2026-08-20 03:15:00,1.6384,1.63885,1.63829,1.63881
2026-08-20 03:30:00,1.63873,1.63897,1.63841,1.63885
2026-08-20 03:45:00,1.63881,1.63924,1.63866,1.63899
2026-08-20 04:00:00,1.63905,1.6396,1.63863,1.63923
2026-08-20 04:15:00,1.63927,1.63964,1.63912,1.63947
2026-08-20 04:30:00,1.63944,1.63983,1.639,1.63945
2026-08-20 04:45:00,1.63943,1.63946,1.6386,1.6391
2026-08-20 05:00:00,1.63905,1.63908,1.63829,1.63882
2026-08-20 05:15:00,1.63872,1.63898,1.63858,1.63878
2026-08-20 05:30:00,1.63873,1.63902,1.6382,1.63825
2026-08-20 05:45:00,1.63832,1.63926,1.63809,1.63922
2026-08-20 06:00:00,1.63916,1.63943,1.63885,1.63932
2026-08-20 06:15:00,1.63926,1.63941,1.63897,1.63919
2026-08-20 06:30:00,1.63914,1.63927,1.63898,1.63917
2026-08-20 06:45:00,1.63915,1.63921,1.6388,1.63901
2026-08-20 07:00:00,1.63896,1.64203,1.63672,1.63975
2026-08-20 07:15:00,1.63969,1.6397,1.63867,1.63947
2026-08-20 07:30:00,1.63941,1.63982,1.639,1.63904
2026-08-20 07:45:00,1.63906,1.63993,1.63869,1.63938
2026-08-20 08:00:00,1.63942,1.63974,1.63902,1.63933
2026-08-20 08:15:00,1.63926,1.63929,1.63877,1.63889
2026-08-20 08:30:00,1.63886,1.63888,1.63838,1.63846
2026-08-20 08:45:00,1.63847,1.63874,1.63842,1.63865
2026-08-20 09:00:00,1.63866,1.63881,1.63798,1.63834
2026-08-20 09:15:00,1.63827,1.63854,1.63818,1.63848
2026-08-20 09:30:00,1.63843,1.63887,1.63839,1.63878
2026-08-20 09:45:00,1.63874,1.63907,1.63859,1.63892
2026-08-20 10:00:00,1.63895,1.63938,1.63874,1.63904
2026-08-20 10:15:00,1.6391,1.63918,1.63863,1.63882
2026-08-20 10:30:00,1.63885,1.63938,1.63881,1.63935
2026-08-20 10:45:00,1.6393,1.64062,1.6393,1.64057
2026-08-20 11:00:00,1.64048,1.64068,1.63974,1.63977
2026-08-20 11:15:00,1.63982,1.64007,1.63922,1.63929
2026-08-20 11:30:00,1.63942,1.64447,1.63876,1.64109
2026-08-20 11:45:00,1.64132,1.64231,1.64069,1.64117
2026-08-20 12:00:00,1.64125,1.64157,1.64064,1.6415
2026-08-20 12:15:00,1.64144,1.64171,1.64109,1.64156
2026-08-20 12:30:00,1.64161,1.64178,1.64133,1.64154
2026-08-20 12:45:00,1.64147,1.6417,1.64086,1.6411
2026-08-20 13:00:00,1.64107,1.64156,1.64087,1.64113
2026-08-20 13:15:00,1.64124,1.64125,1.6405,1.64059
2026-08-20 13:30:00,1.64065,1.641,1.64054,1.64074
2026-08-20 13:45:00,1.64078,1.64087,1.6403,1.64045
2026-08-20 14:00:00,1.64042,1.64053,1.63967,1.63974
2026-08-20 14:15:00,1.63977,1.64012,1.63954,1.64007
2026-08-20 14:30:00,1.64004,1.64065,1.6399,1.64065
2026-08-20 14:45:00,1.64061,1.64133,1.64049,1.64104
2026-08-20 15:00:00,1.64098,1.64111,1.64059,1.64092
2026-08-20 15:15:00,1.64093,1.64107,1.64037,1.64072
2026-08-20 15:30:00,1.64064,1.64101,1.64051,1.64072
2026-08-20 15:45:00,1.64079,1.64127,1.64037,1.64098
2026-08-20 16:00:00,1.64094,1.6412,1.64046,1.64098
2026-08-20 16:15:00,1.64093,1.64124,1.64068,1.6407
2026-08-20 16:30:00,1.64075,1.64097,1.64045,1.64073
2026-08-20 16:45:00,1.64071,1.64139,1.64056,1.64093
2026-08-20 17:00:00,1.64076,1.6414,1.64034,1.64061
2026-08-20 17:15:00,1.64057,1.64114,1.64025,1.64055
2026-08-20 17:30:00,1.64058,1.64128,1.64021,1.64126
2026-08-20 17:45:00,1.64121,1.64156,1.64092,1.64128
2026-08-20 18:00:00,1.64121,1.64167,1.64106,1.64128
2026-08-20 18:15:00,1.64137,1.64137,1.64033,1.64098
2026-08-20 18:30:00,1.64092,1.64164,1.64075,1.64159
2026-08-20 18:45:00,1.64149,1.64225,1.64144,1.64224
2026-08-20 19:00:00,1.6422,1.64225,1.64174,1.64182
2026-08-20 19:15:00,1.64194,1.64215,1.64142,1.64187
2026-08-20 19:30:00,1.64182,1.64235,1.64155,1.64229
2026-08-20 19:45:00,1.64218,1.64265,1.64175,1.64256
2026-08-20 20:00:00,1.6425,1.64257,1.6419,1.64196
2026-08-20 20:15:00,1.64207,1.64231,1.64173,1.64178
2026-08-20 20:30:00,1.64183,1.64201,1.64135,1.64197
2026-08-20 20:45:00,1.64192,1.64237,1.64166,1.64215
2026-08-20 21:00:00,1.64224,1.64275,1.64173,1.64267
2026-08-20 21:15:00,1.64264,1.6429,1.6422,1.64252
2026-08-20 21:30:00,1.64268,1.64289,1.64217,1.64248
2026-08-20 21:45:00,1.64262,1.64361,1.64247,1.64359
2026-08-20 22:00:00,1.64354,1.64431,1.64333,1.64394
2026-08-20 22:15:00,1.64387,1.64454,1.64368,1.64371
2026-08-20 22:30:00,1.64377,1.6439,1.64293,1.6434
2026-08-20 22:45:00,1.64314,1.64333,1.642,1.6425
2026-08-20 23:00:00,1.64251,1.64262,1.64145,1.64191
2026-08-20 23:15:00,1.64183,1.64183,1.64098,1.64102
2026-08-20 23:30:00,1.64107,1.6413,1.64016,1.64018
2026-08-20 23:45:00,1.64021,1.64113,1.63986,1.64076
2026-08-21 00:00:00,1.64061,1.64093,1.63974,1.64005
2026-08-21 00:15:00,1.63995,1.6407,1.63969,1.64038
2026-08-21 00:30:00,1.64046,1.64082,1.63975,1.63979
2026-08-21 00:45:00,1.63988,1.64063,1.63983,1.64057
2026-08-21 01:00:00,1.64046,1.64061,1.63885,1.64043
2026-08-21 01:15:00,1.64038,1.6406,1.63937,1.63971
2026-08-21 01:30:00,1.6397,1.64118,1.63934,1.64104
2026-08-21 01:45:00,1.64078,1.64088,1.64038,1.64071
2026-08-21 02:00:00,1.64062,1.64106,1.64036,1.64063
2026-08-21 02:15:00,1.64069,1.6412,1.64057,1.64117
2026-08-21 02:30:00,1.64111,1.64117,1.64068,1.64113
2026-08-21 02:45:00,1.64105,1.64138,1.6408,1.64133
2026-08-21 03:00:00,1.64128,1.64152,1.641,1.64139
2026-08-21 03:15:00,1.64137,1.64151,1.64109,1.64147
2026-08-21 03:30:00,1.64136,1.64156,1.64104,1.64135
2026-08-21 03:45:00,1.64128,1.64153,1.64119,1.64126
2026-08-21 04:00:00,1.64131,1.64218,1.64127,1.64216
2026-08-21 04:15:00,1.64213,1.64252,1.64205,1.64233
2026-08-21 04:30:00,1.64227,1.64236,1.64196,1.64201
2026-08-21 04:45:00,1.64204,1.64221,1.64184,1.64189
2026-08-21 05:00:00,1.64198,1.64211,1.64174,1.64198
2026-08-21 05:15:00,1.64193,1.64214,1.64176,1.64194
2026-08-21 05:30:00,1.64191,1.64235,1.64166,1.64184
2026-08-21 05:45:00,1.64178,1.64203,1.64156,1.64201
2026-08-21 06:00:00,1.64198,1.64198,1.64162,1.64181
2026-08-21 06:15:00,1.64175,1.642,1.64161,1.64197
2026-08-21 06:30:00,1.64185,1.64203,1.64174,1.64177
2026-08-21 06:45:00,1.64179,1.64197,1.6417,1.64175
2026-08-21 07:00:00,1.64177,1.64216,1.64099,1.64208
2026-08-21 07:15:00,1.64195,1.64252,1.64193,1.64216
2026-08-21 07:30:00,1.64214,1.64264,1.64205,1.64259
2026-08-21 07:45:00,1.64255,1.64276,1.64231,1.64243
2026-08-21 08:00:00,1.64248,1.64259,1.64175,1.6423
2026-08-21 08:15:00,1.64227,1.64228,1.64199,1.64208
2026-08-21 08:30:00,1.6421,1.64225,1.64184,1.6421
2026-08-21 08:45:00,1.64207,1.64207,1.64176,1.642
2026-08-21 09:00:00,1.64195,1.64212,1.64175,1.64197
2026-08-21 09:15:00,1.64201,1.64224,1.64198,1.64201
2026-08-21 09:30:00,1.64206,1.64206,1.6416,1.64201
2026-08-21 09:45:00,1.64197,1.64197,1.64152,1.64167
2026-08-21 10:00:00,1.6417,1.64185,1.64054,1.64057
2026-08-21 10:15:00,1.64063,1.64101,1.64048,1.64096
2026-08-21 10:30:00,1.64084,1.64088,1.64023,1.64044
2026-08-21 10:45:00,1.6404,1.64065,1.6401,1.64063
2026-08-21 11:00:00,1.64061,1.64087,1.64029,1.64036
2026-08-21 11:15:00,1.64049,1.64058,1.6396,1.63966
2026-08-21 11:30:00,1.63976,1.64001,1.63953,1.63971
2026-08-21 11:45:00,1.63982,1.63982,1.63866,1.63879
2026-08-21 12:00:00,1.63878,1.63883,1.63847,1.63878
2026-08-21 12:15:00,1.63873,1.63873,1.63786,1.63815
2026-08-21 12:30:00,1.63826,1.6385,1.6379,1.6382
2026-08-21 12:45:00,1.63824,1.63866,1.63762,1.63841
2026-08-21 13:00:00,1.63832,1.63835,1.63785,1.63816
2026-08-21 13:15:00,1.63812,1.63816,1.6375,1.63786
2026-08-21 13:30:00,1.63777,1.63814,1.63724,1.63732
2026-08-21 13:45:00,1.63746,1.63768,1.63715,1.6376
2026-08-21 14:00:00,1.63757,1.63769,1.63738,1.63745
2026-08-21 14:15:00,1.63747,1.63778,1.63729,1.6376
2026-08-21 14:30:00,1.63768,1.63798,1.63758,1.63772
2026-08-21 14:45:00,1.63765,1.63783,1.63721,1.63779
2026-08-21 15:00:00,1.63772,1.63792,1.63736,1.63776
2026-08-21 15:15:00,1.63776,1.63781,1.63747,1.63763
2026-08-21 15:30:00,1.63764,1.63779,1.63724,1.63729
2026-08-21 15:45:00,1.63737,1.63771,1.63708,1.63723
2026-08-21 16:00:00,1.63719,1.63746,1.63663,1.63689
2026-08-21 16:15:00,1.63685,1.63732,1.63658,1.63666
2026-08-21 16:30:00,1.63671,1.63689,1.63621,1.63687
2026-08-21 16:45:00,1.63682,1.63722,1.63653,1.6372
2026-08-21 17:00:00,1.63711,1.63742,1.63637,1.63692
2026-08-21 17:15:00,1.63689,1.63711,1.63613,1.6363
2026-08-21 17:30:00,1.63631,1.63649,1.63514,1.63565
2026-08-21 17:45:00,1.63558,1.63578,1.63476,1.63495
2026-08-21 18:00:00,1.63491,1.63536,1.63463,1.63496
2026-08-21 18:15:00,1.6348,1.635,1.63338,1.63352
2026-08-21 18:30:00,1.63361,1.63423,1.63353,1.63385
2026-08-21 18:45:00,1.63393,1.63485,1.63393,1.63456
2026-08-21 19:00:00,1.63455,1.63478,1.63396,1.63438
2026-08-21 19:15:00,1.63437,1.63517,1.63397,1.63501
2026-08-21 19:30:00,1.63507,1.63529,1.63438,1.63455
2026-08-21 19:45:00,1.63461,1.63469,1.634,1.6344
2026-08-21 20:00:00,1.63422,1.63468,1.63369,1.63435
2026-08-21 20:15:00,1.63428,1.63475,1.63413,1.63438
2026-08-21 20:30:00,1.63435,1.63475,1.63411,1.63442
2026-08-21 20:45:00,1.63446,1.63476,1.63427,1.63461
2026-08-21 21:00:00,1.63456,1.63461,1.63411,1.63451
2026-08-21 21:15:00,1.63447,1.63462,1.63362,1.63368
2026-08-21 21:30:00,1.6338,1.63404,1.63257,1.63287
2026-08-21 21:45:00,1.63276,1.63341,1.63276,1.63332
2026-08-21 22:00:00,1.63324,1.63349,1.632,1.63217
2026-08-21 22:15:00,1.63212,1.63218,1.63155,1.63171
2026-08-21 22:30:00,1.63167,1.6322,1.63112,1.63165
2026-08-21 22:45:00,1.63174,1.63193,1.63124,1.63151
2026-08-21 23:00:00,1.6315,1.63151,1.6308,1.63109
2026-08-21 23:15:00,1.63105,1.63135,1.63055,1.63056
2026-08-21 23:30:00,1.63058,1.63119,1.63026,1.63079
2026-08-21 23:45:00,1.63081,1.63104,1.62878,1.6293
2026-08-22 00:00:00,1.62918,1.62982,1.62894,1.62949
2026-08-22 00:15:00,1.62944,1.62958,1.62856,1.62861
2026-08-22 00:30:00,1.6287,1.63,1.62846,1.62961
2026-08-22 00:45:00,1.62971,1.63004,1.62904,1.62943
2026-08-22 01:00:00,1.62939,1.62954,1.62851,1.62907
2026-08-22 01:15:00,1.62896,1.62929,1.62823,1.62851
2026-08-22 01:30:00,1.62841,1.62855,1.62748,1.62752
2026-08-22 01:45:00,1.62758,1.62836,1.62746,1.62835
2026-08-22 02:00:00,1.62833,1.62865,1.62783,1.62862
2026-08-22 02:15:00,1.62853,1.62956,1.62843,1.629
2026-08-22 02:30:00,1.629,1.62912,1.62861,1.62887
2026-08-22 02:45:00,1.62883,1.62909,1.62856,1.62878
2026-08-22 03:00:00,1.62881,1.62881,1.62758,1.62792
2026-08-22 03:15:00,1.62786,1.62811,1.62762,1.62806
2026-08-22 03:30:00,1.62795,1.62805,1.62731,1.62756
2026-08-22 03:45:00,1.62759,1.62776,1.62724,1.62728
2026-08-22 04:00:00,1.62736,1.62767,1.62704,1.62725
2026-08-22 04:15:00,1.62728,1.62765,1.62718,1.62744
2026-08-22 04:30:00,1.62733,1.62773,1.62733,1.62763
2026-08-22 04:45:00,1.62767,1.6277,1.62732,1.62761
2026-08-22 05:00:00,1.62757,1.62784,1.62724,1.62767
2026-08-22 05:15:00,1.62774,1.62804,1.62754,1.62801
2026-08-22 05:30:00,1.62798,1.62834,1.62792,1.62826
2026-08-22 05:45:00,1.62823,1.62824,1.6277,1.6282
2026-08-22 06:00:00,1.62815,1.62841,1.62791,1.62804
2026-08-22 06:15:00,1.62806,1.62821,1.62791,1.62806
2026-08-22 06:30:00,1.62802,1.62823,1.62781,1.62815
2026-08-22 06:45:00,1.62811,1.62861,1.62809,1.62838
2026-08-22 07:00:00,1.6284,1.63016,1.62755,1.62916
2026-08-22 07:15:00,1.62931,1.63078,1.62884,1.62929
2026-08-22 07:30:00,1.62931,1.63077,1.62858,1.63028
2026-08-22 07:45:00,1.62948,1.63072,1.62889,1.63011
2026-08-22 08:00:00,1.62943,1.6308,1.62854,1.62913
2026-08-22 08:15:00,1.62929,1.63067,1.62876,1.62972
2026-08-22 08:30:00,1.62935,1.63069,1.62909,1.63023
2026-08-22 08:45:00,1.62952,1.63068,1.62936,1.62937
2026-08-22 09:00:00,1.62942,1.63068,1.62883,1.62933
2026-08-22 09:15:00,1.62935,1.63065,1.629,1.62942
2026-08-22 09:30:00,1.62943,1.63061,1.62921,1.62974
2026-08-22 09:45:00,1.62954,1.63063,1.62928,1.62938
2026-08-22 10:00:00,1.62941,1.63067,1.62825,1.62837
2026-08-22 10:15:00,1.62838,1.62934,1.62804,1.62838
2026-08-22 10:30:00,1.62839,1.62844,1.62834,1.6284
2026-08-22 10:45:00,1.62836,1.63067,1.62832,1.62839
2026-08-22 11:00:00,1.62838,1.62844,1.62834,1.62835
2026-08-22 11:15:00,1.62836,1.62903,1.62802,1.6284
2026-08-22 11:30:00,1.62837,1.6304,1.62823,1.62842
2026-08-22 11:45:00,1.6286,1.6286,1.62833,1.62839
2026-08-22 12:00:00,1.62837,1.63013,1.62832,1.62837
2026-08-22 12:15:00,1.62838,1.62844,1.62833,1.6284
2026-08-22 12:30:00,1.62836,1.63049,1.62833,1.62839
2026-08-22 12:45:00,1.62836,1.63042,1.62801,1.62843
2026-08-22 13:00:00,1.62846,1.62846,1.62834,1.62835
2026-08-22 13:15:00,1.62835,1.63074,1.62833,1.62836
2026-08-22 13:30:00,1.62838,1.62842,1.62825,1.62838
2026-08-22 13:45:00,1.62835,1.63072,1.62829,1.62839
2026-08-22 14:00:00,1.62836,1.62954,1.62819,1.62837
2026-08-22 14:15:00,1.62845,1.62851,1.62825,1.62843
2026-08-22 14:30:00,1.62844,1.63077,1.6282,1.6285
2026-08-22 14:45:00,1.62847,1.62853,1.62841,1.62848
2026-08-22 15:00:00,1.62845,1.63075,1.62835,1.62847
2026-08-22 15:15:00,1.62846,1.63079,1.62841,1.6285
2026-08-22 15:30:00,1.62854,1.62857,1.6284,1.62848
2026-08-22 15:45:00,1.62846,1.6308,1.62813,1.62849
2026-08-22 16:00:00,1.62845,1.62854,1.62837,1.62843
2026-08-22 16:15:00,1.62843,1.62914,1.62836,1.62842
2026-08-22 16:30:00,1.62843,1.62922,1.62797,1.62848
2026-08-22 16:45:00,1.62864,1.62864,1.62837,1.62847
2026-08-22 17:00:00,1.62843,1.62889,1.62827,1.62845
2026-08-22 17:15:00,1.62844,1.6285,1.62837,1.6284
2026-08-22 17:30:00,1.62843,1.62877,1.62834,1.62847
2026-08-22 17:45:00,1.62843,1.63082,1.62834,1.62845
2026-08-22 18:00:00,1.62863,1.62863,1.62839,1.62848
2026-08-22 18:15:00,1.62847,1.63002,1.6276,1.6284
2026-08-22 18:30:00,1.62845,1.62854,1.62838,1.62849
2026-08-22 18:45:00,1.62846,1.63073,1.62839,1.62848
2026-08-22 19:00:00,1.62845,1.63063,1.62839,1.62852
2026-08-22 19:15:00,1.62869,1.62869,1.62839,1.62841
2026-08-22 19:30:00,1.62843,1.63079,1.62838,1.62842
2026-08-22 19:45:00,1.62846,1.62851,1.62838,1.62844
2026-08-22 20:00:00,1.62841,1.62974,1.62762,1.62846
2026-08-22 20:15:00,1.62843,1.62936,1.62834,1.62845
2026-08-22 20:30:00,1.62865,1.62869,1.62832,1.62848
2026-08-22 20:45:00,1.62844,1.63064,1.62835,1.62841
2026-08-22 21:00:00,1.62845,1.6285,1.62838,1.62844
2026-08-22 21:15:00,1.6284,1.62939,1.62818,1.62841
2026-08-22 21:30:00,1.62842,1.63049,1.62815,1.62976
2026-08-22 21:45:00,1.62945,1.62971,1.62881,1.62891
2026-08-22 22:00:00,1.62888,1.63065,1.62829,1.62907
2026-08-22 22:15:00,1.62904,1.62949,1.62833,1.62876
2026-08-22 22:30:00,1.62881,1.63055,1.62819,1.62861
2026-08-22 22:45:00,1.62863,1.63068,1.62852,1.62906
2026-08-22 23:00:00,1.62896,1.62896,1.6288,1.62886
2026-08-22 23:15:00,1.62883,1.63056,1.62868,1.62937
2026-08-22 23:30:00,1.62937,1.6294,1.6293,1.62931
2026-08-22 23:45:00,1.62933,1.63032,1.62908,1.6292
2026-08-23 00:00:00,1.6292,1.63056,1.62815,1.62924
2026-08-23 00:15:00,1.62912,1.62912,1.62896,1.62901
2026-08-23 00:30:00,1.62898,1.63056,1.62862,1.62903
2026-08-23 00:45:00,1.62904,1.6291,1.62898,1.62901
2026-08-23 01:00:00,1.62901,1.6304,1.62891,1.62944
2026-08-23 01:15:00,1.62941,1.63025,1.62911,1.62975
2026-08-23 01:30:00,1.62967,1.62972,1.62953,1.62953
2026-08-23 01:45:00,1.62954,1.6302,1.62948,1.62971
2026-08-23 02:00:00,1.62971,1.62974,1.62803,1.62863
2026-08-23 02:15:00,1.6286,1.6306,1.62852,1.6289
2026-08-23 02:30:00,1.62887,1.6307,1.62864,1.63034
2026-08-23 02:45:00,1.62966,1.62975,1.62869,1.62878
2026-08-23 03:00:00,1.62879,1.63073,1.62854,1.62899
2026-08-23 03:15:00,1.629,1.62909,1.62874,1.62904
2026-08-23 03:30:00,1.62895,1.63061,1.62849,1.62899
2026-08-23 03:45:00,1.62897,1.63069,1.62821,1.62837
2026-08-23 04:00:00,1.62875,1.62952,1.62875,1.62911
2026-08-23 04:15:00,1.62909,1.63065,1.62906,1.62997
2026-08-23 04:30:00,1.62993,1.62993,1.62894,1.62923
2026-08-23 04:45:00,1.62918,1.63069,1.62869,1.62876
2026-08-23 05:00:00,1.62877,1.63105,1.62872,1.63029
2026-08-23 05:15:00,1.62889,1.62942,1.62889,1.6293
2026-08-23 05:30:00,1.62926,1.63079,1.62897,1.62958
2026-08-23 05:45:00,1.62956,1.62963,1.62915,1.62916
2026-08-23 06:00:00,1.62917,1.63056,1.62854,1.62858
2026-08-23 06:15:00,1.62856,1.63081,1.62844,1.63
2026-08-23 06:30:00,1.62839,1.62894,1.62839,1.62851
2026-08-23 06:45:00,1.62848,1.63072,1.62805,1.6288
2026-08-23 07:00:00,1.6288,1.6291,1.62853,1.62863
2026-08-23 07:15:00,1.62863,1.63059,1.62835,1.62899
2026-08-23 07:30:00,1.62896,1.63039,1.62812,1.62977
2026-08-23 07:45:00,1.62847,1.63094,1.62847,1.62875
2026-08-23 08:00:00,1.62875,1.63068,1.62822,1.62885
2026-08-23 08:15:00,1.62886,1.62891,1.62881,1.62885
2026-08-23 08:30:00,1.62882,1.63052,1.62879,1.62909
2026-08-23 08:45:00,1.62906,1.63045,1.62904,1.62906
2026-08-23 09:00:00,1.62906,1.63043,1.62901,1.62924
2026-08-23 09:15:00,1.62925,1.63033,1.62856,1.62962
2026-08-23 09:30:00,1.62964,1.62964,1.62949,1.62955
2026-08-23 09:45:00,1.62951,1.63021,1.62945,1.62961
2026-08-23 10:00:00,1.62961,1.63034,1.62859,1.62889
2026-08-23 10:15:00,1.6289,1.63049,1.62884,1.62914
2026-08-23 10:30:00,1.62912,1.63035,1.62909,1.6294
2026-08-23 10:45:00,1.62936,1.62941,1.62929,1.62933
2026-08-23 11:00:00,1.62932,1.63033,1.62851,1.62963
2026-08-23 11:15:00,1.62964,1.62971,1.62962,1.62968
2026-08-23 11:30:00,1.62964,1.63028,1.62964,1.62981
2026-08-23 11:45:00,1.62978,1.6303,1.62974,1.63
2026-08-23 12:00:00,1.62998,1.63005,1.62995,1.62997
2026-08-23 12:15:00,1.62998,1.63039,1.62991,1.63017
2026-08-23 12:30:00,1.63013,1.63128,1.62815,1.62882
2026-08-23 12:45:00,1.62878,1.63048,1.62791,1.62932
2026-08-23 13:00:00,1.62929,1.63043,1.62927,1.62946
2026-08-23 13:15:00,1.62946,1.6295,1.6294,1.62942
2026-08-23 13:30:00,1.62943,1.63028,1.62918,1.62958
2026-08-23 13:45:00,1.62955,1.62962,1.62952,1.62957
2026-08-23 14:00:00,1.62954,1.63021,1.62953,1.62963
2026-08-23 14:15:00,1.62963,1.6304,1.62897,1.62958
2026-08-23 14:30:00,1.6296,1.6296,1.62946,1.62952
2026-08-23 14:45:00,1.6295,1.63021,1.62929,1.62964
2026-08-23 15:00:00,1.62961,1.62967,1.62956,1.62959
2026-08-23 15:15:00,1.62959,1.63017,1.62943,1.62968
2026-08-23 15:30:00,1.62969,1.63014,1.62964,1.62991
2026-08-23 15:45:00,1.62989,1.6299,1.62977,1.62983
2026-08-23 16:00:00,1.62979,1.63067,1.62781,1.62913
2026-08-23 16:15:00,1.62911,1.62919,1.62909,1.6291
2026-08-23 16:30:00,1.62911,1.63039,1.6288,1.62933
2026-08-23 16:45:00,1.6293,1.63033,1.62922,1.62953
2026-08-23 17:00:00,1.6295,1.62954,1.6294,1.62944
2026-08-23 17:15:00,1.62942,1.63023,1.62938,1.62953
2026-08-23 17:30:00,1.62954,1.62961,1.62951,1.62954
2026-08-23 17:45:00,1.62954,1.63043,1.62949,1.6302
2026-08-23 18:00:00,1.63016,1.63053,1.62982,1.63017
2026-08-23 18:15:00,1.63015,1.63022,1.63012,1.63014
2026-08-23 18:30:00,1.63015,1.63053,1.63012,1.63027
2026-08-23 18:45:00,1.63027,1.63034,1.63024,1.6303
2026-08-23 19:00:00,1.63027,1.63056,1.63016,1.6304
2026-08-23 19:15:00,1.63037,1.6306,1.63035,1.63044
2026-08-23 19:30:00,1.63045,1.63052,1.63042,1.63044
2026-08-23 19:45:00,1.63045,1.63063,1.63044,1.63054
2026-08-23 20:00:00,1.63051,1.63059,1.63049,1.63054
2026-08-23 20:15:00,1.63051,1.63058,1.63049,1.63051
2026-08-23 20:30:00,1.63051,1.63059,1.63049,1.6305
2026-08-23 20:45:00,1.63051,1.63058,1.63049,1.63053
2026-08-23 21:00:00,1.63051,1.63059,1.63049,1.63055
2026-08-23 21:15:00,1.63051,1.63059,1.63049,1.63053
2026-08-23 21:30:00,1.63051,1.6307,1.63019,1.63035
2026-08-23 21:45:00,1.63036,1.63043,1.63033,1.63038
2026-08-23 22:00:00,1.63036,1.63043,1.63033,1.63039
2026-08-23 22:15:00,1.63036,1.63043,1.63033,1.63037
2026-08-23 22:30:00,1.63036,1.63043,1.63033,1.63035
2026-08-23 22:45:00,1.63036,1.63043,1.63033,1.63039
2026-08-23 23:00:00,1.63036,1.63043,1.63033,1.63039
2026-08-23 23:15:00,1.63036,1.63045,1.62993,1.6302
2026-08-23 23:30:00,1.63018,1.63026,1.63016,1.63017
2026-08-23 23:45:00,1.63018,1.6305,1.62973,1.62988
2026-08-24 00:00:00,1.62988,1.63028,1.62874,1.62915
2026-08-24 00:15:00,1.62911,1.62918,1.62851,1.62862
2026-08-24 00:30:00,1.62859,1.62859,1.62846,1.62849
2026-08-24 00:45:00,1.6285,1.62857,1.62846,1.62849
2026-08-24 01:00:00,1.62849,1.62898,1.62838,1.62842
2026-08-24 01:15:00,1.62839,1.62848,1.62837,1.62842
2026-08-24 01:30:00,1.62839,1.62847,1.62836,1.62844
2026-08-24 01:45:00,1.62841,1.62848,1.62838,1.62841
2026-08-24 02:00:00,1.62841,1.62847,1.62825,1.62843
2026-08-24 02:15:00,1.62841,1.62866,1.62839,1.6286
2026-08-24 02:30:00,1.62856,1.62912,1.62855,1.62861
2026-08-24 02:45:00,1.62865,1.62879,1.62788,1.62832
2026-08-24 03:00:00,1.62825,1.62883,1.62801,1.6283
2026-08-24 03:15:00,1.62828,1.62839,1.62777,1.62796
2026-08-24 03:30:00,1.62791,1.62834,1.62771,1.62832
2026-08-24 03:45:00,1.6283,1.62841,1.62807,1.62833
2026-08-24 04:00:00,1.62834,1.62871,1.62786,1.62837
2026-08-24 04:15:00,1.62825,1.62894,1.62825,1.62845
2026-08-24 04:30:00,1.6283,1.62849,1.62806,1.62843
2026-08-24 04:45:00,1.62832,1.62849,1.6283,1.62843
2026-08-24 05:00:00,1.62839,1.63011,1.62746,1.62887
2026-08-24 05:15:00,1.62928,1.63042,1.62814,1.6293
2026-08-24 05:30:00,1.62902,1.63122,1.62649,1.62937
2026-08-24 05:45:00,1.62813,1.63003,1.62781,1.62872
2026-08-24 06:00:00,1.62882,1.62999,1.62809,1.62919
2026-08-24 06:15:00,1.62926,1.62997,1.62827,1.62962
2026-08-24 06:30:00,1.62949,1.63006,1.62862,1.62957
2026-08-24 06:45:00,1.62949,1.631,1.62893,1.62909
2026-08-24 07:00:00,1.62952,1.6306,1.62938,1.63003
2026-08-24 07:15:00,1.63017,1.63019,1.62969,1.62994
2026-08-24 07:30:00,1.62987,1.63015,1.62932,1.62986
2026-08-24 07:45:00,1.62981,1.63041,1.62951,1.6297
2026-08-24 08:00:00,1.62984,1.63046,1.62868,1.6289
2026-08-24 08:15:00,1.62897,1.62907,1.62872,1.62896
2026-08-24 08:30:00,1.62892,1.62904,1.62836,1.62849
2026-08-24 08:45:00,1.62846,1.62865,1.62827,1.62862
2026-08-24 09:00:00,1.62861,1.62901,1.62837,1.62866
2026-08-24 09:15:00,1.6287,1.62893,1.62855,1.62889
2026-08-24 09:30:00,1.62884,1.62892,1.6284,1.62891
2026-08-24 09:45:00,1.62883,1.62912,1.62868,1.62904
2026-08-24 10:00:00,1.62897,1.62922,1.62839,1.62863
2026-08-24 10:15:00,1.62876,1.6297,1.62874,1.6293
2026-08-24 10:30:00,1.62934,1.62937,1.62871,1.62934
2026-08-24 10:45:00,1.62931,1.62936,1.62854,1.62884
2026-08-24 11:00:00,1.62883,1.62893,1.62796,1.62837
2026-08-24 11:15:00,1.62824,1.62933,1.62807,1.62905
2026-08-24 11:30:00,1.62903,1.6295,1.62891,1.62945
2026-08-24 11:45:00,1.6293,1.6299,1.62918,1.62973
2026-08-24 12:00:00,1.62971,1.63026,1.62942,1.62948
2026-08-24 12:15:00,1.62947,1.62955,1.62915,1.62954
2026-08-24 12:30:00,1.62951,1.62978,1.62924,1.62957
2026-08-24 12:45:00,1.62963,1.63042,1.62958,1.63032
2026-08-24 13:00:00,1.63025,1.63064,1.63005,1.63043
2026-08-24 13:15:00,1.63048,1.63049,1.62997,1.63007
2026-08-24 13:30:00,1.63016,1.63039,1.62992,1.63018
2026-08-24 13:45:00,1.63022,1.63047,1.63007,1.63028
2026-08-24 14:00:00,1.6302,1.63037,1.62969,1.6299
2026-08-24 14:15:00,1.63002,1.63043,1.62974,1.63029
2026-08-24 14:30:00,1.63032,1.63046,1.62978,1.62988
2026-08-24 14:45:00,1.62993,1.63006,1.6296,1.63002
2026-08-24 15:00:00,1.62998,1.63016,1.62953,1.62958
2026-08-24 15:15:00,1.6296,1.62973,1.62923,1.62954
2026-08-24 15:30:00,1.6295,1.62997,1.62934,1.62945
2026-08-24 15:45:00,1.62947,1.62956,1.62894,1.62935
2026-08-24 16:00:00,1.6293,1.62953,1.62902,1.62942
2026-08-24 16:15:00,1.62941,1.62995,1.62909,1.62977
2026-08-24 16:30:00,1.62972,1.62987,1.62906,1.62914
2026-08-24 16:45:00,1.62923,1.62937,1.62851,1.6289
2026-08-24 17:00:00,1.62892,1.62917,1.62848,1.62886
2026-08-24 17:15:00,1.6288,1.62925,1.62825,1.62917
2026-08-24 17:30:00,1.62905,1.62946,1.62856,1.62869
2026-08-24 17:45:00,1.62891,1.62891,1.6282,1.62859
2026-08-24 18:00:00,1.62856,1.62883,1.62824,1.62842
2026-08-24 18:15:00,1.62839,1.62898,1.62824,1.62894
2026-08-24 18:30:00,1.62892,1.62911,1.62863,1.62896
2026-08-24 18:45:00,1.62891,1.62907,1.62848,1.62898
2026-08-24 19:00:00,1.62894,1.62911,1.62832,1.62838
2026-08-24 19:15:00,1.62847,1.62869,1.62838,1.62843
2026-08-24 19:30:00,1.62849,1.62871,1.62824,1.62832
2026-08-24 19:45:00,1.62836,1.62848,1.6281,1.62842
2026-08-24 20:00:00,1.6284,1.6284,1.62798,1.62823
2026-08-24 20:15:00,1.62819,1.62835,1.62802,1.62825
2026-08-24 20:30:00,1.6282,1.62874,1.62808,1.62857
2026-08-24 20:45:00,1.6286,1.62926,1.6286,1.62902
2026-08-24 21:00:00,1.62905,1.62964,1.62897,1.62956
2026-08-24 21:15:00,1.6295,1.62967,1.6291,1.62941
2026-08-24 21:30:00,1.6294,1.62941,1.62761,1.62825
2026-08-24 21:45:00,1.62814,1.62875,1.62808,1.62823
2026-08-24 22:00:00,1.6283,1.62926,1.62825,1.62887
2026-08-24 22:15:00,1.62882,1.6292,1.62869,1.62887
2026-08-24 22:30:00,1.62883,1.62943,1.62791,1.62903
2026-08-24 22:45:00,1.62898,1.62935,1.62881,1.62934
2026-08-24 23:00:00,1.6293,1.6294,1.62869,1.62906
2026-08-24 23:15:00,1.62896,1.62921,1.62835,1.6284
2026-08-24 23:30:00,1.62845,1.62888,1.62811,1.62877
2026-08-24 23:45:00,1.62862,1.62931,1.62818,1.62869
2026-08-25 00:00:00,1.62873,1.6294,1.62809,1.62931
2026-08-25 00:15:00,1.62907,1.62953,1.62891,1.62951
2026-08-25 00:30:00,1.62946,1.63015,1.62931,1.63008
2026-08-25 00:45:00,1.62998,1.63069,1.62997,1.63067
2026-08-25 01:00:00,1.63064,1.63114,1.63046,1.63111
2026-08-25 01:15:00,1.63103,1.63149,1.63092,1.63131
2026-08-25 01:30:00,1.63119,1.63148,1.63069,1.63098
2026-08-25 01:45:00,1.63103,1.63157,1.63061,1.63143
2026-08-25 02:00:00,1.63147,1.63163,1.63097,1.63136
2026-08-25 02:15:00,1.63152,1.63175,1.63116,1.63132
2026-08-25 02:30:00,1.63128,1.63171,1.63124,1.63152
2026-08-25 02:45:00,1.63158,1.63162,1.63102,1.63153
2026-08-25 03:00:00,1.63144,1.63188,1.63082,1.63141
2026-08-25 03:15:00,1.63136,1.63192,1.63125,1.63189
2026-08-25 03:30:00,1.63178,1.63207,1.63166,1.63182
2026-08-25 03:45:00,1.63187,1.63241,1.63181,1.63237
2026-08-25 04:00:00,1.63231,1.63243,1.63175,1.63178
2026-08-25 04:15:00,1.63183,1.63194,1.6313,1.6315
2026-08-25 04:30:00,1.63146,1.6318,1.63118,1.63137
2026-08-25 04:45:00,1.63144,1.63191,1.63137,1.63176
2026-08-25 05:00:00,1.63181,1.632,1.63144,1.63159
2026-08-25 05:15:00,1.63168,1.63178,1.63134,1.63155
2026-08-25 05:30:00,1.63151,1.63166,1.63136,1.63157
2026-08-25 05:45:00,1.63155,1.63165,1.63126,1.63137
2026-08-25 06:00:00,1.63143,1.63151,1.63121,1.63141
2026-08-25 06:15:00,1.63141,1.63161,1.63128,1.63154
2026-08-25 06:30:00,1.63151,1.63167,1.63128,1.63144
2026-08-25 06:45:00,1.63141,1.63155,1.63124,1.63128
2026-08-25 07:00:00,1.63133,1.63205,1.63117,1.63166
2026-08-25 07:15:00,1.6316,1.63174,1.63073,1.63118
2026-08-25 07:30:00,1.63116,1.6315,1.63106,1.63146
2026-08-25 07:45:00,1.63142,1.6318,1.63122,1.6314
2026-08-25 08:00:00,1.63149,1.63177,1.63121,1.63161
2026-08-25 08:15:00,1.63158,1.63161,1.63134,1.63147
2026-08-25 08:30:00,1.63145,1.63153,1.63124,1.63152
2026-08-25 08:45:00,1.63146,1.63162,1.63132,1.63149
2026-08-25 09:00:00,1.63147,1.63173,1.63126,1.63162
2026-08-25 09:15:00,1.63162,1.63177,1.63147,1.6317
2026-08-25 09:30:00,1.63164,1.63177,1.63111,1.6313
2026-08-25 09:45:00,1.63124,1.63124,1.63076,1.63079
2026-08-25 10:00:00,1.63083,1.63113,1.63053,1.63056
2026-08-25 10:15:00,1.63064,1.63091,1.63044,1.63051
2026-08-25 10:30:00,1.63057,1.63069,1.62995,1.63003
2026-08-25 10:45:00,1.63011,1.6309,1.62997,1.63031
2026-08-25 11:00:00,1.63046,1.63059,1.62988,1.62993
2026-08-25 11:15:00,1.63,1.63069,1.62956,1.63022
2026-08-25 11:30:00,1.63031,1.63084,1.62999,1.63028
2026-08-25 11:45:00,1.6302,1.63071,1.63007,1.63069
2026-08-25 12:00:00,1.63061,1.63078,1.63013,1.63025
2026-08-25 12:15:00,1.63028,1.6305,1.63015,1.63017
2026-08-25 12:30:00,1.63022,1.63055,1.62973,1.62988
2026-08-25 12:45:00,1.62979,1.63036,1.6296,1.63031
2026-08-25 13:00:00,1.6302,1.63043,1.62939,1.6299
2026-08-25 13:15:00,1.62984,1.62993,1.62924,1.62956
2026-08-25 13:30:00,1.6295,1.6301,1.62942,1.62979
2026-08-25 13:45:00,1.62981,1.6306,1.62973,1.63055
2026-08-25 14:00:00,1.63041,1.63091,1.63041,1.63061
2026-08-25 14:15:00,1.63064,1.63115,1.63042,1.63113
2026-08-25 14:30:00,1.63109,1.63121,1.63042,1.63078
2026-08-25 14:45:00,1.63075,1.63084,1.63032,1.63041
2026-08-25 15:00:00,1.63036,1.63051,1.62979,1.6299
2026-08-25 15:15:00,1.62995,1.63008,1.62948,1.62967
2026-08-25 15:30:00,1.6296,1.62987,1.62944,1.62981
2026-08-25 15:45:00,1.62967,1.63047,1.62955,1.63044
2026-08-25 16:00:00,1.63035,1.63061,1.62962,1.63025
2026-08-25 16:15:00,1.63032,1.63096,1.63029,1.63076
2026-08-25 16:30:00,1.63086,1.63131,1.63043,1.63108
2026-08-25 16:45:00,1.63101,1.63143,1.63081,1.63126
2026-08-25 17:00:00,1.63121,1.63174,1.63086,1.63162
2026-08-25 17:15:00,1.63154,1.63198,1.63148,1.63158
2026-08-25 17:30:00,1.63156,1.63203,1.63116,1.63201
2026-08-25 17:45:00,1.63199,1.63218,1.63164,1.63194
2026-08-25 18:00:00,1.63182,1.63324,1.63182,1.633
2026-08-25 18:15:00,1.63307,1.63307,1.63131,1.63217
2026-08-25 18:30:00,1.63211,1.6326,1.63177,1.63257
2026-08-25 18:45:00,1.63251,1.63254,1.63186,1.63218
2026-08-25 19:00:00,1.6321,1.63252,1.63192,1.63249
2026-08-25 19:15:00,1.63245,1.63248,1.6316,1.63202
2026-08-25 19:30:00,1.63198,1.6324,1.63103,1.63143
2026-08-25 19:45:00,1.63134,1.63146,1.6305,1.6309
2026-08-25 20:00:00,1.63083,1.63135,1.63065,1.63117
2026-08-25 20:15:00,1.63112,1.63113,1.63053,1.6306
2026-08-25 20:30:00,1.63072,1.63089,1.63025,1.63054
2026-08-25 20:45:00,1.63065,1.63067,1.63028,1.63058
2026-08-25 21:00:00,1.63055,1.63071,1.63024,1.63048
2026-08-25 21:15:00,1.63043,1.63059,1.62977,1.63024
2026-08-25 21:30:00,1.63021,1.63022,1.62955,1.62963
2026-08-25 21:45:00,1.62978,1.63006,1.62946,1.62982
2026-08-25 22:00:00,1.62988,1.6304,1.62984,1.63039
2026-08-25 22:15:00,1.63033,1.63082,1.63013,1.63065
2026-08-25 22:30:00,1.63069,1.63117,1.63054,1.63072
2026-08-25 22:45:00,1.6308,1.631,1.6305,1.63052
2026-08-25 23:00:00,1.63056,1.63116,1.62981,1.63019
2026-08-25 23:15:00,1.63016,1.63073,1.62971,1.63068
2026-08-25 23:30:00,1.63057,1.63129,1.63027,1.63125
2026-08-25 23:45:00,1.63117,1.63126,1.6306,1.63116
2026-08-26 00:00:00,1.6311,1.63113,1.6304,1.6307
2026-08-26 00:15:00,1.63074,1.63096,1.6304,1.63064
2026-08-26 00:30:00,1.63062,1.63075,1.6298,1.6304
2026-08-26 00:45:00,1.63028,1.63088,1.6293,1.63036
2026-08-26 01:00:00,1.63046,1.63131,1.6304,1.63125
2026-08-26 01:15:00,1.63109,1.63148,1.63091,1.63104
2026-08-26 01:30:00,1.63113,1.63116,1.62993,1.63047
2026-08-26 01:45:00,1.63043,1.631,1.63035,1.63038
2026-08-26 02:00:00,1.63048,1.63076,1.63025,1.63062
2026-08-26 02:15:00,1.63062,1.63099,1.63047,1.63082
2026-08-26 02:30:00,1.63079,1.63102,1.63064,1.63098
2026-08-26 02:45:00,1.63096,1.63132,1.63079,1.63127
2026-08-26 03:00:00,1.6312,1.63144,1.63099,1.63123
2026-08-26 03:15:00,1.63125,1.63133,1.63084,1.63132
2026-08-26 03:30:00,1.63127,1.63127,1.63065,1.63091
2026-08-26 03:45:00,1.6309,1.63109,1.63077,1.63107
2026-08-26 04:00:00,1.63104,1.63112,1.63073,1.63094
2026-08-26 04:15:00,1.63101,1.6311,1.63069,1.63095
2026-08-26 04:30:00,1.63091,1.63102,1.63067,1.63071
2026-08-26 04:45:00,1.63075,1.63079,1.63046,1.63058
2026-08-26 05:00:00,1.63059,1.63083,1.63042,1.63063
2026-08-26 05:15:00,1.63059,1.6307,1.63025,1.63054
2026-08-26 05:30:00,1.63049,1.63049,1.62962,1.62977
2026-08-26 05:45:00,1.62974,1.62983,1.62932,1.62948
2026-08-26 06:00:00,1.62959,1.62993,1.6294,1.62954
2026-08-26 06:15:00,1.62952,1.62954,1.62885,1.62929
2026-08-26 06:30:00,1.62919,1.62952,1.62902,1.62948
2026-08-26 06:45:00,1.62945,1.62963,1.62925,1.62957
2026-08-26 07:00:00,1.62947,1.63037,1.62932,1.63014
2026-08-26 07:15:00,1.63006,1.63006,1.62959,1.63002
2026-08-26 07:30:00,1.63,1.63071,1.62981,1.63042
2026-08-26 07:45:00,1.63036,1.63049,1.62952,1.62956
2026-08-26 08:00:00,1.62964,1.6301,1.62945,1.62983
2026-08-26 08:15:00,1.62985,1.63003,1.62976,1.62987
2026-08-26 08:30:00,1.62987,1.63015,1.62978,1.63002
2026-08-26 08:45:00,1.62996,1.62996,1.62962,1.62973
2026-08-26 09:00:00,1.62973,1.63013,1.62945,1.62956
2026-08-26 09:15:00,1.62959,1.62965,1.62938,1.62948
2026-08-26 09:30:00,1.62946,1.62958,1.62923,1.62931
2026-08-26 09:45:00,1.62935,1.62951,1.62894,1.62933
2026-08-26 10:00:00,1.62939,1.62965,1.62898,1.62913
2026-08-26 10:15:00,1.62909,1.62929,1.62848,1.62927
2026-08-26 10:30:00,1.62924,1.62961,1.62908,1.62922
2026-08-26 10:45:00,1.62926,1.62974,1.62897,1.62971
2026-08-26 11:00:00,1.62964,1.62985,1.62939,1.62982
2026-08-26 11:15:00,1.62978,1.62995,1.62945,1.62987
2026-08-26 11:30:00,1.62987,1.63086,1.62651,1.62718
2026-08-26 11:45:00,1.62722,1.62744,1.62511,1.62626
2026-08-26 12:00:00,1.62623,1.62656,1.62531,1.62557
2026-08-26 12:15:00,1.6256,1.62574,1.62519,1.62546
2026-08-26 12:30:00,1.62549,1.62562,1.62401,1.62451
2026-08-26 12:45:00,1.62444,1.62551,1.62444,1.62531
2026-08-26 13:00:00,1.62538,1.62538,1.62486,1.62526
2026-08-26 13:15:00,1.62523,1.62532,1.62389,1.62423
2026-08-26 13:30:00,1.62417,1.62423,1.62329,1.62334
2026-08-26 13:45:00,1.62342,1.62422,1.62313,1.62419
2026-08-26 14:00:00,1.62415,1.62456,1.62384,1.62452
2026-08-26 14:15:00,1.62445,1.62464,1.62407,1.62461
2026-08-26 14:30:00,1.62457,1.62503,1.62448,1.62489
2026-08-26 14:45:00,1.6249,1.62521,1.62479,1.62492
2026-08-26 15:00:00,1.62495,1.62506,1.62437,1.62449
2026-08-26 15:15:00,1.62453,1.62469,1.62432,1.62453
2026-08-26 15:30:00,1.62456,1.62475,1.62404,1.62432
2026-08-26 15:45:00,1.62426,1.62426,1.62366,1.62394
2026-08-26 16:00:00,1.62389,1.62422,1.62328,1.62341
2026-08-26 16:15:00,1.62346,1.62437,1.62324,1.62432
2026-08-26 16:30:00,1.62425,1.62547,1.62419,1.6252
2026-08-26 16:45:00,1.62519,1.62527,1.62485,1.62491
2026-08-26 17:00:00,1.62493,1.62543,1.6248,1.62506
2026-08-26 17:15:00,1.62515,1.62603,1.62501,1.62569
2026-08-26 17:30:00,1.62579,1.62623,1.62565,1.62569
2026-08-26 17:45:00,1.62575,1.62575,1.62511,1.62542
2026-08-26 18:00:00,1.62533,1.62555,1.62489,1.62495
2026-08-26 18:15:00,1.62506,1.62562,1.62482,1.62539
2026-08-26 18:30:00,1.62543,1.62574,1.62522,1.62542
2026-08-26 18:45:00,1.62545,1.62557,1.62522,1.6253
2026-08-26 19:00:00,1.62534,1.62544,1.62466,1.62486
2026-08-26 19:15:00,1.62485,1.62512,1.62425,1.6249
2026-08-26 19:30:00,1.62486,1.62508,1.6245,1.62491
2026-08-26 19:45:00,1.62486,1.62501,1.62446,1.6245
2026-08-26 20:00:00,1.62456,1.62456,1.62429,1.62446
2026-08-26 20:15:00,1.62441,1.62469,1.62412,1.62433
2026-08-26 20:30:00,1.6243,1.6245,1.62402,1.62443
2026-08-26 20:45:00,1.62434,1.62448,1.62406,1.62429
2026-08-26 21:00:00,1.62425,1.62455,1.62411,1.62437
2026-08-26 21:15:00,1.62441,1.62443,1.62383,1.62385
2026-08-26 21:30:00,1.62389,1.62436,1.62389,1.62429
2026-08-26 21:45:00,1.6242,1.62449,1.62408,1.62423
2026-08-26 22:00:00,1.62421,1.62443,1.62389,1.6244
2026-08-26 22:15:00,1.62432,1.62452,1.62384,1.62405
2026-08-26 22:30:00,1.62398,1.62464,1.62333,1.62443
2026-08-26 22:45:00,1.62446,1.62467,1.62386,1.62406
2026-08-26 23:00:00,1.62421,1.62435,1.62357,1.62411
2026-08-26 23:15:00,1.62405,1.62455,1.62388,1.62451
2026-08-26 23:30:00,1.6244,1.62457,1.62386,1.62408
2026-08-26 23:45:00,1.62412,1.62413,1.62344,1.62394
2026-08-27 00:00:00,1.62384,1.62458,1.6237,1.62415
2026-08-27 00:15:00,1.62405,1.62448,1.62389,1.62441
2026-08-27 00:30:00,1.62434,1.62434,1.62371,1.62432
2026-08-27 00:45:00,1.62429,1.62523,1.62377,1.62521
2026-08-27 01:00:00,1.62516,1.62582,1.625,1.6258
2026-08-27 01:15:00,1.62572,1.62614,1.62558,1.62575
2026-08-27 01:30:00,1.62572,1.62581,1.62517,1.62524
2026-08-27 01:45:00,1.62536,1.62577,1.62502,1.62538
2026-08-27 02:00:00,1.62533,1.6255,1.62491,1.62536
2026-08-27 02:15:00,1.62533,1.6254,1.62477,1.62504
2026-08-27 02:30:00,1.62499,1.62517,1.62477,1.62512
2026-08-27 02:45:00,1.62504,1.62541,1.62499,1.62515
2026-08-27 03:00:00,1.62521,1.62523,1.62489,1.62497
2026-08-27 03:15:00,1.62498,1.625,1.62434,1.62454
2026-08-27 03:30:00,1.62447,1.62464,1.62429,1.62459
2026-08-27 03:45:00,1.62458,1.62477,1.6243,1.62463
2026-08-27 04:00:00,1.62459,1.62463,1.62419,1.6245
2026-08-27 04:15:00,1.62444,1.6247,1.62432,1.62469
2026-08-27 04:30:00,1.62465,1.62475,1.62449,1.62463
2026-08-27 04:45:00,1.6246,1.62474,1.62446,1.62468
2026-08-27 05:00:00,1.62466,1.62468,1.62424,1.62454
2026-08-27 05:15:00,1.62454,1.62468,1.62437,1.62453
2026-08-27 05:30:00,1.6245,1.62475,1.62433,1.62472
2026-08-27 05:45:00,1.62469,1.62489,1.62442,1.62455
2026-08-27 06:00:00,1.62461,1.6247,1.62427,1.62434
2026-08-27 06:15:00,1.62439,1.62451,1.62423,1.62451
2026-08-27 06:30:00,1.62447,1.62461,1.62434,1.62457
2026-08-27 06:45:00,1.62453,1.62468,1.6243,1.62438
2026-08-27 07:00:00,1.62447,1.62584,1.62438,1.62515
2026-08-27 07:15:00,1.62517,1.62549,1.62444,1.62489
2026-08-27 07:30:00,1.62452,1.62542,1.62452,1.62497
2026-08-27 07:45:00,1.625,1.62509,1.62395,1.6241
2026-08-27 08:00:00,1.62405,1.6242,1.62374,1.62403
2026-08-27 08:15:00,1.62406,1.62422,1.62365,1.62405
2026-08-27 08:30:00,1.62401,1.62403,1.62344,1.62347
2026-08-27 08:45:00,1.62349,1.62355,1.62305,1.62326
2026-08-27 09:00:00,1.6232,1.6233,1.62247,1.62267
2026-08-27 09:15:00,1.62261,1.62306,1.62259,1.62305
2026-08-27 09:30:00,1.62301,1.62317,1.62268,1.62277
2026-08-27 09:45:00,1.62274,1.62305,1.62229,1.62304
2026-08-27 10:00:00,1.62299,1.62436,1.62281,1.6243
2026-08-27 10:15:00,1.62427,1.62439,1.62345,1.62383
2026-08-27 10:30:00,1.62381,1.62402,1.62341,1.62385
2026-08-27 10:45:00,1.62386,1.62408,1.62327,1.6233
2026-08-27 11:00:00,1.62335,1.62347,1.62256,1.62326
2026-08-27 11:15:00,1.62334,1.62374,1.62239,1.62282
2026-08-27 11:30:00,1.62274,1.62329,1.62249,1.62316
2026-08-27 11:45:00,1.62316,1.62368,1.62283,1.62287
2026-08-27 12:00:00,1.62293,1.62322,1.62256,1.62267
2026-08-27 12:15:00,1.62272,1.6228,1.62218,1.62243
2026-08-27 12:30:00,1.62238,1.62274,1.62218,1.62273
2026-08-27 12:45:00,1.62271,1.62295,1.62218,1.6227
2026-08-27 13:00:00,1.62273,1.62309,1.62267,1.62293
2026-08-27 13:15:00,1.62291,1.62299,1.62216,1.6225
2026-08-27 13:30:00,1.62244,1.62271,1.62242,1.62263
2026-08-27 13:45:00,1.62258,1.62281,1.62248,1.62263
2026-08-27 14:00:00,1.62259,1.62268,1.62216,1.62233
2026-08-27 14:15:00,1.6223,1.62252,1.62197,1.62248
2026-08-27 14:30:00,1.62242,1.62303,1.62232,1.62285
2026-08-27 14:45:00,1.62283,1.62291,1.62195,1.62211
2026-08-27 15:00:00,1.62206,1.62274,1.62206,1.62271
2026-08-27 15:15:00,1.62266,1.62313,1.62256,1.62281
2026-08-27 15:30:00,1.62277,1.62308,1.62261,1.62278
2026-08-27 15:45:00,1.62285,1.62285,1.62226,1.62265
2026-08-27 16:00:00,1.62259,1.62286,1.62216,1.62233
2026-08-27 16:15:00,1.62229,1.62229,1.62181,1.62185
2026-08-27 16:30:00,1.62192,1.62246,1.62175,1.62243
2026-08-27 16:45:00,1.6224,1.62283,1.62195,1.62232
2026-08-27 17:00:00,1.62229,1.62233,1.62183,1.62231
2026-08-27 17:15:00,1.62223,1.62299,1.62218,1.62294
2026-08-27 17:30:00,1.62287,1.62302,1.62245,1.62267
2026-08-27 17:45:00,1.62265,1.62301,1.62244,1.62296
2026-08-27 18:00:00,1.62292,1.62316,1.62202,1.62211
2026-08-27 18:15:00,1.62226,1.62226,1.62111,1.62119
2026-08-27 18:30:00,1.62136,1.62198,1.62123,1.62153
2026-08-27 18:45:00,1.62161,1.62192,1.62143,1.6215
2026-08-27 19:00:00,1.62156,1.62239,1.62138,1.62206
2026-08-27 19:15:00,1.62193,1.62239,1.62182,1.62211
2026-08-27 19:30:00,1.62206,1.62239,1.6218,1.62222
2026-08-27 19:45:00,1.62228,1.6227,1.622,1.62215
2026-08-27 20:00:00,1.62225,1.62233,1.62169,1.62193
2026-08-27 20:15:00,1.62189,1.6223,1.62178,1.62218
2026-08-27 20:30:00,1.62217,1.62217,1.6212,1.62154
2026-08-27 20:45:00,1.62158,1.6217,1.62105,1.62132
2026-08-27 21:00:00,1.62125,1.62143,1.62108,1.62127
2026-08-27 21:15:00,1.62126,1.62135,1.62101,1.62111
2026-08-27 21:30:00,1.6211,1.6213,1.6203,1.62039
2026-08-27 21:45:00,1.62044,1.62078,1.6198,1.61992
2026-08-27 22:00:00,1.62013,1.62013,1.61917,1.61927
2026-08-27 22:15:00,1.61943,1.61957,1.619,1.61946
2026-08-27 22:30:00,1.61943,1.61996,1.61909,1.61971
2026-08-27 22:45:00,1.61979,1.62037,1.61956,1.6197
2026-08-27 23:00:00,1.61965,1.62011,1.61941,1.61949
2026-08-27 23:15:00,1.6196,1.62066,1.61952,1.62045
2026-08-27 23:30:00,1.62043,1.62092,1.62015,1.62047
2026-08-27 23:45:00,1.6204,1.6212,1.62011,1.62018
2026-08-28 00:00:00,1.6203,1.62055,1.61971,1.62024
2026-08-28 00:15:00,1.62039,1.62048,1.61958,1.62001
2026-08-28 00:30:00,1.61996,1.62013,1.61948,1.61974
2026-08-28 00:45:00,1.6198,1.62039,1.61933,1.61951
2026-08-28 01:00:00,1.61954,1.61988,1.6192,1.61959
2026-08-28 01:15:00,1.61965,1.61975,1.61939,1.61971
2026-08-28 01:30:00,1.61961,1.61976,1.61902,1.61906
2026-08-28 01:45:00,1.61907,1.61938,1.61897,1.61913
2026-08-28 02:00:00,1.61919,1.61948,1.61862,1.61944
2026-08-28 02:15:00,1.61941,1.61965,1.6192,1.61941
2026-08-28 02:30:00,1.61947,1.61964,1.61919,1.61944
2026-08-28 02:45:00,1.61941,1.61947,1.61894,1.61913
2026-08-28 03:00:00,1.61915,1.61926,1.61889,1.61895
2026-08-28 03:15:00,1.61903,1.61909,1.61881,1.61907
2026-08-28 03:30:00,1.61902,1.61902,1.61861,1.61877
2026-08-28 03:45:00,1.61875,1.61892,1.61849,1.61862
2026-08-28 04:00:00,1.61867,1.61893,1.61852,1.61888
2026-08-28 04:15:00,1.61882,1.61925,1.61878,1.61924
2026-08-28 04:30:00,1.61919,1.61935,1.61897,1.61907
2026-08-28 04:45:00,1.61909,1.61917,1.61882,1.61884
2026-08-28 05:00:00,1.61889,1.61924,1.6188,1.61883
2026-08-28 05:15:00,1.61889,1.61913,1.61882,1.61912
2026-08-28 05:30:00,1.61909,1.61916,1.61887,1.61898
2026-08-28 05:45:00,1.61897,1.61912,1.61877,1.61893
2026-08-28 06:00:00,1.6189,1.61922,1.61879,1.61902
2026-08-28 06:15:00,1.61907,1.61926,1.61897,1.6192
2026-08-28 06:30:00,1.61917,1.61951,1.61909,1.61947
2026-08-28 06:45:00,1.61944,1.61955,1.61918,1.61939
2026-08-28 07:00:00,1.61942,1.62047,1.61942,1.61974
2026-08-28 07:15:00,1.61997,1.62046,1.61946,1.61971
2026-08-28 07:30:00,1.6196,1.61996,1.61953,1.61982
2026-08-28 07:45:00,1.61976,1.62001,1.61964,1.61976
2026-08-28 08:00:00,1.61976,1.61988,1.6192,1.61984
2026-08-28 08:15:00,1.61978,1.61989,1.61949,1.61953
2026-08-28 08:30:00,1.61954,1.61968,1.61929,1.61955
2026-08-28 08:45:00,1.61948,1.6198,1.61944,1.6196
2026-08-28 09:00:00,1.61964,1.61994,1.61955,1.61988
2026-08-28 09:15:00,1.61981,1.62,1.61973,1.61991
2026-08-28 09:30:00,1.6199,1.61996,1.61964,1.61975
2026-08-28 09:45:00,1.6197,1.61989,1.61956,1.61971
2026-08-28 10:00:00,1.61968,1.61968,1.6191,1.61932
2026-08-28 10:15:00,1.61929,1.61936,1.61878,1.61882
2026-08-28 10:30:00,1.61888,1.61899,1.6186,1.61899
2026-08-28 10:45:00,1.61893,1.6195,1.61875,1.61922
2026-08-28 11:00:00,1.61928,1.61935,1.6184,1.6188
2026-08-28 11:15:00,1.61878,1.61923,1.6185,1.61916
2026-08-28 11:30:00,1.61904,1.61926,1.61868,1.61899
2026-08-28 11:45:00,1.61895,1.6191,1.61856,1.61873
2026-08-28 12:00:00,1.61876,1.61876,1.61803,1.61812
2026-08-28 12:15:00,1.61814,1.61814,1.61687,1.61762
2026-08-28 12:30:00,1.61758,1.6177,1.61721,1.61767
2026-08-28 12:45:00,1.61757,1.61782,1.61701,1.6172
2026-08-28 13:00:00,1.61715,1.61738,1.61694,1.61697
2026-08-28 13:15:00,1.61703,1.6172,1.61681,1.61718
2026-08-28 13:30:00,1.61714,1.61758,1.61695,1.61755
2026-08-28 13:45:00,1.61745,1.61781,1.6172,1.61737
2026-08-28 14:00:00,1.61734,1.61752,1.61711,1.61722
2026-08-28 14:15:00,1.61725,1.61735,1.61692,1.61718
2026-08-28 14:30:00,1.61727,1.61762,1.61717,1.61759
2026-08-28 14:45:00,1.61757,1.6179,1.6173,1.61787
2026-08-28 15:00:00,1.61783,1.61846,1.61756,1.61843
2026-08-28 15:15:00,1.61841,1.61858,1.61805,1.61825
2026-08-28 15:30:00,1.61823,1.61867,1.61791,1.61849
2026-08-28 15:45:00,1.61845,1.61845,1.61803,1.61834
2026-08-28 16:00:00,1.61829,1.6186,1.61784,1.61809
2026-08-28 16:15:00,1.61806,1.61806,1.61731,1.61743
2026-08-28 16:30:00,1.61748,1.61857,1.61739,1.618
2026-08-28 16:45:00,1.61804,1.61818,1.61739,1.61778
2026-08-28 17:00:00,1.61756,1.61853,1.61756,1.61819
2026-08-28 17:15:00,1.61829,1.61882,1.61795,1.61845
2026-08-28 17:30:00,1.61842,1.61861,1.61783,1.61818
2026-08-28 17:45:00,1.61822,1.61868,1.618,1.61854
2026-08-28 18:00:00,1.61857,1.61913,1.61836,1.61907
2026-08-28 18:15:00,1.61904,1.61906,1.61826,1.61857
2026-08-28 18:30:00,1.61863,1.61891,1.61836,1.61866
2026-08-28 18:45:00,1.61873,1.61873,1.6183,1.61872
2026-08-28 19:00:00,1.61866,1.61887,1.61806,1.61828
2026-08-28 19:15:00,1.61825,1.61833,1.61776,1.61782
2026-08-28 19:30:00,1.61792,1.61817,1.61768,1.6177
2026-08-28 19:45:00,1.61774,1.61788,1.61725,1.61732
2026-08-28 20:00:00,1.61736,1.61756,1.61701,1.6172
2026-08-28 20:15:00,1.61714,1.61744,1.61708,1.61739
2026-08-28 20:30:00,1.61736,1.61781,1.61735,1.61776
2026-08-28 20:45:00,1.61772,1.61803,1.61745,1.61799
2026-08-28 21:00:00,1.61793,1.61824,1.61776,1.61812
2026-08-28 21:15:00,1.61809,1.61843,1.61791,1.6184
2026-08-28 21:30:00,1.61833,1.6187,1.61824,1.61835
2026-08-28 21:45:00,1.61843,1.6189,1.61832,1.61883
2026-08-28 22:00:00,1.61882,1.61891,1.61818,1.61849
2026-08-28 22:15:00,1.61839,1.61846,1.61742,1.61787
2026-08-28 22:30:00,1.61778,1.61842,1.61776,1.61788
2026-08-28 22:45:00,1.61793,1.61806,1.61734,1.61788
2026-08-28 23:00:00,1.61783,1.61783,1.61693,1.61698
2026-08-28 23:15:00,1.61703,1.6178,1.61698,1.61774
2026-08-28 23:30:00,1.61759,1.61788,1.61718,1.61741
2026-08-28 23:45:00,1.61735,1.61795,1.61732,1.61763
2026-08-29 00:00:00,1.6177,1.61896,1.61614,1.61846
2026-08-29 00:15:00,1.61819,1.61891,1.61709,1.61852
2026-08-29 00:30:00,1.61832,1.6188,1.61675,1.61772
2026-08-29 00:45:00,1.61761,1.61808,1.61686,1.6171
2026-08-29 01:00:00,1.6173,1.61804,1.61642,1.61798
2026-08-29 01:15:00,1.61782,1.61831,1.6173,1.61799
2026-08-29 01:30:00,1.61789,1.61843,1.61746,1.61819
2026-08-29 01:45:00,1.61821,1.61898,1.61778,1.61895
2026-08-29 02:00:00,1.61888,1.61904,1.61799,1.61834
2026-08-29 02:15:00,1.61825,1.61902,1.61815,1.61825
2026-08-29 02:30:00,1.61837,1.61873,1.61794,1.61847
2026-08-29 02:45:00,1.61853,1.61866,1.61765,1.61796
2026-08-29 03:00:00,1.61805,1.61852,1.61789,1.61803
2026-08-29 03:15:00,1.61818,1.61833,1.61781,1.61826
2026-08-29 03:30:00,1.61818,1.61845,1.61785,1.61797
2026-08-29 03:45:00,1.61811,1.61811,1.61759,1.61793
2026-08-29 04:00:00,1.61794,1.61821,1.61758,1.61781
2026-08-29 04:15:00,1.61784,1.61859,1.61774,1.61816
2026-08-29 04:30:00,1.61821,1.61843,1.61778,1.6179
2026-08-29 04:45:00,1.61788,1.61794,1.61756,1.6177
2026-08-29 05:00:00,1.61774,1.61784,1.6172,1.6178
2026-08-29 05:15:00,1.61774,1.61785,1.61758,1.61768
2026-08-29 05:30:00,1.61765,1.61779,1.61731,1.61747
2026-08-29 05:45:00,1.61743,1.61772,1.61714,1.61742
2026-08-29 06:00:00,1.61736,1.61768,1.61727,1.61765
2026-08-29 06:15:00,1.61761,1.61779,1.61741,1.61773
2026-08-29 06:30:00,1.61769,1.61801,1.61755,1.61762
2026-08-29 06:45:00,1.61758,1.61769,1.61714,1.61725
2026-08-29 07:00:00,1.61735,1.61853,1.61536,1.61758
2026-08-29 07:15:00,1.6171,1.61791,1.61641,1.61745
2026-08-29 07:30:00,1.61714,1.61802,1.61602,1.61754
2026-08-29 07:45:00,1.6171,1.61798,1.616,1.61724
2026-08-29 08:00:00,1.6167,1.61802,1.61499,1.61714
2026-08-29 08:15:00,1.61715,1.61747,1.61707,1.61722
2026-08-29 08:30:00,1.61727,1.61741,1.61685,1.61729
2026-08-29 08:45:00,1.61721,1.61739,1.61708,1.61715
2026-08-29 09:00:00,1.61721,1.61735,1.61535,1.61719
2026-08-29 09:15:00,1.6172,1.61731,1.61659,1.61715
2026-08-29 09:30:00,1.61711,1.61743,1.61673,1.61729
2026-08-29 09:45:00,1.61723,1.61739,1.61687,1.61718
2026-08-29 10:00:00,1.61714,1.61813,1.61648,1.61731
2026-08-29 10:15:00,1.61732,1.61791,1.61706,1.61738
2026-08-29 10:30:00,1.61733,1.61741,1.61731,1.61738
2026-08-29 10:45:00,1.61735,1.61771,1.61714,1.61736
2026-08-29 11:00:00,1.61733,1.61741,1.61731,1.61732
2026-08-29 11:15:00,1.61733,1.61761,1.61712,1.61732
2026-08-29 11:30:00,1.61732,1.61768,1.61674,1.61738
2026-08-29 11:45:00,1.61735,1.61741,1.6173,1.61735
2026-08-29 12:00:00,1.61733,1.61809,1.61717,1.61732
2026-08-29 12:15:00,1.61732,1.6174,1.6173,1.61732
2026-08-29 12:30:00,1.61733,1.61819,1.61717,1.61735
2026-08-29 12:45:00,1.61732,1.61777,1.61715,1.61737
2026-08-29 13:00:00,1.61733,1.61741,1.6173,1.61732
2026-08-29 13:15:00,1.61732,1.61781,1.61638,1.61732
2026-08-29 13:30:00,1.61733,1.61741,1.6173,1.61734
2026-08-29 13:45:00,1.61732,1.61816,1.61714,1.61736
2026-08-29 14:00:00,1.61732,1.61795,1.61716,1.61735
2026-08-29 14:15:00,1.61733,1.61741,1.6173,1.6173
2026-08-29 14:30:00,1.61733,1.61814,1.61717,1.61735
2026-08-29 14:45:00,1.61732,1.6174,1.61728,1.61737
2026-08-29 15:00:00,1.61733,1.61812,1.6169,1.61736
2026-08-29 15:15:00,1.61734,1.61801,1.61719,1.61739
2026-08-29 15:30:00,1.61735,1.61742,1.61729,1.61733
2026-08-29 15:45:00,1.61733,1.61812,1.61717,1.61736
2026-08-29 16:00:00,1.61732,1.61741,1.61731,1.61735
2026-08-29 16:15:00,1.61733,1.61773,1.61709,1.61732
2026-08-29 16:30:00,1.61733,1.61786,1.61689,1.61747
2026-08-29 16:45:00,1.61738,1.6174,1.61728,1.61736
2026-08-29 17:00:00,1.61732,1.61762,1.6171,1.61735
2026-08-29 17:15:00,1.61732,1.61742,1.6173,1.61733
2026-08-29 17:30:00,1.61734,1.61811,1.61718,1.61732
2026-08-29 17:45:00,1.61732,1.61754,1.61712,1.61737
2026-08-29 18:00:00,1.61732,1.61742,1.61731,1.61739
2026-08-29 18:15:00,1.61735,1.61819,1.61674,1.61733
2026-08-29 18:30:00,1.61734,1.61742,1.61732,1.61734
2026-08-29 18:45:00,1.61735,1.61797,1.61707,1.61737
2026-08-29 19:00:00,1.61734,1.61816,1.61716,1.61734
2026-08-29 19:15:00,1.61728,1.61742,1.61728,1.61734
2026-08-29 19:30:00,1.61734,1.61816,1.61711,1.61739
2026-08-29 19:45:00,1.61735,1.61742,1.61731,1.61737
2026-08-29 20:00:00,1.61734,1.61778,1.61688,1.61736
2026-08-29 20:15:00,1.61732,1.61796,1.61718,1.61738
2026-08-29 20:30:00,1.61732,1.6174,1.61731,1.61731
2026-08-29 20:45:00,1.61733,1.61813,1.61718,1.61735
2026-08-29 21:00:00,1.61733,1.6174,1.6173,1.61736
2026-08-29 21:15:00,1.61732,1.61788,1.61716,1.61734
2026-08-29 21:30:00,1.61733,1.61814,1.61688,1.61697
2026-08-29 21:45:00,1.61717,1.61743,1.61717,1.61732
2026-08-29 22:00:00,1.61732,1.6182,1.61712,1.61736
2026-08-29 22:15:00,1.61733,1.6174,1.61729,1.61735
2026-08-29 22:30:00,1.61732,1.61814,1.61714,1.61732
2026-08-29 22:45:00,1.61733,1.61819,1.6171,1.61715
2026-08-29 23:00:00,1.61724,1.61739,1.61724,1.61739
2026-08-29 23:15:00,1.61735,1.61823,1.61678,1.61736
2026-08-29 23:30:00,1.61733,1.61744,1.61733,1.61737
2026-08-29 23:45:00,1.61737,1.61813,1.61712,1.61736
2026-08-30 00:00:00,1.61737,1.61823,1.61711,1.61717
2026-08-30 00:15:00,1.61724,1.61744,1.61723,1.6174
2026-08-30 00:30:00,1.61737,1.61826,1.6171,1.61735
2026-08-30 00:45:00,1.61732,1.61744,1.61732,1.61736
2026-08-30 01:00:00,1.61737,1.61819,1.61547,1.61685
2026-08-30 01:15:00,1.61683,1.61828,1.61679,1.61686
2026-08-30 01:30:00,1.61695,1.61847,1.61523,1.61588
2026-08-30 01:45:00,1.61588,1.61874,1.61575,1.616
2026-08-30 02:00:00,1.61601,1.6178,1.61548,1.61705
2026-08-30 02:15:00,1.61702,1.61817,1.61682,1.61722
2026-08-30 02:30:00,1.61719,1.61812,1.61675,1.61687
2026-08-30 02:45:00,1.61707,1.6176,1.61707,1.61752
2026-08-30 03:00:00,1.61753,1.61789,1.61636,1.61748
2026-08-30 03:15:00,1.61744,1.61766,1.61744,1.61762
2026-08-30 03:30:00,1.61758,1.61795,1.61727,1.61757
2026-08-30 03:45:00,1.61755,1.61799,1.61737,1.6174
2026-08-30 04:00:00,1.61745,1.61745,1.61719,1.6174
2026-08-30 04:15:00,1.61736,1.6182,1.61677,1.61736
2026-08-30 04:30:00,1.61732,1.61743,1.61732,1.61738
2026-08-30 04:45:00,1.61736,1.61821,1.61707,1.6172
2026-08-30 05:00:00,1.61721,1.61815,1.61576,1.61616
2026-08-30 05:15:00,1.61617,1.61632,1.61617,1.61628
2026-08-30 05:30:00,1.61625,1.61678,1.61621,1.61635
2026-08-30 05:45:00,1.61632,1.61708,1.61591,1.61694
2026-08-30 06:00:00,1.61694,1.61763,1.61659,1.61701
2026-08-30 06:15:00,1.61702,1.61779,1.61693,1.6176
2026-08-30 06:30:00,1.61723,1.61723,1.61697,1.61712
2026-08-30 06:45:00,1.61709,1.61751,1.61689,1.61713
2026-08-30 07:00:00,1.61713,1.61744,1.61711,1.61736
2026-08-30 07:15:00,1.61737,1.61824,1.61711,1.61739
2026-08-30 07:30:00,1.61737,1.61819,1.6173,1.6179
2026-08-30 07:45:00,1.61732,1.61745,1.61719,1.61732
2026-08-30 08:00:00,1.61732,1.61818,1.61623,1.61732
2026-08-30 08:15:00,1.61733,1.6174,1.61729,1.61734
2026-08-30 08:30:00,1.61732,1.61818,1.61716,1.61741
2026-08-30 08:45:00,1.61738,1.61809,1.61734,1.61784
2026-08-30 09:00:00,1.61737,1.61809,1.61711,1.61736
2026-08-30 09:15:00,1.61737,1.618,1.61721,1.61736
2026-08-30 09:30:00,1.61732,1.61739,1.6173,1.61736
2026-08-30 09:45:00,1.61732,1.61771,1.61712,1.61724
2026-08-30 10:00:00,1.61722,1.61751,1.61716,1.61739
2026-08-30 10:15:00,1.6174,1.61803,1.61718,1.61731
2026-08-30 10:30:00,1.61731,1.61794,1.61709,1.61725
2026-08-30 10:45:00,1.61722,1.61729,1.6172,1.61725
2026-08-30 11:00:00,1.61722,1.61793,1.6171,1.61726
2026-08-30 11:15:00,1.61727,1.61741,1.61723,1.61732
2026-08-30 11:30:00,1.61733,1.61786,1.61713,1.61725
2026-08-30 11:45:00,1.61722,1.61766,1.61705,1.61717
2026-08-30 12:00:00,1.61714,1.61721,1.61712,1.61714
2026-08-30 12:15:00,1.61714,1.6175,1.61703,1.61707
2026-08-30 12:30:00,1.61708,1.61764,1.61655,1.61746
2026-08-30 12:45:00,1.61743,1.61803,1.61721,1.61759
2026-08-30 13:00:00,1.61756,1.61799,1.61736,1.6176
2026-08-30 13:15:00,1.61758,1.61769,1.61758,1.61761
2026-08-30 13:30:00,1.61762,1.61794,1.61741,1.61766
2026-08-30 13:45:00,1.61762,1.61774,1.61762,1.61771
2026-08-30 14:00:00,1.61767,1.61795,1.61746,1.61766
2026-08-30 14:15:00,1.61764,1.6179,1.61738,1.61746
2026-08-30 14:30:00,1.61747,1.61767,1.61744,1.61764
2026-08-30 14:45:00,1.61758,1.61782,1.61738,1.61751
2026-08-30 15:00:00,1.61747,1.61765,1.61737,1.61759
2026-08-30 15:15:00,1.61757,1.61792,1.61725,1.61735
2026-08-30 15:30:00,1.61736,1.61776,1.61722,1.61734
2026-08-30 15:45:00,1.6173,1.61738,1.61728,1.61734
2026-08-30 16:00:00,1.6173,1.61807,1.61675,1.61758
2026-08-30 16:15:00,1.61756,1.61762,1.61753,1.61754
2026-08-30 16:30:00,1.61755,1.61797,1.61732,1.61761
2026-08-30 16:45:00,1.61761,1.61795,1.61737,1.61757
2026-08-30 17:00:00,1.61754,1.61769,1.61752,1.61765
2026-08-30 17:15:00,1.61762,1.6179,1.61744,1.61752
2026-08-30 17:30:00,1.61753,1.61764,1.61694,1.61742
2026-08-30 17:45:00,1.61743,1.61797,1.61718,1.61737
2026-08-30 18:00:00,1.61734,1.61771,1.61717,1.61727
2026-08-30 18:15:00,1.61724,1.61731,1.61722,1.61724
2026-08-30 18:30:00,1.61724,1.61754,1.61708,1.61715
2026-08-30 18:45:00,1.61716,1.61723,1.61713,1.61718
2026-08-30 19:00:00,1.61716,1.61739,1.61704,1.61712
2026-08-30 19:15:00,1.61709,1.61728,1.61699,1.61704
2026-08-30 19:30:00,1.61704,1.61711,1.61701,1.61702
2026-08-30 19:45:00,1.61704,1.61732,1.61701,1.61712
2026-08-30 20:00:00,1.61709,1.61717,1.61707,1.61713
2026-08-30 20:15:00,1.61709,1.61717,1.61707,1.61711
2026-08-30 20:30:00,1.61709,1.61729,1.61707,1.6172
2026-08-30 20:45:00,1.61721,1.61729,1.61719,1.61725
2026-08-30 21:00:00,1.61721,1.61729,1.61719,1.61725
2026-08-30 21:15:00,1.61721,1.61729,1.61719,1.61723
2026-08-30 21:30:00,1.61721,1.61728,1.61667,1.61679
2026-08-30 21:45:00,1.61681,1.61688,1.61678,1.61681
2026-08-30 22:00:00,1.61681,1.61688,1.61678,1.61684
2026-08-30 22:15:00,1.61681,1.61757,1.61675,1.61753
2026-08-30 22:30:00,1.6175,1.61759,1.61749,1.61751
2026-08-30 22:45:00,1.61752,1.62135,1.61226,1.61443
2026-08-30 23:00:00,1.61433,1.61462,1.61433,1.61458
2026-08-30 23:15:00,1.61455,1.61862,1.61161,1.61296
2026-08-30 23:30:00,1.61293,1.613,1.61291,1.61293
2026-08-30 23:45:00,1.61293,1.61296,1.60896,1.61017
2026-08-31 00:00:00,1.61018,1.61938,1.60829,1.61349
2026-08-31 00:15:00,1.61351,1.61351,1.61337,1.61343
2026-08-31 00:30:00,1.61339,1.61551,1.60947,1.61132
2026-08-31 00:45:00,1.61129,1.61141,1.61129,1.61132
2026-08-31 01:00:00,1.61133,1.61137,1.60964,1.61083
2026-08-31 01:15:00,1.6108,1.61262,1.60776,1.60894
2026-08-31 01:30:00,1.60882,1.60931,1.60882,1.60927
2026-08-31 01:45:00,1.60925,1.60933,1.60676,1.60796
2026-08-31 02:00:00,1.60789,1.62129,1.60531,1.61353
2026-08-31 02:15:00,1.6135,1.61353,1.60965,1.61146
2026-08-31 02:30:00,1.61143,1.61271,1.60945,1.61047
2026-08-31 02:45:00,1.61033,1.61091,1.61033,1.61084
2026-08-31 03:00:00,1.61085,1.62067,1.60594,1.61368
2026-08-31 03:15:00,1.61362,1.61375,1.61362,1.6137
2026-08-31 03:30:00,1.61366,1.61372,1.60982,1.61155
2026-08-31 03:45:00,1.61153,1.61727,1.61131,1.61606
2026-08-31 04:00:00,1.61571,1.61772,1.61571,1.61732
2026-08-31 04:15:00,1.61732,1.62041,1.61297,1.61736
2026-08-31 04:30:00,1.61727,1.61746,1.61725,1.61744
2026-08-31 04:45:00,1.61738,1.61899,1.61263,1.61723
2026-08-31 05:00:00,1.61522,1.61969,1.61522,1.61941
2026-08-31 05:15:00,1.61874,1.62411,1.61383,1.61406
2026-08-31 05:30:00,1.61444,1.62217,1.61235,1.61932
2026-08-31 05:45:00,1.61846,1.62067,1.61528,1.61788
2026-08-31 06:00:00,1.61734,1.62119,1.6144,1.62
2026-08-31 06:15:00,1.61833,1.62348,1.61682,1.61738
2026-08-31 06:30:00,1.6176,1.62263,1.61694,1.61744
2026-08-31 06:45:00,1.61764,1.61903,1.61671,1.61813
2026-08-31 07:00:00,1.61799,1.61839,1.61726,1.61817
2026-08-31 07:15:00,1.61808,1.61823,1.61741,1.6182
2026-08-31 07:30:00,1.61812,1.61823,1.61728,1.61772
2026-08-31 07:45:00,1.61767,1.61773,1.61704,1.61705
2026-08-31 08:00:00,1.61708,1.61788,1.61708,1.61764
2026-08-31 08:15:00,1.61759,1.61769,1.61718,1.61745
2026-08-31 08:30:00,1.61738,1.61785,1.61734,1.61759
2026-08-31 08:45:00,1.61754,1.61798,1.61754,1.61781
2026-08-31 09:00:00,1.61788,1.61803,1.61744,1.6175
2026-08-31 09:15:00,1.61764,1.61797,1.61764,1.61784
2026-08-31 09:30:00,1.61785,1.61837,1.61775,1.61835
2026-08-31 09:45:00,1.6183,1.61867,1.61812,1.61858
2026-08-31 10:00:00,1.61855,1.61933,1.61855,1.61867
2026-08-31 10:15:00,1.61873,1.61951,1.61861,1.61922
2026-08-31 10:30:00,1.61934,1.61939,1.61821,1.61842
2026-08-31 10:45:00,1.61837,1.61856,1.61797,1.61807
2026-08-31 11:00:00,1.61812,1.61884,1.618,1.61832
2026-08-31 11:15:00,1.61836,1.61859,1.61794,1.61837
2026-08-31 11:30:00,1.6184,1.61872,1.61769,1.61777
2026-08-31 11:45:00,1.61784,1.61788,1.6172,1.61755
2026-08-31 12:00:00,1.61747,1.61787,1.61713,1.61785
2026-08-31 12:15:00,1.61781,1.61811,1.61746,1.61749
2026-08-31 12:30:00,1.61754,1.61829,1.6174,1.61822
2026-08-31 12:45:00,1.61819,1.61831,1.61758,1.61764
2026-08-31 13:00:00,1.61772,1.61774,1.61676,1.61681
2026-08-31 13:15:00,1.61688,1.61717,1.61667,1.617
2026-08-31 13:30:00,1.61693,1.61744,1.61684,1.61714
2026-08-31 13:45:00,1.61718,1.61743,1.61698,1.61724
2026-08-31 14:00:00,1.61719,1.61777,1.61712,1.61741
2026-08-31 14:15:00,1.61745,1.61766,1.61727,1.61763
2026-08-31 14:30:00,1.61755,1.61775,1.61725,1.61773
2026-08-31 14:45:00,1.61768,1.61776,1.61732,1.61738
2026-08-31 15:00:00,1.61745,1.61807,1.61732,1.61789
2026-08-31 15:15:00,1.61795,1.618,1.61724,1.61748
2026-08-31 15:30:00,1.61739,1.61785,1.61727,1.6173
2026-08-31 15:45:00,1.61738,1.61751,1.61706,1.6175
2026-08-31 16:00:00,1.61746,1.61789,1.61719,1.61785
2026-08-31 16:15:00,1.61775,1.61775,1.61691,1.61734
2026-08-31 16:30:00,1.6174,1.6182,1.61725,1.61814
2026-08-31 16:45:00,1.61807,1.61849,1.61765,1.61845
2026-08-31 17:00:00,1.61837,1.61859,1.61779,1.6182
2026-08-31 17:15:00,1.61808,1.61896,1.61789,1.61869
2026-08-31 17:30:00,1.6186,1.6202,1.61856,1.62015
2026-08-31 17:45:00,1.62007,1.62058,1.61996,1.62033
2026-08-31 18:00:00,1.62039,1.62049,1.61949,1.61988
2026-08-31 18:15:00,1.61999,1.62031,1.61982,1.62
2026-08-31 18:30:00,1.62007,1.62044,1.61993,1.62004
2026-08-31 18:45:00,1.62009,1.62022,1.61949,1.61953
2026-08-31 19:00:00,1.61958,1.62028,1.61955,1.62025
2026-08-31 19:15:00,1.62018,1.6202,1.61971,1.61998
2026-08-31 19:30:00,1.6199,1.62005,1.61953,1.61971
2026-08-31 19:45:00,1.61975,1.62007,1.61944,1.61999
2026-08-31 20:00:00,1.61994,1.62001,1.61964,1.61996
2026-08-31 20:15:00,1.61992,1.6202,1.61964,1.62018
2026-08-31 20:30:00,1.62013,1.62054,1.6201,1.62035
2026-08-31 20:45:00,1.62042,1.62062,1.62014,1.62055
2026-08-31 21:00:00,1.62055,1.62081,1.62032,1.62074
2026-08-31 21:15:00,1.62071,1.62078,1.61969,1.61974
2026-08-31 21:30:00,1.61981,1.61983,1.61935,1.61966
2026-08-31 21:45:00,1.61967,1.62005,1.61937,1.61945
2026-08-31 22:00:00,1.61949,1.61955,1.61893,1.61926
2026-08-31 22:15:00,1.61918,1.61961,1.61875,1.61919
2026-08-31 22:30:00,1.61926,1.62029,1.61901,1.61988
2026-08-31 22:45:00,1.62003,1.62036,1.61972,1.61976
2026-08-31 23:00:00,1.61981,1.61997,1.61922,1.6194
2026-08-31 23:15:00,1.61956,1.61976,1.61916,1.61928
2026-08-31 23:30:00,1.61926,1.61954,1.61887,1.61901
2026-08-31 23:45:00,1.61927,1.61977,1.61895,1.61971
2026-09-01 00:00:00,1.61962,1.62007,1.61911,1.62006
2026-09-01 00:15:00,1.62001,1.62001,1.61905,1.61939
2026-09-01 00:30:00,1.61936,1.61988,1.61914,1.6195
2026-09-01 00:45:00,1.61942,1.62119,1.61899,1.62098
2026-09-01 01:00:00,1.62071,1.62184,1.62057,1.62143
2026-09-01 01:15:00,1.62135,1.62186,1.62113,1.62158
2026-09-01 01:30:00,1.62162,1.62191,1.62121,1.62127
2026-09-01 01:45:00,1.62138,1.62161,1.6208,1.62101
2026-09-01 02:00:00,1.62106,1.62136,1.6206,1.62081
2026-09-01 02:15:00,1.62079,1.62081,1.62044,1.62072
2026-09-01 02:30:00,1.62065,1.62094,1.62045,1.62083
2026-09-01 02:45:00,1.6208,1.62095,1.6206,1.6207
2026-09-01 03:00:00,1.62075,1.62112,1.62061,1.62098
2026-09-01 03:15:00,1.62103,1.62134,1.62089,1.62126
2026-09-01 03:30:00,1.62122,1.62133,1.62083,1.62088
2026-09-01 03:45:00,1.62094,1.621,1.6206,1.62096
2026-09-01 04:00:00,1.62092,1.62122,1.6208,1.62105
2026-09-01 04:15:00,1.6211,1.62139,1.62101,1.62133
2026-09-01 04:30:00,1.6213,1.62137,1.621,1.62133
2026-09-01 04:45:00,1.6213,1.62144,1.62108,1.6212
2026-09-01 05:00:00,1.62126,1.62166,1.62116,1.62163
2026-09-01 05:15:00,1.62162,1.62167,1.62125,1.62141
2026-09-01 05:30:00,1.62138,1.62154,1.62112,1.62123
2026-09-01 05:45:00,1.6212,1.62127,1.62073,1.62097
2026-09-01 06:00:00,1.62091,1.62123,1.6208,1.62099
2026-09-01 06:15:00,1.62106,1.62119,1.62099,1.62113
2026-09-01 06:30:00,1.6211,1.62118,1.62091,1.621
2026-09-01 06:45:00,1.62097,1.6212,1.62076,1.62095
2026-09-01 07:00:00,1.62098,1.62136,1.62089,1.62119
2026-09-01 07:15:00,1.6211,1.62166,1.6211,1.62148
2026-09-01 07:30:00,1.62151,1.62157,1.62087,1.62098
2026-09-01 07:45:00,1.621,1.62129,1.62098,1.62111
2026-09-01 08:00:00,1.62113,1.62135,1.62099,1.62129
2026-09-01 08:15:00,1.62126,1.62142,1.62112,1.62127
2026-09-01 08:30:00,1.62129,1.62141,1.62088,1.62116
2026-09-01 08:45:00,1.6211,1.6212,1.62084,1.62086
2026-09-01 09:00:00,1.62087,1.621,1.62035,1.62048
2026-09-01 09:15:00,1.62044,1.6207,1.62035,1.6206
2026-09-01 09:30:00,1.6206,1.62081,1.62028,1.62079
2026-09-01 09:45:00,1.62072,1.62084,1.62013,1.62017
2026-09-01 10:00:00,1.62021,1.62026,1.6192,1.61941
2026-09-01 10:15:00,1.61948,1.61951,1.6187,1.61901
2026-09-01 10:30:00,1.61896,1.61987,1.61873,1.61962
2026-09-01 10:45:00,1.61972,1.62032,1.61964,1.62027
2026-09-01 11:00:00,1.62018,1.6207,1.62003,1.6201
2026-09-01 11:15:00,1.62014,1.62034,1.61967,1.61974
2026-09-01 11:30:00,1.61989,1.62021,1.61851,1.61856
2026-09-01 11:45:00,1.61862,1.61905,1.61838,1.61862
2026-09-01 12:00:00,1.61866,1.61906,1.6183,1.61835
2026-09-01 12:15:00,1.61844,1.61899,1.61824,1.61886
2026-09-01 12:30:00,1.61888,1.61912,1.6187,1.61907
2026-09-01 12:45:00,1.61905,1.61905,1.61861,1.61879
2026-09-01 13:00:00,1.61874,1.61935,1.61836,1.6193
2026-09-01 13:15:00,1.61921,1.61958,1.61919,1.61939
2026-09-01 13:30:00,1.61935,1.61943,1.61869,1.61912
2026-09-01 13:45:00,1.61908,1.61934,1.61862,1.61932
2026-09-01 14:00:00,1.61922,1.61958,1.61906,1.61908
2026-09-01 14:15:00,1.6191,1.61914,1.61881,1.61912
2026-09-01 14:30:00,1.61909,1.61914,1.61875,1.61877
2026-09-01 14:45:00,1.6188,1.61927,1.61853,1.61926
2026-09-01 15:00:00,1.61922,1.61923,1.61877,1.6188
2026-09-01 15:15:00,1.61882,1.61927,1.61875,1.61895
2026-09-01 15:30:00,1.61898,1.61921,1.61873,1.619
2026-09-01 15:45:00,1.61895,1.61924,1.61885,1.61913
2026-09-01 16:00:00,1.61904,1.61938,1.61859,1.61894
2026-09-01 16:15:00,1.61892,1.61918,1.61885,1.6191
2026-09-01 16:30:00,1.61898,1.61969,1.61898,1.61956
2026-09-01 16:45:00,1.61955,1.61988,1.61927,1.61988
2026-09-01 17:00:00,1.61984,1.62023,1.61961,1.61996
2026-09-01 17:15:00,1.61989,1.61989,1.61929,1.6196
2026-09-01 17:30:00,1.6196,1.62066,1.61932,1.6206
2026-09-01 17:45:00,1.62054,1.62076,1.62022,1.62072
2026-09-01 18:00:00,1.62069,1.62086,1.61998,1.62006
2026-09-01 18:15:00,1.6202,1.62109,1.61984,1.62106
2026-09-01 18:30:00,1.62101,1.62221,1.62081,1.62207
2026-09-01 18:45:00,1.62189,1.62298,1.62189,1.62296
2026-09-01 19:00:00,1.62291,1.62355,1.62278,1.62344
2026-09-01 19:15:00,1.62329,1.62408,1.62329,1.62403
2026-09-01 19:30:00,1.62399,1.62427,1.62343,1.62358
2026-09-01 19:45:00,1.62356,1.62379,1.6226,1.62298
2026-09-01 20:00:00,1.62292,1.62315,1.62253,1.62279
2026-09-01 20:15:00,1.62275,1.62285,1.6224,1.62256
2026-09-01 20:30:00,1.62254,1.62256,1.62201,1.62244
2026-09-01 20:45:00,1.62249,1.62317,1.62236,1.62261
2026-09-01 21:00:00,1.62266,1.62309,1.6224,1.62248
2026-09-01 21:15:00,1.62255,1.62302,1.6224,1.62288
2026-09-01 21:30:00,1.62283,1.62293,1.62235,1.62248
2026-09-01 21:45:00,1.62254,1.62264,1.62211,1.6224
2026-09-01 22:00:00,1.62252,1.62295,1.62236,1.62273
2026-09-01 22:15:00,1.62266,1.62297,1.62193,1.622
2026-09-01 22:30:00,1.62211,1.62241,1.62164,1.62196
2026-09-01 22:45:00,1.62188,1.62205,1.62065,1.62068
2026-09-01 23:00:00,1.62075,1.62174,1.62042,1.62169
2026-09-01 23:15:00,1.62156,1.62204,1.6212,1.62168
2026-09-01 23:30:00,1.62161,1.62208,1.62139,1.62179
2026-09-01 23:45:00,1.62187,1.6219,1.6212,1.62153
2026-09-02 00:00:00,1.62147,1.62188,1.62072,1.62186
2026-09-02 00:15:00,1.6218,1.62191,1.62073,1.62127
2026-09-02 00:30:00,1.62117,1.62148,1.62058,1.6212
2026-09-02 00:45:00,1.6213,1.62192,1.62051,1.6208
2026-09-02 01:00:00,1.62093,1.62141,1.62051,1.62062
2026-09-02 01:15:00,1.62078,1.62078,1.6199,1.62027
2026-09-02 01:30:00,1.62019,1.62044,1.61928,1.6193
2026-09-02 01:45:00,1.61934,1.61943,1.61879,1.61938
2026-09-02 02:00:00,1.61932,1.61961,1.6192,1.61958
2026-09-02 02:15:00,1.61952,1.62016,1.61903,1.62015
2026-09-02 02:30:00,1.62007,1.62071,1.61997,1.62055
2026-09-02 02:45:00,1.62045,1.62065,1.62007,1.62025
2026-09-02 03:00:00,1.62026,1.62102,1.62018,1.62073
2026-09-02 03:15:00,1.62075,1.6214,1.62053,1.6212
2026-09-02 03:30:00,1.62115,1.62175,1.62083,1.62141
2026-09-02 03:45:00,1.62131,1.62149,1.62115,1.62129
2026-09-02 04:00:00,1.62133,1.62199,1.62109,1.62158
2026-09-02 04:15:00,1.62162,1.62166,1.62137,1.62166
2026-09-02 04:30:00,1.62162,1.62197,1.6215,1.62194
2026-09-02 04:45:00,1.62183,1.62209,1.62142,1.62169
2026-09-02 05:00:00,1.62165,1.62226,1.62161,1.62197
2026-09-02 05:15:00,1.62206,1.62231,1.62182,1.62205
2026-09-02 05:30:00,1.62211,1.62223,1.62186,1.62203
2026-09-02 05:45:00,1.62198,1.62254,1.62189,1.62252
2026-09-02 06:00:00,1.62249,1.62255,1.62217,1.62224
2026-09-02 06:15:00,1.62229,1.62261,1.62223,1.62253
2026-09-02 06:30:00,1.62249,1.62259,1.62225,1.62243
2026-09-02 06:45:00,1.62238,1.62266,1.62232,1.62263
2026-09-02 07:00:00,1.62261,1.62261,1.62112,1.62162
2026-09-02 07:15:00,1.62166,1.62216,1.62144,1.62152
2026-09-02 07:30:00,1.62154,1.6226,1.62146,1.62255
2026-09-02 07:45:00,1.62243,1.62274,1.62204,1.62227
2026-09-02 08:00:00,1.62228,1.62266,1.62209,1.62256
2026-09-02 08:15:00,1.62252,1.62261,1.6221,1.62238
2026-09-02 08:30:00,1.62232,1.62241,1.62202,1.62231
2026-09-02 08:45:00,1.62228,1.6223,1.6219,1.62208
2026-09-02 09:00:00,1.62205,1.62231,1.62176,1.62225
2026-09-02 09:15:00,1.62217,1.62251,1.6221,1.62239
2026-09-02 09:30:00,1.62241,1.62241,1.62201,1.62224
2026-09-02 09:45:00,1.62222,1.6224,1.62179,1.62186
2026-09-02 10:00:00,1.62195,1.62233,1.62161,1.6223
2026-09-02 10:15:00,1.62226,1.62249,1.62185,1.62228
2026-09-02 10:30:00,1.62229,1.62256,1.62218,1.62232
2026-09-02 10:45:00,1.62239,1.62239,1.62204,1.62212
2026-09-02 11:00:00,1.62209,1.62228,1.62176,1.62184
2026-09-02 11:15:00,1.62192,1.6221,1.62086,1.62087
2026-09-02 11:30:00,1.62089,1.62151,1.61925,1.61947
2026-09-02 11:45:00,1.61946,1.62012,1.61907,1.62008
2026-09-02 12:00:00,1.62001,1.62144,1.61959,1.62113
2026-09-02 12:15:00,1.62119,1.62157,1.62022,1.62151
2026-09-02 12:30:00,1.62142,1.62206,1.62116,1.62143
2026-09-02 12:45:00,1.62135,1.62155,1.62104,1.62148
2026-09-02 13:00:00,1.62137,1.62171,1.62067,1.62071
2026-09-02 13:15:00,1.62078,1.62137,1.62071,1.62109
2026-09-02 13:30:00,1.62118,1.62192,1.62101,1.62187
2026-09-02 13:45:00,1.62183,1.62209,1.6216,1.6218
2026-09-02 14:00:00,1.62174,1.62287,1.6215,1.6226
2026-09-02 14:15:00,1.62254,1.62289,1.62192,1.62281
2026-09-02 14:30:00,1.6227,1.62304,1.62235,1.62278
2026-09-02 14:45:00,1.62281,1.623,1.62245,1.62298
2026-09-02 15:00:00,1.62295,1.62325,1.62196,1.62203
2026-09-02 15:15:00,1.62213,1.62214,1.6213,1.62161
2026-09-02 15:30:00,1.62159,1.62171,1.62131,1.62157
2026-09-02 15:45:00,1.6215,1.62163,1.6212,1.62141
2026-09-02 16:00:00,1.62138,1.62162,1.62035,1.62043
2026-09-02 16:15:00,1.62055,1.621,1.62018,1.62079
2026-09-02 16:30:00,1.62069,1.62082,1.62007,1.62037
2026-09-02 16:45:00,1.6203,1.62114,1.61996,1.62003
2026-09-02 17:00:00,1.62011,1.6206,1.61982,1.62023
2026-09-02 17:15:00,1.62011,1.62063,1.61983,1.62052
2026-09-02 17:30:00,1.62044,1.6206,1.61932,1.61983
2026-09-02 17:45:00,1.61974,1.6209,1.6197,1.62084
2026-09-02 18:00:00,1.62071,1.62167,1.62028,1.62163
2026-09-02 18:15:00,1.62149,1.62314,1.62149,1.62284
2026-09-02 18:30:00,1.62298,1.62381,1.62283,1.62341
2026-09-02 18:45:00,1.62346,1.62457,1.62326,1.6235
2026-09-02 19:00:00,1.62357,1.62402,1.62334,1.62395
2026-09-02 19:15:00,1.62372,1.62504,1.62372,1.62502
2026-09-02 19:30:00,1.62498,1.62518,1.62438,1.62439
2026-09-02 19:45:00,1.62443,1.62471,1.62397,1.62449
2026-09-02 20:00:00,1.62436,1.62458,1.62416,1.62454
2026-09-02 20:15:00,1.62447,1.62455,1.62358,1.62368
2026-09-02 20:30:00,1.62385,1.62391,1.62339,1.62342
2026-09-02 20:45:00,1.62347,1.62354,1.62243,1.62247
2026-09-02 21:00:00,1.62255,1.62279,1.622,1.62222
2026-09-02 21:15:00,1.62216,1.62247,1.62158,1.62166
2026-09-02 21:30:00,1.62181,1.62181,1.6211,1.62113
2026-09-02 21:45:00,1.62119,1.62126,1.62021,1.62035
2026-09-02 22:00:00,1.62037,1.62056,1.61961,1.62011
2026-09-02 22:15:00,1.62022,1.62075,1.61904,1.61988
2026-09-02 22:30:00,1.61987,1.62059,1.61953,1.62006
2026-09-02 22:45:00,1.62024,1.62097,1.61965,1.61983
2026-09-02 23:00:00,1.61985,1.61995,1.61881,1.61921
2026-09-02 23:15:00,1.61919,1.62069,1.61848,1.6188
2026-09-02 23:30:00,1.61935,1.61959,1.61804,1.61823
2026-09-02 23:45:00,1.61832,1.61845,1.61686,1.61835
2026-09-03 00:00:00,1.61826,1.61831,1.61701,1.61775
2026-09-03 00:15:00,1.6176,1.61801,1.6173,1.61795
2026-09-03 00:30:00,1.6179,1.61812,1.61714,1.61724
2026-09-03 00:45:00,1.61741,1.61759,1.61671,1.617
2026-09-03 01:00:00,1.61709,1.61734,1.61622,1.6168
2026-09-03 01:15:00,1.61671,1.61678,1.61591,1.61632
2026-09-03 01:30:00,1.6164,1.61719,1.616,1.61689
2026-09-03 01:45:00,1.61701,1.61726,1.61673,1.61696
2026-09-03 02:00:00,1.6169,1.61726,1.61663,1.61676
2026-09-03 02:15:00,1.6168,1.6172,1.6167,1.61701
2026-09-03 02:30:00,1.61695,1.61731,1.61665,1.61695
2026-09-03 02:45:00,1.61686,1.61705,1.61649,1.61652
2026-09-03 03:00:00,1.61658,1.61681,1.61639,1.61657
2026-09-03 03:15:00,1.61664,1.6169,1.61642,1.61663
2026-09-03 03:30:00,1.6166,1.61671,1.61623,1.61639
2026-09-03 03:45:00,1.61636,1.61653,1.61596,1.61611
2026-09-03 04:00:00,1.61622,1.61654,1.6159,1.61631
2026-09-03 04:15:00,1.61626,1.61664,1.61578,1.61642
2026-09-03 04:30:00,1.61638,1.61653,1.61598,1.61606
2026-09-03 04:45:00,1.61618,1.61638,1.61606,1.61615
2026-09-03 05:00:00,1.61625,1.6165,1.61592,1.61597
2026-09-03 05:15:00,1.61605,1.61626,1.61593,1.61618
2026-09-03 05:30:00,1.61612,1.61626,1.61598,1.61607
2026-09-03 05:45:00,1.61611,1.61611,1.61568,1.61603
2026-09-03 06:00:00,1.61603,1.61647,1.61579,1.61618
2026-09-03 06:15:00,1.61613,1.61635,1.61601,1.61635
2026-09-03 06:30:00,1.61633,1.61633,1.61604,1.61618
2026-09-03 06:45:00,1.61613,1.61639,1.61609,1.61621
2026-09-03 07:00:00,1.61623,1.61776,1.61609,1.61726
2026-09-03 07:15:00,1.61731,1.61767,1.61682,1.61692
2026-09-03 07:30:00,1.61691,1.61691,1.61661,1.61671
2026-09-03 07:45:00,1.61673,1.61687,1.61612,1.61623
2026-09-03 08:00:00,1.61642,1.61681,1.61599,1.6161
2026-09-03 08:15:00,1.61613,1.61649,1.61602,1.61633
2026-09-03 08:30:00,1.61631,1.6167,1.61608,1.61664
2026-09-03 08:45:00,1.6166,1.6167,1.61641,1.61667
2026-09-03 09:00:00,1.6166,1.61705,1.61636,1.61682
2026-09-03 09:15:00,1.6169,1.61729,1.61681,1.61683
2026-09-03 09:30:00,1.61685,1.61702,1.61653,1.61676
2026-09-03 09:45:00,1.61671,1.61731,1.6165,1.61727
2026-09-03 10:00:00,1.61724,1.61782,1.61708,1.61712
2026-09-03 10:15:00,1.61716,1.61743,1.61687,1.61717
2026-09-03 10:30:00,1.61709,1.6177,1.61704,1.61725
2026-09-03 10:45:00,1.61733,1.61781,1.61716,1.61733
2026-09-03 11:00:00,1.61727,1.61754,1.61719,1.6174
2026-09-03 11:15:00,1.61737,1.6175,1.6169,1.61724
2026-09-03 11:30:00,1.61727,1.61743,1.61678,1.61732
2026-09-03 11:45:00,1.61724,1.6174,1.61672,1.61706
2026-09-03 12:00:00,1.61702,1.61763,1.61674,1.6176
2026-09-03 12:15:00,1.61755,1.61781,1.61725,1.61746
2026-09-03 12:30:00,1.61752,1.61794,1.6172,1.61776
2026-09-03 12:45:00,1.61774,1.61846,1.61748,1.61843
2026-09-03 13:00:00,1.61833,1.61891,1.61815,1.61829
2026-09-03 13:15:00,1.61836,1.6186,1.61775,1.61803
2026-09-03 13:30:00,1.61797,1.6183,1.61736,1.61776
2026-09-03 13:45:00,1.61765,1.61791,1.61738,1.61763
2026-09-03 14:00:00,1.61756,1.61756,1.61697,1.61736
2026-09-03 14:15:00,1.61732,1.61752,1.6171,1.61743
2026-09-03 14:30:00,1.61738,1.61765,1.61715,1.61743
2026-09-03 14:45:00,1.61737,1.61775,1.61724,1.61771
2026-09-03 15:00:00,1.61766,1.61832,1.61737,1.61812
2026-09-03 15:15:00,1.61807,1.61962,1.61793,1.6196
2026-09-03 15:30:00,1.61954,1.62029,1.61938,1.61967
2026-09-03 15:45:00,1.61982,1.62008,1.61935,1.61946
2026-09-03 16:00:00,1.61943,1.61996,1.61915,1.61992
2026-09-03 16:15:00,1.61985,1.61985,1.61913,1.61957
2026-09-03 16:30:00,1.61951,1.62012,1.61923,1.61951
2026-09-03 16:45:00,1.61952,1.6197,1.61907,1.61967
2026-09-03 17:00:00,1.6196,1.62009,1.61895,1.61968
2026-09-03 17:15:00,1.61957,1.61958,1.61778,1.61827
2026-09-03 17:30:00,1.61834,1.61881,1.61754,1.61758
2026-09-03 17:45:00,1.61764,1.61867,1.61709,1.61746
2026-09-03 18:00:00,1.61745,1.61763,1.61499,1.61584
2026-09-03 18:15:00,1.61611,1.61655,1.61564,1.61593
2026-09-03 18:30:00,1.61598,1.61612,1.61521,1.61573
2026-09-03 18:45:00,1.61565,1.61649,1.61559,1.61642
2026-09-03 19:00:00,1.6163,1.61661,1.61527,1.61533
2026-09-03 19:15:00,1.6154,1.6154,1.61439,1.61455
2026-09-03 19:30:00,1.61453,1.61537,1.61436,1.61498
2026-09-03 19:45:00,1.61507,1.61544,1.61496,1.61524
2026-09-03 20:00:00,1.61529,1.61573,1.61511,1.61572
2026-09-03 20:15:00,1.61566,1.61585,1.61521,1.61531
2026-09-03 20:30:00,1.6154,1.61581,1.61471,1.61482
2026-09-03 20:45:00,1.61501,1.61508,1.61385,1.61396
2026-09-03 21:00:00,1.614,1.61436,1.61362,1.61387
2026-09-03 21:15:00,1.61399,1.61449,1.61362,1.61402
2026-09-03 21:30:00,1.61396,1.61442,1.61345,1.61413
2026-09-03 21:45:00,1.61421,1.6149,1.61413,1.61455
2026-09-03 22:00:00,1.61461,1.61507,1.61434,1.61472
2026-09-03 22:15:00,1.61466,1.61497,1.61448,1.61486
2026-09-03 22:30:00,1.61479,1.61665,1.61332,1.6139
2026-09-03 22:45:00,1.61393,1.61483,1.61324,1.61349
2026-09-03 23:00:00,1.61354,1.61454,1.61336,1.61351
2026-09-03 23:15:00,1.61357,1.61517,1.61338,1.61487
2026-09-03 23:30:00,1.61483,1.61598,1.61452,1.61584
2026-09-03 23:45:00,1.6158,1.61646,1.61506,1.61637
2026-09-04 00:00:00,1.61625,1.61714,1.61563,1.61707
2026-09-04 00:15:00,1.61691,1.6172,1.61643,1.6166
2026-09-04 00:30:00,1.6165,1.61659,1.61552,1.61586
2026-09-04 00:45:00,1.61593,1.61641,1.6151,1.61521
2026-09-04 01:00:00,1.61542,1.61572,1.61484,1.61571
2026-09-04 01:15:00,1.61567,1.61567,1.6148,1.61502
2026-09-04 01:30:00,1.61498,1.61548,1.61468,1.61483
2026-09-04 01:45:00,1.61481,1.61517,1.61457,1.61497
2026-09-04 02:00:00,1.61473,1.61495,1.61436,1.61471
2026-09-04 02:15:00,1.61467,1.61517,1.61443,1.61511
2026-09-04 02:30:00,1.61506,1.61534,1.61478,1.61524
2026-09-04 02:45:00,1.61519,1.61552,1.61493,1.61499
2026-09-04 03:00:00,1.61511,1.61544,1.61483,1.61536
2026-09-04 03:15:00,1.61536,1.61539,1.61484,1.6151
2026-09-04 03:30:00,1.61506,1.61506,1.61459,1.61481
2026-09-04 03:45:00,1.61478,1.61492,1.61442,1.61463
2026-09-04 04:00:00,1.61469,1.6147,1.61411,1.61436
2026-09-04 04:15:00,1.61437,1.61449,1.61417,1.61442
2026-09-04 04:30:00,1.61438,1.61469,1.61424,1.61451
2026-09-04 04:45:00,1.61448,1.61461,1.6142,1.61458
2026-09-04 05:00:00,1.61456,1.61473,1.61436,1.61442
2026-09-04 05:15:00,1.61455,1.61475,1.6142,1.61441
2026-09-04 05:30:00,1.61441,1.61474,1.61418,1.61431
2026-09-04 05:45:00,1.61425,1.61469,1.61421,1.61465
2026-09-04 06:00:00,1.6146,1.61476,1.6144,1.61446
2026-09-04 06:15:00,1.61458,1.61466,1.61426,1.61435
2026-09-04 06:30:00,1.61435,1.61464,1.61432,1.61458
2026-09-04 06:45:00,1.61454,1.61472,1.61442,1.61459
2026-09-04 07:00:00,1.61455,1.61541,1.61383,1.6141
2026-09-04 07:15:00,1.61437,1.6148,1.61353,1.61447
2026-09-04 07:30:00,1.61449,1.61508,1.61419,1.61439
2026-09-04 07:45:00,1.61434,1.6154,1.61407,1.61491
2026-09-04 08:00:00,1.61503,1.61504,1.61453,1.61457
2026-09-04 08:15:00,1.61462,1.61478,1.61442,1.61474
2026-09-04 08:30:00,1.61467,1.61486,1.61462,1.61464
2026-09-04 08:45:00,1.61465,1.61468,1.61434,1.61445
2026-09-04 09:00:00,1.61443,1.61461,1.6142,1.61453
2026-09-04 09:15:00,1.61446,1.61459,1.61418,1.61433
2026-09-04 09:30:00,1.61429,1.61466,1.61419,1.61461
2026-09-04 09:45:00,1.61456,1.61483,1.61452,1.6148
2026-09-04 10:00:00,1.61469,1.61524,1.61469,1.61479
2026-09-04 10:15:00,1.61483,1.61492,1.61407,1.61411
2026-09-04 10:30:00,1.61418,1.61468,1.61395,1.61413
2026-09-04 10:45:00,1.61421,1.61444,1.61352,1.61364
2026-09-04 11:00:00,1.61383,1.61429,1.61346,1.61377
2026-09-04 11:15:00,1.61387,1.61395,1.61231,1.61272
2026-09-04 11:30:00,1.61274,1.61278,1.61195,1.61213
2026-09-04 11:45:00,1.61211,1.61279,1.61197,1.61233
2026-09-04 12:00:00,1.61234,1.61334,1.61228,1.61325
2026-09-04 12:15:00,1.61328,1.61344,1.61299,1.61316
2026-09-04 12:30:00,1.61321,1.61342,1.613,1.6131
2026-09-04 12:45:00,1.61309,1.61322,1.61283,1.6131
2026-09-04 13:00:00,1.61306,1.61344,1.61278,1.61327
2026-09-04 13:15:00,1.61332,1.61333,1.61291,1.61325
2026-09-04 13:30:00,1.6132,1.61335,1.61297,1.61309
2026-09-04 13:45:00,1.61313,1.61331,1.61243,1.6126
2026-09-04 14:00:00,1.61258,1.61272,1.61223,1.61227
2026-09-04 14:15:00,1.6123,1.61236,1.61208,1.61209
2026-09-04 14:30:00,1.6121,1.61269,1.61165,1.61265
2026-09-04 14:45:00,1.61262,1.61283,1.61248,1.61267
2026-09-04 15:00:00,1.61264,1.61279,1.61246,1.61272
2026-09-04 15:15:00,1.6127,1.61322,1.61239,1.61317
2026-09-04 15:30:00,1.61311,1.61328,1.61247,1.61276
2026-09-04 15:45:00,1.61273,1.61312,1.6125,1.61293
2026-09-04 16:00:00,1.61291,1.61327,1.6127,1.6128
2026-09-04 16:15:00,1.61298,1.61377,1.61251,1.61332
2026-09-04 16:30:00,1.61343,1.61395,1.61328,1.61382
2026-09-04 16:45:00,1.61379,1.61415,1.61348,1.61402
2026-09-04 17:00:00,1.61399,1.61451,1.61383,1.61389
2026-09-04 17:15:00,1.61399,1.61434,1.61368,1.61394
2026-09-04 17:30:00,1.61402,1.61435,1.61373,1.61378
2026-09-04 17:45:00,1.61385,1.61426,1.61357,1.61423
2026-09-04 18:00:00,1.61414,1.61425,1.61364,1.61381
2026-09-04 18:15:00,1.61375,1.61412,1.6136,1.61398
2026-09-04 18:30:00,1.61395,1.61409,1.61369,1.61382
2026-09-04 18:45:00,1.61386,1.61441,1.6138,1.61434
2026-09-04 19:00:00,1.6142,1.61451,1.6141,1.61434
2026-09-04 19:15:00,1.61431,1.61454,1.61417,1.61445
2026-09-04 19:30:00,1.61443,1.61458,1.61398,1.61415
2026-09-04 19:45:00,1.61418,1.61428,1.61332,1.61346
2026-09-04 20:00:00,1.61369,1.61381,1.61339,1.61378
2026-09-04 20:15:00,1.61369,1.61406,1.61346,1.61372
2026-09-04 20:30:00,1.61383,1.61388,1.61326,1.6135
2026-09-04 20:45:00,1.61352,1.61397,1.61325,1.61393
2026-09-04 21:00:00,1.61386,1.61412,1.61374,1.61405
2026-09-04 21:15:00,1.614,1.61405,1.61355,1.61389
2026-09-04 21:30:00,1.61386,1.6139,1.61305,1.61315
2026-09-04 21:45:00,1.61322,1.61351,1.61294,1.61319
2026-09-04 22:00:00,1.61314,1.61361,1.61296,1.61356
2026-09-04 22:15:00,1.61344,1.61362,1.61233,1.61242
2026-09-04 22:30:00,1.61258,1.61745,1.60818,1.61321
2026-09-04 22:45:00,1.61312,1.614,1.61209,1.6131
2026-09-04 23:00:00,1.613,1.61407,1.61277,1.61306
2026-09-04 23:15:00,1.61314,1.61364,1.61164,1.61213
2026-09-04 23:30:00,1.61198,1.61272,1.61142,1.61208
2026-09-04 23:45:00,1.61219,1.61301,1.61199,1.61247
2026-09-05 00:00:00,1.61276,1.61344,1.61255,1.61276
2026-09-05 00:15:00,1.61288,1.61308,1.6123,1.61277
2026-09-05 00:30:00,1.61283,1.61313,1.61216,1.61232
2026-09-05 00:45:00,1.61239,1.6129,1.61204,1.61283
2026-09-05 01:00:00,1.61271,1.6129,1.61186,1.61195
2026-09-05 01:15:00,1.6121,1.61232,1.61195,1.61206
2026-09-05 01:30:00,1.61209,1.61227,1.61163,1.61175
2026-09-05 01:45:00,1.61185,1.61205,1.61136,1.61175
2026-09-05 02:00:00,1.61167,1.61212,1.61142,1.61202
2026-09-05 02:15:00,1.61183,1.61205,1.61158,1.612
2026-09-05 02:30:00,1.61198,1.61202,1.61172,1.61191
2026-09-05 02:45:00,1.61182,1.61201,1.61161,1.61169
2026-09-05 03:00:00,1.61176,1.61194,1.61145,1.61158
2026-09-05 03:15:00,1.6116,1.61174,1.61143,1.61164
2026-09-05 03:30:00,1.6116,1.61182,1.61151,1.61178
2026-09-05 03:45:00,1.61174,1.61216,1.61169,1.61199
2026-09-05 04:00:00,1.61203,1.61232,1.61195,1.61212
2026-09-05 04:15:00,1.61209,1.61216,1.61186,1.61206
2026-09-05 04:30:00,1.612,1.61219,1.61187,1.6121
2026-09-05 04:45:00,1.61206,1.61206,1.61179,1.61192
2026-09-05 05:00:00,1.61189,1.61192,1.61167,1.61172
2026-09-05 05:15:00,1.61178,1.61195,1.61158,1.61162
2026-09-05 05:30:00,1.61165,1.61176,1.61148,1.61151
2026-09-05 05:45:00,1.61152,1.61166,1.6113,1.6115
2026-09-05 06:00:00,1.6115,1.61174,1.61143,1.61156
2026-09-05 06:15:00,1.61157,1.61184,1.61151,1.61183
2026-09-05 06:30:00,1.61181,1.61192,1.61167,1.61183
2026-09-05 06:45:00,1.6118,1.61212,1.61166,1.61208
2026-09-05 07:00:00,1.612,1.61415,1.612,1.6132
2026-09-05 07:15:00,1.61317,1.61332,1.6124,1.61313
2026-09-05 07:30:00,1.6131,1.61333,1.61239,1.61299
2026-09-05 07:45:00,1.6132,1.61335,1.61263,1.61328
2026-09-05 08:00:00,1.61312,1.61362,1.61253,1.61301
2026-09-05 08:15:00,1.6131,1.61357,1.61263,1.61314
2026-09-05 08:30:00,1.61317,1.61361,1.61269,1.61345
2026-09-05 08:45:00,1.61309,1.61361,1.61309,1.61322
2026-09-05 09:00:00,1.61322,1.61376,1.6124,1.61356
2026-09-05 09:15:00,1.6132,1.61391,1.61281,1.61319
2026-09-05 09:30:00,1.61332,1.61405,1.61274,1.61307
2026-09-05 09:45:00,1.61317,1.61387,1.61292,1.61326
2026-09-05 10:00:00,1.61327,1.6138,1.61207,1.61209
2026-09-05 10:15:00,1.61214,1.61306,1.61207,1.61211
2026-09-05 10:30:00,1.61216,1.61218,1.61209,1.61213
2026-09-05 10:45:00,1.61211,1.61325,1.61192,1.61214
2026-09-05 11:00:00,1.6121,1.61218,1.61208,1.61212
2026-09-05 11:15:00,1.61211,1.6129,1.61195,1.61209
2026-09-05 11:30:00,1.61211,1.61295,1.61203,1.61212
2026-09-05 11:45:00,1.61221,1.61221,1.61208,1.61214
2026-09-05 12:00:00,1.6121,1.61249,1.61207,1.61212
2026-09-05 12:15:00,1.61211,1.61218,1.61208,1.61209
2026-09-05 12:30:00,1.6121,1.61319,1.61186,1.61213
2026-09-05 12:45:00,1.61211,1.6125,1.61204,1.61216
2026-09-05 13:00:00,1.61218,1.61223,1.61207,1.61212
2026-09-05 13:15:00,1.6121,1.61346,1.61193,1.61209
2026-09-05 13:30:00,1.61212,1.61227,1.612,1.61211
2026-09-05 13:45:00,1.61216,1.61319,1.61208,1.61214
2026-09-05 14:00:00,1.6121,1.61293,1.6118,1.61212
2026-09-05 14:15:00,1.61217,1.61226,1.61208,1.61211
2026-09-05 14:30:00,1.61216,1.61251,1.61208,1.61215
2026-09-05 14:45:00,1.61211,1.61217,1.61208,1.61214
2026-09-05 15:00:00,1.6121,1.61353,1.6119,1.61212
2026-09-05 15:15:00,1.61218,1.61343,1.61199,1.61215
2026-09-05 15:30:00,1.61216,1.61219,1.61208,1.6121
2026-09-05 15:45:00,1.6121,1.61294,1.61205,1.61216
2026-09-05 16:00:00,1.61217,1.61218,1.61207,1.61214
2026-09-05 16:15:00,1.61211,1.61242,1.61202,1.61211
2026-09-05 16:30:00,1.61211,1.61352,1.6113,1.61222
2026-09-05 16:45:00,1.61234,1.61234,1.61208,1.61213
2026-09-05 17:00:00,1.61211,1.61244,1.61208,1.61214
2026-09-05 17:15:00,1.61211,1.61219,1.61209,1.61211
2026-09-05 17:30:00,1.61211,1.61251,1.61206,1.6121
2026-09-05 17:45:00,1.61211,1.61242,1.61192,1.61214
2026-09-05 18:00:00,1.6122,1.6122,1.61207,1.61213
2026-09-05 18:15:00,1.6121,1.6134,1.61146,1.61211
2026-09-05 18:30:00,1.61212,1.61217,1.61208,1.61208
2026-09-05 18:45:00,1.6121,1.61321,1.61206,1.61213
2026-09-05 19:00:00,1.6121,1.61241,1.61207,1.61216
2026-09-05 19:15:00,1.61223,1.61227,1.61208,1.61211
2026-09-05 19:30:00,1.61216,1.61251,1.61183,1.6121
2026-09-05 19:45:00,1.61211,1.61217,1.61208,1.6121
2026-09-05 20:00:00,1.6121,1.61316,1.61188,1.61213
2026-09-05 20:15:00,1.61218,1.61315,1.61205,1.61215
2026-09-05 20:30:00,1.61222,1.61222,1.61206,1.6121
2026-09-05 20:45:00,1.61211,1.61327,1.61204,1.61211
2026-09-05 21:00:00,1.61216,1.61218,1.61208,1.61213
2026-09-05 21:15:00,1.6121,1.61291,1.61205,1.61216
2026-09-05 21:30:00,1.61213,1.61346,1.61202,1.61333
2026-09-05 21:45:00,1.61303,1.61303,1.61243,1.61245
2026-09-05 22:00:00,1.61245,1.61317,1.61233,1.61244
2026-09-05 22:15:00,1.61242,1.61249,1.61226,1.61234
2026-09-05 22:30:00,1.61231,1.61324,1.6123,1.61235
2026-09-05 22:45:00,1.61235,1.61322,1.61232,1.61261
2026-09-05 23:00:00,1.61256,1.61262,1.61237,1.61241
2026-09-05 23:15:00,1.61238,1.61367,1.61206,1.61261
2026-09-05 23:30:00,1.61257,1.61271,1.61255,1.61267
2026-09-05 23:45:00,1.61266,1.61332,1.61249,1.61266
2026-09-06 00:00:00,1.61267,1.61343,1.6122,1.61262
2026-09-06 00:15:00,1.61258,1.61262,1.61217,1.61258
2026-09-06 00:30:00,1.61251,1.61332,1.61226,1.61254
2026-09-06 00:45:00,1.61253,1.6126,1.6125,1.61252
2026-09-06 01:00:00,1.61253,1.61371,1.61192,1.61295
2026-09-06 01:15:00,1.61291,1.61365,1.61255,1.61266
2026-09-06 01:30:00,1.61289,1.61289,1.61247,1.61259
2026-09-06 01:45:00,1.61257,1.61335,1.61226,1.61251
2026-09-06 02:00:00,1.61252,1.61255,1.61213,1.61219
2026-09-06 02:15:00,1.61219,1.61353,1.6121,1.61228
2026-09-06 02:30:00,1.61225,1.61333,1.61214,1.61293
2026-09-06 02:45:00,1.61205,1.61363,1.61205,1.6122
2026-09-06 03:00:00,1.61233,1.61343,1.61222,1.61251
2026-09-06 03:15:00,1.61251,1.61253,1.61222,1.6123
2026-09-06 03:30:00,1.61227,1.61339,1.61203,1.61225
2026-09-06 03:45:00,1.61226,1.6134,1.61204,1.61209
2026-09-06 04:00:00,1.61223,1.61269,1.61223,1.61255
2026-09-06 04:15:00,1.61256,1.61399,1.612,1.61301
2026-09-06 04:30:00,1.61298,1.61306,1.61294,1.61302
2026-09-06 04:45:00,1.61299,1.61348,1.61286,1.61297
2026-09-06 05:00:00,1.61297,1.61352,1.61268,1.61276
2026-09-06 05:15:00,1.61298,1.61326,1.61298,1.61316
2026-09-06 05:30:00,1.61313,1.61381,1.61284,1.61365
2026-09-06 05:45:00,1.61341,1.61341,1.61208,1.61211
2026-09-06 06:00:00,1.6121,1.61355,1.61195,1.61293
2026-09-06 06:15:00,1.61294,1.61364,1.61286,1.6134
2026-09-06 06:30:00,1.61294,1.61327,1.61294,1.6132
2026-09-06 06:45:00,1.61317,1.61385,1.61261,1.61299
2026-09-06 07:00:00,1.61291,1.61291,1.61249,1.61259
2026-09-06 07:15:00,1.6126,1.61352,1.61258,1.61294
2026-09-06 07:30:00,1.6129,1.61317,1.61223,1.61233
2026-09-06 07:45:00,1.61233,1.6139,1.61107,1.613
2026-09-06 08:00:00,1.61298,1.61358,1.61291,1.61315
2026-09-06 08:15:00,1.61316,1.61324,1.61186,1.61221
2026-09-06 08:30:00,1.61221,1.6135,1.61214,1.61262
2026-09-06 08:45:00,1.61259,1.61266,1.61256,1.61261
2026-09-06 09:00:00,1.61259,1.61366,1.61238,1.61283
2026-09-06 09:15:00,1.61283,1.61416,1.61208,1.61379
2026-09-06 09:30:00,1.6138,1.61387,1.61377,1.61382
2026-09-06 09:45:00,1.6138,1.61447,1.61273,1.61294
2026-09-06 10:00:00,1.61291,1.61298,1.61224,1.61244
2026-09-06 10:15:00,1.61244,1.61351,1.61226,1.61229
2026-09-06 10:30:00,1.6123,1.61331,1.61195,1.61268
2026-09-06 10:45:00,1.61266,1.61273,1.61263,1.61269
2026-09-06 11:00:00,1.61266,1.61409,1.61226,1.61371
2026-09-06 11:15:00,1.61371,1.61378,1.61368,1.6137
2026-09-06 11:30:00,1.61371,1.61413,1.61369,1.61381
2026-09-06 11:45:00,1.61378,1.61418,1.61244,1.61249
2026-09-06 12:00:00,1.61256,1.61256,1.61224,1.61231
2026-09-06 12:15:00,1.6123,1.61339,1.61195,1.61231
2026-09-06 12:30:00,1.61232,1.61241,1.612,1.61219
2026-09-06 12:45:00,1.61216,1.6141,1.61216,1.61259
2026-09-06 13:00:00,1.61256,1.61313,1.61227,1.61269
2026-09-06 13:15:00,1.61271,1.61271,1.61236,1.61243
2026-09-06 13:30:00,1.61244,1.61314,1.61242,1.61255
2026-09-06 13:45:00,1.61255,1.61261,1.61252,1.6126
2026-09-06 14:00:00,1.61256,1.61316,1.61251,1.61265
2026-09-06 14:15:00,1.61263,1.61395,1.6124,1.61305
2026-09-06 14:30:00,1.61308,1.61308,1.61277,1.61279
2026-09-06 14:45:00,1.61279,1.6131,1.61257,1.61289
2026-09-06 15:00:00,1.61286,1.61292,1.61282,1.61287
2026-09-06 15:15:00,1.61285,1.61315,1.61284,1.61287
2026-09-06 15:30:00,1.61287,1.61315,1.61283,1.61294
2026-09-06 15:45:00,1.61296,1.61297,1.61286,1.6129
2026-09-06 16:00:00,1.61287,1.61373,1.61175,1.61282
2026-09-06 16:15:00,1.61279,1.61285,1.61275,1.61277
2026-09-06 16:30:00,1.61277,1.61309,1.6126,1.6128
2026-09-06 16:45:00,1.61281,1.61318,1.61279,1.61302
2026-09-06 17:00:00,1.613,1.613,1.61282,1.61288
2026-09-06 17:15:00,1.61285,1.61324,1.61284,1.61314
2026-09-06 17:30:00,1.61312,1.61319,1.61293,1.61295
2026-09-06 17:45:00,1.61296,1.61432,1.61208,1.61389
2026-09-06 18:00:00,1.61386,1.61397,1.61384,1.61394
2026-09-06 18:15:00,1.61391,1.61398,1.61388,1.61392
2026-09-06 18:30:00,1.61391,1.61397,1.61342,1.61365
2026-09-06 18:45:00,1.61366,1.61373,1.61363,1.61369
2026-09-06 19:00:00,1.61366,1.61382,1.61362,1.61378
2026-09-06 19:15:00,1.61374,1.61387,1.61372,1.61383
2026-09-06 19:30:00,1.61381,1.61388,1.61379,1.6138
2026-09-06 19:45:00,1.61381,1.61394,1.61379,1.61387
2026-09-06 20:00:00,1.61387,1.61394,1.61384,1.6139
2026-09-06 20:15:00,1.61387,1.61394,1.61384,1.61389
2026-09-06 20:30:00,1.61387,1.61394,1.61384,1.61386
2026-09-06 20:45:00,1.61387,1.61394,1.61384,1.61386
2026-09-06 21:00:00,1.61387,1.61394,1.61384,1.6139
2026-09-06 21:15:00,1.61387,1.61394,1.61384,1.6139
2026-09-06 21:30:00,1.61387,1.61394,1.61215,1.61262
2026-09-06 21:45:00,1.61262,1.6127,1.6126,1.61262
2026-09-06 22:00:00,1.61262,1.6127,1.6126,1.61265
2026-09-06 22:15:00,1.61262,1.6127,1.61246,1.61253
2026-09-06 22:30:00,1.6125,1.61255,1.61244,1.61246
2026-09-06 22:45:00,1.61246,1.61254,1.61244,1.61246
2026-09-06 23:00:00,1.61247,1.61255,1.61245,1.61251
2026-09-06 23:15:00,1.61248,1.6127,1.61117,1.61152
2026-09-06 23:30:00,1.61149,1.61156,1.61146,1.6115
2026-09-06 23:45:00,1.61149,1.61156,1.61146,1.61148
2026-09-07 00:00:00,1.61149,1.61232,1.61103,1.61212
2026-09-07 00:15:00,1.61212,1.61219,1.61209,1.61214
2026-09-07 00:30:00,1.6121,1.61219,1.61209,1.61213
2026-09-07 00:45:00,1.61211,1.61249,1.61192,1.61201
2026-09-07 01:00:00,1.61203,1.61206,1.61115,1.61143
2026-09-07 01:15:00,1.61143,1.6115,1.6114,1.61145
2026-09-07 01:30:00,1.61142,1.61218,1.61118,1.61174
2026-09-07 01:45:00,1.61167,1.61203,1.61164,1.61184
2026-09-07 02:00:00,1.61191,1.61261,1.61178,1.61212
2026-09-07 02:15:00,1.61204,1.61217,1.61178,1.61182
2026-09-07 02:30:00,1.61179,1.61248,1.61102,1.61138
2026-09-07 02:45:00,1.61132,1.61162,1.61132,1.61155
2026-09-07 03:00:00,1.61155,1.61256,1.61105,1.6121
2026-09-07 03:15:00,1.6121,1.61218,1.61208,1.61213
2026-09-07 03:30:00,1.6121,1.61218,1.61208,1.61214
2026-09-07 03:45:00,1.61211,1.61218,1.61208,1.6121
2026-09-07 04:00:00,1.6121,1.61218,1.61208,1.6121
2026-09-07 04:15:00,1.61211,1.61347,1.61063,1.61102
2026-09-07 04:30:00,1.61105,1.6136,1.61062,1.61261
2026-09-07 04:45:00,1.61142,1.6136,1.61084,1.61134
2026-09-07 05:00:00,1.61134,1.61326,1.60957,1.61244
2026-09-07 05:15:00,1.61224,1.61508,1.60943,1.61335
2026-09-07 05:30:00,1.61345,1.61497,1.61154,1.61341
2026-09-07 05:45:00,1.61307,1.6149,1.61196,1.61389
2026-09-07 06:00:00,1.6136,1.61385,1.6111,1.61258
2026-09-07 06:15:00,1.61282,1.61367,1.61176,1.61301
2026-09-07 06:30:00,1.6129,1.61321,1.61212,1.61269
2026-09-07 06:45:00,1.61264,1.61342,1.61186,1.61306
2026-09-07 07:00:00,1.61303,1.61335,1.61249,1.61313
2026-09-07 07:15:00,1.61305,1.61344,1.61248,1.61264
2026-09-07 07:30:00,1.61263,1.61267,1.61187,1.61234
2026-09-07 07:45:00,1.61218,1.61243,1.61151,1.61152
2026-09-07 08:00:00,1.61152,1.61212,1.61126,1.61161
2026-09-07 08:15:00,1.61164,1.61182,1.61153,1.61162
2026-09-07 08:30:00,1.61163,1.61192,1.61157,1.61177
2026-09-07 08:45:00,1.61174,1.61183,1.61164,1.61172
2026-09-07 09:00:00,1.61167,1.61186,1.61138,1.61154
2026-09-07 09:15:00,1.61149,1.61173,1.61137,1.61165
2026-09-07 09:30:00,1.61163,1.6117,1.61138,1.61157
2026-09-07 09:45:00,1.61155,1.61175,1.61123,1.61173
2026-09-07 10:00:00,1.61168,1.61176,1.61134,1.61145
2026-09-07 10:15:00,1.61146,1.61212,1.61143,1.61203
2026-09-07 10:30:00,1.61191,1.61243,1.61128,1.61144
2026-09-07 10:45:00,1.61141,1.61218,1.61122,1.61201
2026-09-07 11:00:00,1.61206,1.61222,1.61163,1.61202
2026-09-07 11:15:00,1.61198,1.61228,1.61161,1.61194
2026-09-07 11:30:00,1.61199,1.61248,1.61153,1.61217
2026-09-07 11:45:00,1.61221,1.61246,1.61197,1.61208
2026-09-07 12:00:00,1.61223,1.61279,1.61217,1.61249
2026-09-07 12:15:00,1.61253,1.61285,1.61227,1.6123
2026-09-07 12:30:00,1.61237,1.61274,1.61224,1.61255
2026-09-07 12:45:00,1.61251,1.6128,1.61225,1.61278
2026-09-07 13:00:00,1.61272,1.61272,1.61196,1.61248
2026-09-07 13:15:00,1.61251,1.61277,1.61219,1.61223
2026-09-07 13:30:00,1.61231,1.61234,1.61169,1.61199
2026-09-07 13:45:00,1.61194,1.61199,1.61163,1.6118
2026-09-07 14:00:00,1.61176,1.61204,1.61159,1.6117
2026-09-07 14:15:00,1.61173,1.61207,1.61164,1.61195
2026-09-07 14:30:00,1.61192,1.61218,1.61166,1.61199
2026-09-07 14:45:00,1.61204,1.61209,1.61147,1.61152
2026-09-07 15:00:00,1.61161,1.61168,1.61126,1.61165
2026-09-07 15:15:00,1.61162,1.61162,1.61117,1.6112
2026-09-07 15:30:00,1.61125,1.61126,1.61073,1.61078
2026-09-07 15:45:00,1.61082,1.61096,1.61066,1.61083
2026-09-07 16:00:00,1.61077,1.61111,1.61039,1.61046
2026-09-07 16:15:00,1.61052,1.61086,1.61041,1.61067
2026-09-07 16:30:00,1.61074,1.61074,1.60971,1.60995
2026-09-07 16:45:00,1.6099,1.61026,1.60953,1.60991
2026-09-07 17:00:00,1.60998,1.61,1.60948,1.60972
2026-09-07 17:15:00,1.60976,1.60996,1.60932,1.60936
2026-09-07 17:30:00,1.60943,1.6097,1.6091,1.60948
2026-09-07 17:45:00,1.60949,1.60962,1.60864,1.60949
2026-09-07 18:00:00,1.60942,1.60981,1.60923,1.60975
