time,open,high,low,close
2026-07-17 16:15:00,1.92829,1.92856,1.92748,1.92792
2026-07-17 16:30:00,1.92783,1.92835,1.92738,1.92832
2026-07-17 16:45:00,1.92824,1.92882,1.92794,1.9287
2026-07-17 17:00:00,1.92864,1.92915,1.92788,1.92809
2026-07-17 17:15:00,1.92802,1.92802,1.92719,1.92754
2026-07-17 17:30:00,1.92748,1.92811,1.92736,1.92759
2026-07-17 17:45:00,1.92767,1.92778,1.92697,1.92703
2026-07-17 18:00:00,1.92713,1.92751,1.92617,1.92705
2026-07-17 18:15:00,1.9272,1.92861,1.92688,1.92771
2026-07-17 18:30:00,1.92762,1.92846,1.92758,1.92839
2026-07-17 18:45:00,1.92831,1.92831,1.92741,1.92746
2026-07-17 19:00:00,1.92761,1.92916,1.92761,1.92842
2026-07-17 19:15:00,1.92855,1.92856,1.92687,1.92741
2026-07-17 19:30:00,1.92734,1.9282,1.92719,1.92811
2026-07-17 19:45:00,1.92797,1.92838,1.92787,1.92813
2026-07-17 20:00:00,1.92817,1.92818,1.92737,1.92788
2026-07-17 20:15:00,1.9279,1.92806,1.92733,1.92738
2026-07-17 20:30:00,1.92745,1.92745,1.92653,1.92655
2026-07-17 20:45:00,1.92654,1.92698,1.92615,1.92692
2026-07-17 21:00:00,1.92684,1.92787,1.92675,1.92759
2026-07-17 21:15:00,1.92769,1.9287,1.92769,1.92832
2026-07-17 21:30:00,1.92824,1.92824,1.92681,1.9269
2026-07-17 21:45:00,1.92702,1.92725,1.92617,1.9267
2026-07-17 22:00:00,1.92664,1.92696,1.92636,1.92689
2026-07-17 22:15:00,1.92679,1.92696,1.92605,1.9261
2026-07-17 22:30:00,1.92615,1.92716,1.92576,1.92714
2026-07-17 22:45:00,1.92706,1.92763,1.92671,1.92719
2026-07-17 23:00:00,1.92701,1.92772,1.92698,1.92724
2026-07-17 23:15:00,1.92718,1.9277,1.92676,1.92717
2026-07-17 23:30:00,1.92716,1.92871,1.92705,1.92864
2026-07-17 23:45:00,1.92841,1.92904,1.92702,1.92757
2026-07-18 00:00:00,1.92768,1.9277,1.92675,1.92702
2026-07-18 00:15:00,1.92718,1.92766,1.92675,1.92725
2026-07-18 00:30:00,1.92719,1.92755,1.92656,1.92682
2026-07-18 00:45:00,1.92672,1.92688,1.92571,1.92579
2026-07-18 01:00:00,1.92591,1.92658,1.92555,1.92622
2026-07-18 01:15:00,1.92609,1.92653,1.92603,1.92635
2026-07-18 01:30:00,1.92631,1.927,1.92569,1.92619
2026-07-18 01:45:00,1.92615,1.92619,1.92509,1.92516
2026-07-18 02:00:00,1.92527,1.92583,1.92495,1.92542
2026-07-18 02:15:00,1.92549,1.92588,1.92504,1.9254
2026-07-18 02:30:00,1.92551,1.92641,1.92551,1.92634
2026-07-18 02:45:00,1.9263,1.92674,1.92614,1.9267
2026-07-18 03:00:00,1.92664,1.92727,1.92658,1.92695
2026-07-18 03:15:00,1.9269,1.92696,1.92615,1.92645
2026-07-18 03:30:00,1.9264,1.9266,1.92618,1.92655
2026-07-18 03:45:00,1.92645,1.92705,1.92617,1.92702
2026-07-18 04:00:00,1.92698,1.92703,1.92658,1.92694
2026-07-18 04:15:00,1.92687,1.92705,1.92654,1.92684
2026-07-18 04:30:00,1.92685,1.92722,1.92661,1.9272
2026-07-18 04:45:00,1.92715,1.92715,1.92668,1.92682
2026-07-18 05:00:00,1.92677,1.92718,1.92668,1.92716
2026-07-18 05:15:00,1.92712,1.92745,1.92688,1.92693
2026-07-18 05:30:00,1.927,1.9272,1.92662,1.92668
2026-07-18 05:45:00,1.92678,1.92705,1.92647,1.92664
2026-07-18 06:00:00,1.92668,1.92733,1.92652,1.92702
2026-07-18 06:15:00,1.92704,1.92737,1.92681,1.92708
2026-07-18 06:30:00,1.92704,1.92754,1.92682,1.92753
2026-07-18 06:45:00,1.9275,1.9275,1.92685,1.92692
2026-07-18 07:00:00,1.92702,1.92702,1.9257,1.92661
2026-07-18 07:15:00,1.92655,1.92664,1.92638,1.92654
2026-07-18 07:30:00,1.92654,1.92664,1.92642,1.92662
2026-07-18 07:45:00,1.92659,1.92661,1.92639,1.92654
2026-07-18 08:00:00,1.92651,1.92701,1.92622,1.92655
2026-07-18 08:15:00,1.92651,1.92664,1.9263,1.92652
2026-07-18 08:30:00,1.92653,1.92673,1.92619,1.92646
2026-07-18 08:45:00,1.92651,1.92662,1.92648,1.92655
2026-07-18 09:00:00,1.92652,1.92688,1.9264,1.92647
2026-07-18 09:15:00,1.92646,1.9266,1.92636,1.92652
2026-07-18 09:30:00,1.9265,1.92661,1.92637,1.92642
2026-07-18 09:45:00,1.92647,1.92661,1.92636,1.92653
2026-07-18 10:00:00,1.92651,1.92692,1.92639,1.92685
2026-07-18 10:15:00,1.92681,1.92695,1.92676,1.92686
2026-07-18 10:30:00,1.92684,1.92693,1.92675,1.92682
2026-07-18 10:45:00,1.92683,1.92691,1.92675,1.9268
2026-07-18 11:00:00,1.92681,1.92689,1.92677,1.92684
2026-07-18 11:15:00,1.9268,1.92691,1.92674,1.92682
2026-07-18 11:30:00,1.92679,1.92692,1.92669,1.92679
2026-07-18 11:45:00,1.9268,1.9269,1.92677,1.92681
2026-07-18 12:00:00,1.9268,1.92691,1.92673,1.92689
2026-07-18 12:15:00,1.92685,1.92692,1.9268,1.92685
2026-07-18 12:30:00,1.92683,1.92691,1.92675,1.92687
2026-07-18 12:45:00,1.92683,1.92691,1.92673,1.92686
2026-07-18 13:00:00,1.92682,1.92691,1.92678,1.92686
2026-07-18 13:15:00,1.92682,1.92692,1.92669,1.92687
2026-07-18 13:30:00,1.92684,1.92693,1.9268,1.92683
2026-07-18 13:45:00,1.92684,1.92691,1.92677,1.92688
2026-07-18 14:00:00,1.92684,1.92693,1.92674,1.92686
2026-07-18 14:15:00,1.92682,1.92693,1.92677,1.92683
2026-07-18 14:30:00,1.92679,1.92691,1.92677,1.92683
2026-07-18 14:45:00,1.92683,1.92692,1.92679,1.92682
2026-07-18 15:00:00,1.92683,1.92689,1.92648,1.92682
2026-07-18 15:15:00,1.92679,1.92693,1.92675,1.92688
2026-07-18 15:30:00,1.92683,1.92691,1.92674,1.92685
2026-07-18 15:45:00,1.92682,1.92692,1.92676,1.92681
2026-07-18 16:00:00,1.92683,1.92692,1.92679,1.92686
2026-07-18 16:15:00,1.92683,1.92696,1.92676,1.92688
2026-07-18 16:30:00,1.92684,1.92692,1.92672,1.9268
2026-07-18 16:45:00,1.92682,1.92691,1.92678,1.92681
2026-07-18 17:00:00,1.92682,1.92691,1.92675,1.92686
2026-07-18 17:15:00,1.92682,1.92693,1.92678,1.92686
2026-07-18 17:30:00,1.92682,1.92695,1.92678,1.92682
2026-07-18 17:45:00,1.9268,1.92693,1.92679,1.92683
2026-07-18 18:00:00,1.92684,1.92695,1.9268,1.92683
2026-07-18 18:15:00,1.92684,1.92694,1.92675,1.92692
2026-07-18 18:30:00,1.92688,1.92695,1.92682,1.92688
2026-07-18 18:45:00,1.92685,1.92696,1.92681,1.92684
2026-07-18 19:00:00,1.92685,1.927,1.9268,1.92687
2026-07-18 19:15:00,1.92688,1.92693,1.9268,1.92688
2026-07-18 19:30:00,1.92684,1.92695,1.92681,1.92689
2026-07-18 19:45:00,1.92686,1.92696,1.9268,1.9269
2026-07-18 20:00:00,1.92687,1.92694,1.92675,1.92682
2026-07-18 20:15:00,1.92683,1.92695,1.92682,1.92686
2026-07-18 20:30:00,1.92686,1.92695,1.92682,1.9269
2026-07-18 20:45:00,1.92686,1.927,1.92674,1.92688
2026-07-18 21:00:00,1.92685,1.92694,1.92681,1.92682
2026-07-18 21:15:00,1.92684,1.92695,1.92682,1.92688
2026-07-18 21:30:00,1.92685,1.92709,1.92649,1.92706
2026-07-18 21:45:00,1.92698,1.92699,1.92682,1.92684
2026-07-18 22:00:00,1.92683,1.92694,1.92682,1.92683
2026-07-18 22:15:00,1.92684,1.92694,1.92679,1.92686
2026-07-18 22:30:00,1.92683,1.92696,1.92679,1.9269
2026-07-18 22:45:00,1.92686,1.92697,1.92679,1.92694
2026-07-18 23:00:00,1.92691,1.92692,1.92679,1.92681
2026-07-18 23:15:00,1.92683,1.92697,1.92673,1.92688
2026-07-18 23:30:00,1.92685,1.92693,1.92681,1.92688
2026-07-18 23:45:00,1.92684,1.92698,1.92679,1.92684
2026-07-19 00:00:00,1.92682,1.92694,1.92681,1.92683
2026-07-19 00:15:00,1.92684,1.92694,1.92681,1.92684
2026-07-19 00:30:00,1.92684,1.927,1.92674,1.92694
2026-07-19 00:45:00,1.9269,1.92699,1.92687,1.92693
2026-07-19 01:00:00,1.9269,1.92696,1.92673,1.92684
2026-07-19 01:15:00,1.92685,1.92697,1.92675,1.92694
2026-07-19 01:30:00,1.92689,1.92698,1.92686,1.92693
2026-07-19 01:45:00,1.92689,1.92706,1.92686,1.92701
2026-07-19 02:00:00,1.92697,1.92709,1.92663,1.92682
2026-07-19 02:15:00,1.92682,1.92699,1.92674,1.92678
2026-07-19 02:30:00,1.9268,1.92692,1.9267,1.92688
2026-07-19 02:45:00,1.92684,1.92686,1.92672,1.92682
2026-07-19 03:00:00,1.92678,1.927,1.9266,1.92681
2026-07-19 03:15:00,1.92682,1.92697,1.92682,1.92687
2026-07-19 03:30:00,1.92688,1.92695,1.92682,1.92691
2026-07-19 03:45:00,1.92688,1.92696,1.92685,1.92693
2026-07-19 04:00:00,1.92686,1.9271,1.92662,1.92669
2026-07-19 04:15:00,1.92667,1.9269,1.92658,1.92687
2026-07-19 04:30:00,1.92682,1.92693,1.92679,1.92684
2026-07-19 04:45:00,1.92683,1.92699,1.92677,1.92689
2026-07-19 05:00:00,1.92685,1.92695,1.92664,1.92685
2026-07-19 05:15:00,1.92683,1.92695,1.92681,1.9269
2026-07-19 05:30:00,1.92684,1.92695,1.9268,1.92687
2026-07-19 05:45:00,1.92683,1.92694,1.92681,1.9269
2026-07-19 06:00:00,1.92685,1.92687,1.92654,1.92676
2026-07-19 06:15:00,1.92674,1.92697,1.92673,1.92676
2026-07-19 06:30:00,1.92683,1.92694,1.92677,1.92679
2026-07-19 06:45:00,1.9268,1.92687,1.92624,1.9266
2026-07-19 07:00:00,1.92656,1.9267,1.92639,1.92649
2026-07-19 07:15:00,1.92646,1.92672,1.92644,1.92662
2026-07-19 07:30:00,1.92663,1.92681,1.92647,1.9266
2026-07-19 07:45:00,1.92662,1.9268,1.92651,1.9266
2026-07-19 08:00:00,1.92656,1.92683,1.92632,1.92678
2026-07-19 08:15:00,1.92675,1.92682,1.92671,1.92673
2026-07-19 08:30:00,1.92674,1.92691,1.92665,1.92673
2026-07-19 08:45:00,1.92675,1.92687,1.92674,1.92681
2026-07-19 09:00:00,1.92678,1.92694,1.92656,1.92663
2026-07-19 09:15:00,1.92659,1.92677,1.92652,1.9267
2026-07-19 09:30:00,1.9267,1.92673,1.9266,1.92661
2026-07-19 09:45:00,1.92662,1.92684,1.9266,1.92675
2026-07-19 10:00:00,1.92672,1.92681,1.92669,1.92676
2026-07-19 10:15:00,1.92672,1.92692,1.9266,1.92685
2026-07-19 10:30:00,1.92684,1.92699,1.92671,1.92689
2026-07-19 10:45:00,1.9269,1.92699,1.92682,1.92683
2026-07-19 11:00:00,1.92684,1.92693,1.92671,1.92689
2026-07-19 11:15:00,1.92685,1.92692,1.92679,1.92685
2026-07-19 11:30:00,1.92683,1.92699,1.92678,1.9268
2026-07-19 11:45:00,1.92682,1.92699,1.92671,1.92693
2026-07-19 12:00:00,1.92691,1.92696,1.92683,1.92689
2026-07-19 12:15:00,1.92685,1.92698,1.92682,1.92692
2026-07-19 12:30:00,1.92689,1.92695,1.92675,1.92688
2026-07-19 12:45:00,1.92683,1.92697,1.92683,1.92686
2026-07-19 13:00:00,1.92687,1.927,1.92685,1.92695
2026-07-19 13:15:00,1.92691,1.92699,1.92685,1.92693
2026-07-19 13:30:00,1.92689,1.92703,1.92683,1.9269
2026-07-19 13:45:00,1.92691,1.92699,1.92688,1.9269
2026-07-19 14:00:00,1.92691,1.92703,1.92687,1.92693
2026-07-19 14:15:00,1.9269,1.92699,1.92671,1.92675
2026-07-19 14:30:00,1.92679,1.92685,1.92672,1.9268
2026-07-19 14:45:00,1.92677,1.92693,1.92674,1.92683
2026-07-19 15:00:00,1.92684,1.9269,1.92679,1.92684
2026-07-19 15:15:00,1.92682,1.92699,1.92679,1.92695
2026-07-19 15:30:00,1.92691,1.92706,1.92684,1.927
2026-07-19 15:45:00,1.92698,1.92704,1.9269,1.92692
2026-07-19 16:00:00,1.92693,1.92697,1.92671,1.92679
2026-07-19 16:15:00,1.92676,1.92684,1.92673,1.9268
2026-07-19 16:30:00,1.92676,1.92692,1.92674,1.92683
2026-07-19 16:45:00,1.92682,1.92695,1.92678,1.92685
2026-07-19 17:00:00,1.92687,1.92696,1.92684,1.92691
2026-07-19 17:15:00,1.92687,1.92704,1.92678,1.927
2026-07-19 17:30:00,1.92695,1.92704,1.9268,1.92681
2026-07-19 17:45:00,1.92682,1.92698,1.92682,1.92695
2026-07-19 18:00:00,1.9269,1.92706,1.92687,1.92698
2026-07-19 18:15:00,1.92698,1.92707,1.92695,1.92702
2026-07-19 18:30:00,1.92698,1.92713,1.92695,1.92707
2026-07-19 18:45:00,1.92704,1.92713,1.92701,1.92703
2026-07-19 19:00:00,1.92704,1.92718,1.92699,1.92709
2026-07-19 19:15:00,1.92709,1.92715,1.92696,1.92709
2026-07-19 19:30:00,1.92706,1.92714,1.92703,1.92709
2026-07-19 19:45:00,1.92706,1.92719,1.92701,1.9271
2026-07-19 20:00:00,1.9271,1.92719,1.92708,1.9271
2026-07-19 20:15:00,1.9271,1.92719,1.92708,1.92713
2026-07-19 20:30:00,1.9271,1.92719,1.92708,1.92714
2026-07-19 20:45:00,1.9271,1.92722,1.92693,1.927
2026-07-19 21:00:00,1.927,1.92703,1.9269,1.92692
2026-07-19 21:15:00,1.92693,1.92701,1.9269,1.92696
2026-07-19 21:30:00,1.92693,1.92759,1.92673,1.92731
2026-07-19 21:45:00,1.92726,1.92735,1.92704,1.92708
2026-07-19 22:00:00,1.92713,1.92722,1.9271,1.92712
2026-07-19 22:15:00,1.92713,1.92721,1.92665,1.92669
2026-07-19 22:30:00,1.92666,1.92673,1.92661,1.92669
2026-07-19 22:45:00,1.92664,1.92679,1.92662,1.92672
2026-07-19 23:00:00,1.9267,1.92682,1.9267,1.92672
2026-07-19 23:15:00,1.92673,1.92759,1.92666,1.92724
2026-07-19 23:30:00,1.9272,1.92738,1.92717,1.92735
2026-07-19 23:45:00,1.92731,1.9274,1.92728,1.92733
2026-07-20 00:00:00,1.92731,1.92736,1.9267,1.92689
2026-07-20 00:15:00,1.92691,1.92704,1.9269,1.92694
2026-07-20 00:30:00,1.92694,1.92704,1.92693,1.927
2026-07-20 00:45:00,1.92696,1.92704,1.9262,1.92638
2026-07-20 01:00:00,1.92641,1.92686,1.92607,1.92661
2026-07-20 01:15:00,1.92654,1.92678,1.92653,1.92674
2026-07-20 01:30:00,1.92668,1.92682,1.92668,1.92677
2026-07-20 01:45:00,1.92674,1.92683,1.92671,1.92677
2026-07-20 02:00:00,1.92674,1.92681,1.92658,1.92662
2026-07-20 02:15:00,1.92663,1.92697,1.92662,1.92686
2026-07-20 02:30:00,1.92688,1.92743,1.92643,1.92694
2026-07-20 02:45:00,1.92701,1.92701,1.92675,1.92682
2026-07-20 03:00:00,1.92678,1.92763,1.92601,1.92735
2026-07-20 03:15:00,1.92739,1.92739,1.92684,1.92688
2026-07-20 03:30:00,1.92691,1.92716,1.92691,1.92697
2026-07-20 03:45:00,1.92698,1.9271,1.92689,1.92702
2026-07-20 04:00:00,1.92697,1.92743,1.92634,1.92662
2026-07-20 04:15:00,1.92665,1.92723,1.92603,1.92665
2026-07-20 04:30:00,1.92666,1.92691,1.9263,1.92632
2026-07-20 04:45:00,1.92634,1.92704,1.92598,1.92702
2026-07-20 05:00:00,1.92696,1.929,1.92631,1.92743
2026-07-20 05:15:00,1.92749,1.93016,1.92749,1.92979
2026-07-20 05:30:00,1.92931,1.93067,1.92757,1.92954
2026-07-20 05:45:00,1.92928,1.93012,1.92688,1.92724
2026-07-20 06:00:00,1.92785,1.92997,1.92572,1.92952
2026-07-20 06:15:00,1.92914,1.93068,1.92686,1.92989
2026-07-20 06:30:00,1.92993,1.93072,1.92868,1.92906
2026-07-20 06:45:00,1.92927,1.93048,1.92821,1.9292
2026-07-20 07:00:00,1.92934,1.93167,1.9292,1.93079
2026-07-20 07:15:00,1.93081,1.93166,1.92845,1.92969
2026-07-20 07:30:00,1.92982,1.93112,1.92956,1.93062
2026-07-20 07:45:00,1.93045,1.93067,1.92882,1.92912
2026-07-20 08:00:00,1.92917,1.92976,1.92796,1.92822
2026-07-20 08:15:00,1.92824,1.92881,1.9278,1.92786
2026-07-20 08:30:00,1.92797,1.92816,1.92712,1.92735
2026-07-20 08:45:00,1.92731,1.92761,1.92707,1.92735
2026-07-20 09:00:00,1.92738,1.92757,1.92677,1.92693
2026-07-20 09:15:00,1.92688,1.92704,1.92665,1.92676
2026-07-20 09:30:00,1.92677,1.9275,1.92663,1.92671
2026-07-20 09:45:00,1.92686,1.92737,1.9267,1.9268
2026-07-20 10:00:00,1.92683,1.92733,1.92583,1.92613
2026-07-20 10:15:00,1.92604,1.92605,1.9254,1.92571
2026-07-20 10:30:00,1.92572,1.92609,1.92534,1.92536
2026-07-20 10:45:00,1.92542,1.92608,1.92541,1.92589
2026-07-20 11:00:00,1.92587,1.92587,1.92467,1.92519
2026-07-20 11:15:00,1.92497,1.92556,1.92489,1.9254
2026-07-20 11:30:00,1.92527,1.92539,1.92491,1.92525
2026-07-20 11:45:00,1.92518,1.92556,1.92476,1.92517
2026-07-20 12:00:00,1.92524,1.9253,1.92465,1.92484
2026-07-20 12:15:00,1.92477,1.92583,1.92464,1.92554
2026-07-20 12:30:00,1.92562,1.92574,1.92453,1.92458
2026-07-20 12:45:00,1.92465,1.92504,1.92463,1.92484
2026-07-20 13:00:00,1.9248,1.92546,1.92466,1.92531
2026-07-20 13:15:00,1.92535,1.92535,1.92479,1.92484
2026-07-20 13:30:00,1.9249,1.92502,1.92461,1.92466
2026-07-20 13:45:00,1.92472,1.9249,1.92439,1.92476
2026-07-20 14:00:00,1.92479,1.92492,1.92446,1.92466
2026-07-20 14:15:00,1.92463,1.92479,1.92422,1.92433
2026-07-20 14:30:00,1.92429,1.92447,1.92405,1.92406
2026-07-20 14:45:00,1.92408,1.92473,1.92403,1.9247
2026-07-20 15:00:00,1.92465,1.9257,1.92452,1.92568
2026-07-20 15:15:00,1.92564,1.92598,1.92523,1.92579
2026-07-20 15:30:00,1.9257,1.92618,1.92565,1.92609
2026-07-20 15:45:00,1.92607,1.92647,1.92558,1.9264
2026-07-20 16:00:00,1.92632,1.92687,1.92621,1.92651
2026-07-20 16:15:00,1.92649,1.9272,1.92641,1.92673
2026-07-20 16:30:00,1.92666,1.92697,1.92582,1.92585
2026-07-20 16:45:00,1.92588,1.92592,1.92514,1.92543
2026-07-20 17:00:00,1.92534,1.92607,1.92528,1.92604
2026-07-20 17:15:00,1.92598,1.92608,1.92475,1.92505
2026-07-20 17:30:00,1.92498,1.9254,1.9238,1.9245
2026-07-20 17:45:00,1.92456,1.92506,1.92415,1.92462
2026-07-20 18:00:00,1.92479,1.92521,1.92426,1.92433
2026-07-20 18:15:00,1.92439,1.92486,1.924,1.92412
2026-07-20 18:30:00,1.92406,1.92454,1.92396,1.92439
2026-07-20 18:45:00,1.9243,1.92473,1.92412,1.92422
2026-07-20 19:00:00,1.92422,1.92424,1.92357,1.92364
2026-07-20 19:15:00,1.92365,1.92371,1.92304,1.92342
2026-07-20 19:30:00,1.92335,1.92362,1.9232,1.92344
2026-07-20 19:45:00,1.92344,1.92414,1.92336,1.92374
2026-07-20 20:00:00,1.92379,1.92389,1.92312,1.9236
2026-07-20 20:15:00,1.9235,1.9235,1.92189,1.9221
2026-07-20 20:30:00,1.92202,1.92274,1.92202,1.92244
2026-07-20 20:45:00,1.92251,1.92268,1.92222,1.92251
2026-07-20 21:00:00,1.92243,1.92259,1.92206,1.92245
2026-07-20 21:15:00,1.92248,1.92263,1.92182,1.92202
2026-07-20 21:30:00,1.92203,1.92226,1.92082,1.92089
2026-07-20 21:45:00,1.92095,1.92115,1.92036,1.92067
2026-07-20 22:00:00,1.92058,1.92137,1.92053,1.9212
2026-07-20 22:15:00,1.92113,1.92168,1.92078,1.92081
2026-07-20 22:30:00,1.92085,1.92094,1.9204,1.92085
2026-07-20 22:45:00,1.92074,1.92126,1.92058,1.92067
2026-07-20 23:00:00,1.92071,1.92102,1.9206,1.92075
2026-07-20 23:15:00,1.92083,1.92107,1.92048,1.92092
2026-07-20 23:30:00,1.92085,1.92096,1.91901,1.91907
2026-07-20 23:45:00,1.91915,1.91931,1.91868,1.91889
2026-07-21 00:00:00,1.91893,1.91967,1.91854,1.91856
2026-07-21 00:15:00,1.91859,1.91859,1.91786,1.91815
2026-07-21 00:30:00,1.91809,1.91864,1.91765,1.91819
2026-07-21 00:45:00,1.91821,1.91986,1.9177,1.91981
2026-07-21 01:00:00,1.91966,1.91998,1.91726,1.91732
2026-07-21 01:15:00,1.91741,1.91741,1.91605,1.91635
2026-07-21 01:30:00,1.91624,1.91677,1.916,1.91648
2026-07-21 01:45:00,1.91649,1.91665,1.9161,1.91629
2026-07-21 02:00:00,1.91625,1.91631,1.91529,1.91547
2026-07-21 02:15:00,1.9155,1.91592,1.91536,1.91587
2026-07-21 02:30:00,1.91579,1.91638,1.91569,1.91585
2026-07-21 02:45:00,1.91588,1.91617,1.91572,1.91609
2026-07-21 03:00:00,1.91601,1.91698,1.91593,1.91694
2026-07-21 03:15:00,1.91692,1.91731,1.9164,1.91728
2026-07-21 03:30:00,1.91723,1.91761,1.91716,1.91753
2026-07-21 03:45:00,1.91737,1.91802,1.91737,1.91776
2026-07-21 04:00:00,1.91769,1.91817,1.91768,1.91776
2026-07-21 04:15:00,1.91777,1.91851,1.91771,1.91847
2026-07-21 04:30:00,1.91841,1.91883,1.91841,1.91881
2026-07-21 04:45:00,1.91876,1.9189,1.91852,1.91878
2026-07-21 05:00:00,1.9187,1.91915,1.91859,1.91911
2026-07-21 05:15:00,1.91908,1.91948,1.91902,1.91924
2026-07-21 05:30:00,1.91926,1.9196,1.91892,1.91948
2026-07-21 05:45:00,1.91942,1.91948,1.91909,1.91923
2026-07-21 06:00:00,1.91923,1.91959,1.91917,1.91949
2026-07-21 06:15:00,1.91946,1.91947,1.91915,1.91917
2026-07-21 06:30:00,1.9192,1.91941,1.91915,1.91928
2026-07-21 06:45:00,1.91927,1.9193,1.91884,1.91901
2026-07-21 07:00:00,1.91898,1.91959,1.91867,1.91929
2026-07-21 07:15:00,1.91921,1.91945,1.91864,1.91884
2026-07-21 07:30:00,1.91889,1.91925,1.9174,1.91916
2026-07-21 07:45:00,1.91903,1.91944,1.91889,1.91913
2026-07-21 08:00:00,1.91914,1.91947,1.91865,1.91942
2026-07-21 08:15:00,1.91938,1.91959,1.91928,1.91946
2026-07-21 08:30:00,1.91944,1.91959,1.91929,1.91935
2026-07-21 08:45:00,1.91938,1.91968,1.91922,1.91954
2026-07-21 09:00:00,1.9195,1.91964,1.91863,1.91899
2026-07-21 09:15:00,1.91893,1.919,1.91844,1.91869
2026-07-21 09:30:00,1.9187,1.91885,1.91832,1.91833
2026-07-21 09:45:00,1.91835,1.91889,1.9183,1.91864
2026-07-21 10:00:00,1.91858,1.91955,1.91851,1.91873
2026-07-21 10:15:00,1.91881,1.91898,1.91826,1.91829
2026-07-21 10:30:00,1.91834,1.91838,1.91789,1.91794
2026-07-21 10:45:00,1.91798,1.91816,1.91755,1.91806
2026-07-21 11:00:00,1.91798,1.91852,1.91754,1.91782
2026-07-21 11:15:00,1.91775,1.91793,1.91746,1.91781
2026-07-21 11:30:00,1.91778,1.91789,1.91715,1.9176
2026-07-21 11:45:00,1.91753,1.91807,1.91752,1.9179
2026-07-21 12:00:00,1.91786,1.91786,1.91697,1.91722
2026-07-21 12:15:00,1.91718,1.91778,1.91695,1.91774
2026-07-21 12:30:00,1.91762,1.91804,1.91687,1.91718
2026-07-21 12:45:00,1.91717,1.91718,1.91661,1.9169
2026-07-21 13:00:00,1.91677,1.91746,1.91677,1.91731
2026-07-21 13:15:00,1.91726,1.91775,1.91719,1.9177
2026-07-21 13:30:00,1.91767,1.91814,1.91743,1.91804
2026-07-21 13:45:00,1.91788,1.91845,1.91788,1.9183
2026-07-21 14:00:00,1.91832,1.91838,1.91772,1.91782
2026-07-21 14:15:00,1.91786,1.91853,1.91776,1.91837
2026-07-21 14:30:00,1.91839,1.91856,1.91786,1.9181
2026-07-21 14:45:00,1.91804,1.91829,1.9178,1.91792
2026-07-21 15:00:00,1.91796,1.91821,1.91777,1.918
2026-07-21 15:15:00,1.91803,1.9181,1.91764,1.91775
2026-07-21 15:30:00,1.9177,1.9181,1.9176,1.91808
2026-07-21 15:45:00,1.91803,1.9183,1.91785,1.91821
2026-07-21 16:00:00,1.91821,1.91847,1.91787,1.91844
2026-07-21 16:15:00,1.9184,1.91856,1.91772,1.91776
2026-07-21 16:30:00,1.91779,1.91804,1.91715,1.91777
2026-07-21 16:45:00,1.91781,1.91786,1.91618,1.91619
2026-07-21 17:00:00,1.91624,1.91644,1.91562,1.91607
2026-07-21 17:15:00,1.91596,1.91623,1.9156,1.91599
2026-07-21 17:30:00,1.91594,1.9162,1.91476,1.91482
2026-07-21 17:45:00,1.9149,1.91509,1.9146,1.9149
2026-07-21 18:00:00,1.91478,1.91535,1.91472,1.91522
2026-07-21 18:15:00,1.91517,1.91571,1.91405,1.91422
2026-07-21 18:30:00,1.91418,1.91428,1.91288,1.91301
2026-07-21 18:45:00,1.91294,1.91336,1.91256,1.91257
2026-07-21 19:00:00,1.91259,1.91262,1.91184,1.91214
2026-07-21 19:15:00,1.91219,1.91219,1.91124,1.91196
2026-07-21 19:30:00,1.91191,1.91223,1.91161,1.91199
2026-07-21 19:45:00,1.9119,1.9121,1.91163,1.91172
2026-07-21 20:00:00,1.91175,1.91227,1.91136,1.91214
2026-07-21 20:15:00,1.91205,1.91234,1.91094,1.91116
2026-07-21 20:30:00,1.91113,1.91164,1.91107,1.91132
2026-07-21 20:45:00,1.91127,1.91175,1.91104,1.91129
2026-07-21 21:00:00,1.91117,1.91232,1.91117,1.91144
2026-07-21 21:15:00,1.91132,1.91155,1.91069,1.91117
2026-07-21 21:30:00,1.91119,1.91133,1.9105,1.91095
2026-07-21 21:45:00,1.91087,1.91112,1.91008,1.91029
2026-07-21 22:00:00,1.91028,1.91044,1.90981,1.90991
2026-07-21 22:15:00,1.90993,1.91031,1.90854,1.90908
2026-07-21 22:30:00,1.90901,1.90936,1.90879,1.90889
2026-07-21 22:45:00,1.90891,1.90923,1.90769,1.90867
2026-07-21 23:00:00,1.90859,1.90877,1.90787,1.90871
2026-07-21 23:15:00,1.90867,1.90918,1.90851,1.9088
2026-07-21 23:30:00,1.90882,1.90897,1.90668,1.90803
2026-07-21 23:45:00,1.90791,1.91052,1.90785,1.91002
2026-07-22 00:00:00,1.91004,1.91073,1.90954,1.91067
2026-07-22 00:15:00,1.91059,1.91123,1.90972,1.90975
2026-07-22 00:30:00,1.9098,1.90988,1.90858,1.90937
2026-07-22 00:45:00,1.90946,1.90985,1.90831,1.90897
2026-07-22 01:00:00,1.90884,1.90942,1.90868,1.9087
2026-07-22 01:15:00,1.90876,1.90906,1.90816,1.90837
2026-07-22 01:30:00,1.90829,1.90848,1.90774,1.90819
2026-07-22 01:45:00,1.90802,1.90874,1.90802,1.90826
2026-07-22 02:00:00,1.90827,1.90869,1.90805,1.9081
2026-07-22 02:15:00,1.90818,1.90921,1.90806,1.90914
2026-07-22 02:30:00,1.90905,1.91026,1.90905,1.91024
2026-07-22 02:45:00,1.91018,1.91033,1.90979,1.90994
2026-07-22 03:00:00,1.90998,1.91026,1.90966,1.91012
2026-07-22 03:15:00,1.91006,1.91041,1.90997,1.91026
2026-07-22 03:30:00,1.91028,1.91083,1.91019,1.91081
2026-07-22 03:45:00,1.91079,1.91085,1.91044,1.91063
2026-07-22 04:00:00,1.91059,1.91065,1.90995,1.91014
2026-07-22 04:15:00,1.91011,1.91034,1.90982,1.91025
2026-07-22 04:30:00,1.9102,1.91023,1.90963,1.91001
2026-07-22 04:45:00,1.91006,1.91027,1.90984,1.91025
2026-07-22 05:00:00,1.91014,1.91033,1.90995,1.91007
2026-07-22 05:15:00,1.91008,1.91064,1.91005,1.9106
2026-07-22 05:30:00,1.91054,1.91132,1.91051,1.91129
2026-07-22 05:45:00,1.91124,1.91164,1.91073,1.91082
2026-07-22 06:00:00,1.91099,1.9113,1.91035,1.91125
2026-07-22 06:15:00,1.91121,1.91175,1.91112,1.91143
2026-07-22 06:30:00,1.91142,1.91169,1.91122,1.91146
2026-07-22 06:45:00,1.91148,1.91154,1.91094,1.91101
2026-07-22 07:00:00,1.91112,1.91186,1.90974,1.91122
2026-07-22 07:15:00,1.91118,1.91118,1.91006,1.91071
2026-07-22 07:30:00,1.91061,1.91116,1.91057,1.91098
2026-07-22 07:45:00,1.91103,1.91118,1.91052,1.91109
2026-07-22 08:00:00,1.91104,1.91158,1.91097,1.91117
2026-07-22 08:15:00,1.91112,1.91123,1.91096,1.91103
2026-07-22 08:30:00,1.91105,1.91143,1.91102,1.91131
2026-07-22 08:45:00,1.91128,1.91154,1.91095,1.91127
2026-07-22 09:00:00,1.91124,1.91158,1.91105,1.91117
2026-07-22 09:15:00,1.91112,1.91128,1.91093,1.91123
2026-07-22 09:30:00,1.91118,1.91143,1.91115,1.91123
2026-07-22 09:45:00,1.91125,1.91153,1.91109,1.91121
2026-07-22 10:00:00,1.91119,1.91162,1.911,1.91113
2026-07-22 10:15:00,1.91116,1.91133,1.91094,1.91118
2026-07-22 10:30:00,1.91116,1.91147,1.91075,1.9112
2026-07-22 10:45:00,1.91116,1.91131,1.9097,1.90979
2026-07-22 11:00:00,1.90996,1.91004,1.90897,1.90934
2026-07-22 11:15:00,1.90932,1.91042,1.90932,1.91033
2026-07-22 11:30:00,1.9103,1.91057,1.91017,1.91036
2026-07-22 11:45:00,1.91039,1.91046,1.90996,1.9103
2026-07-22 12:00:00,1.91021,1.91154,1.91021,1.91122
2026-07-22 12:15:00,1.91112,1.91143,1.91057,1.91064
2026-07-22 12:30:00,1.91075,1.91149,1.91038,1.9111
2026-07-22 12:45:00,1.91105,1.91124,1.91069,1.91121
2026-07-22 13:00:00,1.91116,1.91169,1.91088,1.91167
2026-07-22 13:15:00,1.91159,1.91167,1.91083,1.91101
2026-07-22 13:30:00,1.91096,1.91174,1.9109,1.91168
2026-07-22 13:45:00,1.91159,1.91219,1.91155,1.91206
2026-07-22 14:00:00,1.91207,1.91254,1.91169,1.9124
2026-07-22 14:15:00,1.91238,1.91238,1.91196,1.91211
2026-07-22 14:30:00,1.91206,1.91226,1.91197,1.91203
2026-07-22 14:45:00,1.91207,1.91238,1.91195,1.91227
2026-07-22 15:00:00,1.91229,1.91278,1.91212,1.91252
2026-07-22 15:15:00,1.9125,1.91261,1.91222,1.91253
2026-07-22 15:30:00,1.91241,1.91316,1.91241,1.91313
2026-07-22 15:45:00,1.91309,1.91329,1.91252,1.91256
2026-07-22 16:00:00,1.9126,1.91321,1.91226,1.91277
2026-07-22 16:15:00,1.91279,1.91306,1.91218,1.9124
2026-07-22 16:30:00,1.9125,1.91286,1.91169,1.9119
2026-07-22 16:45:00,1.91187,1.9126,1.91173,1.9123
2026-07-22 17:00:00,1.91234,1.91313,1.91223,1.91261
2026-07-22 17:15:00,1.91269,1.91275,1.91178,1.91207
2026-07-22 17:30:00,1.91209,1.91265,1.9114,1.91205
2026-07-22 17:45:00,1.91209,1.91298,1.91209,1.91268
2026-07-22 18:00:00,1.91257,1.91302,1.91246,1.91248
2026-07-22 18:15:00,1.91252,1.91296,1.91222,1.91243
2026-07-22 18:30:00,1.91238,1.91252,1.91144,1.91221
2026-07-22 18:45:00,1.91209,1.91228,1.91102,1.91113
2026-07-22 19:00:00,1.91121,1.9113,1.91044,1.91048
2026-07-22 19:15:00,1.91054,1.91084,1.91004,1.91067
2026-07-22 19:30:00,1.91064,1.91176,1.91059,1.91136
2026-07-22 19:45:00,1.91143,1.91191,1.91129,1.91151
2026-07-22 20:00:00,1.91151,1.91227,1.9113,1.91202
2026-07-22 20:15:00,1.91211,1.91233,1.9115,1.91168
2026-07-22 20:30:00,1.91165,1.91174,1.91122,1.91142
2026-07-22 20:45:00,1.9114,1.91209,1.91102,1.91205
2026-07-22 21:00:00,1.91198,1.91232,1.91159,1.91162
2026-07-22 21:15:00,1.91169,1.91186,1.91135,1.91163
2026-07-22 21:30:00,1.91156,1.91217,1.91138,1.91208
2026-07-22 21:45:00,1.91184,1.91237,1.91111,1.91116
2026-07-22 22:00:00,1.91117,1.91149,1.91083,1.91127
2026-07-22 22:15:00,1.91129,1.91175,1.91095,1.91172
2026-07-22 22:30:00,1.91165,1.91197,1.91131,1.91167
2026-07-22 22:45:00,1.91152,1.91322,1.91141,1.91214
2026-07-22 23:00:00,1.91239,1.91287,1.91202,1.91226
2026-07-22 23:15:00,1.91222,1.91282,1.912,1.91269
2026-07-22 23:30:00,1.91259,1.91326,1.91194,1.91296
2026-07-22 23:45:00,1.91309,1.91373,1.9125,1.91365
2026-07-23 00:00:00,1.91362,1.91389,1.91326,1.91356
2026-07-23 00:15:00,1.91363,1.91391,1.91301,1.9134
2026-07-23 00:30:00,1.91344,1.91351,1.91231,1.91236
2026-07-23 00:45:00,1.91243,1.91261,1.91154,1.9119
2026-07-23 01:00:00,1.91183,1.91196,1.91143,1.91195
2026-07-23 01:15:00,1.91193,1.91198,1.91151,1.9117
2026-07-23 01:30:00,1.91174,1.91184,1.91088,1.9113
2026-07-23 01:45:00,1.91126,1.91188,1.91081,1.91087
2026-07-23 02:00:00,1.91095,1.91102,1.91052,1.91055
2026-07-23 02:15:00,1.91057,1.91144,1.91047,1.9112
2026-07-23 02:30:00,1.91125,1.91164,1.91111,1.91161
2026-07-23 02:45:00,1.91154,1.91171,1.91126,1.91168
2026-07-23 03:00:00,1.91161,1.91166,1.91122,1.91153
2026-07-23 03:15:00,1.9115,1.91173,1.91133,1.91164
2026-07-23 03:30:00,1.91165,1.91202,1.91154,1.91197
2026-07-23 03:45:00,1.91188,1.91237,1.91186,1.91223
2026-07-23 04:00:00,1.91213,1.91252,1.912,1.91228
2026-07-23 04:15:00,1.91217,1.91243,1.91197,1.91207
2026-07-23 04:30:00,1.91203,1.91216,1.91183,1.91206
2026-07-23 04:45:00,1.91201,1.91248,1.91197,1.91206
2026-07-23 05:00:00,1.91202,1.91212,1.91183,1.91202
2026-07-23 05:15:00,1.91202,1.91213,1.9117,1.91171
2026-07-23 05:30:00,1.91173,1.91205,1.91167,1.91179
2026-07-23 05:45:00,1.91181,1.91204,1.91169,1.91174
2026-07-23 06:00:00,1.91176,1.91188,1.9115,1.91154
2026-07-23 06:15:00,1.91158,1.91168,1.91142,1.91154
2026-07-23 06:30:00,1.91157,1.91188,1.91132,1.91182
2026-07-23 06:45:00,1.91173,1.91188,1.91142,1.91146
2026-07-23 07:00:00,1.9115,1.91267,1.9114,1.91219
2026-07-23 07:15:00,1.91225,1.91312,1.91205,1.91271
2026-07-23 07:30:00,1.91264,1.91298,1.91216,1.91274
2026-07-23 07:45:00,1.91264,1.91422,1.91264,1.91297
2026-07-23 08:00:00,1.91307,1.91307,1.91241,1.91302
2026-07-23 08:15:00,1.91297,1.91327,1.91287,1.91321
2026-07-23 08:30:00,1.9131,1.91339,1.91299,1.9132
2026-07-23 08:45:00,1.91326,1.9134,1.91288,1.91328
2026-07-23 09:00:00,1.91326,1.91335,1.91291,1.91333
2026-07-23 09:15:00,1.91327,1.9133,1.91308,1.91317
2026-07-23 09:30:00,1.91314,1.9135,1.91298,1.91348
2026-07-23 09:45:00,1.91344,1.91392,1.9133,1.91359
2026-07-23 10:00:00,1.91368,1.91377,1.91331,1.91358
2026-07-23 10:15:00,1.91348,1.91372,1.91295,1.91297
2026-07-23 10:30:00,1.91298,1.9134,1.91293,1.91337
2026-07-23 10:45:00,1.91333,1.91346,1.91289,1.91333
2026-07-23 11:00:00,1.91321,1.91347,1.91249,1.91264
2026-07-23 11:15:00,1.9126,1.9126,1.91197,1.91249
2026-07-23 11:30:00,1.91242,1.91259,1.90644,1.90736
2026-07-23 11:45:00,1.90723,1.90863,1.90699,1.90857
2026-07-23 12:00:00,1.90844,1.90865,1.90755,1.90817
2026-07-23 12:15:00,1.90817,1.90923,1.90812,1.9092
2026-07-23 12:30:00,1.90913,1.90913,1.90821,1.90827
2026-07-23 12:45:00,1.90831,1.90856,1.90778,1.90836
2026-07-23 13:00:00,1.90844,1.90916,1.90844,1.90875
2026-07-23 13:15:00,1.90886,1.90886,1.90813,1.90857
2026-07-23 13:30:00,1.90851,1.90867,1.90806,1.90828
2026-07-23 13:45:00,1.90822,1.90826,1.90757,1.90786
2026-07-23 14:00:00,1.90781,1.90813,1.90752,1.90756
2026-07-23 14:15:00,1.90762,1.90778,1.90732,1.90761
2026-07-23 14:30:00,1.90758,1.9081,1.9074,1.90806
2026-07-23 14:45:00,1.90801,1.90851,1.90789,1.90824
2026-07-23 15:00:00,1.90833,1.90851,1.90774,1.90829
2026-07-23 15:15:00,1.90826,1.90857,1.90804,1.90825
2026-07-23 15:30:00,1.90819,1.90889,1.90801,1.90881
2026-07-23 15:45:00,1.90872,1.90912,1.90872,1.90886
2026-07-23 16:00:00,1.90887,1.90935,1.90866,1.90934
2026-07-23 16:15:00,1.90931,1.90955,1.90855,1.90891
2026-07-23 16:30:00,1.90885,1.90905,1.90782,1.9081
2026-07-23 16:45:00,1.90803,1.9093,1.90797,1.90916
2026-07-23 17:00:00,1.90898,1.91005,1.90898,1.90934
2026-07-23 17:15:00,1.90928,1.90928,1.90824,1.90913
2026-07-23 17:30:00,1.909,1.91067,1.909,1.91055
2026-07-23 17:45:00,1.9103,1.91052,1.90948,1.90951
2026-07-23 18:00:00,1.90957,1.9103,1.90934,1.91024
2026-07-23 18:15:00,1.91014,1.91043,1.90953,1.90957
2026-07-23 18:30:00,1.90963,1.91001,1.90882,1.90888
2026-07-23 18:45:00,1.90893,1.90998,1.90893,1.90928
2026-07-23 19:00:00,1.90935,1.90962,1.90884,1.90912
2026-07-23 19:15:00,1.90921,1.90995,1.90906,1.90995
2026-07-23 19:30:00,1.90993,1.91078,1.90979,1.91067
2026-07-23 19:45:00,1.91057,1.91076,1.91036,1.91071
2026-07-23 20:00:00,1.91065,1.91105,1.91056,1.91061
2026-07-23 20:15:00,1.91066,1.91091,1.91034,1.91043
2026-07-23 20:30:00,1.9104,1.91058,1.90983,1.90985
2026-07-23 20:45:00,1.90985,1.91029,1.90949,1.91026
2026-07-23 21:00:00,1.91019,1.91059,1.90988,1.91002
2026-07-23 21:15:00,1.9101,1.91031,1.90935,1.90943
2026-07-23 21:30:00,1.90956,1.91019,1.90934,1.91008
2026-07-23 21:45:00,1.90999,1.91028,1.90921,1.90996
2026-07-23 22:00:00,1.91002,1.91002,1.90923,1.90991
2026-07-23 22:15:00,1.90976,1.91116,1.90973,1.9111
2026-07-23 22:30:00,1.91099,1.91216,1.91053,1.91213
2026-07-23 22:45:00,1.91203,1.91233,1.91142,1.91183
2026-07-23 23:00:00,1.91177,1.9133,1.91116,1.91294
2026-07-23 23:15:00,1.9129,1.9129,1.9119,1.91265
2026-07-23 23:30:00,1.9125,1.91263,1.91054,1.91061
2026-07-23 23:45:00,1.91069,1.91197,1.91064,1.91136
2026-07-24 00:00:00,1.91145,1.91208,1.91049,1.91058
2026-07-24 00:15:00,1.91077,1.91114,1.90996,1.91002
2026-07-24 00:30:00,1.91016,1.91072,1.90955,1.91016
2026-07-24 00:45:00,1.91005,1.91058,1.90966,1.91013
2026-07-24 01:00:00,1.90992,1.91043,1.90968,1.91011
2026-07-24 01:15:00,1.91003,1.91017,1.9087,1.90926
2026-07-24 01:30:00,1.90931,1.90998,1.9086,1.90878
2026-07-24 01:45:00,1.9087,1.90885,1.908,1.90868
2026-07-24 02:00:00,1.9086,1.90894,1.90807,1.90886
2026-07-24 02:15:00,1.90879,1.90927,1.90839,1.90925
2026-07-24 02:30:00,1.90922,1.90974,1.9088,1.90965
2026-07-24 02:45:00,1.90947,1.91001,1.90943,1.90952
2026-07-24 03:00:00,1.90948,1.90991,1.90925,1.90966
2026-07-24 03:15:00,1.90969,1.90993,1.90951,1.9099
2026-07-24 03:30:00,1.90987,1.91062,1.90965,1.91037
2026-07-24 03:45:00,1.91035,1.91042,1.91006,1.91035
2026-07-24 04:00:00,1.9103,1.91088,1.91016,1.91081
2026-07-24 04:15:00,1.91078,1.91134,1.91067,1.91117
2026-07-24 04:30:00,1.91121,1.91144,1.91106,1.91119
2026-07-24 04:45:00,1.9112,1.91177,1.9111,1.91175
2026-07-24 05:00:00,1.91169,1.91193,1.91126,1.91189
2026-07-24 05:15:00,1.91186,1.91214,1.91163,1.91197
2026-07-24 05:30:00,1.91189,1.91235,1.91159,1.91207
2026-07-24 05:45:00,1.91211,1.91238,1.91175,1.9118
2026-07-24 06:00:00,1.91185,1.91185,1.91104,1.9115
2026-07-24 06:15:00,1.91144,1.91151,1.91098,1.911
2026-07-24 06:30:00,1.91105,1.91134,1.91104,1.91121
2026-07-24 06:45:00,1.91122,1.91129,1.91081,1.91089
2026-07-24 07:00:00,1.91103,1.91168,1.90944,1.91042
2026-07-24 07:15:00,1.91064,1.91113,1.91014,1.91076
2026-07-24 07:30:00,1.91085,1.91135,1.91017,1.91126
2026-07-24 07:45:00,1.91113,1.9118,1.91021,1.91045
2026-07-24 08:00:00,1.9104,1.91128,1.91033,1.91099
2026-07-24 08:15:00,1.91095,1.91103,1.91078,1.91091
2026-07-24 08:30:00,1.91089,1.91094,1.91059,1.91084
2026-07-24 08:45:00,1.91085,1.91097,1.91075,1.91082
2026-07-24 09:00:00,1.91084,1.91116,1.91061,1.91096
2026-07-24 09:15:00,1.91091,1.91092,1.91063,1.91079
2026-07-24 09:30:00,1.91077,1.9108,1.91042,1.91073
2026-07-24 09:45:00,1.91068,1.91095,1.91045,1.91076
2026-07-24 10:00:00,1.91083,1.91083,1.91024,1.91048
2026-07-24 10:15:00,1.9105,1.91101,1.91043,1.91089
2026-07-24 10:30:00,1.91086,1.9109,1.90989,1.90991
2026-07-24 10:45:00,1.90996,1.91006,1.90919,1.90927
2026-07-24 11:00:00,1.90943,1.91072,1.90937,1.91036
2026-07-24 11:15:00,1.91031,1.91069,1.91022,1.91035
2026-07-24 11:30:00,1.91037,1.91051,1.90934,1.90938
2026-07-24 11:45:00,1.90944,1.90982,1.9091,1.90978
2026-07-24 12:00:00,1.90971,1.91009,1.90919,1.90946
2026-07-24 12:15:00,1.90941,1.90941,1.90822,1.90851
2026-07-24 12:30:00,1.90836,1.90894,1.90826,1.90875
2026-07-24 12:45:00,1.90878,1.90929,1.90864,1.909
2026-07-24 13:00:00,1.9091,1.90938,1.90815,1.90822
2026-07-24 13:15:00,1.90835,1.90888,1.90803,1.90862
2026-07-24 13:30:00,1.90847,1.90915,1.90837,1.90911
2026-07-24 13:45:00,1.90903,1.9092,1.90892,1.909
2026-07-24 14:00:00,1.90901,1.90903,1.90835,1.90859
2026-07-24 14:15:00,1.90854,1.90863,1.90832,1.90839
2026-07-24 14:30:00,1.90834,1.90909,1.90834,1.90889
2026-07-24 14:45:00,1.9089,1.909,1.90851,1.90877
2026-07-24 15:00:00,1.90872,1.90886,1.90796,1.90802
2026-07-24 15:15:00,1.908,1.90821,1.90773,1.90816
2026-07-24 15:30:00,1.90812,1.90846,1.90775,1.90843
2026-07-24 15:45:00,1.90835,1.9086,1.90819,1.90853
2026-07-24 16:00:00,1.90848,1.9087,1.908,1.90803
2026-07-24 16:15:00,1.90808,1.9088,1.90793,1.90843
2026-07-24 16:30:00,1.9084,1.90874,1.90817,1.90855
2026-07-24 16:45:00,1.90852,1.90868,1.90804,1.90826
2026-07-24 17:00:00,1.90822,1.90909,1.90737,1.909
2026-07-24 17:15:00,1.90886,1.90922,1.90839,1.90911
2026-07-24 17:30:00,1.90907,1.9097,1.90896,1.90963
2026-07-24 17:45:00,1.90949,1.90961,1.90894,1.90933
2026-07-24 18:00:00,1.90935,1.90967,1.90871,1.90883
2026-07-24 18:15:00,1.90883,1.90894,1.90772,1.90781
2026-07-24 18:30:00,1.90782,1.90798,1.9072,1.90726
2026-07-24 18:45:00,1.90729,1.90733,1.9061,1.90616
2026-07-24 19:00:00,1.90629,1.90666,1.9057,1.90616
2026-07-24 19:15:00,1.9061,1.90631,1.9053,1.90563
2026-07-24 19:30:00,1.90555,1.90643,1.90548,1.90612
2026-07-24 19:45:00,1.90606,1.90606,1.90507,1.90511
2026-07-24 20:00:00,1.90516,1.90516,1.90428,1.90451
2026-07-24 20:15:00,1.90452,1.90549,1.90436,1.90541
2026-07-24 20:30:00,1.90535,1.90551,1.90513,1.90547
2026-07-24 20:45:00,1.90543,1.90615,1.90527,1.90606
2026-07-24 21:00:00,1.90587,1.90595,1.90511,1.90593
2026-07-24 21:15:00,1.90589,1.90652,1.90556,1.9062
2026-07-24 21:30:00,1.90623,1.90645,1.90597,1.90609
2026-07-24 21:45:00,1.90618,1.90668,1.90565,1.90661
2026-07-24 22:00:00,1.90645,1.90711,1.90577,1.90703
2026-07-24 22:15:00,1.90696,1.90715,1.90659,1.90677
2026-07-24 22:30:00,1.90683,1.908,1.90676,1.9078
2026-07-24 22:45:00,1.90768,1.90809,1.90742,1.90802
2026-07-24 23:00:00,1.90796,1.90834,1.90753,1.90825
2026-07-24 23:15:00,1.90811,1.90892,1.90792,1.9088
2026-07-24 23:30:00,1.90861,1.90988,1.90861,1.90932
2026-07-24 23:45:00,1.90928,1.91027,1.90913,1.90999
2026-07-25 00:00:00,1.91006,1.91006,1.90874,1.90897
2026-07-25 00:15:00,1.90903,1.90932,1.90854,1.90898
2026-07-25 00:30:00,1.90883,1.90899,1.90807,1.90835
2026-07-25 00:45:00,1.90833,1.90833,1.90721,1.90729
2026-07-25 01:00:00,1.90744,1.90822,1.90687,1.90737
2026-07-25 01:15:00,1.90752,1.90794,1.90648,1.90782
2026-07-25 01:30:00,1.90766,1.90838,1.90763,1.90831
2026-07-25 01:45:00,1.90815,1.90836,1.90724,1.90734
2026-07-25 02:00:00,1.90754,1.90768,1.90694,1.90761
2026-07-25 02:15:00,1.90759,1.90801,1.90732,1.90734
2026-07-25 02:30:00,1.90738,1.90783,1.90704,1.90778
2026-07-25 02:45:00,1.90767,1.90785,1.90724,1.90733
2026-07-25 03:00:00,1.90729,1.90776,1.90703,1.90707
2026-07-25 03:15:00,1.90711,1.90743,1.90699,1.90716
2026-07-25 03:30:00,1.9072,1.90729,1.90674,1.90707
2026-07-25 03:45:00,1.90711,1.9075,1.90711,1.90748
2026-07-25 04:00:00,1.90745,1.90792,1.90736,1.9079
2026-07-25 04:15:00,1.90783,1.90831,1.90783,1.90826
2026-07-25 04:30:00,1.90824,1.90864,1.90794,1.9085
2026-07-25 04:45:00,1.90853,1.90868,1.90833,1.90854
2026-07-25 05:00:00,1.9085,1.90894,1.90834,1.90873
2026-07-25 05:15:00,1.90873,1.90903,1.90858,1.90877
2026-07-25 05:30:00,1.90879,1.90896,1.90837,1.90838
2026-07-25 05:45:00,1.90841,1.90894,1.90823,1.90853
2026-07-25 06:00:00,1.90857,1.90898,1.90839,1.9086
2026-07-25 06:15:00,1.90867,1.90867,1.90818,1.90818
2026-07-25 06:30:00,1.90819,1.90833,1.90762,1.90788
2026-07-25 06:45:00,1.90793,1.9081,1.90762,1.90802
2026-07-25 07:00:00,1.90781,1.90991,1.90781,1.90879
2026-07-25 07:15:00,1.90888,1.90906,1.90859,1.90896
2026-07-25 07:30:00,1.90878,1.90914,1.90846,1.90889
2026-07-25 07:45:00,1.90884,1.90939,1.90865,1.90868
2026-07-25 08:00:00,1.9087,1.90903,1.90849,1.90895
2026-07-25 08:15:00,1.90889,1.90897,1.90873,1.90887
2026-07-25 08:30:00,1.90885,1.90893,1.90867,1.9087
2026-07-25 08:45:00,1.90878,1.90888,1.90859,1.90872
2026-07-25 09:00:00,1.90869,1.90927,1.90813,1.90888
2026-07-25 09:15:00,1.90863,1.90915,1.90839,1.90908
2026-07-25 09:30:00,1.90906,1.9091,1.90858,1.90866
2026-07-25 09:45:00,1.90868,1.90877,1.90865,1.90869
2026-07-25 10:00:00,1.90869,1.90876,1.90768,1.90779
2026-07-25 10:15:00,1.90783,1.90818,1.9077,1.90787
2026-07-25 10:30:00,1.90789,1.908,1.90785,1.90791
2026-07-25 10:45:00,1.90792,1.90819,1.90788,1.90796
2026-07-25 11:00:00,1.90792,1.908,1.90788,1.90795
2026-07-25 11:15:00,1.90792,1.90808,1.90787,1.90795
2026-07-25 11:30:00,1.90791,1.90898,1.9076,1.90794
2026-07-25 11:45:00,1.90799,1.908,1.90778,1.90788
2026-07-25 12:00:00,1.90789,1.90809,1.90781,1.90791
2026-07-25 12:15:00,1.90788,1.90799,1.90785,1.90794
2026-07-25 12:30:00,1.90791,1.90807,1.9078,1.90787
2026-07-25 12:45:00,1.90787,1.90816,1.90785,1.90788
2026-07-25 13:00:00,1.9079,1.90799,1.90787,1.90794
2026-07-25 13:15:00,1.90792,1.90886,1.90731,1.90783
2026-07-25 13:30:00,1.90778,1.90798,1.90778,1.90789
2026-07-25 13:45:00,1.90789,1.90812,1.90781,1.9079
2026-07-25 14:00:00,1.90791,1.90807,1.90787,1.90791
2026-07-25 14:15:00,1.90792,1.90798,1.90786,1.90795
2026-07-25 14:30:00,1.90791,1.90812,1.90786,1.90789
2026-07-25 14:45:00,1.90788,1.90799,1.90787,1.90787
2026-07-25 15:00:00,1.90788,1.90899,1.90715,1.90795
2026-07-25 15:15:00,1.9079,1.90808,1.90788,1.90797
2026-07-25 15:30:00,1.90793,1.908,1.90779,1.90794
2026-07-25 15:45:00,1.90792,1.90812,1.90777,1.90789
2026-07-25 16:00:00,1.90791,1.908,1.90787,1.9079
2026-07-25 16:15:00,1.9079,1.90807,1.90779,1.90793
2026-07-25 16:30:00,1.90788,1.90899,1.90769,1.908
2026-07-25 16:45:00,1.90817,1.90817,1.90784,1.90788
2026-07-25 17:00:00,1.90789,1.90805,1.90785,1.90787
2026-07-25 17:15:00,1.90788,1.90797,1.90785,1.90794
2026-07-25 17:30:00,1.9079,1.90811,1.9078,1.90794
2026-07-25 17:45:00,1.9079,1.90808,1.90787,1.90792
2026-07-25 18:00:00,1.90795,1.908,1.90785,1.9079
2026-07-25 18:15:00,1.90791,1.9089,1.90769,1.90793
2026-07-25 18:30:00,1.9079,1.90801,1.90787,1.90795
2026-07-25 18:45:00,1.90791,1.90812,1.90785,1.9079
2026-07-25 19:00:00,1.9079,1.90811,1.90778,1.90796
2026-07-25 19:15:00,1.90799,1.90801,1.90788,1.90795
2026-07-25 19:30:00,1.90792,1.90817,1.90787,1.90794
2026-07-25 19:45:00,1.9079,1.90797,1.90785,1.90791
2026-07-25 20:00:00,1.90789,1.909,1.90767,1.90859
2026-07-25 20:15:00,1.9086,1.90869,1.90839,1.90854
2026-07-25 20:30:00,1.90851,1.90854,1.9078,1.90788
2026-07-25 20:45:00,1.90783,1.90803,1.90774,1.90786
2026-07-25 21:00:00,1.90784,1.90791,1.90772,1.90781
2026-07-25 21:15:00,1.90782,1.90804,1.90772,1.90783
2026-07-25 21:30:00,1.90783,1.90937,1.90697,1.90921
2026-07-25 21:45:00,1.90886,1.90895,1.90883,1.90888
2026-07-25 22:00:00,1.90886,1.90895,1.90881,1.90882
2026-07-25 22:15:00,1.90884,1.90892,1.90881,1.90884
2026-07-25 22:30:00,1.90884,1.9089,1.90879,1.90886
2026-07-25 22:45:00,1.90882,1.9089,1.90878,1.90883
2026-07-25 23:00:00,1.9088,1.90889,1.90878,1.90879
2026-07-25 23:15:00,1.9088,1.9097,1.90859,1.90936
2026-07-25 23:30:00,1.90936,1.90993,1.90847,1.90887
2026-07-25 23:45:00,1.90884,1.90892,1.90855,1.90866
2026-07-26 00:00:00,1.90862,1.90886,1.90787,1.90813
2026-07-26 00:15:00,1.90806,1.90814,1.90789,1.90791
2026-07-26 00:30:00,1.90791,1.90815,1.90771,1.90809
2026-07-26 00:45:00,1.90807,1.90815,1.90792,1.90806
2026-07-26 01:00:00,1.90802,1.9096,1.90797,1.90914
2026-07-26 01:15:00,1.90914,1.90957,1.90765,1.9079
2026-07-26 01:30:00,1.90784,1.90784,1.90766,1.90771
2026-07-26 01:45:00,1.90768,1.90794,1.90761,1.90775
2026-07-26 02:00:00,1.90771,1.90798,1.90755,1.90792
2026-07-26 02:15:00,1.9079,1.90813,1.90786,1.90786
2026-07-26 02:30:00,1.90788,1.90873,1.90748,1.90841
2026-07-26 02:45:00,1.9078,1.90918,1.90768,1.90773
2026-07-26 03:00:00,1.90769,1.90809,1.90751,1.90777
2026-07-26 03:15:00,1.90779,1.90779,1.90767,1.90767
2026-07-26 03:30:00,1.90768,1.90798,1.90765,1.90777
2026-07-26 03:45:00,1.90773,1.90789,1.90767,1.90784
2026-07-26 04:00:00,1.90766,1.90808,1.90755,1.90779
2026-07-26 04:15:00,1.90777,1.90912,1.90699,1.90862
2026-07-26 04:30:00,1.90863,1.90871,1.90813,1.90829
2026-07-26 04:45:00,1.90829,1.90846,1.90823,1.90842
2026-07-26 05:00:00,1.90838,1.90864,1.9079,1.90821
2026-07-26 05:15:00,1.90812,1.90834,1.90801,1.90803
2026-07-26 05:30:00,1.90809,1.90824,1.90795,1.90806
2026-07-26 05:45:00,1.90807,1.9081,1.90792,1.90797
2026-07-26 06:00:00,1.90794,1.90948,1.90657,1.90789
2026-07-26 06:15:00,1.90785,1.90804,1.90783,1.90786
2026-07-26 06:30:00,1.90788,1.90805,1.90777,1.90779
2026-07-26 06:45:00,1.9078,1.9081,1.90777,1.90802
2026-07-26 07:00:00,1.908,1.90805,1.90761,1.90795
2026-07-26 07:15:00,1.90791,1.90817,1.90789,1.9081
2026-07-26 07:30:00,1.90808,1.90823,1.90779,1.90786
2026-07-26 07:45:00,1.90787,1.90903,1.90776,1.90792
2026-07-26 08:00:00,1.9079,1.90815,1.90772,1.9079
2026-07-26 08:15:00,1.90786,1.90794,1.90781,1.90788
2026-07-26 08:30:00,1.90787,1.90809,1.90772,1.90783
2026-07-26 08:45:00,1.90785,1.90795,1.90782,1.90792
2026-07-26 09:00:00,1.90788,1.90804,1.90784,1.90798
2026-07-26 09:15:00,1.90794,1.90954,1.90763,1.90799
2026-07-26 09:30:00,1.90804,1.90806,1.90773,1.90773
2026-07-26 09:45:00,1.90774,1.908,1.90769,1.90777
2026-07-26 10:00:00,1.90777,1.90794,1.90775,1.90791
2026-07-26 10:15:00,1.90787,1.90813,1.9077,1.908
2026-07-26 10:30:00,1.90797,1.9082,1.90794,1.90811
2026-07-26 10:45:00,1.90812,1.90817,1.90789,1.90798
2026-07-26 11:00:00,1.90798,1.90948,1.90773,1.90898
2026-07-26 11:15:00,1.90894,1.90903,1.90891,1.90897
2026-07-26 11:30:00,1.90894,1.90899,1.90887,1.9089
2026-07-26 11:45:00,1.9089,1.90899,1.90882,1.90886
2026-07-26 12:00:00,1.90887,1.90895,1.90884,1.9089
2026-07-26 12:15:00,1.90887,1.90895,1.90882,1.90888
2026-07-26 12:30:00,1.90884,1.90964,1.9077,1.90791
2026-07-26 12:45:00,1.90786,1.90899,1.9078,1.90794
2026-07-26 13:00:00,1.90795,1.90809,1.90789,1.9079
2026-07-26 13:15:00,1.90791,1.90801,1.90788,1.90797
2026-07-26 13:30:00,1.90793,1.90808,1.90786,1.90794
2026-07-26 13:45:00,1.90793,1.90801,1.90787,1.90788
2026-07-26 14:00:00,1.9079,1.90808,1.9078,1.90789
2026-07-26 14:15:00,1.90786,1.90884,1.90755,1.90782
2026-07-26 14:30:00,1.90789,1.90789,1.90772,1.90779
2026-07-26 14:45:00,1.90777,1.90799,1.90773,1.90775
2026-07-26 15:00:00,1.90777,1.9079,1.90769,1.90775
2026-07-26 15:15:00,1.90777,1.90805,1.90774,1.90781
2026-07-26 15:30:00,1.90776,1.90806,1.90755,1.90801
2026-07-26 15:45:00,1.90797,1.90797,1.90774,1.90776
2026-07-26 16:00:00,1.90777,1.9089,1.90765,1.90767
2026-07-26 16:15:00,1.90767,1.90774,1.90762,1.90773
2026-07-26 16:30:00,1.90764,1.90794,1.90764,1.90777
2026-07-26 16:45:00,1.90774,1.90799,1.90769,1.90779
2026-07-26 17:00:00,1.90781,1.90784,1.90772,1.90774
2026-07-26 17:15:00,1.90774,1.90799,1.90758,1.90784
2026-07-26 17:30:00,1.90781,1.90786,1.90767,1.90773
2026-07-26 17:45:00,1.9077,1.90941,1.90764,1.90833
2026-07-26 18:00:00,1.90833,1.9085,1.90831,1.90841
2026-07-26 18:15:00,1.90842,1.9085,1.90839,1.90844
2026-07-26 18:30:00,1.90842,1.90874,1.90798,1.90831
2026-07-26 18:45:00,1.90827,1.90836,1.90824,1.9083
2026-07-26 19:00:00,1.90827,1.90845,1.90825,1.90835
2026-07-26 19:15:00,1.90837,1.90953,1.90777,1.90917
2026-07-26 19:30:00,1.90914,1.90939,1.9084,1.90875
2026-07-26 19:45:00,1.9087,1.90884,1.90856,1.90861
2026-07-26 20:00:00,1.90859,1.90868,1.90856,1.90858
2026-07-26 20:15:00,1.90859,1.90863,1.90818,1.90839
2026-07-26 20:30:00,1.90835,1.90844,1.90832,1.9084
2026-07-26 20:45:00,1.90835,1.90844,1.90832,1.90837
2026-07-26 21:00:00,1.90835,1.90844,1.90832,1.90834
2026-07-26 21:15:00,1.90835,1.90844,1.90832,1.90839
2026-07-26 21:30:00,1.90835,1.90844,1.90777,1.908
2026-07-26 21:45:00,1.90796,1.90804,1.90793,1.90798
2026-07-26 22:00:00,1.90796,1.90804,1.90793,1.90795
2026-07-26 22:15:00,1.90796,1.90804,1.90762,1.90765
2026-07-26 22:30:00,1.90765,1.90775,1.90763,1.90769
2026-07-26 22:45:00,1.90765,1.90776,1.90763,1.90771
2026-07-26 23:00:00,1.90768,1.90777,1.90765,1.90767
2026-07-26 23:15:00,1.90768,1.90797,1.90758,1.90775
2026-07-26 23:30:00,1.90776,1.9079,1.9077,1.90784
2026-07-26 23:45:00,1.90781,1.9079,1.90778,1.90785
2026-07-27 00:00:00,1.90781,1.90801,1.90764,1.90777
2026-07-27 00:15:00,1.90777,1.9079,1.90775,1.9078
2026-07-27 00:30:00,1.90781,1.90789,1.90776,1.90781
2026-07-27 00:45:00,1.90779,1.90803,1.90748,1.90761
2026-07-27 01:00:00,1.90766,1.9079,1.90742,1.90745
2026-07-27 01:15:00,1.90744,1.90752,1.9074,1.90742
2026-07-27 01:30:00,1.90743,1.90773,1.90731,1.90764
2026-07-27 01:45:00,1.90762,1.90771,1.90759,1.90768
2026-07-27 02:00:00,1.90763,1.90794,1.90757,1.90791
2026-07-27 02:15:00,1.90788,1.90794,1.90751,1.90751
2026-07-27 02:30:00,1.90752,1.90759,1.90735,1.90745
2026-07-27 02:45:00,1.90741,1.90791,1.90741,1.90773
2026-07-27 03:00:00,1.90778,1.90801,1.90763,1.90795
2026-07-27 03:15:00,1.90793,1.90818,1.90775,1.90788
2026-07-27 03:30:00,1.90789,1.90805,1.90785,1.90803
2026-07-27 03:45:00,1.90798,1.90798,1.90786,1.90793
2026-07-27 04:00:00,1.90789,1.90813,1.90781,1.90787
2026-07-27 04:15:00,1.90784,1.90801,1.90774,1.90798
2026-07-27 04:30:00,1.90794,1.90821,1.90772,1.90794
2026-07-27 04:45:00,1.90796,1.90797,1.90782,1.9079
2026-07-27 05:00:00,1.90787,1.90937,1.90498,1.90784
2026-07-27 05:15:00,1.90755,1.90948,1.90588,1.90829
2026-07-27 05:30:00,1.9077,1.90788,1.90355,1.90715
2026-07-27 05:45:00,1.90696,1.90859,1.90365,1.9061
2026-07-27 06:00:00,1.90622,1.90802,1.90436,1.90598
2026-07-27 06:15:00,1.90609,1.90775,1.90466,1.90494
2026-07-27 06:30:00,1.90546,1.9091,1.90514,1.90681
2026-07-27 06:45:00,1.90692,1.90772,1.90494,1.90651
2026-07-27 07:00:00,1.90655,1.90688,1.90358,1.90515
2026-07-27 07:15:00,1.90469,1.90502,1.90328,1.90428
2026-07-27 07:30:00,1.90429,1.90637,1.90297,1.90358
2026-07-27 07:45:00,1.90417,1.90562,1.90407,1.90435
2026-07-27 08:00:00,1.90451,1.90739,1.90451,1.90722
2026-07-27 08:15:00,1.9072,1.90761,1.90686,1.90752
2026-07-27 08:30:00,1.90734,1.90838,1.90734,1.90825
2026-07-27 08:45:00,1.90825,1.90864,1.90805,1.90847
2026-07-27 09:00:00,1.9084,1.90874,1.90808,1.90837
2026-07-27 09:15:00,1.90831,1.90877,1.90823,1.90873
2026-07-27 09:30:00,1.9087,1.9088,1.90799,1.90804
2026-07-27 09:45:00,1.90816,1.90891,1.90816,1.90886
2026-07-27 10:00:00,1.90877,1.90888,1.90777,1.90816
2026-07-27 10:15:00,1.90831,1.90883,1.9081,1.90848
2026-07-27 10:30:00,1.90843,1.90918,1.90826,1.90906
2026-07-27 10:45:00,1.90909,1.90928,1.90804,1.90888
2026-07-27 11:00:00,1.90874,1.90933,1.9085,1.90856
2026-07-27 11:15:00,1.90866,1.90872,1.90822,1.90868
2026-07-27 11:30:00,1.90864,1.90915,1.90815,1.90861
2026-07-27 11:45:00,1.90867,1.90913,1.90774,1.90782
2026-07-27 12:00:00,1.90795,1.90817,1.90732,1.90813
2026-07-27 12:15:00,1.90807,1.90855,1.90802,1.90823
2026-07-27 12:30:00,1.90818,1.90844,1.90777,1.90788
2026-07-27 12:45:00,1.90788,1.90841,1.90787,1.90819
2026-07-27 13:00:00,1.90821,1.90847,1.90798,1.90828
2026-07-27 13:15:00,1.90832,1.90832,1.90795,1.9082
2026-07-27 13:30:00,1.90813,1.90894,1.90803,1.90827
2026-07-27 13:45:00,1.90831,1.90837,1.9078,1.90787
2026-07-27 14:00:00,1.9079,1.90843,1.90777,1.90829
2026-07-27 14:15:00,1.90829,1.90872,1.90812,1.90866
2026-07-27 14:30:00,1.90862,1.90862,1.90809,1.90835
2026-07-27 14:45:00,1.90829,1.90858,1.9082,1.90824
2026-07-27 15:00:00,1.90828,1.90841,1.90753,1.90779
2026-07-27 15:15:00,1.90779,1.90801,1.90734,1.9075
2026-07-27 15:30:00,1.90743,1.90743,1.90704,1.90726
2026-07-27 15:45:00,1.90723,1.90734,1.90681,1.90687
2026-07-27 16:00:00,1.90689,1.90738,1.90665,1.90709
2026-07-27 16:15:00,1.90701,1.90725,1.90652,1.90674
2026-07-27 16:30:00,1.9067,1.90689,1.90545,1.90549
2026-07-27 16:45:00,1.9055,1.90601,1.90518,1.90522
2026-07-27 17:00:00,1.90531,1.90577,1.90417,1.90419
2026-07-27 17:15:00,1.90424,1.90508,1.90351,1.90502
2026-07-27 17:30:00,1.90484,1.90617,1.90478,1.90607
2026-07-27 17:45:00,1.90589,1.90589,1.90477,1.90488
2026-07-27 18:00:00,1.90492,1.90512,1.90416,1.90468
2026-07-27 18:15:00,1.90463,1.90477,1.90404,1.90453
2026-07-27 18:30:00,1.90444,1.90491,1.90438,1.90487
2026-07-27 18:45:00,1.90472,1.9052,1.9045,1.90468
2026-07-27 19:00:00,1.90471,1.90519,1.90443,1.90456
2026-07-27 19:15:00,1.90457,1.90475,1.90401,1.90419
2026-07-27 19:30:00,1.90414,1.90452,1.90382,1.9043
2026-07-27 19:45:00,1.90436,1.90436,1.90374,1.90377
2026-07-27 20:00:00,1.90382,1.90442,1.90375,1.90379
2026-07-27 20:15:00,1.90385,1.90412,1.90344,1.90363
2026-07-27 20:30:00,1.90368,1.90368,1.90308,1.90314
2026-07-27 20:45:00,1.90321,1.90341,1.90201,1.90206
2026-07-27 21:00:00,1.90212,1.90241,1.9011,1.90113
2026-07-27 21:15:00,1.90123,1.90197,1.9012,1.9016
2026-07-27 21:30:00,1.9015,1.90231,1.90094,1.90226
2026-07-27 21:45:00,1.90211,1.9026,1.90211,1.90256
2026-07-27 22:00:00,1.90252,1.90284,1.90205,1.90255
2026-07-27 22:15:00,1.90257,1.90315,1.90232,1.90312
2026-07-27 22:30:00,1.90306,1.90309,1.90229,1.90275
2026-07-27 22:45:00,1.90266,1.90325,1.90224,1.90315
2026-07-27 23:00:00,1.90307,1.90309,1.90252,1.90299
2026-07-27 23:15:00,1.90288,1.90325,1.9027,1.90317
2026-07-27 23:30:00,1.90306,1.90367,1.90237,1.90282
2026-07-27 23:45:00,1.90264,1.90288,1.90204,1.90262
2026-07-28 00:00:00,1.90258,1.90354,1.9024,1.9035
2026-07-28 00:15:00,1.90343,1.90409,1.90308,1.90396
2026-07-28 00:30:00,1.90391,1.90492,1.90374,1.90483
2026-07-28 00:45:00,1.90474,1.90474,1.90234,1.9024
2026-07-28 01:00:00,1.90247,1.90266,1.9022,1.90243
2026-07-28 01:15:00,1.90243,1.90271,1.90195,1.90259
2026-07-28 01:30:00,1.9026,1.90332,1.90243,1.90318
2026-07-28 01:45:00,1.90321,1.90328,1.90232,1.90236
2026-07-28 02:00:00,1.90239,1.90273,1.90205,1.90213
2026-07-28 02:15:00,1.90215,1.90292,1.90205,1.90221
2026-07-28 02:30:00,1.90226,1.90237,1.9016,1.90166
2026-07-28 02:45:00,1.90175,1.9022,1.90158,1.90217
2026-07-28 03:00:00,1.9021,1.90238,1.90099,1.90151
2026-07-28 03:15:00,1.90159,1.90159,1.90098,1.90123
2026-07-28 03:30:00,1.90121,1.90146,1.90088,1.90134
2026-07-28 03:45:00,1.90131,1.90169,1.90122,1.90168
2026-07-28 04:00:00,1.90164,1.9019,1.90142,1.90178
2026-07-28 04:15:00,1.90175,1.90203,1.90168,1.90173
2026-07-28 04:30:00,1.90175,1.90225,1.9017,1.90185
2026-07-28 04:45:00,1.90191,1.90218,1.90143,1.90147
2026-07-28 05:00:00,1.90153,1.90189,1.90119,1.90134
2026-07-28 05:15:00,1.90129,1.90149,1.90123,1.90142
2026-07-28 05:30:00,1.90142,1.90147,1.90106,1.90119
2026-07-28 05:45:00,1.90124,1.90132,1.90084,1.90086
2026-07-28 06:00:00,1.90088,1.9013,1.90082,1.90126
2026-07-28 06:15:00,1.90121,1.90143,1.90113,1.9013
2026-07-28 06:30:00,1.9013,1.90136,1.90096,1.90112
2026-07-28 06:45:00,1.90106,1.90118,1.90094,1.90117
2026-07-28 07:00:00,1.90112,1.90304,1.90025,1.90229
2026-07-28 07:15:00,1.90218,1.90291,1.90168,1.90214
2026-07-28 07:30:00,1.90219,1.90268,1.90155,1.90214
2026-07-28 07:45:00,1.90226,1.90232,1.90125,1.90127
2026-07-28 08:00:00,1.90131,1.90208,1.90124,1.90171
2026-07-28 08:15:00,1.90162,1.90182,1.90161,1.90164
2026-07-28 08:30:00,1.90168,1.90177,1.90138,1.90173
2026-07-28 08:45:00,1.90168,1.9018,1.90165,1.90172
2026-07-28 09:00:00,1.90171,1.90226,1.9017,1.90219
2026-07-28 09:15:00,1.90214,1.90214,1.90189,1.90198
2026-07-28 09:30:00,1.90196,1.90244,1.90186,1.90235
2026-07-28 09:45:00,1.90237,1.90248,1.90195,1.90214
2026-07-28 10:00:00,1.90211,1.90317,1.902,1.90307
2026-07-28 10:15:00,1.90301,1.90351,1.90292,1.90323
2026-07-28 10:30:00,1.90329,1.90329,1.90173,1.90175
2026-07-28 10:45:00,1.90179,1.9027,1.90161,1.90203
2026-07-28 11:00:00,1.90196,1.90227,1.90155,1.90226
2026-07-28 11:15:00,1.90221,1.90257,1.90155,1.90169
2026-07-28 11:30:00,1.90196,1.90196,1.90076,1.90141
2026-07-28 11:45:00,1.90134,1.90189,1.90124,1.90161
2026-07-28 12:00:00,1.90164,1.90172,1.90083,1.90115
2026-07-28 12:15:00,1.90109,1.90122,1.90034,1.90111
2026-07-28 12:30:00,1.90102,1.90142,1.90068,1.90136
2026-07-28 12:45:00,1.90125,1.90163,1.90111,1.90158
2026-07-28 13:00:00,1.90155,1.90349,1.90116,1.90304
2026-07-28 13:15:00,1.90286,1.90361,1.90242,1.9029
2026-07-28 13:30:00,1.90286,1.90506,1.90243,1.90458
2026-07-28 13:45:00,1.90461,1.90497,1.90404,1.90479
2026-07-28 14:00:00,1.90481,1.9067,1.90456,1.90612
2026-07-28 14:15:00,1.90619,1.90731,1.90617,1.9067
2026-07-28 14:30:00,1.90672,1.90702,1.90639,1.9067
2026-07-28 14:45:00,1.90666,1.90703,1.90635,1.90686
2026-07-28 15:00:00,1.9069,1.90777,1.90684,1.90757
2026-07-28 15:15:00,1.90747,1.90818,1.90738,1.90769
2026-07-28 15:30:00,1.90771,1.90788,1.90658,1.90672
2026-07-28 15:45:00,1.90694,1.90737,1.90688,1.9072
2026-07-28 16:00:00,1.90724,1.9081,1.90711,1.90721
2026-07-28 16:15:00,1.90728,1.90746,1.90686,1.90707
2026-07-28 16:30:00,1.90716,1.90733,1.90638,1.90685
2026-07-28 16:45:00,1.90681,1.90769,1.90635,1.90759
2026-07-28 17:00:00,1.90745,1.90792,1.90704,1.90759
2026-07-28 17:15:00,1.90751,1.90791,1.90696,1.90789
2026-07-28 17:30:00,1.90781,1.90829,1.90748,1.90772
2026-07-28 17:45:00,1.90777,1.90826,1.90738,1.90743
2026-07-28 18:00:00,1.90751,1.90882,1.90722,1.9088
2026-07-28 18:15:00,1.90873,1.90891,1.9079,1.90794
2026-07-28 18:30:00,1.90798,1.90832,1.90756,1.90792
2026-07-28 18:45:00,1.90786,1.90813,1.90732,1.9077
2026-07-28 19:00:00,1.90766,1.90771,1.90659,1.90661
2026-07-28 19:15:00,1.90668,1.90689,1.90596,1.90626
2026-07-28 19:30:00,1.90617,1.90667,1.90614,1.90649
2026-07-28 19:45:00,1.90643,1.90676,1.90571,1.9067
2026-07-28 20:00:00,1.90659,1.90683,1.90592,1.90622
2026-07-28 20:15:00,1.90615,1.90693,1.9059,1.90633
2026-07-28 20:30:00,1.90636,1.90673,1.90594,1.90664
2026-07-28 20:45:00,1.90657,1.90679,1.90605,1.90654
2026-07-28 21:00:00,1.90649,1.90678,1.90597,1.90634
2026-07-28 21:15:00,1.90624,1.9071,1.90603,1.90705
2026-07-28 21:30:00,1.90697,1.90728,1.90648,1.90695
2026-07-28 21:45:00,1.90691,1.90696,1.90602,1.90637
2026-07-28 22:00:00,1.90631,1.907,1.90624,1.90682
2026-07-28 22:15:00,1.90674,1.90711,1.90625,1.90644
2026-07-28 22:30:00,1.90636,1.90761,1.90631,1.90758
2026-07-28 22:45:00,1.90747,1.90803,1.90716,1.90801
2026-07-28 23:00:00,1.90792,1.90852,1.90702,1.90707
2026-07-28 23:15:00,1.90716,1.90742,1.90671,1.90738
2026-07-28 23:30:00,1.90735,1.90854,1.90724,1.90825
2026-07-28 23:45:00,1.9082,1.90887,1.90774,1.90829
2026-07-29 00:00:00,1.9082,1.90829,1.90727,1.90759
2026-07-29 00:15:00,1.90751,1.90894,1.9073,1.90741
2026-07-29 00:30:00,1.90747,1.90791,1.90725,1.9074
2026-07-29 00:45:00,1.90736,1.90771,1.90672,1.90765
2026-07-29 01:00:00,1.90753,1.90819,1.90702,1.90718
2026-07-29 01:15:00,1.90745,1.90754,1.90624,1.90663
2026-07-29 01:30:00,1.90649,1.90681,1.90558,1.90667
2026-07-29 01:45:00,1.90661,1.90686,1.90579,1.90593
2026-07-29 02:00:00,1.90585,1.90643,1.90514,1.90518
2026-07-29 02:15:00,1.90523,1.90524,1.90464,1.90502
2026-07-29 02:30:00,1.90497,1.90578,1.90486,1.90552
2026-07-29 02:45:00,1.90556,1.90556,1.90494,1.90508
2026-07-29 03:00:00,1.90504,1.90572,1.90489,1.90569
2026-07-29 03:15:00,1.90563,1.90588,1.90513,1.90575
2026-07-29 03:30:00,1.9057,1.90603,1.90561,1.90598
2026-07-29 03:45:00,1.9059,1.90604,1.90543,1.90573
2026-07-29 04:00:00,1.90567,1.90568,1.90523,1.90558
2026-07-29 04:15:00,1.90549,1.90549,1.90483,1.90523
2026-07-29 04:30:00,1.90517,1.90539,1.90506,1.90532
2026-07-29 04:45:00,1.90528,1.9056,1.90512,1.90525
2026-07-29 05:00:00,1.90527,1.90538,1.90492,1.90534
2026-07-29 05:15:00,1.9053,1.90547,1.90495,1.90511
2026-07-29 05:30:00,1.90509,1.90535,1.90488,1.90533
2026-07-29 05:45:00,1.90527,1.90572,1.90496,1.90503
2026-07-29 06:00:00,1.90512,1.9054,1.90506,1.90534
2026-07-29 06:15:00,1.90529,1.90577,1.90529,1.9054
2026-07-29 06:30:00,1.90538,1.90538,1.90504,1.90527
2026-07-29 06:45:00,1.90523,1.90578,1.90505,1.90574
2026-07-29 07:00:00,1.90564,1.90617,1.90406,1.90455
2026-07-29 07:15:00,1.90457,1.90607,1.90436,1.90598
2026-07-29 07:30:00,1.90579,1.906,1.90508,1.90527
2026-07-29 07:45:00,1.90535,1.90598,1.90471,1.90476
2026-07-29 08:00:00,1.90483,1.90533,1.90483,1.9053
2026-07-29 08:15:00,1.90526,1.90573,1.90508,1.90545
2026-07-29 08:30:00,1.90549,1.90563,1.90501,1.90545
2026-07-29 08:45:00,1.9055,1.90567,1.90498,1.90517
2026-07-29 09:00:00,1.90518,1.90533,1.90451,1.90474
2026-07-29 09:15:00,1.90469,1.90476,1.90422,1.90434
2026-07-29 09:30:00,1.90434,1.90456,1.90429,1.90439
2026-07-29 09:45:00,1.9044,1.90513,1.90407,1.90511
2026-07-29 10:00:00,1.90507,1.90566,1.90496,1.90558
2026-07-29 10:15:00,1.90536,1.90607,1.9053,1.90563
2026-07-29 10:30:00,1.90559,1.90618,1.90545,1.90594
2026-07-29 10:45:00,1.90601,1.90724,1.9057,1.90715
2026-07-29 11:00:00,1.907,1.90725,1.90656,1.90694
2026-07-29 11:15:00,1.90694,1.90714,1.90631,1.90633
2026-07-29 11:30:00,1.90634,1.9148,1.9013,1.91205
2026-07-29 11:45:00,1.91199,1.91308,1.91145,1.91306
2026-07-29 12:00:00,1.91301,1.91353,1.91248,1.91275
2026-07-29 12:15:00,1.91283,1.9131,1.91155,1.91187
2026-07-29 12:30:00,1.91178,1.91329,1.91154,1.91326
2026-07-29 12:45:00,1.9132,1.91387,1.9132,1.91335
2026-07-29 13:00:00,1.91336,1.91372,1.91278,1.91329
2026-07-29 13:15:00,1.91309,1.91451,1.91309,1.91449
2026-07-29 13:30:00,1.91441,1.91472,1.91364,1.91389
2026-07-29 13:45:00,1.91382,1.91426,1.91342,1.91369
2026-07-29 14:00:00,1.91378,1.91485,1.91349,1.91455
2026-07-29 14:15:00,1.91463,1.91539,1.9145,1.91468
2026-07-29 14:30:00,1.91468,1.91539,1.91406,1.91452
2026-07-29 14:45:00,1.91447,1.91452,1.91239,1.91283
2026-07-29 15:00:00,1.91278,1.91283,1.9122,1.91243
2026-07-29 15:15:00,1.91237,1.91295,1.91208,1.91247
2026-07-29 15:30:00,1.91246,1.91274,1.91144,1.91176
2026-07-29 15:45:00,1.91166,1.9122,1.91166,1.912
2026-07-29 16:00:00,1.91204,1.91246,1.91152,1.91176
2026-07-29 16:15:00,1.9117,1.91226,1.91151,1.912
2026-07-29 16:30:00,1.9121,1.91237,1.91177,1.91223
2026-07-29 16:45:00,1.91219,1.91279,1.91205,1.91277
2026-07-29 17:00:00,1.91273,1.91298,1.91176,1.91192
2026-07-29 17:15:00,1.91209,1.91338,1.91209,1.91284
2026-07-29 17:30:00,1.91279,1.91395,1.91253,1.91391
2026-07-29 17:45:00,1.91383,1.91459,1.91344,1.91444
2026-07-29 18:00:00,1.91418,1.91538,1.91418,1.91511
2026-07-29 18:15:00,1.91502,1.91604,1.91473,1.9159
2026-07-29 18:30:00,1.91578,1.91618,1.91572,1.91609
2026-07-29 18:45:00,1.91604,1.91655,1.91583,1.91652
2026-07-29 19:00:00,1.91646,1.91657,1.91578,1.91598
2026-07-29 19:15:00,1.91594,1.91651,1.91586,1.91593
2026-07-29 19:30:00,1.91604,1.91604,1.91514,1.91524
2026-07-29 19:45:00,1.91525,1.9159,1.91472,1.9155
2026-07-29 20:00:00,1.9154,1.91571,1.91461,1.91462
2026-07-29 20:15:00,1.91464,1.91499,1.91415,1.91435
2026-07-29 20:30:00,1.91432,1.91516,1.91412,1.91484
2026-07-29 20:45:00,1.91485,1.91547,1.91464,1.91488
2026-07-29 21:00:00,1.91485,1.91504,1.91457,1.91486
2026-07-29 21:15:00,1.91491,1.91497,1.9141,1.91445
2026-07-29 21:30:00,1.91429,1.91571,1.91429,1.91528
2026-07-29 21:45:00,1.9152,1.9155,1.91455,1.91459
2026-07-29 22:00:00,1.91463,1.91468,1.91415,1.9144
2026-07-29 22:15:00,1.91445,1.91487,1.91408,1.91423
2026-07-29 22:30:00,1.91425,1.91463,1.91399,1.91455
2026-07-29 22:45:00,1.91452,1.91465,1.91362,1.91373
2026-07-29 23:00:00,1.91392,1.91392,1.91317,1.91338
2026-07-29 23:15:00,1.91342,1.91369,1.91276,1.91316
2026-07-29 23:30:00,1.91312,1.91378,1.91241,1.91347
2026-07-29 23:45:00,1.91337,1.91376,1.91286,1.9134
2026-07-30 00:00:00,1.91331,1.91385,1.91284,1.91378
2026-07-30 00:15:00,1.91366,1.91447,1.91315,1.91442
2026-07-30 00:30:00,1.91435,1.91658,1.91424,1.91639
2026-07-30 00:45:00,1.91601,1.91937,1.91601,1.91929
2026-07-30 01:00:00,1.91912,1.91916,1.91792,1.91799
2026-07-30 01:15:00,1.91807,1.91842,1.91751,1.91768
2026-07-30 01:30:00,1.91774,1.91825,1.91754,1.91789
2026-07-30 01:45:00,1.91778,1.91796,1.91731,1.91756
2026-07-30 02:00:00,1.91762,1.91851,1.91737,1.91844
2026-07-30 02:15:00,1.91832,1.91862,1.91782,1.91792
2026-07-30 02:30:00,1.91793,1.91854,1.91773,1.91806
2026-07-30 02:45:00,1.91811,1.91833,1.91762,1.91801
2026-07-30 03:00:00,1.9179,1.91854,1.91769,1.91805
2026-07-30 03:15:00,1.9181,1.91832,1.91779,1.91828
2026-07-30 03:30:00,1.91822,1.91902,1.91808,1.91858
2026-07-30 03:45:00,1.91866,1.91885,1.91803,1.91807
2026-07-30 04:00:00,1.9181,1.92067,1.91298,1.91713
2026-07-30 04:15:00,1.91696,1.91776,1.91626,1.91737
2026-07-30 04:30:00,1.91721,1.91921,1.91487,1.91499
2026-07-30 04:45:00,1.91516,1.91548,1.91332,1.91434
2026-07-30 05:00:00,1.91424,1.91562,1.91248,1.91462
2026-07-30 05:15:00,1.9147,1.91791,1.91411,1.91779
2026-07-30 05:30:00,1.91754,1.91997,1.91625,1.91985
2026-07-30 05:45:00,1.91967,1.92154,1.91967,1.92111
2026-07-30 06:00:00,1.92108,1.92141,1.91977,1.91993
2026-07-30 06:15:00,1.92017,1.92175,1.91963,1.92129
2026-07-30 06:30:00,1.92144,1.92263,1.92094,1.92259
2026-07-30 06:45:00,1.92253,1.92268,1.92161,1.92214
2026-07-30 07:00:00,1.92208,1.92284,1.91829,1.92163
2026-07-30 07:15:00,1.92184,1.9229,1.92109,1.92265
2026-07-30 07:30:00,1.92267,1.92393,1.92159,1.922
2026-07-30 07:45:00,1.92186,1.92359,1.92168,1.92279
2026-07-30 08:00:00,1.9229,1.92291,1.92122,1.92178
2026-07-30 08:15:00,1.92169,1.922,1.92121,1.92168
2026-07-30 08:30:00,1.92164,1.92164,1.92119,1.92145
2026-07-30 08:45:00,1.92141,1.92147,1.92115,1.92135
2026-07-30 09:00:00,1.92133,1.92146,1.9203,1.92098
2026-07-30 09:15:00,1.92092,1.92114,1.92078,1.92098
2026-07-30 09:30:00,1.92094,1.92104,1.92076,1.92098
2026-07-30 09:45:00,1.92095,1.92097,1.92032,1.92077
2026-07-30 10:00:00,1.92071,1.92118,1.91881,1.91889
2026-07-30 10:15:00,1.91899,1.9203,1.91879,1.91958
2026-07-30 10:30:00,1.91956,1.92108,1.91936,1.92104
2026-07-30 10:45:00,1.92098,1.92125,1.91979,1.91983
2026-07-30 11:00:00,1.91989,1.92006,1.91878,1.91983
2026-07-30 11:15:00,1.91974,1.91987,1.91882,1.91896
2026-07-30 11:30:00,1.9189,1.91916,1.91798,1.918
2026-07-30 11:45:00,1.91804,1.91888,1.91789,1.91869
2026-07-30 12:00:00,1.91876,1.91892,1.91809,1.91838
2026-07-30 12:15:00,1.91838,1.91894,1.91738,1.91759
2026-07-30 12:30:00,1.91754,1.91885,1.91746,1.91883
2026-07-30 12:45:00,1.91878,1.91955,1.91855,1.91947
2026-07-30 13:00:00,1.91935,1.9195,1.91878,1.91945
2026-07-30 13:15:00,1.91936,1.91984,1.91924,1.91928
2026-07-30 13:30:00,1.91931,1.91966,1.91894,1.91946
2026-07-30 13:45:00,1.91943,1.92008,1.91914,1.92001
2026-07-30 14:00:00,1.91992,1.92012,1.91943,1.91978
2026-07-30 14:15:00,1.91981,1.92004,1.91954,1.91959
2026-07-30 14:30:00,1.91963,1.9201,1.91954,1.91981
2026-07-30 14:45:00,1.91989,1.92006,1.91944,1.92003
2026-07-30 15:00:00,1.91999,1.92058,1.91983,1.91991
2026-07-30 15:15:00,1.92,1.92059,1.91943,1.92057
2026-07-30 15:30:00,1.9205,1.9207,1.9201,1.92052
2026-07-30 15:45:00,1.92044,1.92093,1.92002,1.92053
2026-07-30 16:00:00,1.92062,1.92099,1.91961,1.91969
2026-07-30 16:15:00,1.91984,1.92,1.91878,1.91906
2026-07-30 16:30:00,1.919,1.91938,1.91833,1.91935
2026-07-30 16:45:00,1.91926,1.91926,1.91838,1.91884
2026-07-30 17:00:00,1.9188,1.91918,1.9173,1.91734
2026-07-30 17:15:00,1.9174,1.91877,1.91721,1.91815
2026-07-30 17:30:00,1.91828,1.9192,1.91807,1.91845
2026-07-30 17:45:00,1.9186,1.919,1.91805,1.91864
2026-07-30 18:00:00,1.9187,1.91966,1.9187,1.91917
2026-07-30 18:15:00,1.91924,1.91939,1.91817,1.91866
2026-07-30 18:30:00,1.9186,1.91923,1.91824,1.91919
2026-07-30 18:45:00,1.91903,1.91947,1.91884,1.91887
2026-07-30 19:00:00,1.91892,1.91941,1.91829,1.91896
2026-07-30 19:15:00,1.9189,1.91935,1.91859,1.91901
2026-07-30 19:30:00,1.91883,1.91963,1.91882,1.91958
2026-07-30 19:45:00,1.91949,1.91953,1.91848,1.91889
2026-07-30 20:00:00,1.91882,1.91901,1.91785,1.91799
2026-07-30 20:15:00,1.91803,1.9188,1.91763,1.91834
2026-07-30 20:30:00,1.91825,1.92038,1.91825,1.92018
2026-07-30 20:45:00,1.92007,1.92038,1.9192,1.91937
2026-07-30 21:00:00,1.91948,1.92021,1.91825,1.91877
2026-07-30 21:15:00,1.91866,1.91866,1.91714,1.91717
2026-07-30 21:30:00,1.91724,1.91752,1.91691,1.91701
2026-07-30 21:45:00,1.91713,1.91752,1.91683,1.91748
2026-07-30 22:00:00,1.91738,1.91814,1.91711,1.91803
2026-07-30 22:15:00,1.91785,1.91833,1.91708,1.91822
2026-07-30 22:30:00,1.91815,1.9186,1.91617,1.9164
2026-07-30 22:45:00,1.91675,1.91785,1.91613,1.91718
2026-07-30 23:00:00,1.91707,1.91727,1.91628,1.91641
2026-07-30 23:15:00,1.91662,1.91662,1.91524,1.91526
2026-07-30 23:30:00,1.91531,1.91598,1.91435,1.91571
2026-07-30 23:45:00,1.91521,1.9158,1.9131,1.91334
2026-07-31 00:00:00,1.91364,1.91579,1.91272,1.91562
2026-07-31 00:15:00,1.91562,1.91573,1.91394,1.91461
2026-07-31 00:30:00,1.9147,1.91503,1.91377,1.91474
2026-07-31 00:45:00,1.9146,1.91792,1.9146,1.91775
2026-07-31 01:00:00,1.91749,1.91749,1.91553,1.91647
2026-07-31 01:15:00,1.9163,1.91732,1.91622,1.91715
2026-07-31 01:30:00,1.91719,1.91725,1.91643,1.91679
2026-07-31 01:45:00,1.91667,1.91759,1.91606,1.91679
2026-07-31 02:00:00,1.91666,1.91714,1.91594,1.91618
2026-07-31 02:15:00,1.91621,1.91679,1.91618,1.91643
2026-07-31 02:30:00,1.91637,1.9169,1.91626,1.91656
2026-07-31 02:45:00,1.91662,1.91669,1.91569,1.9161
2026-07-31 03:00:00,1.91596,1.91711,1.9159,1.91646
2026-07-31 03:15:00,1.9164,1.9164,1.9159,1.91627
2026-07-31 03:30:00,1.91617,1.91683,1.91539,1.91633
2026-07-31 03:45:00,1.91619,1.91686,1.91593,1.91629
2026-07-31 04:00:00,1.91633,1.91676,1.91554,1.91569
2026-07-31 04:15:00,1.91572,1.91657,1.91559,1.9162
2026-07-31 04:30:00,1.91628,1.91681,1.91619,1.91666
2026-07-31 04:45:00,1.91662,1.91723,1.91655,1.91704
2026-07-31 05:00:00,1.91687,1.91761,1.91595,1.91643
2026-07-31 05:15:00,1.91639,1.91668,1.91597,1.91601
2026-07-31 05:30:00,1.91605,1.91629,1.91586,1.91601
2026-07-31 05:45:00,1.91603,1.91622,1.91557,1.91588
2026-07-31 06:00:00,1.91583,1.91592,1.91521,1.91549
2026-07-31 06:15:00,1.91552,1.91573,1.91523,1.91532
2026-07-31 06:30:00,1.91534,1.91584,1.91533,1.91581
2026-07-31 06:45:00,1.91577,1.91608,1.91515,1.91521
2026-07-31 07:00:00,1.9153,1.91847,1.9153,1.91695
2026-07-31 07:15:00,1.91698,1.91742,1.91676,1.9168
2026-07-31 07:30:00,1.91684,1.91709,1.91658,1.91664
2026-07-31 07:45:00,1.91666,1.91712,1.91617,1.91662
2026-07-31 08:00:00,1.91655,1.9167,1.91553,1.91608
2026-07-31 08:15:00,1.916,1.91634,1.91599,1.91631
2026-07-31 08:30:00,1.91624,1.91624,1.91555,1.91582
2026-07-31 08:45:00,1.91585,1.91623,1.91584,1.91589
2026-07-31 09:00:00,1.91593,1.91644,1.91526,1.91598
2026-07-31 09:15:00,1.91601,1.91633,1.91589,1.91593
2026-07-31 09:30:00,1.91597,1.91638,1.91593,1.91621
2026-07-31 09:45:00,1.91619,1.91661,1.91572,1.91576
2026-07-31 10:00:00,1.91586,1.91642,1.91526,1.91592
2026-07-31 10:15:00,1.91586,1.91586,1.91487,1.91514
2026-07-31 10:30:00,1.9151,1.91528,1.91371,1.91391
2026-07-31 10:45:00,1.91393,1.91472,1.91366,1.9146
2026-07-31 11:00:00,1.91453,1.91485,1.91409,1.91433
2026-07-31 11:15:00,1.91438,1.91529,1.91429,1.91524
2026-07-31 11:30:00,1.91519,1.91573,1.91493,1.91495
2026-07-31 11:45:00,1.91497,1.9153,1.91477,1.91509
2026-07-31 12:00:00,1.91505,1.91636,1.91487,1.91632
2026-07-31 12:15:00,1.91622,1.91683,1.9158,1.91587
2026-07-31 12:30:00,1.91595,1.91601,1.91485,1.91499
2026-07-31 12:45:00,1.91507,1.91545,1.9147,1.91485
2026-07-31 13:00:00,1.91492,1.91546,1.91458,1.91533
2026-07-31 13:15:00,1.91526,1.91543,1.91454,1.91465
2026-07-31 13:30:00,1.91487,1.91487,1.91394,1.91439
2026-07-31 13:45:00,1.91431,1.91487,1.91413,1.91474
2026-07-31 14:00:00,1.91468,1.91479,1.91386,1.91405
2026-07-31 14:15:00,1.91406,1.9141,1.91318,1.91345
2026-07-31 14:30:00,1.91338,1.91392,1.91306,1.91346
2026-07-31 14:45:00,1.91337,1.91337,1.91283,1.91334
2026-07-31 15:00:00,1.91329,1.91363,1.91319,1.91324
2026-07-31 15:15:00,1.9133,1.9133,1.91246,1.91275
2026-07-31 15:30:00,1.91272,1.91317,1.91216,1.91232
2026-07-31 15:45:00,1.91228,1.91291,1.91218,1.91235
2026-07-31 16:00:00,1.91248,1.91332,1.91231,1.91249
2026-07-31 16:15:00,1.91269,1.91331,1.91243,1.91259
2026-07-31 16:30:00,1.9127,1.91284,1.91181,1.91254
2026-07-31 16:45:00,1.91237,1.91341,1.91237,1.91245
2026-07-31 17:00:00,1.91255,1.91369,1.91252,1.91332
2026-07-31 17:15:00,1.91337,1.91352,1.91223,1.91238
2026-07-31 17:30:00,1.91244,1.91328,1.91229,1.91251
2026-07-31 17:45:00,1.91246,1.91354,1.91215,1.91349
2026-07-31 18:00:00,1.91341,1.91353,1.91228,1.91294
2026-07-31 18:15:00,1.91295,1.91309,1.91123,1.91171
2026-07-31 18:30:00,1.91161,1.91207,1.91126,1.912
2026-07-31 18:45:00,1.91186,1.91276,1.91115,1.91128
2026-07-31 19:00:00,1.91152,1.91256,1.91117,1.91192
2026-07-31 19:15:00,1.91198,1.91301,1.91183,1.9127
2026-07-31 19:30:00,1.91283,1.91358,1.91243,1.9133
2026-07-31 19:45:00,1.91333,1.91334,1.91194,1.91212
2026-07-31 20:00:00,1.91204,1.9122,1.91143,1.9118
2026-07-31 20:15:00,1.91186,1.9127,1.91159,1.91256
2026-07-31 20:30:00,1.91252,1.91257,1.91182,1.91234
2026-07-31 20:45:00,1.91237,1.91286,1.91206,1.91242
2026-07-31 21:00:00,1.91251,1.91251,1.9115,1.91204
2026-07-31 21:15:00,1.91193,1.91263,1.91146,1.91153
2026-07-31 21:30:00,1.9117,1.91235,1.91165,1.91176
2026-07-31 21:45:00,1.91183,1.912,1.91152,1.91186
2026-07-31 22:00:00,1.9118,1.91259,1.91161,1.91237
2026-07-31 22:15:00,1.9124,1.91288,1.91222,1.91284
2026-07-31 22:30:00,1.91278,1.91452,1.91258,1.91423
2026-07-31 22:45:00,1.91435,1.91503,1.91388,1.91444
2026-07-31 23:00:00,1.91427,1.91427,1.91273,1.91289
2026-07-31 23:15:00,1.91289,1.91328,1.91174,1.91197
2026-07-31 23:30:00,1.91206,1.91289,1.911,1.91265
2026-07-31 23:45:00,1.91249,1.91532,1.91218,1.91436
2026-08-01 00:00:00,1.91477,1.91789,1.91423,1.91784
2026-08-01 00:15:00,1.91773,1.91794,1.91609,1.91633
2026-08-01 00:30:00,1.9165,1.91688,1.91579,1.9168
2026-08-01 00:45:00,1.91671,1.91758,1.91507,1.91557
2026-08-01 01:00:00,1.91579,1.91741,1.91546,1.91686
2026-08-01 01:15:00,1.91706,1.91838,1.91629,1.91787
2026-08-01 01:30:00,1.91792,1.91799,1.91662,1.91757
2026-08-01 01:45:00,1.91751,1.91824,1.91724,1.91734
2026-08-01 02:00:00,1.91747,1.91768,1.91671,1.91711
2026-08-01 02:15:00,1.91699,1.91734,1.91617,1.91623
2026-08-01 02:30:00,1.91631,1.91641,1.91589,1.91619
2026-08-01 02:45:00,1.91609,1.91696,1.91609,1.91673
2026-08-01 03:00:00,1.91668,1.91679,1.916,1.91641
2026-08-01 03:15:00,1.91632,1.91655,1.9154,1.91596
2026-08-01 03:30:00,1.91579,1.91639,1.91545,1.91636
2026-08-01 03:45:00,1.9163,1.91671,1.91549,1.91664
2026-08-01 04:00:00,1.91643,1.9169,1.91597,1.9162
2026-08-01 04:15:00,1.91613,1.91615,1.91566,1.91578
2026-08-01 04:30:00,1.91585,1.91591,1.91547,1.91585
2026-08-01 04:45:00,1.91581,1.91618,1.91569,1.91604
2026-08-01 05:00:00,1.91602,1.91638,1.91563,1.91574
2026-08-01 05:15:00,1.91569,1.91581,1.91531,1.91549
2026-08-01 05:30:00,1.91547,1.91569,1.91517,1.91534
2026-08-01 05:45:00,1.91529,1.91562,1.91487,1.91555
2026-08-01 06:00:00,1.91539,1.91599,1.91517,1.91594
2026-08-01 06:15:00,1.91583,1.91638,1.91527,1.91626
2026-08-01 06:30:00,1.91602,1.91648,1.91564,1.91643
2026-08-01 06:45:00,1.91637,1.91899,1.91572,1.91842
2026-08-01 07:00:00,1.91737,1.92164,1.91737,1.91948
2026-08-01 07:15:00,1.91938,1.92128,1.91853,1.9204
2026-08-01 07:30:00,1.9203,1.9219,1.91858,1.92144
2026-08-01 07:45:00,1.92107,1.92348,1.91727,1.91935
2026-08-01 08:00:00,1.91936,1.92019,1.91651,1.92003
2026-08-01 08:15:00,1.91986,1.92102,1.91876,1.92006
2026-08-01 08:30:00,1.91991,1.92116,1.91881,1.92006
2026-08-01 08:45:00,1.91998,1.92131,1.91933,1.91976
2026-08-01 09:00:00,1.92016,1.92104,1.91615,1.91931
2026-08-01 09:15:00,1.91935,1.92171,1.91846,1.91993
2026-08-01 09:30:00,1.92002,1.92166,1.91863,1.91975
2026-08-01 09:45:00,1.91975,1.92136,1.91946,1.91972
2026-08-01 10:00:00,1.9202,1.92117,1.91648,1.91661
2026-08-01 10:15:00,1.91658,1.9177,1.91634,1.91655
2026-08-01 10:30:00,1.91651,1.9178,1.91644,1.91657
2026-08-01 10:45:00,1.91653,1.91787,1.91559,1.91649
2026-08-01 11:00:00,1.91651,1.91762,1.91635,1.91654
2026-08-01 11:15:00,1.9165,1.91772,1.91641,1.91655
2026-08-01 11:30:00,1.91651,1.92,1.91449,1.91696
2026-08-01 11:45:00,1.91719,1.91775,1.9158,1.91653
2026-08-01 12:00:00,1.91656,1.91972,1.91437,1.9167
2026-08-01 12:15:00,1.91673,1.91795,1.91634,1.91682
2026-08-01 12:30:00,1.91674,1.9175,1.91644,1.9165
2026-08-01 12:45:00,1.91652,1.91738,1.9164,1.91672
2026-08-01 13:00:00,1.91671,1.91688,1.91642,1.91658
2026-08-01 13:15:00,1.91662,1.91928,1.91515,1.91682
2026-08-01 13:30:00,1.91676,1.9169,1.91643,1.91663
2026-08-01 13:45:00,1.91664,1.91776,1.91662,1.9168
2026-08-01 14:00:00,1.91676,1.91751,1.9166,1.91665
2026-08-01 14:15:00,1.91672,1.91684,1.91645,1.91662
2026-08-01 14:30:00,1.91658,1.9174,1.91636,1.91647
2026-08-01 14:45:00,1.91648,1.91678,1.91632,1.91669
2026-08-01 15:00:00,1.91664,1.91965,1.91488,1.91647
2026-08-01 15:15:00,1.91658,1.91766,1.91648,1.91684
2026-08-01 15:30:00,1.91696,1.91696,1.91657,1.91666
2026-08-01 15:45:00,1.91665,1.91772,1.91654,1.91677
2026-08-01 16:00:00,1.91673,1.91675,1.91645,1.91648
2026-08-01 16:15:00,1.91652,1.91732,1.91608,1.91661
2026-08-01 16:30:00,1.91658,1.91902,1.91615,1.91668
2026-08-01 16:45:00,1.91712,1.91712,1.91637,1.9166
2026-08-01 17:00:00,1.91656,1.91724,1.91626,1.91659
2026-08-01 17:15:00,1.91662,1.91672,1.91652,1.91658
2026-08-01 17:30:00,1.91656,1.91771,1.91597,1.91659
2026-08-01 17:45:00,1.91663,1.91733,1.91645,1.91664
2026-08-01 18:00:00,1.91671,1.91692,1.91647,1.91649
2026-08-01 18:15:00,1.91651,1.91983,1.91624,1.91658
2026-08-01 18:30:00,1.9166,1.91662,1.91648,1.91655
2026-08-01 18:45:00,1.91651,1.9179,1.91564,1.91653
2026-08-01 19:00:00,1.91652,1.91743,1.91616,1.917
2026-08-01 19:15:00,1.91709,1.91709,1.91649,1.91652
2026-08-01 19:30:00,1.91651,1.91788,1.91635,1.91668
2026-08-01 19:45:00,1.91663,1.91665,1.91648,1.91653
2026-08-01 20:00:00,1.9165,1.91899,1.91634,1.91648
2026-08-01 20:15:00,1.9165,1.91752,1.91581,1.91659
2026-08-01 20:30:00,1.91671,1.91671,1.91643,1.91649
2026-08-01 20:45:00,1.91645,1.91732,1.91642,1.91654
2026-08-01 21:00:00,1.91651,1.91668,1.91644,1.91653
2026-08-01 21:15:00,1.91649,1.91728,1.91637,1.91653
2026-08-01 21:30:00,1.91649,1.91949,1.91613,1.91701
2026-08-01 21:45:00,1.91743,1.91743,1.91645,1.91652
2026-08-01 22:00:00,1.91649,1.91766,1.91637,1.91648
2026-08-01 22:15:00,1.91651,1.91661,1.91647,1.91651
2026-08-01 22:30:00,1.91652,1.91759,1.91642,1.91655
2026-08-01 22:45:00,1.91651,1.91766,1.91563,1.91756
2026-08-01 23:00:00,1.91737,1.91737,1.91647,1.91655
2026-08-01 23:15:00,1.91654,1.91991,1.91644,1.91688
2026-08-01 23:30:00,1.91691,1.91691,1.91652,1.91656
2026-08-01 23:45:00,1.91653,1.91773,1.91634,1.91671
2026-08-02 00:00:00,1.91673,1.91792,1.91607,1.9178
2026-08-02 00:15:00,1.91756,1.91761,1.91683,1.91691
2026-08-02 00:30:00,1.91693,1.91813,1.91614,1.91786
2026-08-02 00:45:00,1.91782,1.9179,1.91779,1.91786
2026-08-02 01:00:00,1.91782,1.92105,1.91723,1.9188
2026-08-02 01:15:00,1.91878,1.91947,1.91772,1.91893
2026-08-02 01:30:00,1.91873,1.91881,1.9187,1.91873
2026-08-02 01:45:00,1.91873,1.91902,1.91744,1.91863
2026-08-02 02:00:00,1.91859,1.91887,1.9162,1.91626
2026-08-02 02:15:00,1.91623,1.91737,1.91585,1.91644
2026-08-02 02:30:00,1.91645,1.91957,1.91619,1.91922
2026-08-02 02:45:00,1.91845,1.91845,1.91645,1.91652
2026-08-02 03:00:00,1.91649,1.91741,1.91587,1.91656
2026-08-02 03:15:00,1.91653,1.91658,1.91644,1.91646
2026-08-02 03:30:00,1.91647,1.91739,1.91638,1.91671
2026-08-02 03:45:00,1.91671,1.91754,1.91654,1.91721
2026-08-02 04:00:00,1.91644,1.91811,1.9162,1.9163
2026-08-02 04:15:00,1.91626,1.92047,1.91314,1.91934
2026-08-02 04:30:00,1.91934,1.92034,1.91739,1.9177
2026-08-02 04:45:00,1.91772,1.91925,1.91714,1.9173
2026-08-02 05:00:00,1.91727,1.91769,1.91646,1.91676
2026-08-02 05:15:00,1.91662,1.91805,1.91662,1.91674
2026-08-02 05:30:00,1.91672,1.91802,1.91658,1.91719
2026-08-02 05:45:00,1.91721,1.91922,1.91477,1.91778
2026-08-02 06:00:00,1.91775,1.92077,1.91491,1.91868
2026-08-02 06:15:00,1.91864,1.9192,1.91861,1.91901
2026-08-02 06:30:00,1.91864,1.91936,1.91864,1.91917
2026-08-02 06:45:00,1.91919,1.91981,1.9191,1.91967
2026-08-02 07:00:00,1.91963,1.91973,1.91862,1.91896
2026-08-02 07:15:00,1.91892,1.91964,1.91864,1.91943
2026-08-02 07:30:00,1.91941,1.91986,1.91426,1.91501
2026-08-02 07:45:00,1.91689,1.91974,1.91614,1.9167
2026-08-02 08:00:00,1.91673,1.91741,1.9161,1.91656
2026-08-02 08:15:00,1.91652,1.91657,1.91644,1.9165
2026-08-02 08:30:00,1.91647,1.91767,1.91633,1.91683
2026-08-02 08:45:00,1.91685,1.91685,1.91673,1.91675
2026-08-02 09:00:00,1.91676,1.91787,1.91615,1.91619
2026-08-02 09:15:00,1.91615,1.91969,1.91585,1.91833
2026-08-02 09:30:00,1.91806,1.91806,1.91653,1.91659
2026-08-02 09:45:00,1.91655,1.91764,1.91585,1.91665
2026-08-02 10:00:00,1.91666,1.91675,1.91641,1.91652
2026-08-02 10:15:00,1.91649,1.9177,1.916,1.91664
2026-08-02 10:30:00,1.9166,1.91775,1.9165,1.91741
2026-08-02 10:45:00,1.91739,1.91739,1.91679,1.91681
2026-08-02 11:00:00,1.91682,1.92088,1.91645,1.91961
2026-08-02 11:15:00,1.91965,1.91965,1.9181,1.91885
2026-08-02 11:30:00,1.91881,1.91956,1.91807,1.91847
2026-08-02 11:45:00,1.91845,1.91854,1.9184,1.91841
2026-08-02 12:00:00,1.91843,1.91851,1.9184,1.91846
2026-08-02 12:15:00,1.91843,1.91929,1.91831,1.91906
2026-08-02 12:30:00,1.91902,1.91911,1.91663,1.91675
2026-08-02 12:45:00,1.91674,1.92016,1.91651,1.9168
2026-08-02 13:00:00,1.91681,1.91794,1.91599,1.917
2026-08-02 13:15:00,1.91703,1.91703,1.91683,1.91689
2026-08-02 13:30:00,1.91685,1.91792,1.91682,1.91692
2026-08-02 13:45:00,1.9169,1.91697,1.91686,1.91687
2026-08-02 14:00:00,1.91688,1.91797,1.91673,1.91708
2026-08-02 14:15:00,1.9171,1.92031,1.91691,1.91768
2026-08-02 14:30:00,1.91794,1.91794,1.91692,1.91699
2026-08-02 14:45:00,1.91696,1.91826,1.91681,1.91768
2026-08-02 15:00:00,1.91768,1.91789,1.91702,1.91705
2026-08-02 15:15:00,1.91705,1.91814,1.91659,1.91759
2026-08-02 15:30:00,1.91756,1.91911,1.91715,1.91885
2026-08-02 15:45:00,1.91882,1.91889,1.91754,1.91774
2026-08-02 16:00:00,1.91774,1.91967,1.91652,1.91686
2026-08-02 16:15:00,1.91687,1.91688,1.91661,1.91671
2026-08-02 16:30:00,1.91668,1.9178,1.91655,1.91679
2026-08-02 16:45:00,1.91675,1.91788,1.91609,1.91717
2026-08-02 17:00:00,1.91724,1.91724,1.91679,1.9168
2026-08-02 17:15:00,1.91681,1.91815,1.91624,1.91743
2026-08-02 17:30:00,1.9174,1.9175,1.91737,1.91746
2026-08-02 17:45:00,1.91742,1.92129,1.91705,1.91857
2026-08-02 18:00:00,1.9189,1.91963,1.91884,1.91939
2026-08-02 18:15:00,1.9194,1.91949,1.91937,1.91944
2026-08-02 18:30:00,1.9194,1.91995,1.91828,1.91882
2026-08-02 18:45:00,1.91878,1.91886,1.91875,1.9188
2026-08-02 19:00:00,1.91878,1.91952,1.9187,1.91929
2026-08-02 19:15:00,1.9193,1.92159,1.91898,1.92101
2026-08-02 19:30:00,1.92101,1.92109,1.92098,1.92105
2026-08-02 19:45:00,1.92101,1.92117,1.92098,1.92111
2026-08-02 20:00:00,1.92108,1.92117,1.92106,1.92107
2026-08-02 20:15:00,1.92108,1.92117,1.92106,1.92108
2026-08-02 20:30:00,1.92108,1.92117,1.92065,1.92084
2026-08-02 20:45:00,1.9208,1.92089,1.92077,1.92083
2026-08-02 21:00:00,1.9208,1.92089,1.92077,1.9208
2026-08-02 21:15:00,1.9208,1.92089,1.92077,1.92079
2026-08-02 21:30:00,1.9208,1.92228,1.91721,1.91832
2026-08-02 21:45:00,1.91829,1.91838,1.91826,1.91833
2026-08-02 22:00:00,1.91829,1.91837,1.91826,1.91829
2026-08-02 22:15:00,1.91829,1.91863,1.91702,1.91703
2026-08-02 22:30:00,1.91704,1.9171,1.91698,1.91704
2026-08-02 22:45:00,1.91701,1.91711,1.91699,1.91707
2026-08-02 23:00:00,1.91703,1.91711,1.917,1.91703
2026-08-02 23:15:00,1.91703,1.91755,1.91492,1.91548
2026-08-02 23:30:00,1.91549,1.91558,1.91546,1.91552
2026-08-02 23:45:00,1.91549,1.91558,1.91546,1.91553
2026-08-03 00:00:00,1.91549,1.91874,1.91537,1.91656
2026-08-03 00:15:00,1.91658,1.91658,1.91641,1.91642
2026-08-03 00:30:00,1.91643,1.91651,1.91639,1.91647
2026-08-03 00:45:00,1.91643,1.92099,1.91307,1.91697
2026-08-03 01:00:00,1.91693,1.92134,1.91384,1.91704
2026-08-03 01:15:00,1.91702,1.91711,1.917,1.91701
2026-08-03 01:30:00,1.91703,1.91714,1.91702,1.9171
2026-08-03 01:45:00,1.91705,1.91714,1.91703,1.9171
2026-08-03 02:00:00,1.91706,1.91754,1.91617,1.91663
2026-08-03 02:15:00,1.9167,1.9167,1.9164,1.91643
2026-08-03 02:30:00,1.91644,1.91666,1.91521,1.91616
2026-08-03 02:45:00,1.916,1.91741,1.916,1.91698
2026-08-03 03:00:00,1.91709,1.91711,1.91644,1.91659
2026-08-03 03:15:00,1.91655,1.91662,1.91634,1.91656
2026-08-03 03:30:00,1.91657,1.91661,1.91641,1.91643
2026-08-03 03:45:00,1.91643,1.91662,1.91642,1.91657
2026-08-03 04:00:00,1.91654,1.91678,1.91608,1.91676
2026-08-03 04:15:00,1.9167,1.91719,1.91552,1.91712
2026-08-03 04:30:00,1.91696,1.91761,1.91631,1.91666
2026-08-03 04:45:00,1.9167,1.91671,1.91649,1.91654
2026-08-03 05:00:00,1.91651,1.91673,1.91193,1.91211
2026-08-03 05:15:00,1.91242,1.9155,1.91141,1.91171
2026-08-03 05:30:00,1.91223,1.91623,1.91129,1.91583
2026-08-03 05:45:00,1.91473,1.91625,1.91229,1.91469
2026-08-03 06:00:00,1.91511,1.91633,1.91264,1.91295
2026-08-03 06:15:00,1.91295,1.91574,1.91295,1.91326
2026-08-03 06:30:00,1.91356,1.91579,1.91258,1.91428
2026-08-03 06:45:00,1.91414,1.91595,1.91299,1.91451
2026-08-03 07:00:00,1.91491,1.91637,1.91343,1.91527
2026-08-03 07:15:00,1.91511,1.91549,1.91405,1.91537
2026-08-03 07:30:00,1.91521,1.91666,1.91456,1.91586
2026-08-03 07:45:00,1.91573,1.91658,1.91448,1.91474
2026-08-03 08:00:00,1.91531,1.91706,1.91531,1.91613
2026-08-03 08:15:00,1.91605,1.91673,1.91523,1.91556
2026-08-03 08:30:00,1.91525,1.91585,1.9147,1.91517
2026-08-03 08:45:00,1.91508,1.91555,1.91486,1.91547
2026-08-03 09:00:00,1.91538,1.91561,1.91507,1.91554
2026-08-03 09:15:00,1.91551,1.91569,1.9152,1.91542
2026-08-03 09:30:00,1.91538,1.91563,1.91509,1.91511
2026-08-03 09:45:00,1.91517,1.9156,1.91459,1.91506
2026-08-03 10:00:00,1.91495,1.91553,1.91443,1.9151
2026-08-03 10:15:00,1.91503,1.91597,1.91447,1.91586
2026-08-03 10:30:00,1.91557,1.91614,1.91491,1.91541
2026-08-03 10:45:00,1.91546,1.91601,1.91492,1.91537
2026-08-03 11:00:00,1.91531,1.91564,1.91476,1.91557
2026-08-03 11:15:00,1.91542,1.91557,1.91498,1.91523
2026-08-03 11:30:00,1.91511,1.91587,1.91488,1.9153
2026-08-03 11:45:00,1.91523,1.91588,1.915,1.91537
2026-08-03 12:00:00,1.91545,1.91632,1.91537,1.91625
2026-08-03 12:15:00,1.91622,1.91659,1.91592,1.91657
2026-08-03 12:30:00,1.9165,1.91686,1.91568,1.91606
2026-08-03 12:45:00,1.91605,1.91619,1.91549,1.91587
2026-08-03 13:00:00,1.91581,1.9162,1.91554,1.91617
2026-08-03 13:15:00,1.91611,1.91621,1.91571,1.91588
2026-08-03 13:30:00,1.91584,1.91604,1.9154,1.91547
2026-08-03 13:45:00,1.91543,1.91612,1.91536,1.91588
2026-08-03 14:00:00,1.91596,1.91615,1.91548,1.91553
2026-08-03 14:15:00,1.91562,1.91589,1.91554,1.9157
2026-08-03 14:30:00,1.91567,1.91607,1.91558,1.91596
2026-08-03 14:45:00,1.9159,1.91618,1.91553,1.91614
2026-08-03 15:00:00,1.91609,1.9162,1.91566,1.91572
2026-08-03 15:15:00,1.91578,1.91616,1.91577,1.91589
2026-08-03 15:30:00,1.91585,1.9162,1.91572,1.916
2026-08-03 15:45:00,1.91596,1.91602,1.91517,1.91521
2026-08-03 16:00:00,1.91527,1.91546,1.91493,1.91536
2026-08-03 16:15:00,1.91527,1.91542,1.91455,1.91519
2026-08-03 16:30:00,1.91522,1.91534,1.91429,1.9148
2026-08-03 16:45:00,1.91475,1.91585,1.91464,1.91569
2026-08-03 17:00:00,1.91571,1.91617,1.91531,1.91612
2026-08-03 17:15:00,1.91605,1.91703,1.91574,1.91699
2026-08-03 17:30:00,1.91688,1.91867,1.91684,1.91853
2026-08-03 17:45:00,1.91848,1.91873,1.91787,1.91823
2026-08-03 18:00:00,1.91804,1.91894,1.91797,1.91853
2026-08-03 18:15:00,1.91849,1.91914,1.91827,1.91912
2026-08-03 18:30:00,1.91906,1.91932,1.91867,1.91931
2026-08-03 18:45:00,1.91924,1.92012,1.91924,1.91942
2026-08-03 19:00:00,1.91956,1.91993,1.91914,1.91976
2026-08-03 19:15:00,1.91976,1.9201,1.91911,1.92007
2026-08-03 19:30:00,1.92002,1.92037,1.91985,1.92013
2026-08-03 19:45:00,1.92015,1.92051,1.91995,1.92041
2026-08-03 20:00:00,1.92021,1.92101,1.92004,1.92077
2026-08-03 20:15:00,1.92081,1.92229,1.9208,1.92223
2026-08-03 20:30:00,1.92221,1.9229,1.92201,1.92287
2026-08-03 20:45:00,1.92274,1.92314,1.92255,1.92265
2026-08-03 21:00:00,1.9226,1.9234,1.92254,1.92319
2026-08-03 21:15:00,1.92322,1.92323,1.92238,1.92267
2026-08-03 21:30:00,1.92259,1.92294,1.92185,1.92192
2026-08-03 21:45:00,1.92203,1.92209,1.9214,1.92165
2026-08-03 22:00:00,1.92155,1.92288,1.92155,1.92244
2026-08-03 22:15:00,1.92249,1.92297,1.92235,1.92251
2026-08-03 22:30:00,1.92256,1.9244,1.92246,1.92356
2026-08-03 22:45:00,1.9237,1.92402,1.92323,1.92382
2026-08-03 23:00:00,1.92374,1.92457,1.92339,1.92444
2026-08-03 23:15:00,1.92418,1.92509,1.92397,1.92488
2026-08-03 23:30:00,1.92489,1.92536,1.92458,1.92516
2026-08-03 23:45:00,1.92512,1.92581,1.92415,1.92454
2026-08-04 00:00:00,1.92443,1.92443,1.92307,1.92342
2026-08-04 00:15:00,1.92334,1.92384,1.92286,1.92381
2026-08-04 00:30:00,1.92376,1.92403,1.92225,1.9224
2026-08-04 00:45:00,1.92261,1.92272,1.92003,1.92018
2026-08-04 01:00:00,1.92047,1.92047,1.91898,1.91906
2026-08-04 01:15:00,1.91911,1.9192,1.91861,1.91902
2026-08-04 01:30:00,1.91892,1.91948,1.91849,1.91862
2026-08-04 01:45:00,1.91871,1.91914,1.9184,1.91911
2026-08-04 02:00:00,1.91897,1.91967,1.9189,1.91895
2026-08-04 02:15:00,1.91902,1.91902,1.91827,1.91864
2026-08-04 02:30:00,1.91858,1.919,1.91843,1.91878
2026-08-04 02:45:00,1.91879,1.91906,1.91852,1.91896
2026-08-04 03:00:00,1.91893,1.91984,1.91862,1.91964
2026-08-04 03:15:00,1.91958,1.91967,1.91921,1.91963
2026-08-04 03:30:00,1.9196,1.91966,1.9192,1.91922
2026-08-04 03:45:00,1.91928,1.91944,1.91896,1.91921
2026-08-04 04:00:00,1.91914,1.91931,1.91877,1.91918
2026-08-04 04:15:00,1.91911,1.91925,1.91885,1.91911
2026-08-04 04:30:00,1.91905,1.91941,1.91897,1.91935
2026-08-04 04:45:00,1.91924,1.91932,1.91888,1.91905
2026-08-04 05:00:00,1.91903,1.91917,1.9187,1.91914
2026-08-04 05:15:00,1.91905,1.91943,1.91905,1.91934
2026-08-04 05:30:00,1.91932,1.9194,1.91872,1.91875
2026-08-04 05:45:00,1.91884,1.91905,1.91871,1.91873
2026-08-04 06:00:00,1.91877,1.91908,1.91877,1.91894
2026-08-04 06:15:00,1.91889,1.91903,1.91871,1.91898
2026-08-04 06:30:00,1.91893,1.91903,1.91865,1.91876
2026-08-04 06:45:00,1.91878,1.91898,1.91845,1.91897
2026-08-04 07:00:00,1.91893,1.9196,1.91717,1.91824
2026-08-04 07:15:00,1.91818,1.91865,1.91794,1.91856
2026-08-04 07:30:00,1.91835,1.91905,1.91835,1.91868
2026-08-04 07:45:00,1.91864,1.91874,1.9182,1.91869
2026-08-04 08:00:00,1.9186,1.91919,1.91856,1.91912
2026-08-04 08:15:00,1.9191,1.91914,1.91864,1.91898
2026-08-04 08:30:00,1.91891,1.91901,1.91864,1.91866
2026-08-04 08:45:00,1.9187,1.91892,1.91859,1.91866
2026-08-04 09:00:00,1.91867,1.91901,1.91859,1.91888
2026-08-04 09:15:00,1.9189,1.91896,1.91874,1.91891
2026-08-04 09:30:00,1.91881,1.91919,1.91876,1.91903
2026-08-04 09:45:00,1.919,1.91906,1.91858,1.91897
2026-08-04 10:00:00,1.91889,1.91898,1.91753,1.918
2026-08-04 10:15:00,1.91785,1.91813,1.91744,1.91752
2026-08-04 10:30:00,1.91748,1.91765,1.91719,1.91724
2026-08-04 10:45:00,1.91732,1.91789,1.91707,1.91752
2026-08-04 11:00:00,1.91764,1.9181,1.91747,1.91752
2026-08-04 11:15:00,1.91759,1.91803,1.91736,1.91786
2026-08-04 11:30:00,1.91788,1.91822,1.91613,1.91638
2026-08-04 11:45:00,1.91633,1.91633,1.91455,1.91458
2026-08-04 12:00:00,1.91459,1.91534,1.91381,1.91393
2026-08-04 12:15:00,1.91412,1.91456,1.91401,1.91443
2026-08-04 12:30:00,1.91432,1.91447,1.91364,1.91372
2026-08-04 12:45:00,1.91375,1.91435,1.91367,1.91405
2026-08-04 13:00:00,1.91396,1.91418,1.91342,1.91384
2026-08-04 13:15:00,1.91377,1.91393,1.91262,1.91281
2026-08-04 13:30:00,1.91277,1.91306,1.91253,1.91301
2026-08-04 13:45:00,1.91297,1.91308,1.91261,1.91294
2026-08-04 14:00:00,1.91288,1.91318,1.91272,1.91314
2026-08-04 14:15:00,1.91307,1.9132,1.91245,1.91253
2026-08-04 14:30:00,1.9125,1.91288,1.91239,1.91286
2026-08-04 14:45:00,1.91278,1.91301,1.91266,1.91284
2026-08-04 15:00:00,1.91276,1.91307,1.9122,1.91272
2026-08-04 15:15:00,1.9126,1.91269,1.91232,1.91267
2026-08-04 15:30:00,1.91264,1.91306,1.91211,1.91304
2026-08-04 15:45:00,1.91296,1.91331,1.9126,1.91287
2026-08-04 16:00:00,1.9129,1.91386,1.91212,1.91378
2026-08-04 16:15:00,1.91367,1.91392,1.91299,1.91301
2026-08-04 16:30:00,1.91303,1.91452,1.91287,1.91443
2026-08-04 16:45:00,1.91435,1.91507,1.91434,1.91447
2026-08-04 17:00:00,1.9145,1.91453,1.91333,1.91359
2026-08-04 17:15:00,1.9136,1.9138,1.91321,1.91365
2026-08-04 17:30:00,1.91348,1.91432,1.91348,1.91427
2026-08-04 17:45:00,1.91415,1.91466,1.9139,1.91462
2026-08-04 18:00:00,1.91459,1.91466,1.91349,1.91362
2026-08-04 18:15:00,1.91363,1.91385,1.91332,1.91372
2026-08-04 18:30:00,1.91355,1.9138,1.91309,1.91355
2026-08-04 18:45:00,1.91351,1.9142,1.91322,1.91416
2026-08-04 19:00:00,1.91412,1.91439,1.91369,1.91383
2026-08-04 19:15:00,1.91387,1.91419,1.91319,1.91329
2026-08-04 19:30:00,1.91325,1.91326,1.91265,1.91292
2026-08-04 19:45:00,1.91289,1.91329,1.91279,1.91301
2026-08-04 20:00:00,1.91315,1.91315,1.91254,1.91263
2026-08-04 20:15:00,1.91263,1.91285,1.91218,1.91219
2026-08-04 20:30:00,1.91221,1.91254,1.91202,1.91249
2026-08-04 20:45:00,1.9124,1.9125,1.91127,1.91177
2026-08-04 21:00:00,1.91171,1.91215,1.91154,1.91156
2026-08-04 21:15:00,1.91161,1.91192,1.91147,1.91163
2026-08-04 21:30:00,1.91163,1.91214,1.91139,1.91211
2026-08-04 21:45:00,1.91208,1.91236,1.91145,1.91224
2026-08-04 22:00:00,1.91217,1.91287,1.91189,1.91285
2026-08-04 22:15:00,1.91282,1.91292,1.91239,1.91281
2026-08-04 22:30:00,1.91274,1.91286,1.91198,1.91212
2026-08-04 22:45:00,1.91213,1.91225,1.91093,1.91149
2026-08-04 23:00:00,1.9114,1.91177,1.91091,1.91137
2026-08-04 23:15:00,1.9113,1.91166,1.91043,1.91121
2026-08-04 23:30:00,1.91106,1.91203,1.91086,1.91156
2026-08-04 23:45:00,1.91162,1.91226,1.91103,1.91107
2026-08-05 00:00:00,1.91109,1.91171,1.91065,1.91071
2026-08-05 00:15:00,1.91082,1.91128,1.91043,1.91055
2026-08-05 00:30:00,1.91059,1.91133,1.91021,1.91128
2026-08-05 00:45:00,1.9112,1.91144,1.91009,1.91018
2026-08-05 01:00:00,1.91028,1.91118,1.91028,1.91116
2026-08-05 01:15:00,1.91109,1.91195,1.91109,1.91162
2026-08-05 01:30:00,1.91158,1.91234,1.91147,1.91187
2026-08-05 01:45:00,1.91176,1.91229,1.91172,1.9121
2026-08-05 02:00:00,1.91204,1.91212,1.91151,1.91206
2026-08-05 02:15:00,1.91193,1.91203,1.91116,1.9114
2026-08-05 02:30:00,1.91131,1.91152,1.91091,1.91092
2026-08-05 02:45:00,1.91095,1.91119,1.91033,1.91047
2026-08-05 03:00:00,1.91038,1.91071,1.90982,1.90987
2026-08-05 03:15:00,1.90993,1.90998,1.90935,1.90947
2026-08-05 03:30:00,1.90942,1.90971,1.90917,1.90941
2026-08-05 03:45:00,1.90932,1.90967,1.90921,1.90966
2026-08-05 04:00:00,1.9096,1.90988,1.90926,1.90944
2026-08-05 04:15:00,1.90942,1.90956,1.90924,1.90936
2026-08-05 04:30:00,1.90938,1.90948,1.90915,1.90943
2026-08-05 04:45:00,1.9094,1.90945,1.90886,1.90904
2026-08-05 05:00:00,1.90908,1.90947,1.90895,1.90916
2026-08-05 05:15:00,1.90909,1.90913,1.90834,1.9086
2026-08-05 05:30:00,1.90864,1.90864,1.90828,1.90851
2026-08-05 05:45:00,1.90847,1.90899,1.90839,1.90883
2026-08-05 06:00:00,1.90886,1.9093,1.90861,1.90885
2026-08-05 06:15:00,1.9088,1.90913,1.90863,1.90908
2026-08-05 06:30:00,1.90905,1.90923,1.90893,1.90915
2026-08-05 06:45:00,1.9091,1.90934,1.90885,1.90931
2026-08-05 07:00:00,1.90925,1.91001,1.9085,1.90953
2026-08-05 07:15:00,1.90944,1.91028,1.90944,1.90967
2026-08-05 07:30:00,1.90967,1.90973,1.90881,1.90937
2026-08-05 07:45:00,1.90933,1.90973,1.90895,1.90897
2026-08-05 08:00:00,1.909,1.90957,1.90864,1.90896
2026-08-05 08:15:00,1.90892,1.90894,1.90867,1.9088
2026-08-05 08:30:00,1.90877,1.90878,1.90839,1.90864
2026-08-05 08:45:00,1.90861,1.90884,1.9082,1.90823
2026-08-05 09:00:00,1.90829,1.90883,1.90821,1.90831
2026-08-05 09:15:00,1.90837,1.90843,1.90806,1.90817
2026-08-05 09:30:00,1.90812,1.90843,1.90808,1.9083
2026-08-05 09:45:00,1.90831,1.90879,1.90821,1.90863
2026-08-05 10:00:00,1.90865,1.90911,1.90846,1.90902
2026-08-05 10:15:00,1.90901,1.90901,1.90766,1.9081
2026-08-05 10:30:00,1.90804,1.90893,1.90782,1.9089
2026-08-05 10:45:00,1.90884,1.90985,1.90872,1.90978
2026-08-05 11:00:00,1.90966,1.91015,1.90889,1.90917
2026-08-05 11:15:00,1.90899,1.90989,1.90899,1.90984
2026-08-05 11:30:00,1.90975,1.90975,1.90904,1.90908
2026-08-05 11:45:00,1.90912,1.90936,1.90891,1.90903
2026-08-05 12:00:00,1.90898,1.90989,1.90858,1.9098
2026-08-05 12:15:00,1.90964,1.91031,1.90964,1.90982
2026-08-05 12:30:00,1.90989,1.90989,1.90888,1.90913
2026-08-05 12:45:00,1.90908,1.90914,1.90857,1.90874
2026-08-05 13:00:00,1.90883,1.90929,1.90845,1.90849
2026-08-05 13:15:00,1.90851,1.90916,1.90841,1.90893
2026-08-05 13:30:00,1.90889,1.90909,1.90858,1.90861
2026-08-05 13:45:00,1.90862,1.90904,1.90862,1.90869
2026-08-05 14:00:00,1.90876,1.90886,1.9083,1.90832
2026-08-05 14:15:00,1.90834,1.90842,1.90751,1.90785
2026-08-05 14:30:00,1.90777,1.90875,1.90775,1.90871
2026-08-05 14:45:00,1.90858,1.90906,1.90826,1.90887
2026-08-05 15:00:00,1.90889,1.90941,1.90884,1.90928
2026-08-05 15:15:00,1.9093,1.90963,1.90924,1.90961
2026-08-05 15:30:00,1.90954,1.90969,1.90916,1.9093
2026-08-05 15:45:00,1.90927,1.90962,1.9092,1.90932
2026-08-05 16:00:00,1.9093,1.90951,1.9086,1.90879
2026-08-05 16:15:00,1.90887,1.90998,1.90885,1.90993
2026-08-05 16:30:00,1.90988,1.91045,1.90958,1.9104
2026-08-05 16:45:00,1.91023,1.91067,1.91013,1.91037
2026-08-05 17:00:00,1.91039,1.91067,1.9099,1.91049
2026-08-05 17:15:00,1.91042,1.9116,1.91037,1.91156
2026-08-05 17:30:00,1.91148,1.91156,1.91091,1.9112
2026-08-05 17:45:00,1.91118,1.91143,1.91057,1.91103
2026-08-05 18:00:00,1.91087,1.91122,1.91054,1.91092
2026-08-05 18:15:00,1.91087,1.91124,1.91079,1.91099
2026-08-05 18:30:00,1.91101,1.91145,1.91038,1.91044
2026-08-05 18:45:00,1.9105,1.91081,1.91021,1.91078
2026-08-05 19:00:00,1.91069,1.91086,1.91025,1.9108
2026-08-05 19:15:00,1.91074,1.91131,1.91061,1.91128
2026-08-05 19:30:00,1.91123,1.91165,1.91096,1.91099
2026-08-05 19:45:00,1.91102,1.91115,1.91073,1.91094
2026-08-05 20:00:00,1.91094,1.91205,1.9109,1.91178
2026-08-05 20:15:00,1.9117,1.91209,1.91153,1.91201
2026-08-05 20:30:00,1.91201,1.91233,1.91191,1.91231
2026-08-05 20:45:00,1.91224,1.91249,1.91207,1.91227
2026-08-05 21:00:00,1.91223,1.91272,1.91199,1.91252
2026-08-05 21:15:00,1.91257,1.91292,1.91245,1.91249
2026-08-05 21:30:00,1.91255,1.91292,1.91197,1.91203
2026-08-05 21:45:00,1.9121,1.91232,1.91172,1.91229
2026-08-05 22:00:00,1.91221,1.91221,1.91108,1.91135
2026-08-05 22:15:00,1.9113,1.91192,1.91091,1.91184
2026-08-05 22:30:00,1.91173,1.91198,1.9112,1.91177
2026-08-05 22:45:00,1.91157,1.91162,1.91092,1.91137
2026-08-05 23:00:00,1.91133,1.91163,1.91088,1.91123
2026-08-05 23:15:00,1.91116,1.91138,1.91085,1.91111
2026-08-05 23:30:00,1.91118,1.91185,1.91029,1.9104
2026-08-05 23:45:00,1.91058,1.91058,1.90872,1.9091
2026-08-06 00:00:00,1.90896,1.90956,1.90795,1.90919
2026-08-06 00:15:00,1.90906,1.90991,1.90875,1.90927
2026-08-06 00:30:00,1.9094,1.90966,1.90866,1.90872
2026-08-06 00:45:00,1.90882,1.91016,1.90841,1.90969
2026-08-06 01:00:00,1.90981,1.91001,1.90849,1.90855
2026-08-06 01:15:00,1.90862,1.90937,1.90859,1.90907
2026-08-06 01:30:00,1.90888,1.90932,1.90864,1.90885
2026-08-06 01:45:00,1.90888,1.90966,1.90851,1.9095
2026-08-06 02:00:00,1.90947,1.90962,1.90914,1.90958
2026-08-06 02:15:00,1.90954,1.90954,1.90901,1.90922
2026-08-06 02:30:00,1.90919,1.90923,1.90886,1.90902
2026-08-06 02:45:00,1.90897,1.90919,1.90874,1.90878
2026-08-06 03:00:00,1.9088,1.90885,1.90827,1.90859
2026-08-06 03:15:00,1.90855,1.9091,1.90844,1.90907
2026-08-06 03:30:00,1.90901,1.90918,1.90868,1.90874
2026-08-06 03:45:00,1.90876,1.90885,1.90756,1.90776
2026-08-06 04:00:00,1.90773,1.90776,1.90738,1.9075
2026-08-06 04:15:00,1.90745,1.90767,1.9073,1.90758
2026-08-06 04:30:00,1.90752,1.90798,1.9075,1.90772
2026-08-06 04:45:00,1.90766,1.90775,1.90733,1.90762
2026-08-06 05:00:00,1.90751,1.90773,1.90732,1.90755
2026-08-06 05:15:00,1.9075,1.90777,1.90743,1.90775
2026-08-06 05:30:00,1.90768,1.90782,1.9075,1.90772
2026-08-06 05:45:00,1.90774,1.90829,1.90761,1.90824
2026-08-06 06:00:00,1.90816,1.90869,1.90812,1.90845
2026-08-06 06:15:00,1.90839,1.90839,1.90807,1.90812
2026-08-06 06:30:00,1.90821,1.90827,1.90795,1.90813
2026-08-06 06:45:00,1.90809,1.90851,1.90803,1.90849
2026-08-06 07:00:00,1.90844,1.90929,1.90803,1.90886
2026-08-06 07:15:00,1.90868,1.90878,1.90739,1.90816
2026-08-06 07:30:00,1.90813,1.90902,1.90789,1.90888
2026-08-06 07:45:00,1.90867,1.90933,1.90867,1.90909
2026-08-06 08:00:00,1.90905,1.90914,1.90805,1.90825
2026-08-06 08:15:00,1.90821,1.90848,1.9082,1.90844
2026-08-06 08:30:00,1.9084,1.9085,1.90797,1.90801
2026-08-06 08:45:00,1.908,1.90826,1.90784,1.90806
2026-08-06 09:00:00,1.90806,1.90852,1.90789,1.90833
2026-08-06 09:15:00,1.90838,1.9086,1.90815,1.90824
2026-08-06 09:30:00,1.9082,1.90866,1.90802,1.90837
2026-08-06 09:45:00,1.90841,1.90877,1.9082,1.9087
2026-08-06 10:00:00,1.90866,1.90888,1.90781,1.90828
2026-08-06 10:15:00,1.9083,1.90886,1.90802,1.90883
2026-08-06 10:30:00,1.90872,1.90888,1.90805,1.90823
2026-08-06 10:45:00,1.90818,1.90839,1.90788,1.908
2026-08-06 11:00:00,1.90812,1.90866,1.90778,1.90865
2026-08-06 11:15:00,1.90861,1.90927,1.9082,1.90919
2026-08-06 11:30:00,1.90898,1.90921,1.90835,1.90864
2026-08-06 11:45:00,1.9085,1.90881,1.90821,1.90853
2026-08-06 12:00:00,1.90857,1.90882,1.90803,1.90874
2026-08-06 12:15:00,1.90858,1.9092,1.90858,1.90883
2026-08-06 12:30:00,1.90887,1.90895,1.90836,1.9084
2026-08-06 12:45:00,1.90843,1.90869,1.9082,1.90847
2026-08-06 13:00:00,1.90852,1.90921,1.90849,1.90908
2026-08-06 13:15:00,1.9091,1.90981,1.90907,1.90979
2026-08-06 13:30:00,1.90973,1.90993,1.90952,1.9099
2026-08-06 13:45:00,1.90984,1.91025,1.90982,1.91007
2026-08-06 14:00:00,1.91008,1.9103,1.90986,1.90998
2026-08-06 14:15:00,1.91008,1.91046,1.91008,1.91039
2026-08-06 14:30:00,1.91035,1.91078,1.91016,1.91056
2026-08-06 14:45:00,1.91051,1.91051,1.90987,1.91002
2026-08-06 15:00:00,1.90999,1.91044,1.90972,1.91036
2026-08-06 15:15:00,1.91025,1.91051,1.91014,1.91032
2026-08-06 15:30:00,1.91029,1.91088,1.91,1.91029
2026-08-06 15:45:00,1.91024,1.91047,1.91,1.91029
2026-08-06 16:00:00,1.91026,1.91123,1.91016,1.911
2026-08-06 16:15:00,1.91108,1.91142,1.91098,1.91141
2026-08-06 16:30:00,1.91138,1.91176,1.91115,1.9113
2026-08-06 16:45:00,1.91136,1.91169,1.911,1.9115
2026-08-06 17:00:00,1.91149,1.91157,1.91057,1.9111
2026-08-06 17:15:00,1.911,1.91145,1.91093,1.91114
2026-08-06 17:30:00,1.91123,1.91218,1.91123,1.91215
2026-08-06 17:45:00,1.91208,1.91266,1.91203,1.91244
2026-08-06 18:00:00,1.91249,1.91273,1.91238,1.91268
2026-08-06 18:15:00,1.91263,1.91278,1.91227,1.91268
2026-08-06 18:30:00,1.91263,1.91266,1.91175,1.91203
2026-08-06 18:45:00,1.9119,1.91228,1.91113,1.91134
2026-08-06 19:00:00,1.91128,1.91201,1.91128,1.91154
2026-08-06 19:15:00,1.91163,1.91187,1.91149,1.91184
2026-08-06 19:30:00,1.91178,1.91178,1.91098,1.91116
2026-08-06 19:45:00,1.91113,1.91128,1.91066,1.91088
2026-08-06 20:00:00,1.91081,1.91147,1.91077,1.91145
2026-08-06 20:15:00,1.91139,1.91164,1.91117,1.91145
2026-08-06 20:30:00,1.91139,1.91158,1.91119,1.91157
2026-08-06 20:45:00,1.91155,1.91165,1.91116,1.91161
2026-08-06 21:00:00,1.91157,1.91239,1.91137,1.912
2026-08-06 21:15:00,1.91194,1.91258,1.9119,1.91237
2026-08-06 21:30:00,1.91238,1.91293,1.91223,1.91258
2026-08-06 21:45:00,1.91256,1.91284,1.91227,1.91239
2026-08-06 22:00:00,1.91235,1.9126,1.9118,1.91201
2026-08-06 22:15:00,1.91212,1.91276,1.91202,1.91244
2026-08-06 22:30:00,1.91254,1.91323,1.91248,1.913
2026-08-06 22:45:00,1.91309,1.91378,1.91285,1.91376
2026-08-06 23:00:00,1.91368,1.91455,1.91342,1.91424
2026-08-06 23:15:00,1.91429,1.91461,1.91408,1.91427
2026-08-06 23:30:00,1.91434,1.91497,1.91392,1.91429
2026-08-06 23:45:00,1.91427,1.91428,1.91343,1.91422
2026-08-07 00:00:00,1.91415,1.91446,1.91329,1.91335
2026-08-07 00:15:00,1.91343,1.91348,1.91291,1.91319
2026-08-07 00:30:00,1.91322,1.91392,1.91273,1.9133
2026-08-07 00:45:00,1.91316,1.91351,1.91235,1.91242
2026-08-07 01:00:00,1.91252,1.91264,1.91193,1.91239
2026-08-07 01:15:00,1.91229,1.91321,1.91208,1.91259
2026-08-07 01:30:00,1.91245,1.91335,1.91234,1.91332
2026-08-07 01:45:00,1.91327,1.91451,1.91288,1.91408
2026-08-07 02:00:00,1.91415,1.91486,1.91401,1.91462
2026-08-07 02:15:00,1.91471,1.91529,1.91447,1.91458
2026-08-07 02:30:00,1.91465,1.91473,1.91385,1.91397
2026-08-07 02:45:00,1.91412,1.91441,1.91372,1.91385
2026-08-07 03:00:00,1.91382,1.91407,1.91342,1.91383
2026-08-07 03:15:00,1.91386,1.914,1.91332,1.91371
2026-08-07 03:30:00,1.91366,1.91375,1.91318,1.91352
2026-08-07 03:45:00,1.91347,1.91347,1.91309,1.91326
2026-08-07 04:00:00,1.91319,1.91346,1.913,1.91318
2026-08-07 04:15:00,1.91316,1.91316,1.91283,1.91299
2026-08-07 04:30:00,1.91297,1.91328,1.91295,1.91298
2026-08-07 04:45:00,1.91302,1.9135,1.91274,1.9134
2026-08-07 05:00:00,1.91339,1.91339,1.91282,1.91285
2026-08-07 05:15:00,1.91286,1.91349,1.91271,1.91287
2026-08-07 05:30:00,1.91291,1.91326,1.91285,1.91317
2026-08-07 05:45:00,1.91319,1.91344,1.9127,1.91317
2026-08-07 06:00:00,1.91312,1.91318,1.91283,1.91304
2026-08-07 06:15:00,1.913,1.91309,1.91275,1.91293
2026-08-07 06:30:00,1.91291,1.9133,1.91279,1.91328
2026-08-07 06:45:00,1.91324,1.91343,1.91305,1.91315
2026-08-07 07:00:00,1.91322,1.91394,1.9131,1.91321
2026-08-07 07:15:00,1.91329,1.91348,1.91194,1.91339
2026-08-07 07:30:00,1.91326,1.91436,1.91326,1.91333
2026-08-07 07:45:00,1.91344,1.91433,1.91299,1.91321
2026-08-07 08:00:00,1.91371,1.91484,1.91308,1.91312
2026-08-07 08:15:00,1.91314,1.91343,1.91306,1.91332
2026-08-07 08:30:00,1.91328,1.91339,1.91316,1.91325
2026-08-07 08:45:00,1.91326,1.91356,1.9132,1.91343
2026-08-07 09:00:00,1.91346,1.91361,1.91332,1.91344
2026-08-07 09:15:00,1.91341,1.91363,1.91341,1.91358
2026-08-07 09:30:00,1.91354,1.9136,1.91305,1.91308
2026-08-07 09:45:00,1.91313,1.91329,1.91285,1.91294
2026-08-07 10:00:00,1.91298,1.91359,1.91294,1.91356
2026-08-07 10:15:00,1.91348,1.91411,1.91332,1.91378
2026-08-07 10:30:00,1.91374,1.91389,1.91343,1.91383
2026-08-07 10:45:00,1.91382,1.91409,1.9135,1.91377
2026-08-07 11:00:00,1.91383,1.91405,1.91305,1.91338
2026-08-07 11:15:00,1.91324,1.91412,1.91324,1.91374
2026-08-07 11:30:00,1.91376,1.91463,1.91365,1.91399
2026-08-07 11:45:00,1.9141,1.91425,1.91383,1.91386
2026-08-07 12:00:00,1.91392,1.91464,1.91383,1.91443
2026-08-07 12:15:00,1.91444,1.91492,1.91439,1.9149
2026-08-07 12:30:00,1.91486,1.91536,1.91476,1.91527
2026-08-07 12:45:00,1.91523,1.91538,1.91444,1.91517
2026-08-07 13:00:00,1.91512,1.9152,1.91477,1.91508
2026-08-07 13:15:00,1.91501,1.91532,1.91494,1.91511
2026-08-07 13:30:00,1.91501,1.91528,1.91475,1.91507
2026-08-07 13:45:00,1.91497,1.91513,1.91482,1.91495
2026-08-07 14:00:00,1.91496,1.91521,1.91465,1.91486
2026-08-07 14:15:00,1.91476,1.9149,1.91432,1.91455
2026-08-07 14:30:00,1.91463,1.9149,1.91408,1.91484
2026-08-07 14:45:00,1.9148,1.91484,1.91456,1.91466
2026-08-07 15:00:00,1.91467,1.91476,1.91441,1.91453
2026-08-07 15:15:00,1.91457,1.91487,1.9145,1.91475
2026-08-07 15:30:00,1.91473,1.91473,1.91406,1.91426
2026-08-07 15:45:00,1.91422,1.91431,1.9136,1.91395
2026-08-07 16:00:00,1.9139,1.91444,1.91377,1.91419
2026-08-07 16:15:00,1.91413,1.91423,1.91368,1.9137
2026-08-07 16:30:00,1.91373,1.91375,1.91284,1.91311
2026-08-07 16:45:00,1.91305,1.91342,1.91272,1.91275
2026-08-07 17:00:00,1.91279,1.91303,1.91174,1.9118
2026-08-07 17:15:00,1.91185,1.91244,1.91163,1.91189
2026-08-07 17:30:00,1.91193,1.9121,1.91151,1.91179
2026-08-07 17:45:00,1.91171,1.91194,1.91139,1.91164
2026-08-07 18:00:00,1.91161,1.91168,1.911,1.91101
2026-08-07 18:15:00,1.91103,1.91132,1.91078,1.9113
2026-08-07 18:30:00,1.91126,1.91155,1.91092,1.91101
2026-08-07 18:45:00,1.91112,1.91112,1.91021,1.91072
2026-08-07 19:00:00,1.91065,1.91065,1.90966,1.91005
2026-08-07 19:15:00,1.91018,1.91026,1.90943,1.90987
2026-08-07 19:30:00,1.90984,1.90984,1.90888,1.90892
2026-08-07 19:45:00,1.90897,1.90936,1.90853,1.90934
2026-08-07 20:00:00,1.90928,1.9093,1.9087,1.90915
2026-08-07 20:15:00,1.90912,1.90942,1.90884,1.90919
2026-08-07 20:30:00,1.90927,1.90959,1.90917,1.90925
2026-08-07 20:45:00,1.90931,1.90995,1.90913,1.90972
2026-08-07 21:00:00,1.90968,1.91019,1.90949,1.91018
2026-08-07 21:15:00,1.91015,1.91045,1.90998,1.9101
2026-08-07 21:30:00,1.91007,1.91026,1.90979,1.90998
2026-08-07 21:45:00,1.90995,1.91022,1.90974,1.91014
2026-08-07 22:00:00,1.91005,1.91048,1.90984,1.90988
2026-08-07 22:15:00,1.90994,1.91068,1.90982,1.91056
2026-08-07 22:30:00,1.91058,1.91355,1.90681,1.90854
2026-08-07 22:45:00,1.90827,1.91001,1.90823,1.90996
2026-08-07 23:00:00,1.90979,1.91038,1.90959,1.9101
2026-08-07 23:15:00,1.90997,1.91148,1.90992,1.91103
2026-08-07 23:30:00,1.91119,1.91159,1.91018,1.91044
2026-08-07 23:45:00,1.91053,1.91086,1.90976,1.91078
2026-08-08 00:00:00,1.91061,1.91135,1.9099,1.91116
2026-08-08 00:15:00,1.91111,1.91129,1.90961,1.90963
2026-08-08 00:30:00,1.90967,1.91066,1.90928,1.91053
2026-08-08 00:45:00,1.91031,1.91081,1.90996,1.91044
2026-08-08 01:00:00,1.91026,1.91103,1.91026,1.91085
2026-08-08 01:15:00,1.91077,1.91119,1.91048,1.91068
2026-08-08 01:30:00,1.91076,1.91126,1.91051,1.91122
2026-08-08 01:45:00,1.91116,1.9113,1.91059,1.91103
2026-08-08 02:00:00,1.91097,1.911,1.90999,1.91004
2026-08-08 02:15:00,1.9101,1.91118,1.9098,1.91083
2026-08-08 02:30:00,1.91086,1.91097,1.91019,1.91023
2026-08-08 02:45:00,1.91034,1.91057,1.91009,1.9104
2026-08-08 03:00:00,1.91032,1.91042,1.90952,1.91005
2026-08-08 03:15:00,1.91,1.91028,1.9096,1.90983
2026-08-08 03:30:00,1.90979,1.91009,1.90946,1.9095
2026-08-08 03:45:00,1.90953,1.90992,1.90946,1.90972
2026-08-08 04:00:00,1.90968,1.90999,1.90941,1.9097
2026-08-08 04:15:00,1.90966,1.90982,1.90953,1.9098
2026-08-08 04:30:00,1.90974,1.91009,1.90974,1.91005
2026-08-08 04:45:00,1.91,1.91005,1.90966,1.9097
2026-08-08 05:00:00,1.90972,1.90989,1.90907,1.90913
2026-08-08 05:15:00,1.90913,1.90945,1.90868,1.90871
2026-08-08 05:30:00,1.90875,1.90885,1.90849,1.90873
2026-08-08 05:45:00,1.90876,1.90927,1.9086,1.90922
2026-08-08 06:00:00,1.90919,1.90967,1.90905,1.90936
2026-08-08 06:15:00,1.90941,1.90948,1.90911,1.90939
2026-08-08 06:30:00,1.90936,1.90972,1.90933,1.90937
2026-08-08 06:45:00,1.90942,1.90972,1.90904,1.90935
2026-08-08 07:00:00,1.90929,1.90937,1.90818,1.90899
2026-08-08 07:15:00,1.90893,1.90906,1.90873,1.90894
2026-08-08 07:30:00,1.90893,1.90911,1.9086,1.90896
2026-08-08 07:45:00,1.90893,1.90911,1.90874,1.90891
2026-08-08 08:00:00,1.90894,1.91138,1.90787,1.90897
2026-08-08 08:15:00,1.90894,1.90902,1.9089,1.90897
2026-08-08 08:30:00,1.90893,1.90902,1.90891,1.90892
2026-08-08 08:45:00,1.90892,1.90901,1.90889,1.9089
2026-08-08 09:00:00,1.90892,1.91027,1.9084,1.90892
2026-08-08 09:15:00,1.90889,1.90898,1.90885,1.90894
2026-08-08 09:30:00,1.9089,1.90898,1.90886,1.9089
2026-08-08 09:45:00,1.90889,1.90899,1.90885,1.90894
2026-08-08 10:00:00,1.9089,1.90919,1.90888,1.90915
2026-08-08 10:15:00,1.90913,1.90921,1.90909,1.90916
2026-08-08 10:30:00,1.90912,1.9092,1.90908,1.90914
2026-08-08 10:45:00,1.90913,1.90921,1.90909,1.9091
2026-08-08 11:00:00,1.90911,1.90988,1.90674,1.90889
2026-08-08 11:15:00,1.90868,1.90937,1.90747,1.90791
2026-08-08 11:30:00,1.90798,1.90958,1.90752,1.909
2026-08-08 11:45:00,1.90877,1.90906,1.90759,1.90776
2026-08-08 12:00:00,1.90821,1.90933,1.90746,1.9089
2026-08-08 12:15:00,1.90866,1.90934,1.90747,1.90795
2026-08-08 12:30:00,1.90799,1.90937,1.90714,1.90905
2026-08-08 12:45:00,1.90877,1.909,1.90774,1.90787
2026-08-08 13:00:00,1.90821,1.9102,1.9057,1.90766
2026-08-08 13:15:00,1.9073,1.90963,1.9061,1.90795
2026-08-08 13:30:00,1.90802,1.90936,1.90743,1.90912
2026-08-08 13:45:00,1.9088,1.909,1.9076,1.90793
2026-08-08 14:00:00,1.90817,1.90933,1.90743,1.9089
2026-08-08 14:15:00,1.90861,1.90934,1.90742,1.90795
2026-08-08 14:30:00,1.90804,1.90936,1.90744,1.90915
2026-08-08 14:45:00,1.90882,1.90919,1.90752,1.90794
2026-08-08 15:00:00,1.90815,1.90952,1.90751,1.90886
2026-08-08 15:15:00,1.90859,1.90927,1.90554,1.90633
2026-08-08 15:30:00,1.9066,1.90937,1.90612,1.90916
2026-08-08 15:45:00,1.90883,1.90928,1.90747,1.90792
2026-08-08 16:00:00,1.90811,1.90934,1.90743,1.90888
2026-08-08 16:15:00,1.90859,1.90934,1.90744,1.90793
2026-08-08 16:30:00,1.90811,1.90943,1.90782,1.90921
2026-08-08 16:45:00,1.9089,1.90937,1.90749,1.90792
2026-08-08 17:00:00,1.90808,1.90935,1.9061,1.90781
2026-08-08 17:15:00,1.90733,1.90944,1.90403,1.90909
2026-08-08 17:30:00,1.90906,1.90914,1.90903,1.9091
2026-08-08 17:45:00,1.90906,1.90915,1.90902,1.90908
2026-08-08 18:00:00,1.90906,1.90913,1.90898,1.90904
2026-08-08 18:15:00,1.90905,1.90931,1.909,1.90904
2026-08-08 18:30:00,1.90905,1.90913,1.90902,1.90909
2026-08-08 18:45:00,1.90905,1.90915,1.90901,1.90907
2026-08-08 19:00:00,1.90904,1.90914,1.90902,1.90903
2026-08-08 19:15:00,1.90905,1.90914,1.90901,1.90904
2026-08-08 19:30:00,1.90904,1.90914,1.90902,1.90908
2026-08-08 19:45:00,1.90905,1.90914,1.90901,1.90909
2026-08-08 20:00:00,1.90905,1.90932,1.90897,1.90905
2026-08-08 20:15:00,1.90905,1.90916,1.90903,1.90904
2026-08-08 20:30:00,1.90906,1.90915,1.90903,1.90908
2026-08-08 20:45:00,1.90905,1.90914,1.90902,1.90909
2026-08-08 21:00:00,1.90905,1.90915,1.90903,1.90909
2026-08-08 21:15:00,1.90907,1.90916,1.90904,1.90905
2026-08-08 21:30:00,1.90906,1.90947,1.90878,1.90942
2026-08-08 21:45:00,1.90933,1.90933,1.90903,1.90908
2026-08-08 22:00:00,1.90904,1.90915,1.90902,1.90908
2026-08-08 22:15:00,1.90907,1.90914,1.90901,1.90903
2026-08-08 22:30:00,1.90904,1.90913,1.90901,1.90909
2026-08-08 22:45:00,1.90905,1.90914,1.909,1.9091
2026-08-08 23:00:00,1.90906,1.90915,1.90901,1.90906
2026-08-08 23:15:00,1.90904,1.90954,1.90875,1.90903
2026-08-08 23:30:00,1.90904,1.90913,1.90901,1.90903
2026-08-08 23:45:00,1.90904,1.90914,1.90901,1.90909
2026-08-09 00:00:00,1.90905,1.90915,1.90901,1.9091
2026-08-09 00:15:00,1.90907,1.90913,1.90901,1.90903
2026-08-09 00:30:00,1.90904,1.90913,1.90902,1.90904
2026-08-09 00:45:00,1.90905,1.90913,1.90901,1.90907
2026-08-09 01:00:00,1.90903,1.9122,1.90396,1.90908
2026-08-09 01:15:00,1.90905,1.90915,1.90902,1.9091
2026-08-09 01:30:00,1.90907,1.90913,1.90898,1.90899
2026-08-09 01:45:00,1.90901,1.90928,1.90338,1.90796
2026-08-09 02:00:00,1.90711,1.90927,1.90711,1.9091
2026-08-09 02:15:00,1.90907,1.90915,1.90903,1.90905
2026-08-09 02:30:00,1.90905,1.90942,1.9087,1.90928
2026-08-09 02:45:00,1.90909,1.90954,1.90667,1.90907
2026-08-09 03:00:00,1.90905,1.90928,1.90901,1.90909
2026-08-09 03:15:00,1.90905,1.90913,1.90902,1.90904
2026-08-09 03:30:00,1.90904,1.90915,1.90902,1.90903
2026-08-09 03:45:00,1.90905,1.90913,1.90901,1.9091
2026-08-09 04:00:00,1.90905,1.90934,1.90901,1.90909
2026-08-09 04:15:00,1.90904,1.90954,1.90863,1.90906
2026-08-09 04:30:00,1.90904,1.90913,1.90902,1.90903
2026-08-09 04:45:00,1.90904,1.90913,1.90901,1.90908
2026-08-09 05:00:00,1.90904,1.90936,1.90902,1.90909
2026-08-09 05:15:00,1.90904,1.90913,1.90901,1.90907
2026-08-09 05:30:00,1.90904,1.90913,1.90902,1.90902
2026-08-09 05:45:00,1.90904,1.90912,1.90901,1.90908
2026-08-09 06:00:00,1.90903,1.90958,1.9088,1.90907
2026-08-09 06:15:00,1.90903,1.90914,1.90901,1.90909
2026-08-09 06:30:00,1.90906,1.90914,1.90901,1.90905
2026-08-09 06:45:00,1.90906,1.90915,1.90902,1.90905
2026-08-09 07:00:00,1.90905,1.90932,1.909,1.90909
2026-08-09 07:15:00,1.90905,1.90916,1.90902,1.90909
2026-08-09 07:30:00,1.90905,1.90914,1.90903,1.90905
2026-08-09 07:45:00,1.90905,1.90931,1.90902,1.90906
2026-08-09 08:00:00,1.90907,1.9093,1.90899,1.90908
2026-08-09 08:15:00,1.90905,1.90914,1.90902,1.9091
2026-08-09 08:30:00,1.90906,1.90915,1.90902,1.90906
2026-08-09 08:45:00,1.90905,1.90914,1.909,1.90905
2026-08-09 09:00:00,1.90906,1.90928,1.90903,1.90908
2026-08-09 09:15:00,1.90905,1.90939,1.90901,1.9092
2026-08-09 09:30:00,1.90916,1.90924,1.90907,1.90911
2026-08-09 09:45:00,1.90909,1.90917,1.90906,1.90907
2026-08-09 10:00:00,1.90908,1.90918,1.90906,1.90913
2026-08-09 10:15:00,1.90909,1.90919,1.90908,1.90915
2026-08-09 10:30:00,1.90911,1.90919,1.90907,1.90912
2026-08-09 10:45:00,1.9091,1.90919,1.90907,1.90909
2026-08-09 11:00:00,1.9091,1.90947,1.90901,1.90938
2026-08-09 11:15:00,1.90934,1.90943,1.90931,1.90938
2026-08-09 11:30:00,1.90934,1.90937,1.90926,1.90931
2026-08-09 11:45:00,1.90929,1.90937,1.90911,1.90912
2026-08-09 12:00:00,1.90914,1.90923,1.90904,1.90908
2026-08-09 12:15:00,1.90908,1.90913,1.909,1.90908
2026-08-09 12:30:00,1.90905,1.90913,1.90892,1.90897
2026-08-09 12:45:00,1.90894,1.90935,1.90876,1.90892
2026-08-09 13:00:00,1.90894,1.90905,1.90892,1.90896
2026-08-09 13:15:00,1.90897,1.90904,1.90892,1.90897
2026-08-09 13:30:00,1.90894,1.90903,1.90891,1.90898
2026-08-09 13:45:00,1.90895,1.90904,1.90892,1.90894
2026-08-09 14:00:00,1.90894,1.90906,1.90892,1.90894
2026-08-09 14:15:00,1.90895,1.9094,1.90891,1.90929
2026-08-09 14:30:00,1.90927,1.90927,1.90903,1.9091
2026-08-09 14:45:00,1.90906,1.90915,1.90904,1.90907
2026-08-09 15:00:00,1.90907,1.90915,1.90904,1.90905
2026-08-09 15:15:00,1.90907,1.90916,1.90904,1.9091
2026-08-09 15:30:00,1.90907,1.90916,1.90904,1.90912
2026-08-09 15:45:00,1.90907,1.90916,1.90905,1.90909
2026-08-09 16:00:00,1.90907,1.9093,1.90899,1.90899
2026-08-09 16:15:00,1.90901,1.9091,1.90898,1.90903
2026-08-09 16:30:00,1.909,1.90909,1.90898,1.90906
2026-08-09 16:45:00,1.90902,1.9091,1.90898,1.90902
2026-08-09 17:00:00,1.909,1.9091,1.90898,1.90901
2026-08-09 17:15:00,1.90902,1.90916,1.909,1.90914
2026-08-09 17:30:00,1.90909,1.90913,1.909,1.9091
2026-08-09 17:45:00,1.90906,1.90931,1.90901,1.90912
2026-08-09 18:00:00,1.90909,1.90918,1.90902,1.90902
2026-08-09 18:15:00,1.90903,1.90918,1.90901,1.90909
2026-08-09 18:30:00,1.9091,1.90919,1.90903,1.90915
2026-08-09 18:45:00,1.90911,1.90919,1.90906,1.90913
2026-08-09 19:00:00,1.90909,1.90917,1.90905,1.90908
2026-08-09 19:15:00,1.90909,1.90918,1.90905,1.90907
2026-08-09 19:30:00,1.90908,1.90917,1.90905,1.90911
2026-08-09 19:45:00,1.90908,1.90915,1.90904,1.9091
2026-08-09 20:00:00,1.90906,1.90915,1.90903,1.90906
2026-08-09 20:15:00,1.90906,1.90915,1.90903,1.90905
2026-08-09 20:30:00,1.90906,1.90915,1.909,1.9091
2026-08-09 20:45:00,1.90907,1.90917,1.90905,1.90913
2026-08-09 21:00:00,1.90909,1.90917,1.90906,1.90911
2026-08-09 21:15:00,1.90909,1.90917,1.90901,1.90903
2026-08-09 21:30:00,1.90904,1.91102,1.90886,1.90945
2026-08-09 21:45:00,1.90942,1.90949,1.90872,1.9088
2026-08-09 22:00:00,1.90877,1.90914,1.90814,1.90818
2026-08-09 22:15:00,1.90816,1.90823,1.90811,1.90812
2026-08-09 22:30:00,1.90814,1.9084,1.9076,1.90766
2026-08-09 22:45:00,1.90762,1.90811,1.90732,1.90737
2026-08-09 23:00:00,1.90743,1.90743,1.90722,1.90728
2026-08-09 23:15:00,1.90725,1.91109,1.9071,1.91027
2026-08-09 23:30:00,1.91029,1.91037,1.91026,1.91029
2026-08-09 23:45:00,1.91029,1.91031,1.90967,1.91003
2026-08-10 00:00:00,1.90999,1.91086,1.90446,1.90574
2026-08-10 00:15:00,1.9058,1.90595,1.90414,1.9045
2026-08-10 00:30:00,1.90451,1.90556,1.90447,1.90484
2026-08-10 00:45:00,1.90484,1.90484,1.90375,1.90416
2026-08-10 01:00:00,1.90413,1.90959,1.90319,1.90892
2026-08-10 01:15:00,1.90888,1.90927,1.90818,1.90848
2026-08-10 01:30:00,1.90853,1.90853,1.90818,1.9082
2026-08-10 01:45:00,1.90821,1.90857,1.9077,1.90774
2026-08-10 02:00:00,1.90771,1.90962,1.90528,1.90617
2026-08-10 02:15:00,1.90612,1.90674,1.90575,1.90664
2026-08-10 02:30:00,1.90646,1.90859,1.90494,1.90805
2026-08-10 02:45:00,1.90797,1.9081,1.90621,1.90623
2026-08-10 03:00:00,1.90625,1.90977,1.90599,1.90854
2026-08-10 03:15:00,1.9085,1.90883,1.90833,1.90881
2026-08-10 03:30:00,1.90875,1.90915,1.90818,1.90818
2026-08-10 03:45:00,1.9082,1.90876,1.90801,1.9082
2026-08-10 04:00:00,1.90825,1.90883,1.90744,1.9087
2026-08-10 04:15:00,1.9085,1.9094,1.90731,1.9077
2026-08-10 04:30:00,1.90782,1.90952,1.90751,1.90859
2026-08-10 04:45:00,1.90839,1.90937,1.90737,1.90768
2026-08-10 05:00:00,1.90797,1.91065,1.90783,1.909
2026-08-10 05:15:00,1.90959,1.91026,1.90716,1.90897
2026-08-10 05:30:00,1.90901,1.91081,1.90836,1.91042
2026-08-10 05:45:00,1.9099,1.91175,1.90675,1.90908
2026-08-10 06:00:00,1.90894,1.90992,1.9081,1.90936
2026-08-10 06:15:00,1.90937,1.91004,1.90914,1.90934
2026-08-10 06:30:00,1.90941,1.90989,1.90936,1.90976
2026-08-10 06:45:00,1.9097,1.91069,1.90921,1.90976
2026-08-10 07:00:00,1.90983,1.91079,1.90917,1.91076
2026-08-10 07:15:00,1.91071,1.91074,1.90949,1.91072
2026-08-10 07:30:00,1.91064,1.91125,1.90946,1.90965
2026-08-10 07:45:00,1.90978,1.91035,1.9084,1.90876
2026-08-10 08:00:00,1.90862,1.9094,1.90858,1.90879
2026-08-10 08:15:00,1.90872,1.90925,1.90866,1.90872
2026-08-10 08:30:00,1.90879,1.9091,1.90861,1.90907
2026-08-10 08:45:00,1.909,1.9093,1.909,1.90921
2026-08-10 09:00:00,1.90922,1.90944,1.90908,1.90929
2026-08-10 09:15:00,1.90927,1.90948,1.90913,1.90927
2026-08-10 09:30:00,1.90923,1.90955,1.90908,1.90951
2026-08-10 09:45:00,1.90949,1.91007,1.90938,1.91003
2026-08-10 10:00:00,1.90997,1.91009,1.90859,1.90866
2026-08-10 10:15:00,1.90879,1.90942,1.90838,1.90934
2026-08-10 10:30:00,1.90927,1.91005,1.90914,1.91
2026-08-10 10:45:00,1.90998,1.9105,1.90962,1.91025
2026-08-10 11:00:00,1.9103,1.91079,1.90998,1.91001
2026-08-10 11:15:00,1.91006,1.91017,1.90929,1.90935
2026-08-10 11:30:00,1.90939,1.91002,1.90925,1.90974
2026-08-10 11:45:00,1.90969,1.90993,1.90946,1.90956
2026-08-10 12:00:00,1.9096,1.9097,1.90911,1.90943
2026-08-10 12:15:00,1.90937,1.90971,1.90936,1.9095
2026-08-10 12:30:00,1.90956,1.90995,1.90939,1.90993
2026-08-10 12:45:00,1.90988,1.91003,1.90969,1.90992
2026-08-10 13:00:00,1.90987,1.91061,1.90982,1.91057
2026-08-10 13:15:00,1.91052,1.91057,1.90997,1.91044
2026-08-10 13:30:00,1.91042,1.91048,1.90986,1.90997
2026-08-10 13:45:00,1.90992,1.91043,1.90992,1.91037
2026-08-10 14:00:00,1.91035,1.91087,1.91028,1.91059
2026-08-10 14:15:00,1.91063,1.91101,1.9105,1.91095
2026-08-10 14:30:00,1.91093,1.91093,1.91048,1.9107
2026-08-10 14:45:00,1.91064,1.91064,1.91013,1.91043
2026-08-10 15:00:00,1.91039,1.9104,1.90986,1.91007
2026-08-10 15:15:00,1.90999,1.91018,1.90972,1.91005
2026-08-10 15:30:00,1.90998,1.91006,1.90915,1.90939
2026-08-10 15:45:00,1.90934,1.90945,1.90895,1.90898
2026-08-10 16:00:00,1.90899,1.90968,1.90888,1.90959
2026-08-10 16:15:00,1.90948,1.90984,1.90908,1.90913
2026-08-10 16:30:00,1.90917,1.90963,1.9091,1.9096
2026-08-10 16:45:00,1.90952,1.90992,1.90914,1.90967
2026-08-10 17:00:00,1.9097,1.91013,1.90951,1.90989
2026-08-10 17:15:00,1.90996,1.91025,1.9092,1.90943
2026-08-10 17:30:00,1.90948,1.90964,1.90876,1.90963
2026-08-10 17:45:00,1.90958,1.90961,1.9086,1.90866
2026-08-10 18:00:00,1.90874,1.9091,1.90836,1.90894
2026-08-10 18:15:00,1.90898,1.90932,1.90869,1.90871
2026-08-10 18:30:00,1.90877,1.90973,1.90875,1.90968
2026-08-10 18:45:00,1.90954,1.90995,1.90939,1.90992
2026-08-10 19:00:00,1.9098,1.91063,1.9098,1.91037
2026-08-10 19:15:00,1.91039,1.91063,1.91011,1.91012
2026-08-10 19:30:00,1.91014,1.91049,1.90978,1.90983
2026-08-10 19:45:00,1.90989,1.9104,1.90971,1.91038
2026-08-10 20:00:00,1.91032,1.91053,1.90998,1.91051
2026-08-10 20:15:00,1.91046,1.911,1.91031,1.91057
2026-08-10 20:30:00,1.9106,1.91109,1.91044,1.91053
2026-08-10 20:45:00,1.91056,1.91063,1.91002,1.91041
2026-08-10 21:00:00,1.91038,1.91094,1.91019,1.91089
2026-08-10 21:15:00,1.91079,1.91121,1.91075,1.91106
2026-08-10 21:30:00,1.91102,1.91125,1.91081,1.91107
2026-08-10 21:45:00,1.91111,1.91147,1.91111,1.91136
2026-08-10 22:00:00,1.91131,1.91193,1.91127,1.91152
2026-08-10 22:15:00,1.91156,1.91219,1.91142,1.91162
2026-08-10 22:30:00,1.91173,1.91202,1.91152,1.91199
2026-08-10 22:45:00,1.91191,1.91267,1.91173,1.91264
2026-08-10 23:00:00,1.91256,1.913,1.91208,1.91282
2026-08-10 23:15:00,1.91279,1.91403,1.9126,1.91368
2026-08-10 23:30:00,1.91363,1.9142,1.91313,1.91371
2026-08-10 23:45:00,1.91373,1.91416,1.91342,1.91381
2026-08-11 00:00:00,1.91392,1.91451,1.91358,1.9139
2026-08-11 00:15:00,1.91394,1.91421,1.91308,1.91346
2026-08-11 00:30:00,1.91339,1.91446,1.91333,1.91436
2026-08-11 00:45:00,1.91421,1.9153,1.91385,1.91408
2026-08-11 01:00:00,1.91386,1.91453,1.91386,1.91427
2026-08-11 01:15:00,1.91417,1.91438,1.91378,1.91393
2026-08-11 01:30:00,1.91401,1.91498,1.91389,1.91486
2026-08-11 01:45:00,1.91487,1.91519,1.91417,1.91451
2026-08-11 02:00:00,1.91444,1.91466,1.91402,1.91443
2026-08-11 02:15:00,1.91437,1.91439,1.91379,1.91406
2026-08-11 02:30:00,1.91401,1.91466,1.91381,1.91439
2026-08-11 02:45:00,1.91427,1.91447,1.9139,1.914
2026-08-11 03:00:00,1.914,1.91429,1.91385,1.91413
2026-08-11 03:15:00,1.91406,1.91446,1.91381,1.91442
2026-08-11 03:30:00,1.9144,1.91452,1.91402,1.91436
2026-08-11 03:45:00,1.91441,1.91463,1.91422,1.91448
2026-08-11 04:00:00,1.91449,1.91452,1.91428,1.91448
2026-08-11 04:15:00,1.91443,1.91481,1.91431,1.91463
2026-08-11 04:30:00,1.91461,1.91473,1.91416,1.91437
2026-08-11 04:45:00,1.91433,1.91466,1.91426,1.9145
2026-08-11 05:00:00,1.91452,1.91454,1.91414,1.91421
2026-08-11 05:15:00,1.9142,1.91444,1.91417,1.91435
2026-08-11 05:30:00,1.9143,1.91446,1.914,1.91415
2026-08-11 05:45:00,1.91416,1.91481,1.91403,1.91479
2026-08-11 06:00:00,1.91475,1.91511,1.9147,1.91501
2026-08-11 06:15:00,1.91496,1.91511,1.91483,1.91494
2026-08-11 06:30:00,1.91492,1.91506,1.91476,1.9149
2026-08-11 06:45:00,1.91492,1.91505,1.91468,1.9149
2026-08-11 07:00:00,1.91484,1.91503,1.91354,1.91428
2026-08-11 07:15:00,1.9142,1.91529,1.91396,1.91525
2026-08-11 07:30:00,1.9152,1.91528,1.91447,1.91476
2026-08-11 07:45:00,1.91474,1.91493,1.91455,1.91473
2026-08-11 08:00:00,1.91467,1.91492,1.91456,1.9146
2026-08-11 08:15:00,1.91467,1.91471,1.91447,1.91458
2026-08-11 08:30:00,1.91455,1.91461,1.91441,1.91447
2026-08-11 08:45:00,1.91443,1.91462,1.91439,1.9144
2026-08-11 09:00:00,1.91442,1.91457,1.91407,1.91456
2026-08-11 09:15:00,1.91451,1.91461,1.91424,1.91438
2026-08-11 09:30:00,1.91431,1.91468,1.91431,1.91455
2026-08-11 09:45:00,1.91457,1.91529,1.91409,1.91512
2026-08-11 10:00:00,1.91514,1.91526,1.91482,1.91486
2026-08-11 10:15:00,1.91487,1.91513,1.91448,1.91469
2026-08-11 10:30:00,1.91464,1.91502,1.91452,1.91492
2026-08-11 10:45:00,1.91487,1.9151,1.91469,1.91487
2026-08-11 11:00:00,1.91489,1.9156,1.91419,1.91441
2026-08-11 11:15:00,1.91435,1.91444,1.91382,1.91384
2026-08-11 11:30:00,1.91386,1.91416,1.91349,1.914
2026-08-11 11:45:00,1.91395,1.91439,1.91373,1.91404
2026-08-11 12:00:00,1.9141,1.91429,1.91382,1.9141
2026-08-11 12:15:00,1.91405,1.91447,1.91362,1.91425
2026-08-11 12:30:00,1.91419,1.9144,1.91396,1.91417
2026-08-11 12:45:00,1.91414,1.91463,1.91405,1.91452
2026-08-11 13:00:00,1.91444,1.91459,1.91426,1.91434
2026-08-11 13:15:00,1.91441,1.91461,1.91394,1.914
2026-08-11 13:30:00,1.91404,1.9144,1.91404,1.91431
2026-08-11 13:45:00,1.91423,1.91448,1.91418,1.91427
2026-08-11 14:00:00,1.91424,1.91447,1.9141,1.91411
2026-08-11 14:15:00,1.91412,1.91419,1.91371,1.91375
2026-08-11 14:30:00,1.91381,1.91825,1.91333,1.91733
2026-08-11 14:45:00,1.91718,1.91814,1.91661,1.91666
2026-08-11 15:00:00,1.91675,1.91744,1.9165,1.91734
2026-08-11 15:15:00,1.9172,1.91822,1.9172,1.91797
2026-08-11 15:30:00,1.918,1.91819,1.91661,1.91686
2026-08-11 15:45:00,1.91682,1.91691,1.91454,1.91512
2026-08-11 16:00:00,1.91494,1.91544,1.91464,1.91504
2026-08-11 16:15:00,1.91512,1.91535,1.91461,1.91498
2026-08-11 16:30:00,1.91489,1.91529,1.91447,1.91519
2026-08-11 16:45:00,1.91512,1.91527,1.91461,1.91509
2026-08-11 17:00:00,1.91503,1.91537,1.91448,1.91454
2026-08-11 17:15:00,1.91462,1.91479,1.91379,1.91399
2026-08-11 17:30:00,1.91396,1.91443,1.91356,1.91431
2026-08-11 17:45:00,1.91399,1.91532,1.91399,1.91519
2026-08-11 18:00:00,1.91513,1.91518,1.91456,1.91501
2026-08-11 18:15:00,1.91493,1.91502,1.91428,1.9146
2026-08-11 18:30:00,1.91452,1.91519,1.91451,1.91507
2026-08-11 18:45:00,1.91503,1.91518,1.91444,1.91484
2026-08-11 19:00:00,1.91479,1.91502,1.91446,1.91483
2026-08-11 19:15:00,1.91476,1.91476,1.91416,1.91442
2026-08-11 19:30:00,1.91447,1.91461,1.91391,1.91421
2026-08-11 19:45:00,1.91409,1.9145,1.91364,1.91369
2026-08-11 20:00:00,1.91374,1.91374,1.91285,1.91289
2026-08-11 20:15:00,1.91295,1.91304,1.91225,1.91235
2026-08-11 20:30:00,1.91239,1.91278,1.91222,1.91235
2026-08-11 20:45:00,1.91248,1.91248,1.91156,1.91164
2026-08-11 21:00:00,1.91159,1.91194,1.91059,1.91083
2026-08-11 21:15:00,1.91072,1.9113,1.91061,1.91116
2026-08-11 21:30:00,1.9111,1.91162,1.91107,1.91148
2026-08-11 21:45:00,1.9115,1.91165,1.91088,1.91094
2026-08-11 22:00:00,1.91102,1.91123,1.91067,1.91118
2026-08-11 22:15:00,1.91107,1.91159,1.91083,1.91093
2026-08-11 22:30:00,1.91096,1.91109,1.91043,1.9106
2026-08-11 22:45:00,1.91066,1.9111,1.91037,1.91092
2026-08-11 23:00:00,1.91086,1.91122,1.91056,1.91077
2026-08-11 23:15:00,1.91069,1.91095,1.91051,1.91071
2026-08-11 23:30:00,1.91067,1.91094,1.91042,1.91067
2026-08-11 23:45:00,1.91062,1.91108,1.91038,1.91052
2026-08-12 00:00:00,1.91073,1.91086,1.90997,1.91083
2026-08-12 00:15:00,1.91078,1.91083,1.91042,1.91057
2026-08-12 00:30:00,1.9106,1.91129,1.91045,1.91121
2026-08-12 00:45:00,1.91108,1.91223,1.91097,1.91215
2026-08-12 01:00:00,1.91195,1.9133,1.91195,1.91318
2026-08-12 01:15:00,1.91309,1.9136,1.91271,1.91351
2026-08-12 01:30:00,1.91352,1.91401,1.91339,1.91358
2026-08-12 01:45:00,1.91362,1.91395,1.91322,1.9139
2026-08-12 02:00:00,1.91378,1.91406,1.91304,1.91308
2026-08-12 02:15:00,1.91312,1.91313,1.91262,1.91263
2026-08-12 02:30:00,1.91266,1.91289,1.91223,1.91238
2026-08-12 02:45:00,1.91233,1.91298,1.91225,1.91264
2026-08-12 03:00:00,1.91261,1.91261,1.9121,1.91232
2026-08-12 03:15:00,1.91228,1.91269,1.91218,1.91251
2026-08-12 03:30:00,1.91247,1.91268,1.91237,1.91263
2026-08-12 03:45:00,1.91257,1.91285,1.91246,1.91282
2026-08-12 04:00:00,1.91276,1.91282,1.9125,1.91275
2026-08-12 04:15:00,1.9127,1.91332,1.91249,1.9133
2026-08-12 04:30:00,1.91325,1.91355,1.91304,1.91352
2026-08-12 04:45:00,1.91348,1.91361,1.91289,1.91291
2026-08-12 05:00:00,1.91295,1.91326,1.91284,1.91286
2026-08-12 05:15:00,1.91287,1.913,1.91274,1.91287
2026-08-12 05:30:00,1.91285,1.91287,1.91252,1.9128
2026-08-12 05:45:00,1.91275,1.91319,1.91268,1.91314
2026-08-12 06:00:00,1.91306,1.91324,1.91262,1.91277
2026-08-12 06:15:00,1.91273,1.91287,1.91255,1.91266
2026-08-12 06:30:00,1.91263,1.9127,1.91233,1.91253
2026-08-12 06:45:00,1.91257,1.91307,1.9125,1.91281
2026-08-12 07:00:00,1.91275,1.91356,1.91227,1.91352
2026-08-12 07:15:00,1.91344,1.91349,1.91238,1.9127
2026-08-12 07:30:00,1.91266,1.91304,1.9125,1.9129
2026-08-12 07:45:00,1.91266,1.91344,1.91266,1.91326
2026-08-12 08:00:00,1.91331,1.91377,1.91262,1.91309
2026-08-12 08:15:00,1.91303,1.91314,1.91279,1.9129
2026-08-12 08:30:00,1.91285,1.91292,1.91249,1.91263
2026-08-12 08:45:00,1.91264,1.91276,1.91239,1.91242
2026-08-12 09:00:00,1.9125,1.9128,1.91227,1.91244
2026-08-12 09:15:00,1.91247,1.91251,1.91222,1.91249
2026-08-12 09:30:00,1.91243,1.91247,1.91216,1.9124
2026-08-12 09:45:00,1.91238,1.9127,1.91214,1.91265
2026-08-12 10:00:00,1.91259,1.91288,1.91198,1.91237
2026-08-12 10:15:00,1.91235,1.91236,1.91161,1.91177
2026-08-12 10:30:00,1.91172,1.91191,1.91138,1.91167
2026-08-12 10:45:00,1.9116,1.91234,1.9116,1.91212
2026-08-12 11:00:00,1.91209,1.91228,1.91178,1.9118
2026-08-12 11:15:00,1.91186,1.91256,1.91171,1.91215
2026-08-12 11:30:00,1.91217,1.9126,1.91217,1.91251
2026-08-12 11:45:00,1.91248,1.91373,1.91247,1.91359
2026-08-12 12:00:00,1.91356,1.91408,1.91334,1.91383
2026-08-12 12:15:00,1.9138,1.91385,1.91334,1.91376
2026-08-12 12:30:00,1.9137,1.91397,1.91327,1.91334
2026-08-12 12:45:00,1.91342,1.91391,1.91334,1.91387
2026-08-12 13:00:00,1.91381,1.91386,1.91337,1.91355
2026-08-12 13:15:00,1.91357,1.91382,1.91348,1.9137
2026-08-12 13:30:00,1.91367,1.914,1.91339,1.91395
2026-08-12 13:45:00,1.91381,1.91416,1.91373,1.91384
2026-08-12 14:00:00,1.9139,1.91409,1.91372,1.91383
2026-08-12 14:15:00,1.91378,1.91404,1.91366,1.91376
2026-08-12 14:30:00,1.91377,1.91435,1.91369,1.91432
2026-08-12 14:45:00,1.91428,1.91431,1.91407,1.91414
2026-08-12 15:00:00,1.91416,1.91437,1.9141,1.91413
2026-08-12 15:15:00,1.91421,1.91439,1.91396,1.91408
2026-08-12 15:30:00,1.91405,1.91408,1.91352,1.91368
2026-08-12 15:45:00,1.91365,1.91372,1.91307,1.91313
2026-08-12 16:00:00,1.91311,1.91343,1.91278,1.91339
2026-08-12 16:15:00,1.91336,1.91373,1.91327,1.91365
2026-08-12 16:30:00,1.91355,1.91377,1.91333,1.91353
2026-08-12 16:45:00,1.91344,1.91388,1.91325,1.91367
2026-08-12 17:00:00,1.91362,1.91368,1.91302,1.91319
2026-08-12 17:15:00,1.91321,1.91375,1.91311,1.91349
2026-08-12 17:30:00,1.91354,1.91436,1.91338,1.91381
2026-08-12 17:45:00,1.9139,1.91416,1.91365,1.91386
2026-08-12 18:00:00,1.91389,1.91418,1.91368,1.91407
2026-08-12 18:15:00,1.91402,1.91443,1.91374,1.91403
2026-08-12 18:30:00,1.91405,1.91435,1.91388,1.91425
2026-08-12 18:45:00,1.91421,1.91437,1.91356,1.91369
2026-08-12 19:00:00,1.9136,1.91424,1.91332,1.91405
2026-08-12 19:15:00,1.914,1.91415,1.91266,1.91338
2026-08-12 19:30:00,1.91327,1.91355,1.91274,1.9129
2026-08-12 19:45:00,1.91278,1.91324,1.91248,1.91282
2026-08-12 20:00:00,1.91277,1.9132,1.91263,1.91275
2026-08-12 20:15:00,1.91277,1.91309,1.91277,1.91301
2026-08-12 20:30:00,1.91296,1.91341,1.91279,1.91335
2026-08-12 20:45:00,1.91323,1.91374,1.91294,1.91301
2026-08-12 21:00:00,1.91304,1.91338,1.91276,1.91335
2026-08-12 21:15:00,1.91329,1.91352,1.91261,1.91278
2026-08-12 21:30:00,1.91273,1.91305,1.91259,1.91272
2026-08-12 21:45:00,1.91269,1.9132,1.91258,1.91316
2026-08-12 22:00:00,1.91307,1.91342,1.91243,1.91295
2026-08-12 22:15:00,1.91285,1.91305,1.91166,1.91177
2026-08-12 22:30:00,1.9118,1.91314,1.90957,1.90971
2026-08-12 22:45:00,1.90998,1.9112,1.90952,1.91038
2026-08-12 23:00:00,1.9103,1.91044,1.90934,1.91011
2026-08-12 23:15:00,1.9098,1.91043,1.90954,1.90987
2026-08-12 23:30:00,1.90997,1.91027,1.909,1.90913
2026-08-12 23:45:00,1.90932,1.90944,1.90855,1.90939
2026-08-13 00:00:00,1.90936,1.90947,1.90846,1.90851
2026-08-13 00:15:00,1.90854,1.90885,1.90814,1.90818
2026-08-13 00:30:00,1.90827,1.90992,1.90809,1.90986
2026-08-13 00:45:00,1.90973,1.91066,1.90926,1.91018
2026-08-13 01:00:00,1.91025,1.91055,1.90945,1.90956
2026-08-13 01:15:00,1.90975,1.90975,1.909,1.90957
2026-08-13 01:30:00,1.90949,1.91076,1.90942,1.91051
2026-08-13 01:45:00,1.9106,1.91133,1.91059,1.91107
2026-08-13 02:00:00,1.91105,1.91131,1.91051,1.91128
2026-08-13 02:15:00,1.91121,1.91145,1.91086,1.91087
2026-08-13 02:30:00,1.91088,1.91133,1.91085,1.9109
2026-08-13 02:45:00,1.91092,1.91111,1.91068,1.91098
2026-08-13 03:00:00,1.91091,1.91128,1.91048,1.91065
2026-08-13 03:15:00,1.9106,1.91084,1.91045,1.91077
2026-08-13 03:30:00,1.91072,1.91095,1.91059,1.91064
2026-08-13 03:45:00,1.91067,1.91089,1.91048,1.91076
2026-08-13 04:00:00,1.91074,1.91083,1.91023,1.91056
2026-08-13 04:15:00,1.91051,1.91071,1.91041,1.91048
2026-08-13 04:30:00,1.91054,1.9107,1.91006,1.91022
2026-08-13 04:45:00,1.91019,1.91029,1.90981,1.91024
2026-08-13 05:00:00,1.91015,1.91034,1.90981,1.91007
2026-08-13 05:15:00,1.9101,1.91057,1.91003,1.9104
2026-08-13 05:30:00,1.91034,1.91062,1.91018,1.9106
2026-08-13 05:45:00,1.91056,1.91075,1.9101,1.91014
2026-08-13 06:00:00,1.91023,1.91045,1.91005,1.91039
2026-08-13 06:15:00,1.91036,1.91068,1.91034,1.91064
2026-08-13 06:30:00,1.9106,1.91082,1.91053,1.91071
2026-08-13 06:45:00,1.91068,1.91101,1.91053,1.91069
2026-08-13 07:00:00,1.9107,1.91145,1.91039,1.91114
2026-08-13 07:15:00,1.91112,1.91161,1.91071,1.91156
2026-08-13 07:30:00,1.91141,1.91157,1.91105,1.91136
2026-08-13 07:45:00,1.91138,1.91158,1.91077,1.91086
2026-08-13 08:00:00,1.91108,1.91145,1.91074,1.91095
2026-08-13 08:15:00,1.9109,1.91108,1.91079,1.91082
2026-08-13 08:30:00,1.91085,1.91097,1.9107,1.91087
2026-08-13 08:45:00,1.91086,1.91102,1.91073,1.9108
2026-08-13 09:00:00,1.91082,1.91106,1.91074,1.9109
2026-08-13 09:15:00,1.91083,1.91108,1.91083,1.91095
2026-08-13 09:30:00,1.91091,1.91102,1.91061,1.91064
2026-08-13 09:45:00,1.91069,1.91112,1.91056,1.91088
2026-08-13 10:00:00,1.9109,1.91104,1.91021,1.91024
2026-08-13 10:15:00,1.9103,1.91099,1.9103,1.91097
2026-08-13 10:30:00,1.91092,1.91148,1.91084,1.91109
2026-08-13 10:45:00,1.91106,1.91161,1.91093,1.91156
2026-08-13 11:00:00,1.91147,1.91173,1.91134,1.91163
2026-08-13 11:15:00,1.91158,1.91233,1.91155,1.91232
2026-08-13 11:30:00,1.91225,1.91232,1.91156,1.91189
2026-08-13 11:45:00,1.91191,1.9123,1.91172,1.91194
2026-08-13 12:00:00,1.91183,1.91255,1.91183,1.91223
2026-08-13 12:15:00,1.91235,1.91262,1.9121,1.91233
2026-08-13 12:30:00,1.91229,1.91295,1.91199,1.9127
2026-08-13 12:45:00,1.91264,1.91264,1.91227,1.91254
2026-08-13 13:00:00,1.91251,1.91389,1.91237,1.91383
2026-08-13 13:15:00,1.91375,1.91402,1.91358,1.91369
2026-08-13 13:30:00,1.91365,1.9139,1.91336,1.91388
2026-08-13 13:45:00,1.91378,1.91409,1.91341,1.91402
2026-08-13 14:00:00,1.9139,1.91413,1.91363,1.91398
2026-08-13 14:15:00,1.91401,1.91429,1.91391,1.91393
2026-08-13 14:30:00,1.91394,1.91451,1.91382,1.91447
2026-08-13 14:45:00,1.91439,1.91447,1.9138,1.91443
2026-08-13 15:00:00,1.91436,1.91455,1.91378,1.91393
2026-08-13 15:15:00,1.91394,1.91429,1.91358,1.91424
2026-08-13 15:30:00,1.91415,1.91495,1.91415,1.91491
2026-08-13 15:45:00,1.91483,1.91483,1.91415,1.91435
2026-08-13 16:00:00,1.91433,1.91441,1.9136,1.91362
2026-08-13 16:15:00,1.91367,1.9139,1.91336,1.91338
2026-08-13 16:30:00,1.91342,1.91347,1.91274,1.91279
2026-08-13 16:45:00,1.91285,1.91313,1.91253,1.91282
2026-08-13 17:00:00,1.91274,1.91285,1.9123,1.91232
2026-08-13 17:15:00,1.91237,1.91312,1.91211,1.91275
2026-08-13 17:30:00,1.91268,1.91325,1.91265,1.91311
2026-08-13 17:45:00,1.91307,1.91354,1.91266,1.91279
2026-08-13 18:00:00,1.91284,1.91303,1.91232,1.91296
2026-08-13 18:15:00,1.91292,1.91311,1.91237,1.91273
2026-08-13 18:30:00,1.91269,1.91302,1.91249,1.91272
2026-08-13 18:45:00,1.9127,1.91271,1.91232,1.91245
2026-08-13 19:00:00,1.91241,1.91253,1.91189,1.91243
2026-08-13 19:15:00,1.91237,1.9127,1.91215,1.91233
2026-08-13 19:30:00,1.9124,1.91258,1.91209,1.91219
2026-08-13 19:45:00,1.91216,1.91224,1.91114,1.91152
2026-08-13 20:00:00,1.9114,1.91269,1.9114,1.91258
2026-08-13 20:15:00,1.91238,1.91317,1.91238,1.91309
2026-08-13 20:30:00,1.91298,1.91346,1.91298,1.91311
2026-08-13 20:45:00,1.91316,1.91322,1.91206,1.91208
2026-08-13 21:00:00,1.91207,1.91278,1.91207,1.91266
2026-08-13 21:15:00,1.91259,1.91305,1.91248,1.91296
2026-08-13 21:30:00,1.91284,1.91329,1.91284,1.91324
2026-08-13 21:45:00,1.91314,1.91348,1.9127,1.91324
2026-08-13 22:00:00,1.91319,1.91345,1.91296,1.91342
2026-08-13 22:15:00,1.91335,1.91383,1.91324,1.91327
2026-08-13 22:30:00,1.91329,1.91374,1.91203,1.91267
2026-08-13 22:45:00,1.9125,1.91284,1.91207,1.91219
2026-08-13 23:00:00,1.91237,1.91253,1.91153,1.91156
2026-08-13 23:15:00,1.91157,1.91265,1.91147,1.91254
2026-08-13 23:30:00,1.91249,1.91331,1.91191,1.91211
2026-08-13 23:45:00,1.91224,1.91266,1.91192,1.91264
2026-08-14 00:00:00,1.91257,1.91306,1.91195,1.91206
2026-08-14 00:15:00,1.91225,1.91266,1.91189,1.91193
2026-08-14 00:30:00,1.91196,1.91238,1.91125,1.91133
2026-08-14 00:45:00,1.91135,1.91188,1.91096,1.91187
2026-08-14 01:00:00,1.91183,1.9127,1.91169,1.91252
2026-08-14 01:15:00,1.91245,1.91282,1.91185,1.91236
2026-08-14 01:30:00,1.91217,1.91287,1.91188,1.91191
2026-08-14 01:45:00,1.91199,1.91241,1.91195,1.91237
2026-08-14 02:00:00,1.91227,1.91245,1.91157,1.91187
2026-08-14 02:15:00,1.91178,1.91205,1.91121,1.91128
2026-08-14 02:30:00,1.91131,1.91134,1.91033,1.91035
2026-08-14 02:45:00,1.91039,1.91068,1.91028,1.91041
2026-08-14 03:00:00,1.91035,1.9106,1.90978,1.90988
2026-08-14 03:15:00,1.90985,1.91032,1.90969,1.91028
2026-08-14 03:30:00,1.91019,1.91053,1.91017,1.91033
2026-08-14 03:45:00,1.91038,1.91059,1.9101,1.91056
2026-08-14 04:00:00,1.91049,1.91089,1.91046,1.91058
2026-08-14 04:15:00,1.91066,1.91082,1.91053,1.91073
2026-08-14 04:30:00,1.91071,1.91097,1.91058,1.91081
2026-08-14 04:45:00,1.91076,1.9109,1.9104,1.91077
2026-08-14 05:00:00,1.9107,1.91091,1.91025,1.9103
2026-08-14 05:15:00,1.91036,1.91042,1.91015,1.91028
2026-08-14 05:30:00,1.91027,1.91054,1.91021,1.91028
2026-08-14 05:45:00,1.91032,1.91059,1.91012,1.91034
2026-08-14 06:00:00,1.91037,1.91052,1.91008,1.91047
2026-08-14 06:15:00,1.91034,1.91058,1.91021,1.91048
2026-08-14 06:30:00,1.91043,1.91052,1.91023,1.91029
2026-08-14 06:45:00,1.91028,1.91059,1.91022,1.91036
2026-08-14 07:00:00,1.91037,1.91131,1.91011,1.91088
2026-08-14 07:15:00,1.91094,1.91171,1.91076,1.91156
2026-08-14 07:30:00,1.91132,1.91132,1.91062,1.91106
2026-08-14 07:45:00,1.911,1.91135,1.9104,1.91042
2026-08-14 08:00:00,1.91049,1.91074,1.91008,1.9103
2026-08-14 08:15:00,1.91027,1.91057,1.91002,1.91018
2026-08-14 08:30:00,1.91014,1.91026,1.90996,1.91005
2026-08-14 08:45:00,1.91006,1.91013,1.90984,1.90986
2026-08-14 09:00:00,1.9099,1.91029,1.90959,1.90995
2026-08-14 09:15:00,1.90991,1.91002,1.90982,1.90995
2026-08-14 09:30:00,1.90988,1.91019,1.90972,1.91015
2026-08-14 09:45:00,1.91011,1.91014,1.90979,1.90979
2026-08-14 10:00:00,1.9098,1.91001,1.9094,1.90995
2026-08-14 10:15:00,1.90992,1.91017,1.9098,1.91008
2026-08-14 10:30:00,1.91004,1.91097,1.90987,1.9109
2026-08-14 10:45:00,1.91087,1.91154,1.9108,1.9115
2026-08-14 11:00:00,1.91145,1.91212,1.91139,1.91198
2026-08-14 11:15:00,1.912,1.91206,1.91073,1.91077
2026-08-14 11:30:00,1.91077,1.9118,1.91077,1.91168
2026-08-14 11:45:00,1.91164,1.91169,1.91126,1.91157
2026-08-14 12:00:00,1.91149,1.91172,1.91107,1.91141
2026-08-14 12:15:00,1.91135,1.91188,1.91132,1.91185
2026-08-14 12:30:00,1.91176,1.91199,1.91125,1.91148
2026-08-14 12:45:00,1.91142,1.91183,1.91142,1.91175
2026-08-14 13:00:00,1.91172,1.91202,1.91146,1.91147
2026-08-14 13:15:00,1.91152,1.91187,1.91139,1.91144
2026-08-14 13:30:00,1.9115,1.91151,1.91127,1.91133
2026-08-14 13:45:00,1.91138,1.91142,1.91097,1.91103
2026-08-14 14:00:00,1.91113,1.91139,1.91094,1.91128
2026-08-14 14:15:00,1.91125,1.91139,1.91089,1.91093
2026-08-14 14:30:00,1.91097,1.9114,1.91081,1.91125
2026-08-14 14:45:00,1.91121,1.91126,1.91092,1.91105
2026-08-14 15:00:00,1.91108,1.91145,1.91105,1.91124
2026-08-14 15:15:00,1.91125,1.91141,1.91097,1.91101
2026-08-14 15:30:00,1.91105,1.91106,1.91062,1.91088
2026-08-14 15:45:00,1.91079,1.91098,1.91007,1.91021
2026-08-14 16:00:00,1.91017,1.91082,1.91016,1.91067
2026-08-14 16:15:00,1.91072,1.91111,1.91057,1.91086
2026-08-14 16:30:00,1.91088,1.91094,1.91061,1.91071
2026-08-14 16:45:00,1.9107,1.91086,1.91014,1.91056
2026-08-14 17:00:00,1.91051,1.91101,1.9105,1.91071
2026-08-14 17:15:00,1.91074,1.91082,1.91035,1.91079
2026-08-14 17:30:00,1.91073,1.91092,1.9103,1.91061
2026-08-14 17:45:00,1.9105,1.91071,1.91023,1.9106
2026-08-14 18:00:00,1.91049,1.91142,1.91049,1.91138
2026-08-14 18:15:00,1.91133,1.9123,1.91106,1.91205
2026-08-14 18:30:00,1.91208,1.91235,1.91155,1.91193
2026-08-14 18:45:00,1.91187,1.91213,1.91146,1.91181
2026-08-14 19:00:00,1.9117,1.91213,1.91142,1.91148
2026-08-14 19:15:00,1.91148,1.91159,1.91115,1.91142
2026-08-14 19:30:00,1.91131,1.91203,1.91131,1.91167
2026-08-14 19:45:00,1.91163,1.91188,1.91148,1.91177
2026-08-14 20:00:00,1.91172,1.91186,1.91138,1.91146
2026-08-14 20:15:00,1.91145,1.91212,1.91145,1.91174
2026-08-14 20:30:00,1.91179,1.91215,1.91167,1.91211
2026-08-14 20:45:00,1.91203,1.91229,1.91184,1.91201
2026-08-14 21:00:00,1.91197,1.91215,1.91161,1.91202
2026-08-14 21:15:00,1.912,1.91204,1.91158,1.91174
2026-08-14 21:30:00,1.91166,1.91203,1.9114,1.91177
2026-08-14 21:45:00,1.91173,1.91247,1.91134,1.91159
2026-08-14 22:00:00,1.91154,1.9121,1.9112,1.91207
2026-08-14 22:15:00,1.91198,1.91213,1.9113,1.91131
2026-08-14 22:30:00,1.91134,1.91216,1.91074,1.91193
2026-08-14 22:45:00,1.91196,1.91218,1.91156,1.91213
2026-08-14 23:00:00,1.91199,1.91241,1.91171,1.91219
2026-08-14 23:15:00,1.91214,1.91229,1.91139,1.91191
2026-08-14 23:30:00,1.91187,1.9123,1.91133,1.91198
2026-08-14 23:45:00,1.91183,1.91233,1.91137,1.91164
2026-08-15 00:00:00,1.91193,1.91193,1.91102,1.91161
2026-08-15 00:15:00,1.91161,1.91212,1.9112,1.91203
2026-08-15 00:30:00,1.91198,1.91229,1.91101,1.91222
2026-08-15 00:45:00,1.91215,1.91224,1.91023,1.91032
2026-08-15 01:00:00,1.91048,1.91074,1.90977,1.91031
2026-08-15 01:15:00,1.91027,1.91082,1.90972,1.91074
2026-08-15 01:30:00,1.91059,1.91145,1.91047,1.91116
2026-08-15 01:45:00,1.9112,1.91173,1.91073,1.9117
2026-08-15 02:00:00,1.91162,1.91178,1.91132,1.91148
2026-08-15 02:15:00,1.91152,1.91187,1.91137,1.91179
2026-08-15 02:30:00,1.9117,1.91214,1.91146,1.91176
2026-08-15 02:45:00,1.91178,1.91203,1.91116,1.91131
2026-08-15 03:00:00,1.91122,1.91138,1.91087,1.91107
2026-08-15 03:15:00,1.91103,1.91103,1.91033,1.91041
2026-08-15 03:30:00,1.91035,1.91101,1.91028,1.91079
2026-08-15 03:45:00,1.91087,1.91123,1.91084,1.91119
2026-08-15 04:00:00,1.91113,1.91134,1.9111,1.91133
2026-08-15 04:15:00,1.91127,1.91157,1.91117,1.91141
2026-08-15 04:30:00,1.91138,1.91149,1.91112,1.91122
2026-08-15 04:45:00,1.91122,1.91135,1.91095,1.91101
2026-08-15 05:00:00,1.91105,1.91112,1.9107,1.9109
2026-08-15 05:15:00,1.91084,1.9113,1.91082,1.91099
2026-08-15 05:30:00,1.91096,1.91109,1.91071,1.91089
2026-08-15 05:45:00,1.91084,1.91113,1.9105,1.91051
2026-08-15 06:00:00,1.91056,1.91094,1.91044,1.91064
2026-08-15 06:15:00,1.91065,1.91097,1.91059,1.91092
2026-08-15 06:30:00,1.91087,1.91105,1.91075,1.91094
2026-08-15 06:45:00,1.91091,1.9111,1.91022,1.91037
2026-08-15 07:00:00,1.91034,1.91182,1.90956,1.91096
2026-08-15 07:15:00,1.91088,1.91088,1.91046,1.91055
2026-08-15 07:30:00,1.91057,1.91146,1.91035,1.91059
2026-08-15 07:45:00,1.91062,1.91079,1.91043,1.91048
2026-08-15 08:00:00,1.91059,1.91125,1.91036,1.91053
2026-08-15 08:15:00,1.91054,1.91073,1.91039,1.91069
2026-08-15 08:30:00,1.9106,1.91069,1.91033,1.91039
2026-08-15 08:45:00,1.91041,1.91071,1.9104,1.91057
2026-08-15 09:00:00,1.9106,1.91116,1.91017,1.91056
2026-08-15 09:15:00,1.91056,1.9109,1.91039,1.91069
2026-08-15 09:30:00,1.91072,1.91097,1.91034,1.91042
2026-08-15 09:45:00,1.91043,1.91126,1.91032,1.9106
2026-08-15 10:00:00,1.91078,1.91123,1.91017,1.91028
2026-08-15 10:15:00,1.91025,1.91051,1.91022,1.91029
2026-08-15 10:30:00,1.91025,1.91034,1.91022,1.91028
2026-08-15 10:45:00,1.91025,1.91051,1.91022,1.91025
2026-08-15 11:00:00,1.91028,1.91039,1.91026,1.91028
2026-08-15 11:15:00,1.91029,1.91056,1.9102,1.91032
2026-08-15 11:30:00,1.91029,1.91079,1.91009,1.91028
2026-08-15 11:45:00,1.9103,1.91039,1.91025,1.91033
2026-08-15 12:00:00,1.9103,1.91058,1.91024,1.91025
2026-08-15 12:15:00,1.91028,1.91038,1.91027,1.91034
2026-08-15 12:30:00,1.91031,1.91057,1.91025,1.91033
2026-08-15 12:45:00,1.91029,1.91057,1.91012,1.91032
2026-08-15 13:00:00,1.91035,1.91039,1.91026,1.91027
2026-08-15 13:15:00,1.91028,1.91086,1.91015,1.91033
2026-08-15 13:30:00,1.91031,1.91039,1.91026,1.91032
2026-08-15 13:45:00,1.91028,1.91057,1.91025,1.91031
2026-08-15 14:00:00,1.9103,1.91056,1.91027,1.9103
2026-08-15 14:15:00,1.91032,1.91038,1.91025,1.9103
2026-08-15 14:30:00,1.91028,1.91056,1.91004,1.91031
2026-08-15 14:45:00,1.91027,1.91036,1.91018,1.91028
2026-08-15 15:00:00,1.91026,1.91073,1.91018,1.91027
2026-08-15 15:15:00,1.91028,1.91056,1.91022,1.91028
2026-08-15 15:30:00,1.91029,1.91036,1.91022,1.91032
2026-08-15 15:45:00,1.91028,1.91057,1.91023,1.91031
2026-08-15 16:00:00,1.91028,1.91035,1.91022,1.91023
2026-08-15 16:15:00,1.91026,1.91049,1.91022,1.9103
2026-08-15 16:30:00,1.91025,1.91063,1.9101,1.91022
2026-08-15 16:45:00,1.91028,1.91036,1.9102,1.91031
2026-08-15 17:00:00,1.91028,1.91048,1.91017,1.91023
2026-08-15 17:15:00,1.91025,1.91035,1.91021,1.91031
2026-08-15 17:30:00,1.91025,1.91049,1.91022,1.91033
2026-08-15 17:45:00,1.9103,1.91047,1.91021,1.91026
2026-08-15 18:00:00,1.91029,1.91034,1.91022,1.91026
2026-08-15 18:15:00,1.91026,1.91069,1.90999,1.91032
2026-08-15 18:30:00,1.91028,1.91038,1.9102,1.91032
2026-08-15 18:45:00,1.91028,1.91057,1.9101,1.91031
2026-08-15 19:00:00,1.91027,1.91056,1.91023,1.91033
2026-08-15 19:15:00,1.91035,1.91038,1.91021,1.91027
2026-08-15 19:30:00,1.91027,1.91057,1.91019,1.91026
2026-08-15 19:45:00,1.91023,1.91032,1.91018,1.91027
2026-08-15 20:00:00,1.91023,1.91066,1.90994,1.91021
2026-08-15 20:15:00,1.91019,1.91046,1.91012,1.91022
2026-08-15 20:30:00,1.91026,1.91033,1.91017,1.91025
2026-08-15 20:45:00,1.91021,1.91045,1.91008,1.91024
2026-08-15 21:00:00,1.9102,1.91034,1.91012,1.91023
2026-08-15 21:15:00,1.91021,1.91079,1.90989,1.91016
2026-08-15 21:30:00,1.91019,1.9104,1.90999,1.91023
2026-08-15 21:45:00,1.91017,1.91025,1.91007,1.91022
2026-08-15 22:00:00,1.91018,1.91048,1.91016,1.91024
2026-08-15 22:15:00,1.91021,1.91028,1.91017,1.91018
2026-08-15 22:30:00,1.9102,1.91064,1.90995,1.91031
2026-08-15 22:45:00,1.91031,1.91068,1.91022,1.91064
2026-08-15 23:00:00,1.91054,1.91063,1.91033,1.91045
2026-08-15 23:15:00,1.91041,1.91058,1.91007,1.91022
2026-08-15 23:30:00,1.91017,1.91026,1.91014,1.91016
2026-08-15 23:45:00,1.91017,1.91055,1.91015,1.91048
2026-08-16 00:00:00,1.91045,1.91077,1.91021,1.91075
2026-08-16 00:15:00,1.91067,1.91076,1.91065,1.9107
2026-08-16 00:30:00,1.91067,1.91096,1.91059,1.91084
2026-08-16 00:45:00,1.91085,1.91093,1.91082,1.91088
2026-08-16 01:00:00,1.91085,1.91096,1.9104,1.91052
2026-08-16 01:15:00,1.91048,1.91078,1.91038,1.91076
2026-08-16 01:30:00,1.9107,1.91078,1.91067,1.91068
2026-08-16 01:45:00,1.9107,1.91096,1.91053,1.91091
2026-08-16 02:00:00,1.91087,1.91114,1.91004,1.91047
2026-08-16 02:15:00,1.91043,1.9106,1.9103,1.91036
2026-08-16 02:30:00,1.91034,1.91043,1.91006,1.9101
2026-08-16 02:45:00,1.91014,1.91032,1.90997,1.91004
2026-08-16 03:00:00,1.91,1.91073,1.90972,1.91047
2026-08-16 03:15:00,1.91043,1.9105,1.91025,1.9103
2026-08-16 03:30:00,1.91027,1.91055,1.91021,1.91021
2026-08-16 03:45:00,1.91022,1.91046,1.91009,1.91022
2026-08-16 04:00:00,1.91024,1.91082,1.91009,1.91045
2026-08-16 04:15:00,1.91042,1.91042,1.90996,1.9102
2026-08-16 04:30:00,1.91017,1.91024,1.91011,1.91013
2026-08-16 04:45:00,1.91014,1.91048,1.91013,1.91024
2026-08-16 05:00:00,1.91026,1.91076,1.9099,1.9107
2026-08-16 05:15:00,1.91052,1.91094,1.91037,1.91054
2026-08-16 05:30:00,1.91049,1.91073,1.91006,1.91057
2026-08-16 05:45:00,1.91057,1.91065,1.91054,1.91056
2026-08-16 06:00:00,1.91057,1.91071,1.90998,1.91039
2026-08-16 06:15:00,1.91036,1.91057,1.91033,1.91051
2026-08-16 06:30:00,1.91031,1.91072,1.91031,1.9106
2026-08-16 06:45:00,1.9106,1.911,1.91051,1.91054
2026-08-16 07:00:00,1.9106,1.91092,1.91024,1.91062
2026-08-16 07:15:00,1.91059,1.91099,1.91037,1.91082
2026-08-16 07:30:00,1.91078,1.91087,1.91015,1.91027
2026-08-16 07:45:00,1.91026,1.91042,1.91009,1.91017
2026-08-16 08:00:00,1.91018,1.91082,1.91001,1.91049
2026-08-16 08:15:00,1.91051,1.91054,1.91043,1.9105
2026-08-16 08:30:00,1.91046,1.91073,1.91038,1.91042
2026-08-16 08:45:00,1.9104,1.91047,1.91035,1.91035
2026-08-16 09:00:00,1.91036,1.91081,1.91015,1.91077
2026-08-16 09:15:00,1.91072,1.91077,1.9102,1.91023
2026-08-16 09:30:00,1.91026,1.91028,1.91014,1.9102
2026-08-16 09:45:00,1.91017,1.91059,1.90989,1.91032
2026-08-16 10:00:00,1.91033,1.91042,1.91017,1.91025
2026-08-16 10:15:00,1.91025,1.91064,1.91024,1.91056
2026-08-16 10:30:00,1.91052,1.91085,1.91048,1.91076
2026-08-16 10:45:00,1.91073,1.91081,1.91044,1.91052
2026-08-16 11:00:00,1.91053,1.91108,1.90999,1.91083
2026-08-16 11:15:00,1.91084,1.91092,1.91043,1.91066
2026-08-16 11:30:00,1.91063,1.9109,1.9105,1.91085
2026-08-16 11:45:00,1.91082,1.91103,1.91079,1.91097
2026-08-16 12:00:00,1.91097,1.91108,1.91074,1.91081
2026-08-16 12:15:00,1.91082,1.91106,1.9108,1.911
2026-08-16 12:30:00,1.91097,1.9113,1.91003,1.91013
2026-08-16 12:45:00,1.91009,1.91114,1.90943,1.90999
2026-08-16 13:00:00,1.90998,1.91038,1.90995,1.91009
2026-08-16 13:15:00,1.91011,1.91012,1.90999,1.91004
2026-08-16 13:30:00,1.91002,1.91038,1.90976,1.91011
2026-08-16 13:45:00,1.91007,1.91014,1.91001,1.91005
2026-08-16 14:00:00,1.91004,1.91041,1.90995,1.91006
2026-08-16 14:15:00,1.91007,1.91121,1.90986,1.91052
2026-08-16 14:30:00,1.91048,1.91056,1.91045,1.91052
2026-08-16 14:45:00,1.91048,1.91078,1.91045,1.91063
2026-08-16 15:00:00,1.91061,1.91069,1.91058,1.91059
2026-08-16 15:15:00,1.91061,1.91088,1.91039,1.9108
2026-08-16 15:30:00,1.9108,1.91089,1.91077,1.91088
2026-08-16 15:45:00,1.91084,1.91092,1.91081,1.91087
2026-08-16 16:00:00,1.91084,1.91145,1.91041,1.91111
2026-08-16 16:15:00,1.91112,1.91116,1.91057,1.91065
2026-08-16 16:30:00,1.91066,1.91094,1.91059,1.91088
2026-08-16 16:45:00,1.91084,1.91107,1.91069,1.91102
2026-08-16 17:00:00,1.91099,1.91107,1.91096,1.91098
2026-08-16 17:15:00,1.91099,1.91119,1.91096,1.91109
2026-08-16 17:30:00,1.9111,1.91119,1.91097,1.91104
2026-08-16 17:45:00,1.91101,1.91157,1.91095,1.91138
2026-08-16 18:00:00,1.91134,1.91146,1.91131,1.91139
2026-08-16 18:15:00,1.91139,1.91148,1.91136,1.91138
2026-08-16 18:30:00,1.91139,1.91151,1.91137,1.91145
2026-08-16 18:45:00,1.91143,1.91151,1.9114,1.91147
2026-08-16 19:00:00,1.91143,1.91154,1.91141,1.91147
2026-08-16 19:15:00,1.91145,1.91154,1.91135,1.91141
2026-08-16 19:30:00,1.91142,1.91151,1.91139,1.91146
2026-08-16 19:45:00,1.91142,1.91151,1.91107,1.91125
2026-08-16 20:00:00,1.91121,1.9113,1.91118,1.91123
2026-08-16 20:15:00,1.91121,1.9113,1.91118,1.9112
2026-08-16 20:30:00,1.91121,1.91129,1.91118,1.91125
2026-08-16 20:45:00,1.91121,1.9113,1.91118,1.91125
2026-08-16 21:00:00,1.91121,1.9113,1.91118,1.91123
2026-08-16 21:15:00,1.91121,1.91129,1.91118,1.9112
2026-08-16 21:30:00,1.91121,1.9113,1.91107,1.91115
2026-08-16 21:45:00,1.91115,1.91123,1.91112,1.91119
2026-08-16 22:00:00,1.91115,1.91123,1.91112,1.91118
2026-08-16 22:15:00,1.91115,1.91162,1.90993,1.90993
2026-08-16 22:30:00,1.90993,1.90999,1.90987,1.9099
2026-08-16 22:45:00,1.9099,1.90999,1.90987,1.90992
2026-08-16 23:00:00,1.90989,1.90998,1.90987,1.90993
2026-08-16 23:15:00,1.9099,1.91086,1.90983,1.91056
2026-08-16 23:30:00,1.91056,1.91065,1.91053,1.91055
2026-08-16 23:45:00,1.91056,1.91065,1.91054,1.91059
2026-08-17 00:00:00,1.91056,1.91073,1.91006,1.91035
2026-08-17 00:15:00,1.91031,1.91044,1.91026,1.91029
2026-08-17 00:30:00,1.91029,1.91039,1.91026,1.9103
2026-08-17 00:45:00,1.91031,1.91067,1.91008,1.9104
2026-08-17 01:00:00,1.91035,1.91139,1.91003,1.91019
2026-08-17 01:15:00,1.91015,1.9115,1.91012,1.91053
2026-08-17 01:30:00,1.91065,1.91065,1.91003,1.91004
2026-08-17 01:45:00,1.91006,1.9116,1.90987,1.9101
2026-08-17 02:00:00,1.91012,1.9107,1.91005,1.91067
2026-08-17 02:15:00,1.91063,1.91165,1.91018,1.91038
2026-08-17 02:30:00,1.91036,1.91172,1.90972,1.91063
2026-08-17 02:45:00,1.91071,1.91071,1.9102,1.91023
2026-08-17 03:00:00,1.91028,1.91112,1.91013,1.91038
2026-08-17 03:15:00,1.91034,1.91041,1.91025,1.91035
2026-08-17 03:30:00,1.91033,1.91133,1.91024,1.91029
2026-08-17 03:45:00,1.91031,1.91043,1.91023,1.9103
2026-08-17 04:00:00,1.91031,1.91054,1.91018,1.91025
2026-08-17 04:15:00,1.91019,1.91032,1.91017,1.91023
2026-08-17 04:30:00,1.9102,1.91061,1.91012,1.91058
2026-08-17 04:45:00,1.91053,1.91076,1.91045,1.91067
2026-08-17 05:00:00,1.91066,1.91123,1.91009,1.91102
2026-08-17 05:15:00,1.91099,1.91157,1.90907,1.91076
2026-08-17 05:30:00,1.91063,1.91138,1.90755,1.91003
2026-08-17 05:45:00,1.90957,1.91214,1.90737,1.90794
2026-08-17 06:00:00,1.90878,1.91114,1.90826,1.9108
2026-08-17 06:15:00,1.91064,1.91067,1.90938,1.90992
2026-08-17 06:30:00,1.90968,1.91101,1.90968,1.90994
2026-08-17 06:45:00,1.91002,1.91256,1.90965,1.90991
2026-08-17 07:00:00,1.91021,1.91326,1.90983,1.91107
2026-08-17 07:15:00,1.91098,1.91168,1.91037,1.91161
2026-08-17 07:30:00,1.91137,1.91204,1.91097,1.91113
2026-08-17 07:45:00,1.91118,1.91118,1.9101,1.91029
2026-08-17 08:00:00,1.91024,1.91082,1.90977,1.91031
2026-08-17 08:15:00,1.91027,1.91088,1.91023,1.91072
2026-08-17 08:30:00,1.91067,1.9109,1.91057,1.91062
2026-08-17 08:45:00,1.9106,1.91079,1.91044,1.91075
2026-08-17 09:00:00,1.9107,1.91098,1.91056,1.91074
2026-08-17 09:15:00,1.91076,1.91088,1.91067,1.91083
2026-08-17 09:30:00,1.91078,1.91112,1.91069,1.91104
2026-08-17 09:45:00,1.91101,1.91205,1.91097,1.91199
2026-08-17 10:00:00,1.91192,1.91215,1.91081,1.91085
2026-08-17 10:15:00,1.91086,1.91113,1.91037,1.91053
2026-08-17 10:30:00,1.91052,1.91082,1.91031,1.91065
2026-08-17 10:45:00,1.9106,1.91145,1.91046,1.91131
2026-08-17 11:00:00,1.91131,1.9117,1.91103,1.91158
2026-08-17 11:15:00,1.9116,1.91166,1.91066,1.91071
2026-08-17 11:30:00,1.91077,1.911,1.91009,1.91017
2026-08-17 11:45:00,1.91028,1.9103,1.90969,1.91009
2026-08-17 12:00:00,1.91002,1.91042,1.91002,1.91038
2026-08-17 12:15:00,1.91031,1.91076,1.9102,1.9103
2026-08-17 12:30:00,1.91037,1.91051,1.90993,1.91042
2026-08-17 12:45:00,1.91013,1.9108,1.91013,1.91058
2026-08-17 13:00:00,1.9106,1.91064,1.91008,1.91016
2026-08-17 13:15:00,1.91021,1.91037,1.90962,1.90973
2026-08-17 13:30:00,1.90974,1.9098,1.90904,1.90909
2026-08-17 13:45:00,1.90915,1.90926,1.90846,1.90854
2026-08-17 14:00:00,1.90867,1.90869,1.90813,1.90828
2026-08-17 14:15:00,1.90824,1.90834,1.90767,1.90804
2026-08-17 14:30:00,1.90791,1.90851,1.90791,1.90806
2026-08-17 14:45:00,1.90805,1.90837,1.90802,1.90815
2026-08-17 15:00:00,1.90812,1.90831,1.9079,1.90812
2026-08-17 15:15:00,1.90809,1.90811,1.90761,1.90764
2026-08-17 15:30:00,1.90769,1.90769,1.9056,1.9057
2026-08-17 15:45:00,1.90591,1.9062,1.90506,1.90541
2026-08-17 16:00:00,1.90532,1.90586,1.90516,1.90578
2026-08-17 16:15:00,1.90565,1.90608,1.90473,1.90477
2026-08-17 16:30:00,1.90484,1.90497,1.90448,1.90467
2026-08-17 16:45:00,1.90463,1.90469,1.90374,1.90378
2026-08-17 17:00:00,1.90383,1.90415,1.90335,1.90398
2026-08-17 17:15:00,1.90402,1.90478,1.90391,1.9044
2026-08-17 17:30:00,1.90444,1.90563,1.90423,1.90508
2026-08-17 17:45:00,1.90525,1.90525,1.90438,1.9048
2026-08-17 18:00:00,1.90475,1.90604,1.90474,1.90545
2026-08-17 18:15:00,1.9055,1.90576,1.90516,1.90542
2026-08-17 18:30:00,1.90533,1.90549,1.90386,1.9039
2026-08-17 18:45:00,1.90394,1.90424,1.90337,1.90402
2026-08-17 19:00:00,1.90387,1.90387,1.9031,1.90316
2026-08-17 19:15:00,1.90317,1.90365,1.90303,1.90363
2026-08-17 19:30:00,1.9036,1.90371,1.9028,1.90282
2026-08-17 19:45:00,1.90284,1.90309,1.90241,1.90287
2026-08-17 20:00:00,1.90284,1.9033,1.90263,1.90312
2026-08-17 20:15:00,1.90311,1.90314,1.90256,1.90289
2026-08-17 20:30:00,1.90284,1.90325,1.90236,1.9028
2026-08-17 20:45:00,1.90283,1.9031,1.90253,1.90258
2026-08-17 21:00:00,1.90262,1.90282,1.90212,1.90236
2026-08-17 21:15:00,1.9023,1.90281,1.90193,1.90272
2026-08-17 21:30:00,1.90258,1.90311,1.90254,1.90281
2026-08-17 21:45:00,1.90287,1.90292,1.90251,1.90272
2026-08-17 22:00:00,1.90267,1.90331,1.90262,1.90321
2026-08-17 22:15:00,1.90315,1.90426,1.90309,1.9038
2026-08-17 22:30:00,1.90374,1.90453,1.90345,1.90432
2026-08-17 22:45:00,1.90427,1.90472,1.90388,1.90395
2026-08-17 23:00:00,1.90396,1.90569,1.90381,1.90539
2026-08-17 23:15:00,1.9053,1.90598,1.90516,1.90589
2026-08-17 23:30:00,1.90583,1.90645,1.90555,1.9062
2026-08-17 23:45:00,1.90628,1.90661,1.90529,1.90555
2026-08-18 00:00:00,1.90545,1.90641,1.90514,1.9052
2026-08-18 00:15:00,1.90528,1.90534,1.90435,1.90468
2026-08-18 00:30:00,1.90456,1.90484,1.90399,1.90449
2026-08-18 00:45:00,1.90451,1.90591,1.90415,1.90559
2026-08-18 01:00:00,1.90557,1.9059,1.90538,1.90556
2026-08-18 01:15:00,1.90557,1.90624,1.90557,1.90612
2026-08-18 01:30:00,1.90615,1.90705,1.9059,1.90657
2026-08-18 01:45:00,1.90663,1.90701,1.90628,1.90694
2026-08-18 02:00:00,1.90691,1.90701,1.9063,1.90651
2026-08-18 02:15:00,1.90642,1.9069,1.90637,1.90644
2026-08-18 02:30:00,1.90641,1.90676,1.90632,1.90635
2026-08-18 02:45:00,1.90642,1.90665,1.90619,1.90653
2026-08-18 03:00:00,1.90643,1.90664,1.90636,1.90663
2026-08-18 03:15:00,1.90658,1.90683,1.90634,1.9067
2026-08-18 03:30:00,1.90667,1.907,1.90646,1.90651
2026-08-18 03:45:00,1.9066,1.90669,1.90632,1.90635
2026-08-18 04:00:00,1.9064,1.90663,1.90619,1.90646
2026-08-18 04:15:00,1.90635,1.90648,1.90603,1.90639
2026-08-18 04:30:00,1.90629,1.90661,1.90606,1.90623
2026-08-18 04:45:00,1.90625,1.90642,1.90579,1.90621
2026-08-18 05:00:00,1.90617,1.90644,1.90606,1.90618
2026-08-18 05:15:00,1.9062,1.90637,1.90579,1.90594
2026-08-18 05:30:00,1.9059,1.90626,1.90572,1.90605
2026-08-18 05:45:00,1.90609,1.90633,1.90589,1.90623
2026-08-18 06:00:00,1.90618,1.90659,1.90595,1.90622
2026-08-18 06:15:00,1.90619,1.90662,1.90613,1.9066
2026-08-18 06:30:00,1.90653,1.90659,1.90638,1.90654
2026-08-18 06:45:00,1.90647,1.90673,1.90619,1.9062
2026-08-18 07:00:00,1.90625,1.90664,1.90496,1.90609
2026-08-18 07:15:00,1.90613,1.90707,1.90613,1.90623
2026-08-18 07:30:00,1.90619,1.90639,1.90609,1.90613
2026-08-18 07:45:00,1.90616,1.90673,1.90609,1.90639
2026-08-18 08:00:00,1.90636,1.90655,1.90616,1.90651
2026-08-18 08:15:00,1.90648,1.90661,1.90623,1.9063
2026-08-18 08:30:00,1.90625,1.90634,1.9058,1.90612
2026-08-18 08:45:00,1.90608,1.90619,1.90593,1.90605
2026-08-18 09:00:00,1.90608,1.90644,1.90579,1.90608
2026-08-18 09:15:00,1.90603,1.90626,1.906,1.90623
2026-08-18 09:30:00,1.9062,1.90661,1.90603,1.90657
2026-08-18 09:45:00,1.90647,1.90667,1.90625,1.90627
2026-08-18 10:00:00,1.9063,1.90663,1.90613,1.90641
2026-08-18 10:15:00,1.90632,1.90642,1.90584,1.90605
2026-08-18 10:30:00,1.90595,1.90615,1.90547,1.90552
2026-08-18 10:45:00,1.90557,1.90601,1.90536,1.90593
2026-08-18 11:00:00,1.90594,1.90604,1.90517,1.90548
2026-08-18 11:15:00,1.90551,1.90583,1.90514,1.90561
2026-08-18 11:30:00,1.90553,1.90583,1.90538,1.90579
2026-08-18 11:45:00,1.90565,1.90611,1.90565,1.9058
2026-08-18 12:00:00,1.90584,1.90618,1.90584,1.90614
2026-08-18 12:15:00,1.90608,1.90613,1.90531,1.90533
2026-08-18 12:30:00,1.90534,1.90548,1.90487,1.90491
2026-08-18 12:45:00,1.90494,1.90518,1.90463,1.90496
2026-08-18 13:00:00,1.90494,1.90498,1.90457,1.90464
2026-08-18 13:15:00,1.90469,1.90517,1.90452,1.9049
2026-08-18 13:30:00,1.90496,1.9057,1.90493,1.90567
2026-08-18 13:45:00,1.9056,1.90586,1.9055,1.90584
2026-08-18 14:00:00,1.90579,1.90579,1.90524,1.90527
2026-08-18 14:15:00,1.90532,1.90635,1.90519,1.90609
2026-08-18 14:30:00,1.90612,1.90614,1.90575,1.90607
2026-08-18 14:45:00,1.90601,1.90658,1.90592,1.90638
2026-08-18 15:00:00,1.90635,1.9072,1.90625,1.90694
2026-08-18 15:15:00,1.90703,1.9075,1.90671,1.90741
2026-08-18 15:30:00,1.90726,1.90752,1.90686,1.90698
2026-08-18 15:45:00,1.90693,1.90705,1.90641,1.90672
2026-08-18 16:00:00,1.90663,1.90663,1.90538,1.90557
2026-08-18 16:15:00,1.90556,1.90665,1.90525,1.90645
2026-08-18 16:30:00,1.90645,1.90651,1.90526,1.90588
2026-08-18 16:45:00,1.90586,1.90596,1.90512,1.90554
2026-08-18 17:00:00,1.90548,1.90548,1.9043,1.90441
2026-08-18 17:15:00,1.90438,1.9048,1.90373,1.90461
2026-08-18 17:30:00,1.90454,1.90509,1.90432,1.90473
2026-08-18 17:45:00,1.9047,1.90473,1.90437,1.90467
2026-08-18 18:00:00,1.90458,1.90513,1.90427,1.90433
2026-08-18 18:15:00,1.90443,1.90507,1.90413,1.90482
2026-08-18 18:30:00,1.90486,1.90508,1.90447,1.9047
2026-08-18 18:45:00,1.90466,1.90519,1.90437,1.90504
2026-08-18 19:00:00,1.905,1.90509,1.90468,1.9048
2026-08-18 19:15:00,1.90476,1.90501,1.90442,1.90445
2026-08-18 19:30:00,1.90448,1.90448,1.90371,1.90427
2026-08-18 19:45:00,1.90416,1.90438,1.90334,1.90338
2026-08-18 20:00:00,1.90339,1.90358,1.90308,1.90319
2026-08-18 20:15:00,1.90323,1.90362,1.90301,1.90355
2026-08-18 20:30:00,1.90342,1.90378,1.90328,1.90345
2026-08-18 20:45:00,1.90346,1.90384,1.90318,1.90336
2026-08-18 21:00:00,1.90319,1.90353,1.90292,1.90336
2026-08-18 21:15:00,1.90331,1.90331,1.90276,1.903
2026-08-18 21:30:00,1.90289,1.90307,1.90248,1.90252
2026-08-18 21:45:00,1.9026,1.90291,1.90231,1.90264
2026-08-18 22:00:00,1.9026,1.90266,1.90171,1.90197
2026-08-18 22:15:00,1.90196,1.9025,1.90194,1.90218
2026-08-18 22:30:00,1.90222,1.90264,1.90203,1.90243
2026-08-18 22:45:00,1.90245,1.90279,1.90231,1.90271
2026-08-18 23:00:00,1.90266,1.90335,1.90257,1.90282
2026-08-18 23:15:00,1.90281,1.90309,1.90258,1.90307
2026-08-18 23:30:00,1.90302,1.90349,1.90202,1.90282
2026-08-18 23:45:00,1.90265,1.90366,1.90251,1.90324
2026-08-19 00:00:00,1.90333,1.90429,1.90313,1.90414
2026-08-19 00:15:00,1.90404,1.90517,1.90404,1.90501
2026-08-19 00:30:00,1.90495,1.90658,1.90481,1.90645
2026-08-19 00:45:00,1.90629,1.90787,1.90629,1.90782
2026-08-19 01:00:00,1.9078,1.90801,1.9068,1.90762
2026-08-19 01:15:00,1.90748,1.90837,1.90748,1.90813
2026-08-19 01:30:00,1.90809,1.9082,1.90771,1.90799
2026-08-19 01:45:00,1.90792,1.90857,1.90753,1.90855
2026-08-19 02:00:00,1.9085,1.90876,1.90813,1.90864
2026-08-19 02:15:00,1.90839,1.90965,1.90839,1.90947
2026-08-19 02:30:00,1.90934,1.91,1.90934,1.90997
2026-08-19 02:45:00,1.90992,1.91005,1.90923,1.90932
2026-08-19 03:00:00,1.90929,1.90964,1.90897,1.90903
2026-08-19 03:15:00,1.90911,1.90946,1.9088,1.90936
2026-08-19 03:30:00,1.90929,1.90962,1.90916,1.90956
2026-08-19 03:45:00,1.90951,1.90989,1.9095,1.90986
2026-08-19 04:00:00,1.90981,1.91056,1.90966,1.91026
2026-08-19 04:15:00,1.91036,1.91131,1.91001,1.91123
2026-08-19 04:30:00,1.91107,1.91107,1.91047,1.91056
2026-08-19 04:45:00,1.91058,1.91072,1.91031,1.91034
2026-08-19 05:00:00,1.9104,1.91057,1.9099,1.9102
2026-08-19 05:15:00,1.91019,1.91046,1.90994,1.91032
2026-08-19 05:30:00,1.91027,1.91042,1.90988,1.90999
2026-08-19 05:45:00,1.90999,1.91038,1.90989,1.91029
2026-08-19 06:00:00,1.9102,1.91033,1.90972,1.90997
2026-08-19 06:15:00,1.91005,1.91032,1.91004,1.91013
2026-08-19 06:30:00,1.91009,1.91018,1.90979,1.91011
2026-08-19 06:45:00,1.91009,1.91013,1.90969,1.90971
2026-08-19 07:00:00,1.90974,1.91118,1.90915,1.91114
2026-08-19 07:15:00,1.91105,1.91119,1.91043,1.91082
2026-08-19 07:30:00,1.91071,1.91071,1.90948,1.91003
2026-08-19 07:45:00,1.90986,1.91058,1.90958,1.90973
2026-08-19 08:00:00,1.91012,1.91075,1.90952,1.90991
2026-08-19 08:15:00,1.90995,1.91004,1.90969,1.90998
2026-08-19 08:30:00,1.90993,1.91031,1.90992,1.91017
2026-08-19 08:45:00,1.91017,1.9106,1.91006,1.91045
2026-08-19 09:00:00,1.91049,1.91116,1.91008,1.91105
2026-08-19 09:15:00,1.91088,1.91139,1.91088,1.91126
2026-08-19 09:30:00,1.91122,1.91133,1.91094,1.9113
2026-08-19 09:45:00,1.91124,1.91167,1.91114,1.91165
2026-08-19 10:00:00,1.91161,1.91262,1.91119,1.91146
2026-08-19 10:15:00,1.9114,1.91161,1.91063,1.91085
2026-08-19 10:30:00,1.91087,1.91183,1.91074,1.91179
2026-08-19 10:45:00,1.91169,1.91241,1.9115,1.91237
2026-08-19 11:00:00,1.9123,1.91251,1.91147,1.91203
2026-08-19 11:15:00,1.9119,1.91307,1.91173,1.91251
2026-08-19 11:30:00,1.91247,1.91247,1.91166,1.91169
2026-08-19 11:45:00,1.91167,1.91251,1.91167,1.91201
2026-08-19 12:00:00,1.91204,1.91257,1.91203,1.91255
2026-08-19 12:15:00,1.91251,1.91282,1.912,1.91271
2026-08-19 12:30:00,1.91265,1.91331,1.91257,1.91266
2026-08-19 12:45:00,1.91279,1.91279,1.91151,1.91268
2026-08-19 13:00:00,1.91265,1.91339,1.91265,1.91312
2026-08-19 13:15:00,1.91316,1.91365,1.91308,1.91364
2026-08-19 13:30:00,1.9136,1.91376,1.9133,1.91374
2026-08-19 13:45:00,1.91369,1.91406,1.91363,1.91401
2026-08-19 14:00:00,1.91398,1.91432,1.91382,1.91417
2026-08-19 14:15:00,1.91411,1.91462,1.91398,1.91434
2026-08-19 14:30:00,1.9143,1.91503,1.91418,1.915
2026-08-19 14:45:00,1.91489,1.91605,1.91474,1.9149
2026-08-19 15:00:00,1.9152,1.91556,1.91434,1.91547
2026-08-19 15:15:00,1.91535,1.91578,1.91518,1.91519
2026-08-19 15:30:00,1.91521,1.91595,1.91501,1.91592
2026-08-19 15:45:00,1.91582,1.91621,1.91562,1.91593
2026-08-19 16:00:00,1.91602,1.91645,1.91556,1.91643
2026-08-19 16:15:00,1.91639,1.91646,1.91515,1.91528
2026-08-19 16:30:00,1.91529,1.91595,1.91505,1.91587
2026-08-19 16:45:00,1.91567,1.91652,1.9155,1.91563
2026-08-19 17:00:00,1.91558,1.91604,1.91485,1.91577
2026-08-19 17:15:00,1.91578,1.91661,1.91557,1.91654
2026-08-19 17:30:00,1.91644,1.91687,1.91612,1.91684
2026-08-19 17:45:00,1.91674,1.91736,1.91655,1.91734
2026-08-19 18:00:00,1.91724,1.91733,1.91565,1.91604
2026-08-19 18:15:00,1.91599,1.91599,1.91501,1.91525
2026-08-19 18:30:00,1.91533,1.91559,1.91483,1.91529
2026-08-19 18:45:00,1.91527,1.91589,1.91492,1.91508
2026-08-19 19:00:00,1.91505,1.91514,1.91395,1.91401
2026-08-19 19:15:00,1.91399,1.91466,1.91399,1.91451
2026-08-19 19:30:00,1.91441,1.91456,1.91414,1.91451
2026-08-19 19:45:00,1.91444,1.91516,1.91435,1.91507
2026-08-19 20:00:00,1.91502,1.91593,1.91491,1.91522
2026-08-19 20:15:00,1.91534,1.91614,1.91507,1.91612
2026-08-19 20:30:00,1.91605,1.91618,1.91573,1.916
2026-08-19 20:45:00,1.91601,1.91609,1.91543,1.91546
2026-08-19 21:00:00,1.91549,1.91618,1.91537,1.91545
2026-08-19 21:15:00,1.91553,1.91624,1.91545,1.9162
2026-08-19 21:30:00,1.91614,1.91625,1.91545,1.91613
2026-08-19 21:45:00,1.91605,1.91658,1.91587,1.91607
2026-08-19 22:00:00,1.91604,1.91621,1.91566,1.91574
2026-08-19 22:15:00,1.9157,1.91575,1.91502,1.9152
2026-08-19 22:30:00,1.91522,1.91588,1.91358,1.91524
2026-08-19 22:45:00,1.915,1.91633,1.91471,1.91544
2026-08-19 23:00:00,1.91537,1.91561,1.91171,1.91219
2026-08-19 23:15:00,1.91207,1.91411,1.91194,1.91305
2026-08-19 23:30:00,1.91299,1.91357,1.91201,1.91267
2026-08-19 23:45:00,1.9128,1.91395,1.91162,1.91327
2026-08-20 00:00:00,1.91342,1.91342,1.911,1.91119
2026-08-20 00:15:00,1.91147,1.91322,1.91129,1.91172
2026-08-20 00:30:00,1.91187,1.91275,1.91133,1.91171
2026-08-20 00:45:00,1.91158,1.91239,1.91096,1.91125
2026-08-20 01:00:00,1.91107,1.9116,1.91031,1.91045
2026-08-20 01:15:00,1.91067,1.9112,1.90984,1.91048
2026-08-20 01:30:00,1.91053,1.91075,1.90994,1.91017
2026-08-20 01:45:00,1.91019,1.9111,1.90961,1.91058
2026-08-20 02:00:00,1.91053,1.91071,1.90956,1.90982
2026-08-20 02:15:00,1.90976,1.91042,1.90951,1.91038
2026-08-20 02:30:00,1.91029,1.91053,1.91008,1.91012
2026-08-20 02:45:00,1.91018,1.91103,1.91005,1.91058
2026-08-20 03:00:00,1.9107,1.91103,1.91035,1.91067
2026-08-20 03:15:00,1.91069,1.91096,1.91032,1.91037
2026-08-20 03:30:00,1.91043,1.91078,1.90997,1.91069
2026-08-20 03:45:00,1.91064,1.91124,1.91033,1.91057
2026-08-20 04:00:00,1.91063,1.91081,1.91003,1.91068
2026-08-20 04:15:00,1.91064,1.91115,1.91052,1.9108
2026-08-20 04:30:00,1.91076,1.91111,1.91027,1.91098
2026-08-20 04:45:00,1.91096,1.91114,1.91025,1.9106
2026-08-20 05:00:00,1.91055,1.91057,1.90987,1.91014
2026-08-20 05:15:00,1.91002,1.91036,1.90992,1.91016
2026-08-20 05:30:00,1.91011,1.9102,1.9095,1.90952
2026-08-20 05:45:00,1.90955,1.91036,1.90954,1.91032
2026-08-20 06:00:00,1.91024,1.91027,1.90987,1.91
2026-08-20 06:15:00,1.90998,1.91007,1.90943,1.90969
2026-08-20 06:30:00,1.90962,1.90983,1.9094,1.90979
2026-08-20 06:45:00,1.90974,1.90979,1.90952,1.90971
2026-08-20 07:00:00,1.90968,1.91305,1.90734,1.91025
2026-08-20 07:15:00,1.91046,1.91165,1.90978,1.91101
2026-08-20 07:30:00,1.91097,1.91151,1.91018,1.91052
2026-08-20 07:45:00,1.91045,1.91088,1.90926,1.91036
2026-08-20 08:00:00,1.91044,1.91059,1.90969,1.91006
2026-08-20 08:15:00,1.90997,1.91,1.90955,1.90969
2026-08-20 08:30:00,1.90966,1.90975,1.90919,1.90921
2026-08-20 08:45:00,1.90922,1.90953,1.90915,1.90945
2026-08-20 09:00:00,1.90938,1.9096,1.90856,1.90887
2026-08-20 09:15:00,1.9088,1.90915,1.90879,1.90885
2026-08-20 09:30:00,1.90889,1.90934,1.90888,1.90928
2026-08-20 09:45:00,1.90925,1.90956,1.90906,1.90929
2026-08-20 10:00:00,1.9093,1.90987,1.90906,1.90936
2026-08-20 10:15:00,1.90938,1.90953,1.90895,1.9092
2026-08-20 10:30:00,1.90923,1.90981,1.90912,1.90975
2026-08-20 10:45:00,1.90968,1.91111,1.90968,1.91106
2026-08-20 11:00:00,1.91097,1.91119,1.91015,1.9102
2026-08-20 11:15:00,1.91029,1.91057,1.90958,1.90967
2026-08-20 11:30:00,1.90984,1.91535,1.90834,1.91198
2026-08-20 11:45:00,1.91215,1.91365,1.91137,1.91258
2026-08-20 12:00:00,1.91266,1.91299,1.91201,1.91291
2026-08-20 12:15:00,1.91285,1.91313,1.91251,1.91285
2026-08-20 12:30:00,1.91283,1.9131,1.91252,1.91271
2026-08-20 12:45:00,1.91263,1.91287,1.91215,1.91244
2026-08-20 13:00:00,1.9124,1.91302,1.91231,1.9126
2026-08-20 13:15:00,1.91267,1.91267,1.91205,1.91242
2026-08-20 13:30:00,1.91239,1.91281,1.91225,1.91257
2026-08-20 13:45:00,1.91262,1.9127,1.91204,1.91215
2026-08-20 14:00:00,1.91211,1.91223,1.91133,1.91159
2026-08-20 14:15:00,1.91155,1.91194,1.91135,1.91189
2026-08-20 14:30:00,1.91184,1.9125,1.91183,1.91249
2026-08-20 14:45:00,1.91244,1.9131,1.91235,1.9129
2026-08-20 15:00:00,1.91282,1.91298,1.91249,1.91276
2026-08-20 15:15:00,1.91278,1.91288,1.91213,1.91243
2026-08-20 15:30:00,1.91233,1.91258,1.9122,1.91225
2026-08-20 15:45:00,1.9123,1.91241,1.91178,1.91205
2026-08-20 16:00:00,1.91197,1.91242,1.91167,1.91233
2026-08-20 16:15:00,1.91219,1.9126,1.91177,1.91179
2026-08-20 16:30:00,1.91186,1.91212,1.91148,1.91164
2026-08-20 16:45:00,1.91165,1.91202,1.91137,1.91163
2026-08-20 17:00:00,1.91154,1.91216,1.91132,1.91171
2026-08-20 17:15:00,1.91162,1.91264,1.91156,1.91205
2026-08-20 17:30:00,1.91211,1.91344,1.91181,1.91324
2026-08-20 17:45:00,1.91318,1.91361,1.91261,1.91264
2026-08-20 18:00:00,1.91266,1.91331,1.91255,1.91288
2026-08-20 18:15:00,1.91288,1.91366,1.91263,1.91362
2026-08-20 18:30:00,1.91356,1.91399,1.9129,1.9132
2026-08-20 18:45:00,1.91314,1.91418,1.91304,1.91413
2026-08-20 19:00:00,1.91409,1.91416,1.91336,1.91343
2026-08-20 19:15:00,1.91354,1.91367,1.91287,1.91356
2026-08-20 19:30:00,1.91345,1.91442,1.91336,1.91419
2026-08-20 19:45:00,1.91427,1.91479,1.91405,1.91474
2026-08-20 20:00:00,1.91465,1.9153,1.91406,1.91521
2026-08-20 20:15:00,1.91513,1.91528,1.91468,1.9149
2026-08-20 20:30:00,1.91494,1.91507,1.91465,1.91487
2026-08-20 20:45:00,1.91483,1.91565,1.91467,1.91564
2026-08-20 21:00:00,1.91558,1.91568,1.91478,1.91566
2026-08-20 21:15:00,1.91557,1.91607,1.91535,1.91589
2026-08-20 21:30:00,1.9158,1.9163,1.91544,1.91589
2026-08-20 21:45:00,1.916,1.91761,1.91592,1.9176
2026-08-20 22:00:00,1.91754,1.91815,1.91718,1.91798
2026-08-20 22:15:00,1.91787,1.91912,1.91757,1.91789
2026-08-20 22:30:00,1.9179,1.918,1.91695,1.9173
2026-08-20 22:45:00,1.91725,1.91766,1.91636,1.91727
2026-08-20 23:00:00,1.9172,1.91736,1.9163,1.91661
2026-08-20 23:15:00,1.9166,1.9166,1.91542,1.91545
2026-08-20 23:30:00,1.91553,1.91582,1.91467,1.9147
2026-08-20 23:45:00,1.91474,1.91617,1.91459,1.91599
2026-08-21 00:00:00,1.9158,1.91622,1.91444,1.91475
2026-08-21 00:15:00,1.91456,1.91555,1.91437,1.91531
2026-08-21 00:30:00,1.91541,1.91541,1.91368,1.91374
2026-08-21 00:45:00,1.91387,1.91434,1.91378,1.91428
2026-08-21 01:00:00,1.91415,1.91502,1.91298,1.91498
2026-08-21 01:15:00,1.9149,1.91494,1.91379,1.91447
2026-08-21 01:30:00,1.91426,1.91595,1.91404,1.9158
2026-08-21 01:45:00,1.91557,1.91588,1.91521,1.9156
2026-08-21 02:00:00,1.91567,1.91593,1.91536,1.91563
2026-08-21 02:15:00,1.91566,1.91607,1.91543,1.91603
2026-08-21 02:30:00,1.91595,1.91625,1.91538,1.91621
2026-08-21 02:45:00,1.91614,1.91684,1.91583,1.91672
2026-08-21 03:00:00,1.91667,1.91668,1.91608,1.91627
2026-08-21 03:15:00,1.91624,1.91624,1.9158,1.91599
2026-08-21 03:30:00,1.91595,1.91611,1.91565,1.91582
2026-08-21 03:45:00,1.91586,1.91614,1.91573,1.91585
2026-08-21 04:00:00,1.91591,1.91666,1.91591,1.91657
2026-08-21 04:15:00,1.91653,1.91694,1.91638,1.91687
2026-08-21 04:30:00,1.91681,1.91684,1.9163,1.91635
2026-08-21 04:45:00,1.91635,1.91664,1.91624,1.91646
2026-08-21 05:00:00,1.91647,1.9167,1.91628,1.91665
2026-08-21 05:15:00,1.9166,1.91673,1.91639,1.91653
2026-08-21 05:30:00,1.91649,1.91685,1.91623,1.91625
2026-08-21 05:45:00,1.91627,1.91652,1.91623,1.91628
2026-08-21 06:00:00,1.91631,1.91632,1.91603,1.91624
2026-08-21 06:15:00,1.91621,1.9163,1.91596,1.91628
2026-08-21 06:30:00,1.91622,1.91637,1.9161,1.91631
2026-08-21 06:45:00,1.91626,1.91652,1.91614,1.91614
2026-08-21 07:00:00,1.91617,1.91648,1.91532,1.91643
2026-08-21 07:15:00,1.91634,1.91709,1.91634,1.91665
2026-08-21 07:30:00,1.91671,1.91718,1.91661,1.91715
2026-08-21 07:45:00,1.9171,1.91747,1.91701,1.91741
2026-08-21 08:00:00,1.91727,1.91751,1.91631,1.91681
2026-08-21 08:15:00,1.91677,1.91677,1.91631,1.91654
2026-08-21 08:30:00,1.91649,1.91663,1.91616,1.91646
2026-08-21 08:45:00,1.91643,1.91647,1.9161,1.91637
2026-08-21 09:00:00,1.91639,1.91665,1.91616,1.91652
2026-08-21 09:15:00,1.91653,1.91675,1.91635,1.91656
2026-08-21 09:30:00,1.91658,1.91658,1.91614,1.91652
2026-08-21 09:45:00,1.91648,1.91652,1.91608,1.91629
2026-08-21 10:00:00,1.91636,1.91662,1.91512,1.91515
2026-08-21 10:15:00,1.91521,1.91558,1.91503,1.91548
2026-08-21 10:30:00,1.9153,1.9153,1.91461,1.91482
2026-08-21 10:45:00,1.91474,1.9151,1.91451,1.91508
2026-08-21 11:00:00,1.91506,1.91515,1.91455,1.91461
2026-08-21 11:15:00,1.91473,1.91484,1.91378,1.91384
2026-08-21 11:30:00,1.91394,1.91436,1.91375,1.91413
2026-08-21 11:45:00,1.91411,1.91411,1.91266,1.9127
2026-08-21 12:00:00,1.91272,1.91274,1.91226,1.91253
2026-08-21 12:15:00,1.91248,1.91248,1.91136,1.91192
2026-08-21 12:30:00,1.9119,1.91225,1.91156,1.91195
2026-08-21 12:45:00,1.91195,1.91239,1.91132,1.91188
2026-08-21 13:00:00,1.91172,1.91185,1.91128,1.9116
2026-08-21 13:15:00,1.91156,1.91164,1.91094,1.91118
2026-08-21 13:30:00,1.91107,1.91147,1.91051,1.91061
2026-08-21 13:45:00,1.91082,1.91098,1.91042,1.9109
2026-08-21 14:00:00,1.91087,1.91103,1.91049,1.9105
2026-08-21 14:15:00,1.91054,1.91078,1.91044,1.91067
2026-08-21 14:30:00,1.91065,1.91092,1.91047,1.9108
2026-08-21 14:45:00,1.91073,1.91088,1.91026,1.91085
2026-08-21 15:00:00,1.91078,1.91111,1.91056,1.91085
2026-08-21 15:15:00,1.91087,1.91106,1.91062,1.91084
2026-08-21 15:30:00,1.91085,1.91108,1.91025,1.91033
2026-08-21 15:45:00,1.91044,1.91086,1.91033,1.91077
2026-08-21 16:00:00,1.91069,1.91083,1.90991,1.91014
2026-08-21 16:15:00,1.91009,1.91061,1.90968,1.9098
2026-08-21 16:30:00,1.90989,1.9101,1.90947,1.91003
2026-08-21 16:45:00,1.90996,1.91045,1.90985,1.91041
2026-08-21 17:00:00,1.91032,1.9105,1.90934,1.90996
2026-08-21 17:15:00,1.90993,1.91054,1.90969,1.91
2026-08-21 17:30:00,1.90991,1.91007,1.90916,1.90942
2026-08-21 17:45:00,1.90934,1.9095,1.90752,1.90759
2026-08-21 18:00:00,1.9077,1.90779,1.90689,1.90692
2026-08-21 18:15:00,1.90696,1.90703,1.90548,1.9061
2026-08-21 18:30:00,1.90598,1.90716,1.90595,1.90662
2026-08-21 18:45:00,1.90669,1.9081,1.90663,1.90801
2026-08-21 19:00:00,1.90772,1.90874,1.90772,1.90832
2026-08-21 19:15:00,1.90842,1.90871,1.90794,1.90832
2026-08-21 19:30:00,1.90842,1.90862,1.90747,1.90781
2026-08-21 19:45:00,1.90772,1.90772,1.90699,1.90738
2026-08-21 20:00:00,1.90712,1.90772,1.9068,1.90746
2026-08-21 20:15:00,1.90737,1.90785,1.90719,1.90759
2026-08-21 20:30:00,1.90753,1.90778,1.90706,1.9072
2026-08-21 20:45:00,1.90722,1.90751,1.90595,1.90617
2026-08-21 21:00:00,1.90622,1.90686,1.90604,1.90684
2026-08-21 21:15:00,1.90677,1.90719,1.90652,1.90658
2026-08-21 21:30:00,1.90657,1.90678,1.90566,1.90594
2026-08-21 21:45:00,1.90586,1.90649,1.9058,1.90646
2026-08-21 22:00:00,1.90639,1.9066,1.90494,1.90498
2026-08-21 22:15:00,1.90503,1.9056,1.90467,1.90489
2026-08-21 22:30:00,1.90487,1.90527,1.90407,1.90471
2026-08-21 22:45:00,1.90458,1.90485,1.9038,1.90407
2026-08-21 23:00:00,1.90397,1.90412,1.90301,1.90319
2026-08-21 23:15:00,1.90314,1.90371,1.90306,1.90316
2026-08-21 23:30:00,1.9032,1.9044,1.90304,1.90384
2026-08-21 23:45:00,1.9038,1.90398,1.90228,1.90271
2026-08-22 00:00:00,1.90257,1.9034,1.90257,1.9031
2026-08-22 00:15:00,1.90306,1.90325,1.90214,1.90218
2026-08-22 00:30:00,1.90224,1.90246,1.90131,1.90211
2026-08-22 00:45:00,1.90224,1.90259,1.90153,1.90174
2026-08-22 01:00:00,1.90177,1.90202,1.90083,1.90154
2026-08-22 01:15:00,1.90146,1.90185,1.90068,1.90099
2026-08-22 01:30:00,1.90091,1.90127,1.90018,1.90021
2026-08-22 01:45:00,1.90029,1.90121,1.90015,1.90118
2026-08-22 02:00:00,1.90112,1.90159,1.90088,1.90149
2026-08-22 02:15:00,1.90138,1.90228,1.90121,1.90208
2026-08-22 02:30:00,1.90205,1.90232,1.90198,1.90217
2026-08-22 02:45:00,1.90211,1.90229,1.90175,1.9021
2026-08-22 03:00:00,1.90211,1.90217,1.90125,1.9015
2026-08-22 03:15:00,1.90142,1.90176,1.90122,1.90163
2026-08-22 03:30:00,1.90159,1.90175,1.90125,1.90143
2026-08-22 03:45:00,1.90141,1.90189,1.90125,1.90168
2026-08-22 04:00:00,1.90162,1.90191,1.90141,1.90156
2026-08-22 04:15:00,1.9016,1.90194,1.90153,1.90181
2026-08-22 04:30:00,1.90176,1.90203,1.9017,1.90196
2026-08-22 04:45:00,1.90198,1.90198,1.9016,1.90181
2026-08-22 05:00:00,1.90176,1.90217,1.90169,1.90215
2026-08-22 05:15:00,1.9021,1.90244,1.90196,1.90241
2026-08-22 05:30:00,1.90236,1.90279,1.90232,1.90251
2026-08-22 05:45:00,1.90249,1.90265,1.90222,1.90257
2026-08-22 06:00:00,1.90251,1.90298,1.90249,1.90268
2026-08-22 06:15:00,1.90266,1.90273,1.90251,1.90263
2026-08-22 06:30:00,1.90258,1.90276,1.90222,1.90263
2026-08-22 06:45:00,1.90256,1.90303,1.90256,1.90299
2026-08-22 07:00:00,1.9029,1.90357,1.90204,1.90296
2026-08-22 07:15:00,1.90289,1.9031,1.90275,1.90284
2026-08-22 07:30:00,1.90292,1.9033,1.9023,1.90324
2026-08-22 07:45:00,1.90312,1.90312,1.90256,1.90278
2026-08-22 08:00:00,1.90283,1.90447,1.90175,1.90287
2026-08-22 08:15:00,1.90291,1.90305,1.90277,1.90295
2026-08-22 08:30:00,1.90291,1.90331,1.90233,1.90285
2026-08-22 08:45:00,1.90285,1.90302,1.90274,1.90276
2026-08-22 09:00:00,1.90282,1.90376,1.90245,1.90296
2026-08-22 09:15:00,1.90292,1.90303,1.90277,1.90283
2026-08-22 09:30:00,1.90284,1.90296,1.9027,1.90292
2026-08-22 09:45:00,1.90288,1.90295,1.90279,1.90281
2026-08-22 10:00:00,1.90283,1.90307,1.90248,1.90303
2026-08-22 10:15:00,1.90297,1.90307,1.90291,1.90302
2026-08-22 10:30:00,1.90299,1.90307,1.90294,1.90303
2026-08-22 10:45:00,1.90299,1.90307,1.90293,1.90301
2026-08-22 11:00:00,1.903,1.90308,1.90296,1.90297
2026-08-22 11:15:00,1.90299,1.90307,1.90291,1.90301
2026-08-22 11:30:00,1.90298,1.90319,1.90288,1.90303
2026-08-22 11:45:00,1.90299,1.90308,1.90296,1.90302
2026-08-22 12:00:00,1.903,1.90308,1.90292,1.90298
2026-08-22 12:15:00,1.90299,1.90307,1.90294,1.90302
2026-08-22 12:30:00,1.90297,1.90307,1.90289,1.90302
2026-08-22 12:45:00,1.90298,1.903,1.90265,1.90277
2026-08-22 13:00:00,1.9028,1.90295,1.90272,1.90291
2026-08-22 13:15:00,1.90286,1.90305,1.90268,1.90277
2026-08-22 13:30:00,1.90278,1.90291,1.90274,1.90291
2026-08-22 13:45:00,1.90287,1.90295,1.90273,1.90278
2026-08-22 14:00:00,1.90278,1.90293,1.90272,1.90285
2026-08-22 14:15:00,1.90283,1.90308,1.90272,1.90299
2026-08-22 14:30:00,1.90299,1.90304,1.90282,1.90303
2026-08-22 14:45:00,1.90298,1.90305,1.90273,1.90288
2026-08-22 15:00:00,1.90289,1.9031,1.90279,1.90297
2026-08-22 15:15:00,1.90293,1.90307,1.90281,1.90284
2026-08-22 15:30:00,1.90291,1.90306,1.90283,1.90298
2026-08-22 15:45:00,1.90295,1.90304,1.90274,1.90288
2026-08-22 16:00:00,1.90288,1.90311,1.9028,1.90304
2026-08-22 16:15:00,1.90302,1.90311,1.90281,1.90295
2026-08-22 16:30:00,1.90297,1.90311,1.90278,1.90307
2026-08-22 16:45:00,1.90302,1.90311,1.90281,1.90301
2026-08-22 17:00:00,1.90296,1.90312,1.9028,1.90304
2026-08-22 17:15:00,1.90302,1.90308,1.90281,1.90295
2026-08-22 17:30:00,1.90298,1.90312,1.90278,1.90305
2026-08-22 17:45:00,1.90302,1.90308,1.90278,1.90289
2026-08-22 18:00:00,1.90289,1.90309,1.90279,1.90302
2026-08-22 18:15:00,1.90299,1.90312,1.90267,1.90271
2026-08-22 18:30:00,1.90283,1.90304,1.9027,1.90299
2026-08-22 18:45:00,1.90296,1.90307,1.90272,1.90287
2026-08-22 19:00:00,1.90286,1.90313,1.90265,1.90309
2026-08-22 19:15:00,1.903,1.90303,1.90265,1.90278
2026-08-22 19:30:00,1.90286,1.90317,1.90264,1.90309
2026-08-22 19:45:00,1.90309,1.90317,1.90301,1.90309
2026-08-22 20:00:00,1.90305,1.90354,1.90276,1.90309
2026-08-22 20:15:00,1.90306,1.90314,1.9029,1.90297
2026-08-22 20:30:00,1.90301,1.90313,1.90298,1.90305
2026-08-22 20:45:00,1.90306,1.90313,1.90293,1.90307
2026-08-22 21:00:00,1.90303,1.90313,1.90301,1.90307
2026-08-22 21:15:00,1.90304,1.90311,1.9029,1.90306
2026-08-22 21:30:00,1.90303,1.90355,1.90292,1.90344
2026-08-22 21:45:00,1.90322,1.90322,1.9029,1.90296
2026-08-22 22:00:00,1.90293,1.90319,1.90288,1.90308
2026-08-22 22:15:00,1.90304,1.90316,1.90301,1.90313
2026-08-22 22:30:00,1.90307,1.90317,1.90284,1.90286
2026-08-22 22:45:00,1.90287,1.90306,1.90285,1.90303
2026-08-22 23:00:00,1.90295,1.90295,1.90276,1.90283
2026-08-22 23:15:00,1.90279,1.90338,1.90274,1.90275
2026-08-22 23:30:00,1.90275,1.90278,1.90267,1.90268
2026-08-22 23:45:00,1.9027,1.90289,1.90264,1.90278
2026-08-23 00:00:00,1.90274,1.90306,1.90261,1.90303
2026-08-23 00:15:00,1.90294,1.90294,1.90275,1.9028
2026-08-23 00:30:00,1.90278,1.90298,1.9027,1.90275
2026-08-23 00:45:00,1.90276,1.90283,1.90269,1.90276
2026-08-23 01:00:00,1.90272,1.90338,1.90263,1.90269
2026-08-23 01:15:00,1.90265,1.90286,1.90254,1.90283
2026-08-23 01:30:00,1.90274,1.90279,1.90258,1.90258
2026-08-23 01:45:00,1.90259,1.9028,1.90252,1.90262
2026-08-23 02:00:00,1.90262,1.90284,1.90232,1.90239
2026-08-23 02:15:00,1.90236,1.90255,1.9023,1.90236
2026-08-23 02:30:00,1.90233,1.90329,1.902,1.90321
2026-08-23 02:45:00,1.90306,1.90321,1.90271,1.90287
2026-08-23 03:00:00,1.90288,1.90299,1.90236,1.90242
2026-08-23 03:15:00,1.90244,1.90259,1.90232,1.90252
2026-08-23 03:30:00,1.9023,1.90289,1.9023,1.90274
2026-08-23 03:45:00,1.90274,1.90307,1.90266,1.90302
2026-08-23 04:00:00,1.90295,1.90315,1.90234,1.90248
2026-08-23 04:15:00,1.90245,1.90326,1.90232,1.90311
2026-08-23 04:30:00,1.90307,1.90308,1.9027,1.90291
2026-08-23 04:45:00,1.90282,1.90317,1.90282,1.90307
2026-08-23 05:00:00,1.90308,1.90329,1.90266,1.90296
2026-08-23 05:15:00,1.90289,1.90303,1.90287,1.90299
2026-08-23 05:30:00,1.90294,1.90307,1.9029,1.903
2026-08-23 05:45:00,1.90299,1.90307,1.90251,1.90252
2026-08-23 06:00:00,1.90254,1.90308,1.90212,1.90305
2026-08-23 06:15:00,1.90299,1.90317,1.90299,1.90312
2026-08-23 06:30:00,1.90308,1.90316,1.90296,1.90309
2026-08-23 06:45:00,1.90307,1.90316,1.90291,1.90292
2026-08-23 07:00:00,1.90293,1.90296,1.90224,1.90257
2026-08-23 07:15:00,1.90257,1.90279,1.90245,1.90261
2026-08-23 07:30:00,1.90258,1.90318,1.9025,1.90303
2026-08-23 07:45:00,1.90269,1.90342,1.90269,1.90295
2026-08-23 08:00:00,1.90296,1.90316,1.90238,1.90248
2026-08-23 08:15:00,1.90249,1.90254,1.90243,1.90248
2026-08-23 08:30:00,1.90244,1.90262,1.90238,1.90244
2026-08-23 08:45:00,1.90241,1.9025,1.90239,1.90241
2026-08-23 09:00:00,1.90241,1.90259,1.9019,1.90192
2026-08-23 09:15:00,1.90193,1.90295,1.90166,1.90235
2026-08-23 09:30:00,1.90237,1.90237,1.90219,1.90226
2026-08-23 09:45:00,1.90222,1.90245,1.90214,1.90223
2026-08-23 10:00:00,1.90223,1.90309,1.90211,1.90286
2026-08-23 10:15:00,1.90288,1.90305,1.90273,1.90278
2026-08-23 10:30:00,1.90275,1.9029,1.9027,1.90278
2026-08-23 10:45:00,1.90274,1.90279,1.90265,1.9027
2026-08-23 11:00:00,1.90268,1.90348,1.90228,1.9027
2026-08-23 11:15:00,1.90272,1.9028,1.90269,1.90275
2026-08-23 11:30:00,1.90272,1.90289,1.90266,1.90275
2026-08-23 11:45:00,1.9027,1.9029,1.90268,1.90281
2026-08-23 12:00:00,1.9028,1.90288,1.90277,1.90278
2026-08-23 12:15:00,1.9028,1.90296,1.90277,1.90291
2026-08-23 12:30:00,1.90287,1.9032,1.90269,1.90289
2026-08-23 12:45:00,1.90285,1.90337,1.90252,1.90271
2026-08-23 13:00:00,1.90269,1.90285,1.90263,1.90263
2026-08-23 13:15:00,1.90264,1.90269,1.90256,1.90264
2026-08-23 13:30:00,1.90259,1.90276,1.90251,1.90258
2026-08-23 13:45:00,1.90254,1.90262,1.90251,1.90256
2026-08-23 14:00:00,1.90253,1.90271,1.90246,1.90247
2026-08-23 14:15:00,1.90248,1.90303,1.90245,1.90263
2026-08-23 14:30:00,1.90264,1.90264,1.90249,1.90256
2026-08-23 14:45:00,1.90252,1.90272,1.90244,1.90251
2026-08-23 15:00:00,1.90248,1.90254,1.90242,1.90245
2026-08-23 15:15:00,1.90246,1.90266,1.90235,1.90244
2026-08-23 15:30:00,1.90245,1.90267,1.9024,1.9026
2026-08-23 15:45:00,1.90258,1.90258,1.90243,1.90249
2026-08-23 16:00:00,1.90245,1.90332,1.90242,1.90274
2026-08-23 16:15:00,1.90274,1.90283,1.90271,1.90272
2026-08-23 16:30:00,1.90273,1.90287,1.90262,1.90269
2026-08-23 16:45:00,1.90266,1.90281,1.90259,1.90269
2026-08-23 17:00:00,1.90265,1.90269,1.90253,1.90258
2026-08-23 17:15:00,1.90256,1.90273,1.90248,1.90249
2026-08-23 17:30:00,1.9025,1.90268,1.90247,1.90264
2026-08-23 17:45:00,1.9026,1.90333,1.90255,1.90325
2026-08-23 18:00:00,1.90314,1.90314,1.90271,1.90297
2026-08-23 18:15:00,1.90295,1.90303,1.90292,1.90294
2026-08-23 18:30:00,1.90295,1.90308,1.90292,1.90303
2026-08-23 18:45:00,1.90299,1.90308,1.90297,1.90303
2026-08-23 19:00:00,1.90299,1.90311,1.90296,1.90305
2026-08-23 19:15:00,1.90303,1.90324,1.903,1.90314
2026-08-23 19:30:00,1.90316,1.90324,1.90313,1.90316
2026-08-23 19:45:00,1.90316,1.90324,1.90312,1.9032
2026-08-23 20:00:00,1.90316,1.90324,1.90313,1.90319
2026-08-23 20:15:00,1.90316,1.90324,1.90313,1.90315
2026-08-23 20:30:00,1.90316,1.90324,1.90313,1.90315
2026-08-23 20:45:00,1.90316,1.90324,1.90313,1.90319
2026-08-23 21:00:00,1.90316,1.90324,1.90313,1.9032
2026-08-23 21:15:00,1.90316,1.90324,1.90313,1.90316
2026-08-23 21:30:00,1.90316,1.90372,1.90309,1.90351
2026-08-23 21:45:00,1.90352,1.90361,1.90349,1.90355
2026-08-23 22:00:00,1.90352,1.90361,1.90349,1.90356
2026-08-23 22:15:00,1.90352,1.90361,1.9035,1.90354
2026-08-23 22:30:00,1.90352,1.90361,1.90349,1.90351
2026-08-23 22:45:00,1.90352,1.90361,1.90349,1.90355
2026-08-23 23:00:00,1.90352,1.90361,1.90349,1.90356
2026-08-23 23:15:00,1.90352,1.90386,1.90349,1.90377
2026-08-23 23:30:00,1.90375,1.90384,1.90365,1.90368
2026-08-23 23:45:00,1.90372,1.90372,1.90319,1.90348
2026-08-24 00:00:00,1.90344,1.9036,1.9027,1.90322
2026-08-24 00:15:00,1.90317,1.90326,1.90286,1.90292
2026-08-24 00:30:00,1.9029,1.90301,1.90289,1.90292
2026-08-24 00:45:00,1.90294,1.90303,1.9029,1.90293
2026-08-24 01:00:00,1.90293,1.90348,1.90279,1.90285
2026-08-24 01:15:00,1.90281,1.90291,1.90278,1.90284
2026-08-24 01:30:00,1.90281,1.90296,1.90278,1.90289
2026-08-24 01:45:00,1.9029,1.90298,1.90286,1.90289
2026-08-24 02:00:00,1.9029,1.90306,1.90186,1.90285
2026-08-24 02:15:00,1.90282,1.9029,1.90278,1.90284
2026-08-24 02:30:00,1.90281,1.9035,1.9027,1.90301
2026-08-24 02:45:00,1.90306,1.90339,1.90202,1.90235
2026-08-24 03:00:00,1.90228,1.90307,1.90218,1.90285
2026-08-24 03:15:00,1.90282,1.90304,1.90136,1.90161
2026-08-24 03:30:00,1.90153,1.90247,1.90122,1.90245
2026-08-24 03:45:00,1.90242,1.90274,1.90216,1.90248
2026-08-24 04:00:00,1.90249,1.90297,1.90195,1.90282
2026-08-24 04:15:00,1.90277,1.90346,1.90276,1.90295
2026-08-24 04:30:00,1.9029,1.90323,1.90239,1.90289
2026-08-24 04:45:00,1.90289,1.90308,1.90281,1.90306
2026-08-24 05:00:00,1.90302,1.90344,1.90182,1.90214
2026-08-24 05:15:00,1.90272,1.90392,1.90092,1.90115
2026-08-24 05:30:00,1.90163,1.90359,1.89958,1.90138
2026-08-24 05:45:00,1.90153,1.90313,1.9008,1.90099
2026-08-24 06:00:00,1.90146,1.90429,1.90067,1.90122
2026-08-24 06:15:00,1.90168,1.90411,1.90116,1.90257
2026-08-24 06:30:00,1.90244,1.90366,1.90081,1.90222
2026-08-24 06:45:00,1.90203,1.90404,1.90129,1.90225
2026-08-24 07:00:00,1.90301,1.90471,1.90253,1.90379
2026-08-24 07:15:00,1.90371,1.90393,1.90287,1.90327
2026-08-24 07:30:00,1.90322,1.90482,1.90221,1.90333
2026-08-24 07:45:00,1.90337,1.90404,1.90288,1.90293
2026-08-24 08:00:00,1.90301,1.90355,1.90248,1.90327
2026-08-24 08:15:00,1.90321,1.90332,1.90294,1.90325
2026-08-24 08:30:00,1.90321,1.90326,1.90278,1.90286
2026-08-24 08:45:00,1.90299,1.90306,1.90273,1.90304
2026-08-24 09:00:00,1.90303,1.90348,1.90286,1.9032
2026-08-24 09:15:00,1.90321,1.9037,1.90318,1.9037
2026-08-24 09:30:00,1.90367,1.90384,1.90329,1.9038
2026-08-24 09:45:00,1.90374,1.90411,1.90361,1.90398
2026-08-24 10:00:00,1.90391,1.90415,1.90302,1.90314
2026-08-24 10:15:00,1.90318,1.90411,1.90304,1.90368
2026-08-24 10:30:00,1.90372,1.90375,1.90314,1.90369
2026-08-24 10:45:00,1.90365,1.90371,1.90264,1.90332
2026-08-24 11:00:00,1.90329,1.90335,1.90209,1.90216
2026-08-24 11:15:00,1.90235,1.90365,1.90228,1.90336
2026-08-24 11:30:00,1.90333,1.90368,1.90315,1.90363
2026-08-24 11:45:00,1.90346,1.90406,1.9034,1.90401
2026-08-24 12:00:00,1.90399,1.90448,1.90364,1.90379
2026-08-24 12:15:00,1.90373,1.90401,1.90351,1.904
2026-08-24 12:30:00,1.90396,1.9041,1.90362,1.90387
2026-08-24 12:45:00,1.90389,1.90497,1.90389,1.90488
2026-08-24 13:00:00,1.90479,1.90521,1.90475,1.90487
2026-08-24 13:15:00,1.90494,1.905,1.90449,1.90456
2026-08-24 13:30:00,1.90463,1.90485,1.90439,1.90468
2026-08-24 13:45:00,1.90464,1.90487,1.90447,1.90467
2026-08-24 14:00:00,1.90461,1.90481,1.90422,1.90445
2026-08-24 14:15:00,1.90449,1.90479,1.9041,1.90463
2026-08-24 14:30:00,1.90467,1.90474,1.90398,1.90402
2026-08-24 14:45:00,1.90405,1.90417,1.90378,1.90413
2026-08-24 15:00:00,1.90409,1.90426,1.90353,1.90369
2026-08-24 15:15:00,1.9037,1.90377,1.90338,1.90363
2026-08-24 15:30:00,1.90356,1.90389,1.90334,1.90337
2026-08-24 15:45:00,1.9034,1.90351,1.90292,1.90316
2026-08-24 16:00:00,1.90309,1.90366,1.90307,1.90359
2026-08-24 16:15:00,1.90358,1.90415,1.90331,1.90397
2026-08-24 16:30:00,1.904,1.90414,1.9031,1.90314
2026-08-24 16:45:00,1.90317,1.90337,1.90247,1.90318
2026-08-24 17:00:00,1.90314,1.90366,1.90285,1.9036
2026-08-24 17:15:00,1.90355,1.90419,1.90333,1.90405
2026-08-24 17:30:00,1.90408,1.90458,1.90365,1.90375
2026-08-24 17:45:00,1.90392,1.90392,1.90301,1.90311
2026-08-24 18:00:00,1.90318,1.90377,1.90273,1.90312
2026-08-24 18:15:00,1.90316,1.90355,1.90284,1.90344
2026-08-24 18:30:00,1.90341,1.9038,1.90329,1.90337
2026-08-24 18:45:00,1.90336,1.90348,1.90249,1.90258
2026-08-24 19:00:00,1.90276,1.90307,1.90221,1.90282
2026-08-24 19:15:00,1.90282,1.90327,1.90281,1.90285
2026-08-24 19:30:00,1.90294,1.90329,1.90278,1.90281
2026-08-24 19:45:00,1.90288,1.90327,1.90256,1.90326
2026-08-24 20:00:00,1.90319,1.90344,1.9026,1.90279
2026-08-24 20:15:00,1.90275,1.90309,1.90265,1.90288
2026-08-24 20:30:00,1.90292,1.90316,1.90254,1.90279
2026-08-24 20:45:00,1.90287,1.9034,1.90287,1.90299
2026-08-24 21:00:00,1.90301,1.90389,1.90296,1.90365
2026-08-24 21:15:00,1.90367,1.9039,1.90307,1.90337
2026-08-24 21:30:00,1.9034,1.90354,1.90244,1.90306
2026-08-24 21:45:00,1.9029,1.90369,1.90289,1.90349
2026-08-24 22:00:00,1.90354,1.90439,1.90345,1.90398
2026-08-24 22:15:00,1.9039,1.90412,1.90353,1.90394
2026-08-24 22:30:00,1.9039,1.90485,1.90358,1.90447
2026-08-24 22:45:00,1.90428,1.90496,1.90395,1.90495
2026-08-24 23:00:00,1.90491,1.90504,1.90435,1.90461
2026-08-24 23:15:00,1.9045,1.90472,1.90383,1.90385
2026-08-24 23:30:00,1.90387,1.90472,1.9036,1.90462
2026-08-24 23:45:00,1.90449,1.90501,1.90372,1.9044
2026-08-25 00:00:00,1.90445,1.90472,1.90394,1.90471
2026-08-25 00:15:00,1.90465,1.90493,1.90425,1.90468
2026-08-25 00:30:00,1.90472,1.90571,1.90458,1.90564
2026-08-25 00:45:00,1.90555,1.90628,1.90544,1.90582
2026-08-25 01:00:00,1.90568,1.9067,1.90568,1.90666
2026-08-25 01:15:00,1.90651,1.90704,1.90639,1.90684
2026-08-25 01:30:00,1.90674,1.90689,1.9059,1.90591
2026-08-25 01:45:00,1.90594,1.90647,1.90554,1.90635
2026-08-25 02:00:00,1.90627,1.90651,1.90581,1.90634
2026-08-25 02:15:00,1.90632,1.90678,1.90625,1.90655
2026-08-25 02:30:00,1.90649,1.90712,1.90649,1.90684
2026-08-25 02:45:00,1.90686,1.90704,1.90624,1.90694
2026-08-25 03:00:00,1.90679,1.90742,1.90651,1.90695
2026-08-25 03:15:00,1.90684,1.90765,1.90684,1.90759
2026-08-25 03:30:00,1.90756,1.90782,1.9074,1.90756
2026-08-25 03:45:00,1.9076,1.90824,1.9076,1.90811
2026-08-25 04:00:00,1.90805,1.9082,1.90721,1.90725
2026-08-25 04:15:00,1.90731,1.90751,1.90674,1.90701
2026-08-25 04:30:00,1.90694,1.9072,1.90672,1.90675
2026-08-25 04:45:00,1.90679,1.9071,1.90672,1.90697
2026-08-25 05:00:00,1.907,1.90709,1.90667,1.90687
2026-08-25 05:15:00,1.90676,1.90693,1.90659,1.90677
2026-08-25 05:30:00,1.90673,1.90682,1.90652,1.90674
2026-08-25 05:45:00,1.90673,1.90683,1.90646,1.90676
2026-08-25 06:00:00,1.9067,1.90676,1.90638,1.90664
2026-08-25 06:15:00,1.90664,1.90675,1.90651,1.90667
2026-08-25 06:30:00,1.90662,1.90677,1.90642,1.90657
2026-08-25 06:45:00,1.90654,1.90664,1.90633,1.90637
2026-08-25 07:00:00,1.90639,1.90798,1.90628,1.90709
2026-08-25 07:15:00,1.90716,1.90745,1.90644,1.90656
2026-08-25 07:30:00,1.90656,1.90678,1.90614,1.90671
2026-08-25 07:45:00,1.90653,1.9074,1.90653,1.90728
2026-08-25 08:00:00,1.90722,1.9076,1.90646,1.90678
2026-08-25 08:15:00,1.90681,1.90683,1.90663,1.90673
2026-08-25 08:30:00,1.90668,1.90687,1.90653,1.90684
2026-08-25 08:45:00,1.9068,1.90691,1.90668,1.90678
2026-08-25 09:00:00,1.90682,1.9072,1.90669,1.90714
2026-08-25 09:15:00,1.90712,1.90723,1.90693,1.90721
2026-08-25 09:30:00,1.90712,1.90724,1.90651,1.90666
2026-08-25 09:45:00,1.90661,1.90661,1.90605,1.90608
2026-08-25 10:00:00,1.90613,1.90631,1.90556,1.9056
2026-08-25 10:15:00,1.90571,1.90616,1.90564,1.90574
2026-08-25 10:30:00,1.9058,1.90595,1.9052,1.90524
2026-08-25 10:45:00,1.90526,1.90612,1.90524,1.90563
2026-08-25 11:00:00,1.90577,1.906,1.9053,1.90536
2026-08-25 11:15:00,1.90543,1.906,1.90505,1.90549
2026-08-25 11:30:00,1.9056,1.90633,1.90544,1.90573
2026-08-25 11:45:00,1.90565,1.90607,1.90551,1.90603
2026-08-25 12:00:00,1.90595,1.9061,1.90533,1.90575
2026-08-25 12:15:00,1.90576,1.90593,1.90557,1.9056
2026-08-25 12:30:00,1.90567,1.90611,1.90526,1.90543
2026-08-25 12:45:00,1.90534,1.90586,1.9051,1.90583
2026-08-25 13:00:00,1.90578,1.90598,1.90488,1.90537
2026-08-25 13:15:00,1.90528,1.90537,1.9047,1.90498
2026-08-25 13:30:00,1.90489,1.90541,1.90472,1.90512
2026-08-25 13:45:00,1.90513,1.90585,1.90513,1.90582
2026-08-25 14:00:00,1.90572,1.90634,1.90572,1.9059
2026-08-25 14:15:00,1.90593,1.90671,1.90568,1.90667
2026-08-25 14:30:00,1.90662,1.90669,1.90607,1.90645
2026-08-25 14:45:00,1.90641,1.90649,1.906,1.90602
2026-08-25 15:00:00,1.90602,1.9061,1.90552,1.9056
2026-08-25 15:15:00,1.90564,1.90576,1.90505,1.90508
2026-08-25 15:30:00,1.90512,1.90532,1.9048,1.90522
2026-08-25 15:45:00,1.90503,1.90597,1.90491,1.90592
2026-08-25 16:00:00,1.90581,1.90603,1.90499,1.90567
2026-08-25 16:15:00,1.90572,1.90645,1.90563,1.90639
2026-08-25 16:30:00,1.9063,1.90701,1.90582,1.90693
2026-08-25 16:45:00,1.90677,1.90751,1.9067,1.90748
2026-08-25 17:00:00,1.90743,1.90907,1.90722,1.90883
2026-08-25 17:15:00,1.90886,1.90933,1.90836,1.90846
2026-08-25 17:30:00,1.90843,1.90922,1.90823,1.90918
2026-08-25 17:45:00,1.90914,1.9095,1.90882,1.90904
2026-08-25 18:00:00,1.90889,1.90946,1.90882,1.90923
2026-08-25 18:15:00,1.90929,1.90935,1.90758,1.90824
2026-08-25 18:30:00,1.90808,1.90843,1.90762,1.90838
2026-08-25 18:45:00,1.90834,1.9086,1.90792,1.9085
2026-08-25 19:00:00,1.90842,1.90883,1.90812,1.90871
2026-08-25 19:15:00,1.90865,1.90869,1.90781,1.90823
2026-08-25 19:30:00,1.90817,1.90854,1.9071,1.90736
2026-08-25 19:45:00,1.90726,1.90732,1.90657,1.90692
2026-08-25 20:00:00,1.90693,1.90742,1.90683,1.90708
2026-08-25 20:15:00,1.90701,1.90718,1.90671,1.90678
2026-08-25 20:30:00,1.90682,1.90692,1.9065,1.90688
2026-08-25 20:45:00,1.90683,1.90686,1.90582,1.90607
2026-08-25 21:00:00,1.90609,1.90609,1.90566,1.90583
2026-08-25 21:15:00,1.90574,1.90595,1.90514,1.90524
2026-08-25 21:30:00,1.90524,1.90532,1.90484,1.90488
2026-08-25 21:45:00,1.90495,1.90586,1.90478,1.90565
2026-08-25 22:00:00,1.90566,1.90635,1.90548,1.90577
2026-08-25 22:15:00,1.90566,1.90621,1.90566,1.906
2026-08-25 22:30:00,1.90605,1.90611,1.90552,1.90559
2026-08-25 22:45:00,1.90566,1.90611,1.90555,1.90586
2026-08-25 23:00:00,1.90577,1.90674,1.90577,1.90592
2026-08-25 23:15:00,1.90603,1.90645,1.90542,1.90616
2026-08-25 23:30:00,1.90623,1.90673,1.9058,1.90669
2026-08-25 23:45:00,1.90662,1.9067,1.90587,1.90628
2026-08-26 00:00:00,1.90625,1.90628,1.90552,1.90587
2026-08-26 00:15:00,1.90583,1.90604,1.90475,1.90498
2026-08-26 00:30:00,1.90492,1.90514,1.90417,1.90474
2026-08-26 00:45:00,1.90469,1.90524,1.90413,1.90468
2026-08-26 01:00:00,1.90485,1.9057,1.90485,1.90565
2026-08-26 01:15:00,1.90548,1.90581,1.90515,1.90559
2026-08-26 01:30:00,1.90566,1.90566,1.9042,1.90443
2026-08-26 01:45:00,1.90434,1.90532,1.90428,1.90525
2026-08-26 02:00:00,1.90514,1.90547,1.90504,1.90533
2026-08-26 02:15:00,1.90532,1.90561,1.90503,1.90556
2026-08-26 02:30:00,1.90552,1.90586,1.9054,1.90566
2026-08-26 02:45:00,1.90565,1.90568,1.90527,1.90563
2026-08-26 03:00:00,1.90556,1.90608,1.90542,1.90606
2026-08-26 03:15:00,1.90601,1.9063,1.90583,1.90626
2026-08-26 03:30:00,1.90622,1.90623,1.90585,1.90594
2026-08-26 03:45:00,1.90599,1.90628,1.9059,1.90626
2026-08-26 04:00:00,1.90621,1.90655,1.90613,1.90636
2026-08-26 04:15:00,1.90638,1.90652,1.90617,1.90623
2026-08-26 04:30:00,1.90627,1.90632,1.90591,1.90603
2026-08-26 04:45:00,1.90597,1.90608,1.90569,1.90589
2026-08-26 05:00:00,1.9059,1.90611,1.90563,1.90588
2026-08-26 05:15:00,1.90584,1.90618,1.90581,1.90609
2026-08-26 05:30:00,1.90603,1.90603,1.90541,1.9056
2026-08-26 05:45:00,1.9056,1.90574,1.90513,1.9052
2026-08-26 06:00:00,1.90538,1.90562,1.90505,1.90524
2026-08-26 06:15:00,1.90521,1.90521,1.90463,1.90501
2026-08-26 06:30:00,1.90488,1.90516,1.90459,1.90507
2026-08-26 06:45:00,1.90504,1.90518,1.90482,1.90511
2026-08-26 07:00:00,1.90501,1.90604,1.90408,1.90602
2026-08-26 07:15:00,1.90594,1.90597,1.90569,1.90589
2026-08-26 07:30:00,1.90582,1.90641,1.90524,1.90561
2026-08-26 07:45:00,1.90556,1.90605,1.90484,1.90528
2026-08-26 08:00:00,1.9051,1.90548,1.90504,1.90519
2026-08-26 08:15:00,1.90524,1.90549,1.90505,1.90536
2026-08-26 08:30:00,1.90537,1.9056,1.90523,1.90537
2026-08-26 08:45:00,1.90534,1.90537,1.90502,1.90511
2026-08-26 09:00:00,1.90508,1.90535,1.90482,1.90499
2026-08-26 09:15:00,1.905,1.90505,1.90474,1.90488
2026-08-26 09:30:00,1.90485,1.90486,1.90461,1.90476
2026-08-26 09:45:00,1.90473,1.90475,1.90421,1.90459
2026-08-26 10:00:00,1.90464,1.90489,1.90414,1.90437
2026-08-26 10:15:00,1.90432,1.90462,1.90381,1.90461
2026-08-26 10:30:00,1.90457,1.90508,1.90443,1.90469
2026-08-26 10:45:00,1.90473,1.90516,1.90442,1.90512
2026-08-26 11:00:00,1.90504,1.90546,1.90485,1.90541
2026-08-26 11:15:00,1.90534,1.90567,1.90519,1.90558
2026-08-26 11:30:00,1.90552,1.90594,1.90185,1.90267
2026-08-26 11:45:00,1.90269,1.90285,1.90018,1.90131
2026-08-26 12:00:00,1.90132,1.9017,1.90025,1.90039
2026-08-26 12:15:00,1.90041,1.90078,1.90016,1.90034
2026-08-26 12:30:00,1.90041,1.90041,1.89876,1.89918
2026-08-26 12:45:00,1.89916,1.90042,1.89916,1.90012
2026-08-26 13:00:00,1.9002,1.9002,1.89971,1.89991
2026-08-26 13:15:00,1.89994,1.90002,1.89858,1.8988
2026-08-26 13:30:00,1.89873,1.8988,1.89782,1.89786
2026-08-26 13:45:00,1.89788,1.8989,1.89771,1.89888
2026-08-26 14:00:00,1.89882,1.89914,1.89838,1.89908
2026-08-26 14:15:00,1.89899,1.89927,1.8986,1.89924
2026-08-26 14:30:00,1.89919,1.89985,1.89912,1.89959
2026-08-26 14:45:00,1.89959,1.89998,1.89948,1.89952
2026-08-26 15:00:00,1.89956,1.89961,1.8989,1.89898
2026-08-26 15:15:00,1.899,1.89906,1.89861,1.89869
2026-08-26 15:30:00,1.8987,1.89891,1.89821,1.89854
2026-08-26 15:45:00,1.89848,1.89848,1.89783,1.89819
2026-08-26 16:00:00,1.89809,1.8984,1.8972,1.89724
2026-08-26 16:15:00,1.89729,1.89853,1.89715,1.89846
2026-08-26 16:30:00,1.89836,1.89966,1.89836,1.89885
2026-08-26 16:45:00,1.8989,1.89899,1.89801,1.89894
2026-08-26 17:00:00,1.89881,1.89979,1.89856,1.8992
2026-08-26 17:15:00,1.89925,1.90002,1.89917,1.8996
2026-08-26 17:30:00,1.89971,1.89997,1.89935,1.89937
2026-08-26 17:45:00,1.89939,1.89939,1.89842,1.89846
2026-08-26 18:00:00,1.89848,1.89865,1.89781,1.8979
2026-08-26 18:15:00,1.89806,1.89847,1.89754,1.89796
2026-08-26 18:30:00,1.89798,1.89845,1.89785,1.8981
2026-08-26 18:45:00,1.89813,1.89819,1.89762,1.89793
2026-08-26 19:00:00,1.89789,1.89799,1.89723,1.89756
2026-08-26 19:15:00,1.89749,1.89805,1.89698,1.89791
2026-08-26 19:30:00,1.89797,1.89819,1.89769,1.898
2026-08-26 19:45:00,1.89792,1.89813,1.89753,1.89756
2026-08-26 20:00:00,1.89758,1.89758,1.89697,1.89704
2026-08-26 20:15:00,1.89705,1.89714,1.89654,1.89657
2026-08-26 20:30:00,1.89663,1.89703,1.89645,1.89695
2026-08-26 20:45:00,1.89685,1.89707,1.89672,1.89694
2026-08-26 21:00:00,1.89691,1.89736,1.89676,1.89733
2026-08-26 21:15:00,1.89726,1.89733,1.89689,1.89722
2026-08-26 21:30:00,1.89712,1.89743,1.89701,1.8972
2026-08-26 21:45:00,1.89712,1.89751,1.89687,1.89718
2026-08-26 22:00:00,1.89714,1.89727,1.89666,1.89718
2026-08-26 22:15:00,1.89714,1.89733,1.89631,1.89634
2026-08-26 22:30:00,1.8964,1.89683,1.89515,1.89618
2026-08-26 22:45:00,1.89609,1.89645,1.89574,1.89613
2026-08-26 23:00:00,1.89603,1.89649,1.89566,1.89593
2026-08-26 23:15:00,1.896,1.89649,1.89584,1.89611
2026-08-26 23:30:00,1.89608,1.89628,1.89518,1.8954
2026-08-26 23:45:00,1.89545,1.89567,1.89504,1.89561
2026-08-27 00:00:00,1.8955,1.89644,1.89534,1.89551
2026-08-27 00:15:00,1.89539,1.89593,1.89495,1.89558
2026-08-27 00:30:00,1.89552,1.89568,1.89469,1.89565
2026-08-27 00:45:00,1.8956,1.89652,1.89499,1.89646
2026-08-27 01:00:00,1.89636,1.89681,1.89609,1.89651
2026-08-27 01:15:00,1.89652,1.89675,1.89609,1.89628
2026-08-27 01:30:00,1.89637,1.89675,1.89589,1.89661
2026-08-27 01:45:00,1.89658,1.89672,1.89598,1.89646
2026-08-27 02:00:00,1.89641,1.89666,1.89598,1.89639
2026-08-27 02:15:00,1.89633,1.89642,1.89559,1.89589
2026-08-27 02:30:00,1.89586,1.89586,1.89535,1.89572
2026-08-27 02:45:00,1.89566,1.89614,1.89565,1.89589
2026-08-27 03:00:00,1.89583,1.89613,1.89554,1.89556
2026-08-27 03:15:00,1.89557,1.89577,1.89501,1.89503
2026-08-27 03:30:00,1.89504,1.89527,1.89489,1.89519
2026-08-27 03:45:00,1.89516,1.8954,1.89508,1.89525
2026-08-27 04:00:00,1.89521,1.89534,1.89486,1.89508
2026-08-27 04:15:00,1.89502,1.89535,1.89502,1.89533
2026-08-27 04:30:00,1.89529,1.89534,1.89496,1.89498
2026-08-27 04:45:00,1.895,1.89521,1.89496,1.89516
2026-08-27 05:00:00,1.89512,1.89527,1.89486,1.8949
2026-08-27 05:15:00,1.89489,1.89508,1.89483,1.89503
2026-08-27 05:30:00,1.89499,1.89531,1.89488,1.89522
2026-08-27 05:45:00,1.89519,1.89551,1.8951,1.89511
2026-08-27 06:00:00,1.89515,1.89523,1.8949,1.895
2026-08-27 06:15:00,1.89498,1.89515,1.89483,1.89501
2026-08-27 06:30:00,1.89495,1.89517,1.89484,1.89507
2026-08-27 06:45:00,1.89503,1.89555,1.89491,1.8955
2026-08-27 07:00:00,1.89542,1.89705,1.8953,1.89602
2026-08-27 07:15:00,1.89607,1.8961,1.89484,1.89545
2026-08-27 07:30:00,1.89498,1.89591,1.89498,1.89557
2026-08-27 07:45:00,1.89564,1.89564,1.89407,1.89453
2026-08-27 08:00:00,1.89442,1.89475,1.89421,1.89442
2026-08-27 08:15:00,1.89445,1.89451,1.8941,1.89436
2026-08-27 08:30:00,1.89436,1.89455,1.8939,1.89397
2026-08-27 08:45:00,1.89392,1.89401,1.89342,1.8936
2026-08-27 09:00:00,1.89354,1.89362,1.89283,1.89301
2026-08-27 09:15:00,1.89295,1.89338,1.89295,1.89326
2026-08-27 09:30:00,1.89326,1.89354,1.89288,1.89301
2026-08-27 09:45:00,1.89297,1.89343,1.89246,1.89341
2026-08-27 10:00:00,1.89335,1.89435,1.89308,1.8943
2026-08-27 10:15:00,1.89427,1.89436,1.89336,1.89367
2026-08-27 10:30:00,1.89364,1.89385,1.8933,1.89382
2026-08-27 10:45:00,1.89369,1.89396,1.89285,1.89288
2026-08-27 11:00:00,1.89291,1.89291,1.89196,1.89259
2026-08-27 11:15:00,1.89264,1.89301,1.89182,1.89211
2026-08-27 11:30:00,1.89206,1.89261,1.89167,1.89241
2026-08-27 11:45:00,1.89241,1.89299,1.89216,1.89223
2026-08-27 12:00:00,1.89227,1.89259,1.89192,1.89211
2026-08-27 12:15:00,1.89214,1.8922,1.89149,1.89173
2026-08-27 12:30:00,1.8917,1.89213,1.89147,1.89212
2026-08-27 12:45:00,1.89208,1.89243,1.89169,1.89218
2026-08-27 13:00:00,1.89222,1.89263,1.89221,1.89257
2026-08-27 13:15:00,1.89252,1.89268,1.89175,1.89207
2026-08-27 13:30:00,1.89201,1.89227,1.89194,1.89197
2026-08-27 13:45:00,1.89196,1.89217,1.89165,1.89185
2026-08-27 14:00:00,1.89179,1.89196,1.89146,1.8916
2026-08-27 14:15:00,1.89157,1.89183,1.89123,1.89178
2026-08-27 14:30:00,1.89171,1.89219,1.89169,1.89193
2026-08-27 14:45:00,1.89189,1.8919,1.89086,1.891
2026-08-27 15:00:00,1.89094,1.89169,1.89094,1.89166
2026-08-27 15:15:00,1.8916,1.89215,1.89159,1.89187
2026-08-27 15:30:00,1.89183,1.89224,1.89174,1.89202
2026-08-27 15:45:00,1.89207,1.89224,1.89161,1.89206
2026-08-27 16:00:00,1.89202,1.89242,1.89152,1.89156
2026-08-27 16:15:00,1.89163,1.89163,1.89116,1.89118
2026-08-27 16:30:00,1.89124,1.89173,1.8911,1.8917
2026-08-27 16:45:00,1.89166,1.89225,1.89137,1.89168
2026-08-27 17:00:00,1.89163,1.89237,1.89152,1.89234
2026-08-27 17:15:00,1.89225,1.8926,1.89193,1.89257
2026-08-27 17:30:00,1.89252,1.89268,1.89201,1.89224
2026-08-27 17:45:00,1.89221,1.89242,1.89189,1.89207
2026-08-27 18:00:00,1.89201,1.89233,1.89162,1.89167
2026-08-27 18:15:00,1.89175,1.89175,1.89038,1.89064
2026-08-27 18:30:00,1.89058,1.89116,1.89034,1.89073
2026-08-27 18:45:00,1.89065,1.89101,1.8904,1.89067
2026-08-27 19:00:00,1.89064,1.89126,1.8903,1.89108
2026-08-27 19:15:00,1.89092,1.89149,1.89092,1.89146
2026-08-27 19:30:00,1.89137,1.89187,1.891,1.89179
2026-08-27 19:45:00,1.89174,1.8922,1.89168,1.89181
2026-08-27 20:00:00,1.89194,1.89196,1.89121,1.89138
2026-08-27 20:15:00,1.89135,1.89172,1.89109,1.89169
2026-08-27 20:30:00,1.89165,1.89174,1.89098,1.89114
2026-08-27 20:45:00,1.89119,1.89138,1.89092,1.89112
2026-08-27 21:00:00,1.89105,1.89136,1.89076,1.89131
2026-08-27 21:15:00,1.89127,1.89152,1.89112,1.89132
2026-08-27 21:30:00,1.89139,1.89139,1.88961,1.88964
2026-08-27 21:45:00,1.88974,1.89032,1.88949,1.88957
2026-08-27 22:00:00,1.88969,1.88969,1.88876,1.88888
2026-08-27 22:15:00,1.88895,1.88915,1.88827,1.88913
2026-08-27 22:30:00,1.88907,1.88934,1.88856,1.88927
2026-08-27 22:45:00,1.88918,1.88961,1.88862,1.88873
2026-08-27 23:00:00,1.88869,1.88977,1.88864,1.88952
2026-08-27 23:15:00,1.88947,1.89053,1.88922,1.89032
2026-08-27 23:30:00,1.89035,1.89098,1.8902,1.89028
2026-08-27 23:45:00,1.89033,1.89105,1.88983,1.88988
2026-08-28 00:00:00,1.88995,1.89022,1.88926,1.89015
2026-08-28 00:15:00,1.88999,1.89008,1.88892,1.88898
2026-08-28 00:30:00,1.88908,1.88926,1.88856,1.88874
2026-08-28 00:45:00,1.88879,1.88937,1.88813,1.8888
2026-08-28 01:00:00,1.88886,1.88902,1.8883,1.8887
2026-08-28 01:15:00,1.88881,1.88904,1.88861,1.88887
2026-08-28 01:30:00,1.88893,1.88899,1.88837,1.8886
2026-08-28 01:45:00,1.88862,1.88953,1.88862,1.88949
2026-08-28 02:00:00,1.88944,1.88978,1.88904,1.88978
2026-08-28 02:15:00,1.88974,1.88993,1.88952,1.88989
2026-08-28 02:30:00,1.88975,1.89015,1.8896,1.88975
2026-08-28 02:45:00,1.88972,1.88972,1.88884,1.88886
2026-08-28 03:00:00,1.88888,1.8891,1.88866,1.88877
2026-08-28 03:15:00,1.88881,1.88883,1.88855,1.88869
2026-08-28 03:30:00,1.88865,1.88875,1.88841,1.88843
2026-08-28 03:45:00,1.88845,1.8887,1.88809,1.88811
2026-08-28 04:00:00,1.88818,1.88854,1.88818,1.88844
2026-08-28 04:15:00,1.88837,1.88863,1.88826,1.88861
2026-08-28 04:30:00,1.88853,1.88871,1.88827,1.88846
2026-08-28 04:45:00,1.88844,1.88871,1.88841,1.88853
2026-08-28 05:00:00,1.88855,1.88881,1.88835,1.88836
2026-08-28 05:15:00,1.88837,1.88864,1.88837,1.88858
2026-08-28 05:30:00,1.88854,1.88862,1.88828,1.8883
2026-08-28 05:45:00,1.88831,1.88849,1.88806,1.88841
2026-08-28 06:00:00,1.88836,1.88881,1.88829,1.88878
2026-08-28 06:15:00,1.88871,1.88896,1.88861,1.88891
2026-08-28 06:30:00,1.88887,1.88929,1.88881,1.88925
2026-08-28 06:45:00,1.88921,1.8893,1.88901,1.88913
2026-08-28 07:00:00,1.88918,1.89025,1.88905,1.88967
2026-08-28 07:15:00,1.88974,1.89004,1.88912,1.88954
2026-08-28 07:30:00,1.8894,1.89012,1.8894,1.89002
2026-08-28 07:45:00,1.88983,1.88983,1.88898,1.889
2026-08-28 08:00:00,1.88908,1.88966,1.88891,1.88961
2026-08-28 08:15:00,1.88955,1.88977,1.88939,1.88945
2026-08-28 08:30:00,1.88943,1.88966,1.88932,1.88949
2026-08-28 08:45:00,1.88942,1.88975,1.88942,1.88965
2026-08-28 09:00:00,1.88961,1.89002,1.88961,1.88986
2026-08-28 09:15:00,1.88988,1.8901,1.88979,1.89005
2026-08-28 09:30:00,1.88998,1.89006,1.88979,1.88988
2026-08-28 09:45:00,1.88982,1.89002,1.88957,1.88974
2026-08-28 10:00:00,1.88972,1.88972,1.88914,1.88934
2026-08-28 10:15:00,1.88933,1.88944,1.88874,1.88879
2026-08-28 10:30:00,1.88885,1.88896,1.88862,1.88888
2026-08-28 10:45:00,1.88883,1.8895,1.88873,1.88916
2026-08-28 11:00:00,1.88922,1.88934,1.88843,1.88854
2026-08-28 11:15:00,1.88854,1.88892,1.88822,1.88886
2026-08-28 11:30:00,1.88876,1.88898,1.88833,1.88865
2026-08-28 11:45:00,1.88862,1.88867,1.88819,1.88842
2026-08-28 12:00:00,1.88849,1.88849,1.88773,1.88774
2026-08-28 12:15:00,1.88775,1.88781,1.88653,1.88747
2026-08-28 12:30:00,1.88741,1.88746,1.88692,1.88736
2026-08-28 12:45:00,1.88729,1.88755,1.88668,1.88687
2026-08-28 13:00:00,1.88683,1.88712,1.88668,1.88671
2026-08-28 13:15:00,1.88673,1.88693,1.88639,1.88686
2026-08-28 13:30:00,1.88684,1.88726,1.88672,1.88722
2026-08-28 13:45:00,1.88711,1.88755,1.88711,1.88728
2026-08-28 14:00:00,1.88724,1.88748,1.88705,1.88709
2026-08-28 14:15:00,1.88709,1.88718,1.88673,1.88699
2026-08-28 14:30:00,1.88705,1.88742,1.88702,1.88737
2026-08-28 14:45:00,1.88734,1.88788,1.88706,1.88786
2026-08-28 15:00:00,1.88781,1.88862,1.88746,1.88855
2026-08-28 15:15:00,1.88853,1.88876,1.88813,1.8884
2026-08-28 15:30:00,1.88834,1.88888,1.88801,1.88874
2026-08-28 15:45:00,1.8887,1.88872,1.88822,1.88867
2026-08-28 16:00:00,1.88863,1.88876,1.88811,1.88844
2026-08-28 16:15:00,1.88841,1.88845,1.88765,1.88777
2026-08-28 16:30:00,1.88783,1.88895,1.88768,1.88831
2026-08-28 16:45:00,1.88837,1.88853,1.88744,1.88788
2026-08-28 17:00:00,1.88774,1.88856,1.8876,1.88823
2026-08-28 17:15:00,1.88829,1.88853,1.88786,1.888
2026-08-28 17:30:00,1.88802,1.88826,1.88757,1.88821
2026-08-28 17:45:00,1.88814,1.88861,1.88814,1.88828
2026-08-28 18:00:00,1.8883,1.88857,1.8881,1.88836
2026-08-28 18:15:00,1.88831,1.8885,1.88786,1.88836
2026-08-28 18:30:00,1.88837,1.88862,1.88811,1.88844
2026-08-28 18:45:00,1.88845,1.88872,1.88821,1.8887
2026-08-28 19:00:00,1.8886,1.88889,1.88807,1.88847
2026-08-28 19:15:00,1.8884,1.8884,1.88765,1.88767
2026-08-28 19:30:00,1.88772,1.88809,1.88757,1.88759
2026-08-28 19:45:00,1.88765,1.88781,1.88708,1.88712
2026-08-28 20:00:00,1.88717,1.88759,1.88684,1.88697
2026-08-28 20:15:00,1.88692,1.88748,1.88689,1.88745
2026-08-28 20:30:00,1.8874,1.88781,1.88722,1.88777
2026-08-28 20:45:00,1.88772,1.88802,1.88748,1.88778
2026-08-28 21:00:00,1.88775,1.88794,1.88754,1.88782
2026-08-28 21:15:00,1.88778,1.88803,1.88763,1.888
2026-08-28 21:30:00,1.88794,1.88828,1.88768,1.88772
2026-08-28 21:45:00,1.8878,1.88857,1.88779,1.88855
2026-08-28 22:00:00,1.88849,1.88859,1.88794,1.888
2026-08-28 22:15:00,1.88808,1.88808,1.88697,1.8874
2026-08-28 22:30:00,1.88732,1.88754,1.88685,1.88686
2026-08-28 22:45:00,1.88689,1.88731,1.88643,1.88651
2026-08-28 23:00:00,1.88654,1.88654,1.88569,1.88605
2026-08-28 23:15:00,1.886,1.88669,1.88586,1.8866
2026-08-28 23:30:00,1.8864,1.88684,1.88626,1.88659
2026-08-28 23:45:00,1.8865,1.88734,1.88611,1.88689
2026-08-29 00:00:00,1.88709,1.88911,1.88573,1.88889
2026-08-29 00:15:00,1.88833,1.88948,1.88731,1.88858
2026-08-29 00:30:00,1.88829,1.88857,1.88664,1.8878
2026-08-29 00:45:00,1.88764,1.89007,1.88718,1.88909
2026-08-29 01:00:00,1.88931,1.89028,1.88902,1.88963
2026-08-29 01:15:00,1.88975,1.89033,1.88932,1.89028
2026-08-29 01:30:00,1.89015,1.89144,1.89011,1.8914
2026-08-29 01:45:00,1.89132,1.89197,1.89112,1.89194
2026-08-29 02:00:00,1.89185,1.89194,1.89089,1.89094
2026-08-29 02:15:00,1.89099,1.89156,1.89071,1.8909
2026-08-29 02:30:00,1.89085,1.89117,1.89041,1.89104
2026-08-29 02:45:00,1.89095,1.89114,1.89028,1.89056
2026-08-29 03:00:00,1.89051,1.89083,1.88986,1.89031
2026-08-29 03:15:00,1.89022,1.89053,1.89012,1.89037
2026-08-29 03:30:00,1.89033,1.89058,1.8901,1.89019
2026-08-29 03:45:00,1.89021,1.89036,1.88987,1.89026
2026-08-29 04:00:00,1.89027,1.8904,1.88996,1.89005
2026-08-29 04:15:00,1.89008,1.8907,1.89002,1.89022
2026-08-29 04:30:00,1.89026,1.89054,1.89008,1.89025
2026-08-29 04:45:00,1.8903,1.89035,1.89007,1.89019
2026-08-29 05:00:00,1.89018,1.89026,1.88967,1.89023
2026-08-29 05:15:00,1.89017,1.89022,1.88983,1.89006
2026-08-29 05:30:00,1.88999,1.89012,1.88972,1.88987
2026-08-29 05:45:00,1.88977,1.8902,1.88971,1.88994
2026-08-29 06:00:00,1.88988,1.89027,1.88981,1.89001
2026-08-29 06:15:00,1.89002,1.89045,1.89,1.89012
2026-08-29 06:30:00,1.89013,1.89052,1.88995,1.8901
2026-08-29 06:45:00,1.89004,1.89007,1.88939,1.89003
2026-08-29 07:00:00,1.88994,1.89139,1.88788,1.88962
2026-08-29 07:15:00,1.88938,1.88961,1.88854,1.88927
2026-08-29 07:30:00,1.88927,1.88991,1.88778,1.88939
2026-08-29 07:45:00,1.88932,1.88949,1.88805,1.88855
2026-08-29 08:00:00,1.88866,1.89027,1.88821,1.88925
2026-08-29 08:15:00,1.88926,1.88945,1.88915,1.88938
2026-08-29 08:30:00,1.88934,1.88944,1.88922,1.88934
2026-08-29 08:45:00,1.88929,1.88945,1.88925,1.88927
2026-08-29 09:00:00,1.88927,1.88997,1.88802,1.88929
2026-08-29 09:15:00,1.88932,1.88948,1.88889,1.88921
2026-08-29 09:30:00,1.88916,1.88944,1.88893,1.88937
2026-08-29 09:45:00,1.88932,1.88949,1.88893,1.88924
2026-08-29 10:00:00,1.88917,1.89011,1.88884,1.88977
2026-08-29 10:15:00,1.88973,1.88987,1.88951,1.88972
2026-08-29 10:30:00,1.88973,1.88987,1.88971,1.88982
2026-08-29 10:45:00,1.88978,1.88989,1.88957,1.88972
2026-08-29 11:00:00,1.88973,1.88988,1.88971,1.88977
2026-08-29 11:15:00,1.88978,1.88988,1.88957,1.88977
2026-08-29 11:30:00,1.88978,1.88992,1.88929,1.88981
2026-08-29 11:45:00,1.88978,1.88986,1.88965,1.88972
2026-08-29 12:00:00,1.88973,1.88985,1.88954,1.88976
2026-08-29 12:15:00,1.88974,1.88987,1.88968,1.88971
2026-08-29 12:30:00,1.88973,1.88986,1.88957,1.88978
2026-08-29 12:45:00,1.88975,1.88985,1.88959,1.88966
2026-08-29 13:00:00,1.8897,1.88984,1.88965,1.88973
2026-08-29 13:15:00,1.88973,1.89016,1.88897,1.88974
2026-08-29 13:30:00,1.88974,1.88986,1.88963,1.88977
2026-08-29 13:45:00,1.88974,1.88992,1.88947,1.88976
2026-08-29 14:00:00,1.88971,1.88985,1.88959,1.88976
2026-08-29 14:15:00,1.88974,1.88985,1.88968,1.88969
2026-08-29 14:30:00,1.88973,1.88985,1.88952,1.88976
2026-08-29 14:45:00,1.88974,1.88984,1.88961,1.88971
2026-08-29 15:00:00,1.88967,1.89003,1.88919,1.88977
2026-08-29 15:15:00,1.88976,1.88989,1.88954,1.88964
2026-08-29 15:30:00,1.88969,1.88987,1.88959,1.88976
2026-08-29 15:45:00,1.88975,1.88984,1.88952,1.88975
2026-08-29 16:00:00,1.8897,1.88989,1.88969,1.88982
2026-08-29 16:15:00,1.8898,1.88987,1.88963,1.88977
2026-08-29 16:30:00,1.88978,1.88994,1.88928,1.88983
2026-08-29 16:45:00,1.88972,1.88988,1.88965,1.88982
2026-08-29 17:00:00,1.88977,1.88986,1.88959,1.88976
2026-08-29 17:15:00,1.88974,1.88986,1.8897,1.88977
2026-08-29 17:30:00,1.88979,1.88988,1.88951,1.88977
2026-08-29 17:45:00,1.88973,1.88982,1.88956,1.88978
2026-08-29 18:00:00,1.88971,1.88987,1.88969,1.8898
2026-08-29 18:15:00,1.88977,1.8899,1.88911,1.8897
2026-08-29 18:30:00,1.88973,1.88985,1.88969,1.88979
2026-08-29 18:45:00,1.88976,1.88985,1.88947,1.88976
2026-08-29 19:00:00,1.88972,1.89005,1.88962,1.88984
2026-08-29 19:15:00,1.88976,1.88997,1.88976,1.88989
2026-08-29 19:30:00,1.88987,1.88996,1.88959,1.88984
2026-08-29 19:45:00,1.88986,1.88994,1.88983,1.8899
2026-08-29 20:00:00,1.88987,1.89002,1.88932,1.88987
2026-08-29 20:15:00,1.88982,1.88994,1.8896,1.88987
2026-08-29 20:30:00,1.88983,1.88994,1.88979,1.8898
2026-08-29 20:45:00,1.88983,1.88993,1.88963,1.88988
2026-08-29 21:00:00,1.88986,1.88994,1.88978,1.88987
2026-08-29 21:15:00,1.88982,1.88994,1.88962,1.88988
2026-08-29 21:30:00,1.88986,1.89022,1.88917,1.88925
2026-08-29 21:45:00,1.88948,1.88986,1.88948,1.8898
2026-08-29 22:00:00,1.88977,1.88986,1.88955,1.88982
2026-08-29 22:15:00,1.88978,1.88986,1.88974,1.88979
2026-08-29 22:30:00,1.88978,1.88995,1.88957,1.88977
2026-08-29 22:45:00,1.88978,1.88988,1.88954,1.88958
2026-08-29 23:00:00,1.88966,1.88987,1.88966,1.88985
2026-08-29 23:15:00,1.88981,1.89017,1.8891,1.8898
2026-08-29 23:30:00,1.88977,1.88991,1.88977,1.88982
2026-08-29 23:45:00,1.88983,1.88992,1.88951,1.88983
2026-08-30 00:00:00,1.88983,1.88991,1.88952,1.88958
2026-08-30 00:15:00,1.88965,1.88992,1.88965,1.88986
2026-08-30 00:30:00,1.88983,1.89001,1.8895,1.88981
2026-08-30 00:45:00,1.88977,1.88991,1.88976,1.88982
2026-08-30 01:00:00,1.88983,1.89019,1.88733,1.88916
2026-08-30 01:15:00,1.88913,1.88952,1.8891,1.88917
2026-08-30 01:30:00,1.88927,1.88972,1.88924,1.88964
2026-08-30 01:45:00,1.88964,1.88972,1.8893,1.88945
2026-08-30 02:00:00,1.88946,1.89071,1.8892,1.89065
2026-08-30 02:15:00,1.89063,1.89095,1.89016,1.89059
2026-08-30 02:30:00,1.89055,1.89064,1.88934,1.88943
2026-08-30 02:45:00,1.88961,1.89024,1.88961,1.89014
2026-08-30 03:00:00,1.89016,1.89154,1.88947,1.89088
2026-08-30 03:15:00,1.89084,1.89109,1.89083,1.89105
2026-08-30 03:30:00,1.89101,1.89111,1.89037,1.89077
2026-08-30 03:45:00,1.89076,1.89084,1.89018,1.89026
2026-08-30 04:00:00,1.89036,1.89036,1.88982,1.88984
2026-08-30 04:15:00,1.88986,1.89014,1.88908,1.88979
2026-08-30 04:30:00,1.88975,1.8899,1.88975,1.88983
2026-08-30 04:45:00,1.88981,1.89,1.88943,1.8896
2026-08-30 05:00:00,1.88961,1.89042,1.88858,1.88952
2026-08-30 05:15:00,1.88951,1.88951,1.88932,1.88941
2026-08-30 05:30:00,1.88937,1.88946,1.88922,1.88929
2026-08-30 05:45:00,1.88926,1.8898,1.88903,1.88959
2026-08-30 06:00:00,1.8896,1.89004,1.88902,1.88943
2026-08-30 06:15:00,1.88944,1.8898,1.88938,1.88978
2026-08-30 06:30:00,1.88972,1.88972,1.88938,1.88955
2026-08-30 06:45:00,1.88952,1.88972,1.88925,1.88954
2026-08-30 07:00:00,1.88955,1.88991,1.88954,1.88982
2026-08-30 07:15:00,1.88983,1.88989,1.88954,1.88986
2026-08-30 07:30:00,1.88983,1.88989,1.88968,1.88987
2026-08-30 07:45:00,1.88981,1.88988,1.88955,1.88978
2026-08-30 08:00:00,1.88979,1.89044,1.88904,1.88978
2026-08-30 08:15:00,1.88979,1.88987,1.88974,1.8898
2026-08-30 08:30:00,1.88977,1.88992,1.88961,1.88988
2026-08-30 08:45:00,1.88984,1.88994,1.88981,1.88985
2026-08-30 09:00:00,1.88983,1.88992,1.88954,1.88982
2026-08-30 09:15:00,1.88983,1.88994,1.88957,1.88974
2026-08-30 09:30:00,1.88971,1.88979,1.88968,1.88975
2026-08-30 09:45:00,1.88971,1.88979,1.8895,1.88962
2026-08-30 10:00:00,1.88961,1.89004,1.88959,1.88988
2026-08-30 10:15:00,1.88989,1.89004,1.88963,1.88982
2026-08-30 10:30:00,1.88978,1.8899,1.88958,1.88974
2026-08-30 10:45:00,1.88969,1.88978,1.88967,1.88972
2026-08-30 11:00:00,1.88969,1.88983,1.88953,1.88955
2026-08-30 11:15:00,1.88961,1.8898,1.88956,1.88972
2026-08-30 11:30:00,1.88972,1.88977,1.8895,1.88965
2026-08-30 11:45:00,1.88962,1.8897,1.88943,1.88956
2026-08-30 12:00:00,1.88953,1.88962,1.88951,1.88953
2026-08-30 12:15:00,1.88953,1.88962,1.88937,1.88946
2026-08-30 12:30:00,1.88947,1.8901,1.8894,1.89002
2026-08-30 12:45:00,1.88999,1.8901,1.88966,1.89005
2026-08-30 13:00:00,1.89002,1.89012,1.88978,1.89009
2026-08-30 13:15:00,1.89005,1.89018,1.89005,1.89009
2026-08-30 13:30:00,1.8901,1.89016,1.88984,1.89015
2026-08-30 13:45:00,1.89011,1.89025,1.89011,1.8902
2026-08-30 14:00:00,1.89016,1.89028,1.8899,1.89015
2026-08-30 14:15:00,1.89013,1.8903,1.88976,1.88986
2026-08-30 14:30:00,1.88987,1.8901,1.88981,1.89007
2026-08-30 14:45:00,1.89,1.89013,1.8897,1.88988
2026-08-30 15:00:00,1.88983,1.89004,1.88971,1.88997
2026-08-30 15:15:00,1.88995,1.89004,1.88963,1.88975
2026-08-30 15:30:00,1.88977,1.88991,1.88959,1.88971
2026-08-30 15:45:00,1.88967,1.88975,1.88964,1.88971
2026-08-30 16:00:00,1.88967,1.89009,1.88962,1.89003
2026-08-30 16:15:00,1.89001,1.89008,1.88997,1.88998
2026-08-30 16:30:00,1.88999,1.89016,1.88973,1.89008
2026-08-30 16:45:00,1.89007,1.89018,1.8898,1.89005
2026-08-30 17:00:00,1.89,1.89018,1.88998,1.89012
2026-08-30 17:15:00,1.8901,1.89026,1.88991,1.88998
2026-08-30 17:30:00,1.88999,1.89013,1.88979,1.88992
2026-08-30 17:45:00,1.88992,1.88994,1.88959,1.88978
2026-08-30 18:00:00,1.88974,1.88983,1.88955,1.88966
2026-08-30 18:15:00,1.88963,1.88972,1.88961,1.88963
2026-08-30 18:30:00,1.88963,1.88972,1.88946,1.88954
2026-08-30 18:45:00,1.88955,1.88963,1.88952,1.88958
2026-08-30 19:00:00,1.88955,1.88961,1.88943,1.88951
2026-08-30 19:15:00,1.88948,1.88955,1.88933,1.88938
2026-08-30 19:30:00,1.88938,1.88947,1.88936,1.88937
2026-08-30 19:45:00,1.88938,1.88952,1.88934,1.88943
2026-08-30 20:00:00,1.8894,1.88948,1.88937,1.88944
2026-08-30 20:15:00,1.8894,1.88948,1.88937,1.88942
2026-08-30 20:30:00,1.8894,1.88953,1.88937,1.88943
2026-08-30 20:45:00,1.88945,1.88953,1.88942,1.88947
2026-08-30 21:00:00,1.88945,1.88953,1.88942,1.88949
2026-08-30 21:15:00,1.88945,1.88953,1.88942,1.88946
2026-08-30 21:30:00,1.88945,1.88974,1.88939,1.88957
2026-08-30 21:45:00,1.88959,1.88967,1.88956,1.88963
2026-08-30 22:00:00,1.88959,1.88967,1.88956,1.88963
2026-08-30 22:15:00,1.88959,1.89048,1.88956,1.89042
2026-08-30 22:30:00,1.8904,1.8905,1.89039,1.89041
2026-08-30 22:45:00,1.89042,1.89116,1.88937,1.89044
2026-08-30 23:00:00,1.89032,1.89068,1.89032,1.89063
2026-08-30 23:15:00,1.89059,1.89112,1.88873,1.88929
2026-08-30 23:30:00,1.88926,1.88934,1.88923,1.88925
2026-08-30 23:45:00,1.88926,1.8893,1.88852,1.88882
2026-08-31 00:00:00,1.88883,1.89112,1.88853,1.89051
2026-08-31 00:15:00,1.89053,1.89053,1.89037,1.89043
2026-08-31 00:30:00,1.89039,1.89086,1.88952,1.89065
2026-08-31 00:45:00,1.89061,1.89074,1.89061,1.89065
2026-08-31 01:00:00,1.89066,1.89069,1.88926,1.89063
2026-08-31 01:15:00,1.8906,1.89111,1.88962,1.89044
2026-08-31 01:30:00,1.8903,1.8908,1.89029,1.89048
2026-08-31 01:45:00,1.89048,1.89071,1.88958,1.89065
2026-08-31 02:00:00,1.89056,1.89131,1.89,1.89125
2026-08-31 02:15:00,1.89122,1.89131,1.89021,1.89081
2026-08-31 02:30:00,1.89077,1.89154,1.88977,1.89067
2026-08-31 02:45:00,1.89052,1.8912,1.89052,1.8911
2026-08-31 03:00:00,1.89112,1.89154,1.88946,1.89076
2026-08-31 03:15:00,1.89074,1.89074,1.89003,1.89011
2026-08-31 03:30:00,1.89006,1.89046,1.88926,1.89039
2026-08-31 03:45:00,1.89037,1.89055,1.88915,1.88987
2026-08-31 04:00:00,1.88974,1.8904,1.88931,1.88989
2026-08-31 04:15:00,1.88985,1.89067,1.88911,1.88989
2026-08-31 04:30:00,1.88985,1.89002,1.88978,1.88995
2026-08-31 04:45:00,1.88992,1.89344,1.88503,1.88985
2026-08-31 05:00:00,1.88979,1.89457,1.88647,1.89174
2026-08-31 05:15:00,1.89074,1.89253,1.88713,1.88851
2026-08-31 05:30:00,1.88937,1.89291,1.88729,1.89192
2026-08-31 05:45:00,1.89137,1.89269,1.88878,1.88962
2026-08-31 06:00:00,1.89004,1.89388,1.88665,1.88787
2026-08-31 06:15:00,1.89064,1.89594,1.88939,1.89015
2026-08-31 06:30:00,1.89013,1.89585,1.88868,1.89016
2026-08-31 06:45:00,1.89038,1.89185,1.88996,1.89083
2026-08-31 07:00:00,1.8907,1.89125,1.88975,1.89116
2026-08-31 07:15:00,1.89109,1.89149,1.89043,1.89116
2026-08-31 07:30:00,1.89102,1.89126,1.89032,1.89091
2026-08-31 07:45:00,1.8908,1.8908,1.88998,1.89017
2026-08-31 08:00:00,1.89021,1.89058,1.88971,1.89001
2026-08-31 08:15:00,1.89003,1.8901,1.88955,1.88987
2026-08-31 08:30:00,1.88977,1.89038,1.88977,1.89023
2026-08-31 08:45:00,1.89013,1.89056,1.89007,1.89049
2026-08-31 09:00:00,1.89047,1.89053,1.88995,1.89001
2026-08-31 09:15:00,1.89017,1.8905,1.89017,1.89037
2026-08-31 09:30:00,1.89033,1.8908,1.89021,1.89079
2026-08-31 09:45:00,1.89074,1.89125,1.8906,1.89119
2026-08-31 10:00:00,1.89107,1.89152,1.89097,1.89098
2026-08-31 10:15:00,1.89101,1.89177,1.89089,1.89169
2026-08-31 10:30:00,1.89164,1.8917,1.89067,1.89087
2026-08-31 10:45:00,1.89081,1.89108,1.89068,1.89072
2026-08-31 11:00:00,1.89077,1.89133,1.89052,1.8907
2026-08-31 11:15:00,1.89072,1.89127,1.89042,1.89104
2026-08-31 11:30:00,1.89108,1.89123,1.89014,1.89034
2026-08-31 11:45:00,1.89033,1.89033,1.88962,1.88993
2026-08-31 12:00:00,1.88988,1.89043,1.88959,1.89039
2026-08-31 12:15:00,1.89033,1.89076,1.8899,1.88994
2026-08-31 12:30:00,1.89,1.8907,1.88988,1.89057
2026-08-31 12:45:00,1.89054,1.89069,1.89001,1.89006
2026-08-31 13:00:00,1.89011,1.89014,1.88928,1.88931
2026-08-31 13:15:00,1.88934,1.88958,1.88913,1.88953
2026-08-31 13:30:00,1.88945,1.88986,1.88934,1.88957
2026-08-31 13:45:00,1.88959,1.89002,1.88948,1.88971
2026-08-31 14:00:00,1.88967,1.89037,1.88962,1.89
2026-08-31 14:15:00,1.89003,1.89034,1.88988,1.89027
2026-08-31 14:30:00,1.8902,1.89029,1.88987,1.89026
2026-08-31 14:45:00,1.89017,1.89034,1.88995,1.89
2026-08-31 15:00:00,1.89004,1.89063,1.88991,1.89061
2026-08-31 15:15:00,1.89055,1.89055,1.88996,1.8903
2026-08-31 15:30:00,1.89019,1.89079,1.89015,1.89035
2026-08-31 15:45:00,1.89024,1.89054,1.89008,1.89052
2026-08-31 16:00:00,1.89045,1.8911,1.89023,1.8909
2026-08-31 16:15:00,1.89086,1.89102,1.89031,1.89067
2026-08-31 16:30:00,1.89071,1.89139,1.89057,1.89133
2026-08-31 16:45:00,1.89123,1.89151,1.89062,1.89147
2026-08-31 17:00:00,1.89139,1.89146,1.89049,1.89076
2026-08-31 17:15:00,1.89065,1.89139,1.89047,1.89118
2026-08-31 17:30:00,1.89105,1.89196,1.89104,1.89192
2026-08-31 17:45:00,1.89186,1.8922,1.89164,1.89184
2026-08-31 18:00:00,1.89191,1.8923,1.8916,1.89192
2026-08-31 18:15:00,1.89201,1.89239,1.89175,1.89235
2026-08-31 18:30:00,1.89232,1.89252,1.89177,1.8918
2026-08-31 18:45:00,1.89186,1.89196,1.89147,1.89157
2026-08-31 19:00:00,1.89151,1.89199,1.8914,1.89176
2026-08-31 19:15:00,1.89166,1.89174,1.89127,1.89161
2026-08-31 19:30:00,1.89147,1.89175,1.89115,1.89128
2026-08-31 19:45:00,1.89131,1.8915,1.89113,1.89133
2026-08-31 20:00:00,1.89129,1.89151,1.89105,1.89129
2026-08-31 20:15:00,1.89123,1.8915,1.89105,1.89142
2026-08-31 20:30:00,1.89138,1.89185,1.89138,1.89152
2026-08-31 20:45:00,1.89156,1.89205,1.89127,1.89204
2026-08-31 21:00:00,1.89201,1.89213,1.89146,1.89195
2026-08-31 21:15:00,1.89186,1.89206,1.89085,1.89088
2026-08-31 21:30:00,1.89092,1.89106,1.89054,1.89069
2026-08-31 21:45:00,1.89063,1.89111,1.89054,1.89071
2026-08-31 22:00:00,1.89066,1.89075,1.89019,1.89069
2026-08-31 22:15:00,1.89057,1.89133,1.89029,1.89126
2026-08-31 22:30:00,1.89111,1.89185,1.89091,1.89152
2026-08-31 22:45:00,1.89161,1.89205,1.89108,1.89115
2026-08-31 23:00:00,1.89119,1.89149,1.89083,1.8912
2026-08-31 23:15:00,1.89133,1.89147,1.89096,1.89102
2026-08-31 23:30:00,1.89111,1.89125,1.89071,1.89113
2026-08-31 23:45:00,1.891,1.89137,1.89076,1.89105
2026-09-01 00:00:00,1.89098,1.89119,1.88985,1.89063
2026-09-01 00:15:00,1.89052,1.89075,1.88986,1.88991
2026-09-01 00:30:00,1.88999,1.8906,1.88941,1.88949
2026-09-01 00:45:00,1.88965,1.89262,1.88947,1.89183
2026-09-01 01:00:00,1.8915,1.89279,1.89111,1.89166
2026-09-01 01:15:00,1.89152,1.89199,1.8914,1.8917
2026-09-01 01:30:00,1.89164,1.89174,1.89094,1.8911
2026-09-01 01:45:00,1.89105,1.89151,1.89064,1.89074
2026-09-01 02:00:00,1.89075,1.8911,1.89029,1.89048
2026-09-01 02:15:00,1.89046,1.89068,1.89026,1.89045
2026-09-01 02:30:00,1.89038,1.89074,1.89033,1.89055
2026-09-01 02:45:00,1.8905,1.89067,1.89022,1.89025
2026-09-01 03:00:00,1.89032,1.89067,1.89015,1.89064
2026-09-01 03:15:00,1.89058,1.89124,1.89053,1.89121
2026-09-01 03:30:00,1.89117,1.89125,1.89072,1.89093
2026-09-01 03:45:00,1.89091,1.89105,1.89066,1.89102
2026-09-01 04:00:00,1.89096,1.89112,1.89079,1.89106
2026-09-01 04:15:00,1.891,1.89127,1.89098,1.89118
2026-09-01 04:30:00,1.89114,1.8912,1.89082,1.89106
2026-09-01 04:45:00,1.89102,1.89131,1.89092,1.89105
2026-09-01 05:00:00,1.89114,1.89137,1.89113,1.89119
2026-09-01 05:15:00,1.89121,1.89128,1.89093,1.89102
2026-09-01 05:30:00,1.89098,1.89114,1.89079,1.89085
2026-09-01 05:45:00,1.89081,1.89099,1.89052,1.89074
2026-09-01 06:00:00,1.89067,1.89103,1.89062,1.8907
2026-09-01 06:15:00,1.89072,1.89087,1.89062,1.89087
2026-09-01 06:30:00,1.89083,1.89099,1.89059,1.89071
2026-09-01 06:45:00,1.89067,1.89078,1.89041,1.89043
2026-09-01 07:00:00,1.89047,1.89107,1.89037,1.89056
2026-09-01 07:15:00,1.89062,1.89112,1.8906,1.89093
2026-09-01 07:30:00,1.89095,1.89128,1.89052,1.8907
2026-09-01 07:45:00,1.89076,1.89126,1.89075,1.89119
2026-09-01 08:00:00,1.89105,1.89131,1.89074,1.89095
2026-09-01 08:15:00,1.89089,1.8911,1.89084,1.89093
2026-09-01 08:30:00,1.89092,1.89105,1.89038,1.89074
2026-09-01 08:45:00,1.89067,1.89074,1.89032,1.89034
2026-09-01 09:00:00,1.89036,1.89047,1.88976,1.88979
2026-09-01 09:15:00,1.88981,1.8901,1.88978,1.8899
2026-09-01 09:30:00,1.88992,1.89009,1.88955,1.89008
2026-09-01 09:45:00,1.89002,1.8901,1.88935,1.88943
2026-09-01 10:00:00,1.88946,1.8895,1.88847,1.88877
2026-09-01 10:15:00,1.88885,1.8889,1.88797,1.88851
2026-09-01 10:30:00,1.88844,1.88944,1.88844,1.88922
2026-09-01 10:45:00,1.88924,1.89011,1.8892,1.89007
2026-09-01 11:00:00,1.88999,1.8905,1.88973,1.89002
2026-09-01 11:15:00,1.88993,1.89014,1.88936,1.88942
2026-09-01 11:30:00,1.88955,1.89006,1.88839,1.88844
2026-09-01 11:45:00,1.88852,1.88897,1.88832,1.88845
2026-09-01 12:00:00,1.8885,1.88893,1.88807,1.88811
2026-09-01 12:15:00,1.88818,1.88886,1.88796,1.88883
2026-09-01 12:30:00,1.88878,1.88896,1.88862,1.88893
2026-09-01 12:45:00,1.8889,1.8889,1.8885,1.88868
2026-09-01 13:00:00,1.88864,1.88933,1.88844,1.88927
2026-09-01 13:15:00,1.88918,1.88972,1.88918,1.88942
2026-09-01 13:30:00,1.88936,1.88944,1.88874,1.88916
2026-09-01 13:45:00,1.8891,1.88939,1.88871,1.88935
2026-09-01 14:00:00,1.88929,1.88968,1.88914,1.88915
2026-09-01 14:15:00,1.88917,1.88928,1.88886,1.88925
2026-09-01 14:30:00,1.88919,1.88921,1.88868,1.88872
2026-09-01 14:45:00,1.88877,1.8896,1.88866,1.88958
2026-09-01 15:00:00,1.8895,1.8895,1.88889,1.88917
2026-09-01 15:15:00,1.88918,1.88964,1.88911,1.88933
2026-09-01 15:30:00,1.88934,1.88968,1.88909,1.88942
2026-09-01 15:45:00,1.88939,1.88972,1.88919,1.88947
2026-09-01 16:00:00,1.88938,1.88983,1.88887,1.88918
2026-09-01 16:15:00,1.88916,1.8893,1.88865,1.88901
2026-09-01 16:30:00,1.88887,1.89026,1.88879,1.89023
2026-09-01 16:45:00,1.89016,1.89028,1.88972,1.89015
2026-09-01 17:00:00,1.89012,1.89065,1.88994,1.8906
2026-09-01 17:15:00,1.89051,1.89069,1.88991,1.89013
2026-09-01 17:30:00,1.89007,1.89169,1.89001,1.89164
2026-09-01 17:45:00,1.89155,1.89205,1.89138,1.892
2026-09-01 18:00:00,1.89197,1.89232,1.89143,1.89156
2026-09-01 18:15:00,1.89171,1.89268,1.8914,1.89264
2026-09-01 18:30:00,1.89257,1.89457,1.89252,1.89441
2026-09-01 18:45:00,1.89417,1.89564,1.89417,1.89559
2026-09-01 19:00:00,1.89547,1.89591,1.89536,1.89583
2026-09-01 19:15:00,1.89577,1.89692,1.89571,1.89686
2026-09-01 19:30:00,1.89681,1.89707,1.89604,1.89606
2026-09-01 19:45:00,1.89609,1.89609,1.89516,1.89555
2026-09-01 20:00:00,1.89546,1.89579,1.895,1.89548
2026-09-01 20:15:00,1.89541,1.89561,1.8951,1.89518
2026-09-01 20:30:00,1.89527,1.89527,1.89447,1.89477
2026-09-01 20:45:00,1.89477,1.89527,1.8945,1.89459
2026-09-01 21:00:00,1.89465,1.89484,1.89431,1.89438
2026-09-01 21:15:00,1.89437,1.89488,1.89428,1.89471
2026-09-01 21:30:00,1.89466,1.89504,1.89414,1.89453
2026-09-01 21:45:00,1.8946,1.89466,1.8939,1.89447
2026-09-01 22:00:00,1.89444,1.895,1.89431,1.89448
2026-09-01 22:15:00,1.89438,1.89484,1.89361,1.89368
2026-09-01 22:30:00,1.89379,1.89399,1.89315,1.89335
2026-09-01 22:45:00,1.89326,1.89342,1.89155,1.89159
2026-09-01 23:00:00,1.89164,1.89284,1.89127,1.89278
2026-09-01 23:15:00,1.89259,1.89331,1.89249,1.89328
2026-09-01 23:30:00,1.89322,1.89378,1.89292,1.8933
2026-09-01 23:45:00,1.89336,1.89351,1.89235,1.89301
2026-09-02 00:00:00,1.89295,1.89343,1.89249,1.89342
2026-09-02 00:15:00,1.89339,1.89339,1.89218,1.89262
2026-09-02 00:30:00,1.89247,1.89272,1.89173,1.89253
2026-09-02 00:45:00,1.89259,1.89361,1.89206,1.89223
2026-09-02 01:00:00,1.89234,1.89235,1.89134,1.89167
2026-09-02 01:15:00,1.89163,1.89163,1.89039,1.89065
2026-09-02 01:30:00,1.89061,1.89087,1.88973,1.88975
2026-09-02 01:45:00,1.88979,1.88988,1.88921,1.88968
2026-09-02 02:00:00,1.88962,1.89009,1.88952,1.89004
2026-09-02 02:15:00,1.88994,1.89082,1.88975,1.8908
2026-09-02 02:30:00,1.89072,1.89144,1.89063,1.8912
2026-09-02 02:45:00,1.89104,1.89132,1.89006,1.89007
2026-09-02 03:00:00,1.89008,1.89064,1.88992,1.89038
2026-09-02 03:15:00,1.8904,1.89093,1.89009,1.89092
2026-09-02 03:30:00,1.89087,1.89098,1.89023,1.89086
2026-09-02 03:45:00,1.89073,1.89106,1.89067,1.8908
2026-09-02 04:00:00,1.89082,1.89125,1.89068,1.89091
2026-09-02 04:15:00,1.89093,1.89099,1.89067,1.8907
2026-09-02 04:30:00,1.89073,1.89092,1.89051,1.89087
2026-09-02 04:45:00,1.89073,1.8912,1.89062,1.8908
2026-09-02 05:00:00,1.89074,1.89128,1.89073,1.89106
2026-09-02 05:15:00,1.89101,1.89132,1.89087,1.89124
2026-09-02 05:30:00,1.89121,1.89131,1.89083,1.89105
2026-09-02 05:45:00,1.891,1.89156,1.89086,1.89154
2026-09-02 06:00:00,1.89151,1.89168,1.89141,1.89146
2026-09-02 06:15:00,1.8915,1.89163,1.89134,1.8916
2026-09-02 06:30:00,1.89151,1.89169,1.89131,1.89148
2026-09-02 06:45:00,1.89142,1.89185,1.89142,1.89181
2026-09-02 07:00:00,1.8918,1.89185,1.89014,1.891
2026-09-02 07:15:00,1.89104,1.89135,1.89075,1.89095
2026-09-02 07:30:00,1.89098,1.89185,1.89085,1.89167
2026-09-02 07:45:00,1.8917,1.89241,1.8915,1.89181
2026-09-02 08:00:00,1.89172,1.89192,1.89133,1.89153
2026-09-02 08:15:00,1.89149,1.89162,1.89123,1.89139
2026-09-02 08:30:00,1.89136,1.89146,1.89106,1.89129
2026-09-02 08:45:00,1.8913,1.89134,1.89095,1.89108
2026-09-02 09:00:00,1.89105,1.8912,1.89073,1.89113
2026-09-02 09:15:00,1.89105,1.89157,1.89103,1.89142
2026-09-02 09:30:00,1.89143,1.89143,1.89109,1.89134
2026-09-02 09:45:00,1.89131,1.89153,1.89091,1.89097
2026-09-02 10:00:00,1.89098,1.89137,1.89069,1.89135
2026-09-02 10:15:00,1.89132,1.89162,1.89109,1.89156
2026-09-02 10:30:00,1.89148,1.89187,1.89144,1.89161
2026-09-02 10:45:00,1.89168,1.89177,1.89133,1.89148
2026-09-02 11:00:00,1.89151,1.89164,1.89108,1.89118
2026-09-02 11:15:00,1.8912,1.89134,1.89014,1.89017
2026-09-02 11:30:00,1.89017,1.89083,1.88861,1.88884
2026-09-02 11:45:00,1.88881,1.88966,1.88847,1.8896
2026-09-02 12:00:00,1.8895,1.89116,1.88905,1.8908
2026-09-02 12:15:00,1.8909,1.89127,1.88994,1.89117
2026-09-02 12:30:00,1.89109,1.89169,1.89069,1.89098
2026-09-02 12:45:00,1.8909,1.89112,1.8907,1.89107
2026-09-02 13:00:00,1.89098,1.89132,1.89023,1.89026
2026-09-02 13:15:00,1.89027,1.89086,1.89013,1.89062
2026-09-02 13:30:00,1.89064,1.89137,1.89054,1.8913
2026-09-02 13:45:00,1.89124,1.89147,1.89085,1.89092
2026-09-02 14:00:00,1.89103,1.89239,1.89079,1.89207
2026-09-02 14:15:00,1.89203,1.8924,1.89159,1.89231
2026-09-02 14:30:00,1.89219,1.89246,1.8919,1.89233
2026-09-02 14:45:00,1.89226,1.89239,1.89167,1.8923
2026-09-02 15:00:00,1.89223,1.89261,1.8913,1.89134
2026-09-02 15:15:00,1.8914,1.8914,1.89069,1.89082
2026-09-02 15:30:00,1.89079,1.89095,1.8904,1.89067
2026-09-02 15:45:00,1.8906,1.89078,1.89028,1.89056
2026-09-02 16:00:00,1.89052,1.89057,1.88937,1.88943
2026-09-02 16:15:00,1.88949,1.89047,1.88946,1.89041
2026-09-02 16:30:00,1.8903,1.89056,1.88989,1.89018
2026-09-02 16:45:00,1.89015,1.89084,1.88979,1.88983
2026-09-02 17:00:00,1.88983,1.89032,1.88942,1.88985
2026-09-02 17:15:00,1.88978,1.89117,1.88969,1.89073
2026-09-02 17:30:00,1.89076,1.89107,1.88984,1.88989
2026-09-02 17:45:00,1.89,1.89133,1.89,1.89131
2026-09-02 18:00:00,1.89124,1.89232,1.89085,1.89226
2026-09-02 18:15:00,1.89208,1.8939,1.89208,1.89361
2026-09-02 18:30:00,1.89366,1.89441,1.89336,1.89415
2026-09-02 18:45:00,1.8942,1.89534,1.894,1.89406
2026-09-02 19:00:00,1.89415,1.89454,1.89384,1.8939
2026-09-02 19:15:00,1.89393,1.89536,1.89393,1.89525
2026-09-02 19:30:00,1.8952,1.89532,1.89399,1.894
2026-09-02 19:45:00,1.89402,1.89421,1.89307,1.89347
2026-09-02 20:00:00,1.89333,1.89336,1.8926,1.89289
2026-09-02 20:15:00,1.8928,1.8928,1.89211,1.89213
2026-09-02 20:30:00,1.89215,1.89277,1.89168,1.89169
2026-09-02 20:45:00,1.89172,1.89185,1.89048,1.89052
2026-09-02 21:00:00,1.89059,1.8908,1.88995,1.89005
2026-09-02 21:15:00,1.89002,1.89027,1.88901,1.88907
2026-09-02 21:30:00,1.88917,1.88917,1.88806,1.88868
2026-09-02 21:45:00,1.88873,1.88902,1.88724,1.88731
2026-09-02 22:00:00,1.88744,1.88752,1.88634,1.88642
2026-09-02 22:15:00,1.88653,1.88665,1.88475,1.88561
2026-09-02 22:30:00,1.88586,1.88655,1.88513,1.88606
2026-09-02 22:45:00,1.88614,1.8866,1.88515,1.88519
2026-09-02 23:00:00,1.88523,1.88523,1.88422,1.88493
2026-09-02 23:15:00,1.88471,1.88576,1.88396,1.88506
2026-09-02 23:30:00,1.8849,1.8854,1.88419,1.88471
2026-09-02 23:45:00,1.88482,1.88492,1.88276,1.88408
2026-09-03 00:00:00,1.884,1.88438,1.88304,1.88394
2026-09-03 00:15:00,1.88373,1.88469,1.88371,1.88463
2026-09-03 00:30:00,1.88445,1.88485,1.88393,1.88404
2026-09-03 00:45:00,1.88409,1.88425,1.88315,1.88349
2026-09-03 01:00:00,1.88352,1.88399,1.88295,1.88343
2026-09-03 01:15:00,1.88331,1.88331,1.88229,1.88266
2026-09-03 01:30:00,1.88277,1.88308,1.88223,1.88278
2026-09-03 01:45:00,1.88281,1.88319,1.8826,1.88311
2026-09-03 02:00:00,1.883,1.88378,1.88298,1.88301
2026-09-03 02:15:00,1.88305,1.88353,1.88301,1.88331
2026-09-03 02:30:00,1.88326,1.88333,1.88283,1.88312
2026-09-03 02:45:00,1.88304,1.8832,1.88252,1.88264
2026-09-03 03:00:00,1.88258,1.88284,1.88234,1.88238
2026-09-03 03:15:00,1.88244,1.88249,1.88189,1.88215
2026-09-03 03:30:00,1.8821,1.88217,1.88143,1.8817
2026-09-03 03:45:00,1.88168,1.88175,1.88107,1.88139
2026-09-03 04:00:00,1.88128,1.88189,1.881,1.88137
2026-09-03 04:15:00,1.88133,1.88177,1.88108,1.88158
2026-09-03 04:30:00,1.88146,1.88166,1.88124,1.88131
2026-09-03 04:45:00,1.88133,1.88173,1.88133,1.88138
2026-09-03 05:00:00,1.88143,1.88171,1.88117,1.88122
2026-09-03 05:15:00,1.88125,1.88158,1.88119,1.88139
2026-09-03 05:30:00,1.88131,1.88144,1.88109,1.88114
2026-09-03 05:45:00,1.88122,1.88124,1.88076,1.8812
2026-09-03 06:00:00,1.88111,1.8819,1.88068,1.88124
2026-09-03 06:15:00,1.88118,1.88135,1.88108,1.88135
2026-09-03 06:30:00,1.88133,1.88133,1.8809,1.88102
2026-09-03 06:45:00,1.88097,1.8813,1.88058,1.88064
2026-09-03 07:00:00,1.88075,1.88348,1.88018,1.88278
2026-09-03 07:15:00,1.88274,1.88307,1.88196,1.88213
2026-09-03 07:30:00,1.88211,1.88211,1.88124,1.88138
2026-09-03 07:45:00,1.88134,1.88143,1.8808,1.88091
2026-09-03 08:00:00,1.8811,1.8815,1.88038,1.88061
2026-09-03 08:15:00,1.88053,1.88086,1.88045,1.88081
2026-09-03 08:30:00,1.88079,1.88128,1.88055,1.88117
2026-09-03 08:45:00,1.88112,1.88129,1.88102,1.88123
2026-09-03 09:00:00,1.88116,1.88167,1.88098,1.88148
2026-09-03 09:15:00,1.88154,1.88189,1.88139,1.8814
2026-09-03 09:30:00,1.88141,1.88158,1.88109,1.88132
2026-09-03 09:45:00,1.88123,1.88222,1.881,1.88219
2026-09-03 10:00:00,1.88214,1.88255,1.88183,1.88185
2026-09-03 10:15:00,1.88189,1.88207,1.8814,1.8817
2026-09-03 10:30:00,1.88161,1.88239,1.88161,1.88223
2026-09-03 10:45:00,1.88212,1.88256,1.88212,1.88222
2026-09-03 11:00:00,1.88223,1.88254,1.88213,1.88238
2026-09-03 11:15:00,1.88233,1.88233,1.88178,1.882
2026-09-03 11:30:00,1.88207,1.88221,1.88141,1.88199
2026-09-03 11:45:00,1.8819,1.8821,1.88124,1.88164
2026-09-03 12:00:00,1.88158,1.88222,1.88125,1.88221
2026-09-03 12:15:00,1.88219,1.88245,1.88197,1.88209
2026-09-03 12:30:00,1.88216,1.88268,1.88181,1.88247
2026-09-03 12:45:00,1.88244,1.88333,1.88221,1.88331
2026-09-03 13:00:00,1.8832,1.88403,1.8832,1.88334
2026-09-03 13:15:00,1.88337,1.88363,1.88263,1.88302
2026-09-03 13:30:00,1.88295,1.88317,1.88201,1.88239
2026-09-03 13:45:00,1.88225,1.8826,1.88201,1.88228
2026-09-03 14:00:00,1.8822,1.8822,1.8817,1.88198
2026-09-03 14:15:00,1.88196,1.88219,1.88186,1.88218
2026-09-03 14:30:00,1.88216,1.88232,1.88174,1.88202
2026-09-03 14:45:00,1.88196,1.88251,1.88193,1.88249
2026-09-03 15:00:00,1.88243,1.88309,1.88221,1.88281
2026-09-03 15:15:00,1.88279,1.88464,1.88261,1.88446
2026-09-03 15:30:00,1.88448,1.88512,1.88424,1.88443
2026-09-03 15:45:00,1.8845,1.88467,1.88344,1.88355
2026-09-03 16:00:00,1.8835,1.88376,1.88295,1.88364
2026-09-03 16:15:00,1.88361,1.88367,1.8825,1.8828
2026-09-03 16:30:00,1.88275,1.88318,1.88226,1.88275
2026-09-03 16:45:00,1.88275,1.88342,1.88235,1.88339
2026-09-03 17:00:00,1.88331,1.8834,1.88246,1.88315
2026-09-03 17:15:00,1.88303,1.88303,1.88131,1.88149
2026-09-03 17:30:00,1.88156,1.8828,1.88146,1.88178
2026-09-03 17:45:00,1.88168,1.88322,1.88163,1.88167
2026-09-03 18:00:00,1.8817,1.8822,1.87986,1.88046
2026-09-03 18:15:00,1.88045,1.88106,1.87989,1.88005
2026-09-03 18:30:00,1.88009,1.88027,1.87882,1.87935
2026-09-03 18:45:00,1.87926,1.87993,1.87896,1.87958
2026-09-03 19:00:00,1.87958,1.87992,1.87893,1.87896
2026-09-03 19:15:00,1.87897,1.8791,1.87759,1.87772
2026-09-03 19:30:00,1.87767,1.87819,1.87746,1.8779
2026-09-03 19:45:00,1.87799,1.8787,1.87799,1.87867
2026-09-03 20:00:00,1.8786,1.879,1.87849,1.87892
2026-09-03 20:15:00,1.87886,1.87908,1.87829,1.87867
2026-09-03 20:30:00,1.87871,1.87909,1.87762,1.87767
2026-09-03 20:45:00,1.87776,1.87792,1.87662,1.87676
2026-09-03 21:00:00,1.87681,1.87726,1.87651,1.8766
2026-09-03 21:15:00,1.8767,1.87686,1.87543,1.87567
2026-09-03 21:30:00,1.8756,1.87626,1.87541,1.87584
2026-09-03 21:45:00,1.87588,1.87651,1.87556,1.87647
2026-09-03 22:00:00,1.87639,1.87659,1.87606,1.87649
2026-09-03 22:15:00,1.8764,1.87677,1.87625,1.87632
2026-09-03 22:30:00,1.87642,1.87743,1.87478,1.87625
2026-09-03 22:45:00,1.87626,1.87732,1.87576,1.87612
2026-09-03 23:00:00,1.87616,1.87716,1.8757,1.87577
2026-09-03 23:15:00,1.87589,1.87746,1.87555,1.87704
2026-09-03 23:30:00,1.87701,1.87803,1.87681,1.87795
2026-09-03 23:45:00,1.8779,1.87897,1.87729,1.87881
2026-09-04 00:00:00,1.87865,1.87989,1.87853,1.8797
2026-09-04 00:15:00,1.87967,1.88003,1.87891,1.87914
2026-09-04 00:30:00,1.87903,1.87923,1.87796,1.87842
2026-09-04 00:45:00,1.87841,1.88036,1.87827,1.87924
2026-09-04 01:00:00,1.87944,1.88151,1.87899,1.88149
2026-09-04 01:15:00,1.88143,1.8816,1.88054,1.88082
2026-09-04 01:30:00,1.88076,1.8812,1.88032,1.88035
2026-09-04 01:45:00,1.88039,1.88066,1.87995,1.88028
2026-09-04 02:00:00,1.88012,1.88028,1.87974,1.88024
2026-09-04 02:15:00,1.88017,1.88034,1.87971,1.88012
2026-09-04 02:30:00,1.87997,1.88045,1.87989,1.88002
2026-09-04 02:45:00,1.87999,1.88013,1.87972,1.87973
2026-09-04 03:00:00,1.87976,1.87996,1.87951,1.87994
2026-09-04 03:15:00,1.8799,1.88006,1.87965,1.88002
2026-09-04 03:30:00,1.87996,1.87996,1.87922,1.87948
2026-09-04 03:45:00,1.87943,1.8796,1.87899,1.87933
2026-09-04 04:00:00,1.87936,1.87936,1.87893,1.87913
2026-09-04 04:15:00,1.87914,1.87917,1.87878,1.8789
2026-09-04 04:30:00,1.87886,1.87903,1.87871,1.87888
2026-09-04 04:45:00,1.87885,1.87905,1.87866,1.8788
2026-09-04 05:00:00,1.87882,1.87927,1.87882,1.87903
2026-09-04 05:15:00,1.87907,1.8792,1.87791,1.87794
2026-09-04 05:30:00,1.87794,1.8782,1.87781,1.87798
2026-09-04 05:45:00,1.8779,1.87822,1.8778,1.87798
2026-09-04 06:00:00,1.87798,1.87834,1.87787,1.87825
2026-09-04 06:15:00,1.87826,1.87833,1.87804,1.87808
2026-09-04 06:30:00,1.87805,1.8784,1.87802,1.87836
2026-09-04 06:45:00,1.87832,1.87852,1.87808,1.87821
2026-09-04 07:00:00,1.8782,1.87904,1.87768,1.87811
2026-09-04 07:15:00,1.87822,1.87893,1.87748,1.87884
2026-09-04 07:30:00,1.8788,1.8795,1.87835,1.87855
2026-09-04 07:45:00,1.8785,1.8796,1.87828,1.87895
2026-09-04 08:00:00,1.87905,1.87905,1.8781,1.87811
2026-09-04 08:15:00,1.87816,1.87835,1.87804,1.87829
2026-09-04 08:30:00,1.87825,1.87854,1.87821,1.87839
2026-09-04 08:45:00,1.87835,1.87848,1.87827,1.87839
2026-09-04 09:00:00,1.87837,1.87863,1.8781,1.87855
2026-09-04 09:15:00,1.87849,1.87859,1.87825,1.87841
2026-09-04 09:30:00,1.87835,1.87867,1.87822,1.87857
2026-09-04 09:45:00,1.87851,1.87877,1.87843,1.87861
2026-09-04 10:00:00,1.87856,1.879,1.87848,1.87855
2026-09-04 10:15:00,1.8786,1.87876,1.8777,1.87778
2026-09-04 10:30:00,1.87781,1.87852,1.87775,1.87789
2026-09-04 10:45:00,1.878,1.87844,1.87766,1.87773
2026-09-04 11:00:00,1.87783,1.87826,1.87754,1.87776
2026-09-04 11:15:00,1.87784,1.87793,1.87614,1.87665
2026-09-04 11:30:00,1.87667,1.87676,1.87593,1.87602
2026-09-04 11:45:00,1.87609,1.87686,1.87588,1.8764
2026-09-04 12:00:00,1.87642,1.87754,1.87625,1.87737
2026-09-04 12:15:00,1.8774,1.87764,1.87717,1.87728
2026-09-04 12:30:00,1.87733,1.87748,1.87709,1.8772
2026-09-04 12:45:00,1.87717,1.87745,1.87689,1.87729
2026-09-04 13:00:00,1.87723,1.87776,1.87688,1.8776
2026-09-04 13:15:00,1.87762,1.87768,1.87726,1.87739
2026-09-04 13:30:00,1.87742,1.8775,1.87716,1.87737
2026-09-04 13:45:00,1.87733,1.8777,1.87689,1.87714
2026-09-04 14:00:00,1.8771,1.8771,1.87649,1.87653
2026-09-04 14:15:00,1.87655,1.87669,1.87638,1.8764
2026-09-04 14:30:00,1.87643,1.87691,1.8759,1.87678
2026-09-04 14:45:00,1.87678,1.87703,1.87675,1.87691
2026-09-04 15:00:00,1.87687,1.87711,1.87677,1.87693
2026-09-04 15:15:00,1.87697,1.87748,1.87674,1.87743
2026-09-04 15:30:00,1.87736,1.87763,1.87693,1.87721
2026-09-04 15:45:00,1.87718,1.87772,1.87698,1.87749
2026-09-04 16:00:00,1.87745,1.87826,1.87738,1.87795
2026-09-04 16:15:00,1.87807,1.87932,1.87777,1.87887
2026-09-04 16:30:00,1.87895,1.87968,1.87884,1.87957
2026-09-04 16:45:00,1.87953,1.87977,1.87919,1.87969
2026-09-04 17:00:00,1.87966,1.88065,1.87961,1.87978
2026-09-04 17:15:00,1.87989,1.88052,1.87958,1.88017
2026-09-04 17:30:00,1.88019,1.88086,1.87968,1.88017
2026-09-04 17:45:00,1.88002,1.88029,1.87958,1.87979
2026-09-04 18:00:00,1.8797,1.88031,1.8792,1.87992
2026-09-04 18:15:00,1.87988,1.88054,1.87947,1.88048
2026-09-04 18:30:00,1.88038,1.88062,1.87886,1.87887
2026-09-04 18:45:00,1.8789,1.87957,1.87886,1.87923
2026-09-04 19:00:00,1.87921,1.87947,1.87888,1.87911
2026-09-04 19:15:00,1.87907,1.87935,1.87882,1.87891
2026-09-04 19:30:00,1.87887,1.87909,1.87857,1.87869
2026-09-04 19:45:00,1.87871,1.87871,1.87811,1.87818
2026-09-04 20:00:00,1.87831,1.87844,1.878,1.87841
2026-09-04 20:15:00,1.87837,1.87891,1.87819,1.87863
2026-09-04 20:30:00,1.87866,1.87898,1.87848,1.87886
2026-09-04 20:45:00,1.87881,1.87929,1.87875,1.87927
2026-09-04 21:00:00,1.87921,1.8798,1.87921,1.87978
2026-09-04 21:15:00,1.87971,1.87979,1.87943,1.87964
2026-09-04 21:30:00,1.87961,1.87976,1.87863,1.87865
2026-09-04 21:45:00,1.87871,1.87903,1.87849,1.87871
2026-09-04 22:00:00,1.87867,1.87907,1.878,1.87826
2026-09-04 22:15:00,1.87822,1.87837,1.87673,1.8768
2026-09-04 22:30:00,1.87691,1.88223,1.87425,1.87735
2026-09-04 22:45:00,1.87726,1.87791,1.8761,1.8775
2026-09-04 23:00:00,1.87737,1.87833,1.87705,1.87713
2026-09-04 23:15:00,1.87724,1.87748,1.87543,1.87587
2026-09-04 23:30:00,1.87575,1.87651,1.8751,1.87553
2026-09-04 23:45:00,1.87568,1.87663,1.87551,1.87577
2026-09-05 00:00:00,1.8759,1.87719,1.87568,1.87643
2026-09-05 00:15:00,1.87637,1.87654,1.87583,1.87619
2026-09-05 00:30:00,1.8762,1.87644,1.87586,1.87607
2026-09-05 00:45:00,1.87607,1.8768,1.87584,1.87646
2026-09-05 01:00:00,1.87638,1.87646,1.87507,1.87516
2026-09-05 01:15:00,1.8753,1.87608,1.87514,1.87604
2026-09-05 01:30:00,1.87597,1.87607,1.87543,1.87556
2026-09-05 01:45:00,1.87566,1.87592,1.8753,1.87571
2026-09-05 02:00:00,1.87562,1.87578,1.87534,1.87558
2026-09-05 02:15:00,1.87554,1.87581,1.87482,1.87517
2026-09-05 02:30:00,1.87512,1.87535,1.87499,1.87501
2026-09-05 02:45:00,1.87504,1.8753,1.87495,1.87507
2026-09-05 03:00:00,1.87508,1.87535,1.8747,1.875
2026-09-05 03:15:00,1.87502,1.87544,1.87497,1.87521
2026-09-05 03:30:00,1.8752,1.87558,1.8752,1.87556
2026-09-05 03:45:00,1.87547,1.876,1.87542,1.87597
2026-09-05 04:00:00,1.87592,1.87622,1.87586,1.87612
2026-09-05 04:15:00,1.87613,1.87618,1.87584,1.87604
2026-09-05 04:30:00,1.87597,1.87624,1.8759,1.87619
2026-09-05 04:45:00,1.87616,1.87625,1.87587,1.87604
2026-09-05 05:00:00,1.87601,1.87609,1.87585,1.87603
2026-09-05 05:15:00,1.87596,1.87617,1.87578,1.87592
2026-09-05 05:30:00,1.87586,1.87612,1.87582,1.87592
2026-09-05 05:45:00,1.87587,1.87602,1.87564,1.87582
2026-09-05 06:00:00,1.87581,1.87608,1.87551,1.87559
2026-09-05 06:15:00,1.8756,1.8761,1.87555,1.87609
2026-09-05 06:30:00,1.87605,1.87616,1.87578,1.87594
2026-09-05 06:45:00,1.8759,1.87639,1.87566,1.87633
2026-09-05 07:00:00,1.87621,1.87773,1.87621,1.87697
2026-09-05 07:15:00,1.87694,1.87712,1.87677,1.87681
2026-09-05 07:30:00,1.87685,1.87703,1.87665,1.87674
2026-09-05 07:45:00,1.87676,1.87705,1.87661,1.87703
2026-09-05 08:00:00,1.87697,1.87749,1.87644,1.87685
2026-09-05 08:15:00,1.87687,1.87698,1.8768,1.87687
2026-09-05 08:30:00,1.87685,1.87696,1.87681,1.87691
2026-09-05 08:45:00,1.87687,1.877,1.87683,1.87693
2026-09-05 09:00:00,1.87691,1.87754,1.87635,1.877
2026-09-05 09:15:00,1.87696,1.87737,1.87681,1.87696
2026-09-05 09:30:00,1.87703,1.87752,1.87665,1.87675
2026-09-05 09:45:00,1.87689,1.87724,1.87674,1.87699
2026-09-05 10:00:00,1.877,1.87719,1.87626,1.87635
2026-09-05 10:15:00,1.87638,1.8766,1.87631,1.87639
2026-09-05 10:30:00,1.87641,1.87644,1.87631,1.87639
2026-09-05 10:45:00,1.87635,1.87651,1.87631,1.8764
2026-09-05 11:00:00,1.87636,1.87645,1.87633,1.87633
2026-09-05 11:15:00,1.87634,1.87656,1.87624,1.87635
2026-09-05 11:30:00,1.87636,1.87697,1.87629,1.87635
2026-09-05 11:45:00,1.87638,1.87645,1.87632,1.8764
2026-09-05 12:00:00,1.87637,1.87655,1.87632,1.87634
2026-09-05 12:15:00,1.87636,1.87646,1.87633,1.87636
2026-09-05 12:30:00,1.87638,1.87655,1.87625,1.87639
2026-09-05 12:45:00,1.87637,1.87656,1.8763,1.87643
2026-09-05 13:00:00,1.87639,1.87646,1.87633,1.87639
2026-09-05 13:15:00,1.87637,1.87728,1.87624,1.87629
2026-09-05 13:30:00,1.8763,1.87651,1.87619,1.87638
2026-09-05 13:45:00,1.87638,1.87649,1.87627,1.87634
2026-09-05 14:00:00,1.8763,1.87655,1.87614,1.87631
2026-09-05 14:15:00,1.87632,1.87642,1.87627,1.87631
2026-09-05 14:30:00,1.87632,1.8765,1.87627,1.87634
2026-09-05 14:45:00,1.87631,1.87639,1.87627,1.87634
2026-09-05 15:00:00,1.8763,1.87747,1.87615,1.87634
2026-09-05 15:15:00,1.87632,1.87657,1.87628,1.87629
2026-09-05 15:30:00,1.87632,1.8764,1.87627,1.8763
2026-09-05 15:45:00,1.8763,1.87657,1.87626,1.87635
2026-09-05 16:00:00,1.87631,1.8764,1.87628,1.87635
2026-09-05 16:15:00,1.87632,1.87648,1.87627,1.8763
2026-09-05 16:30:00,1.87631,1.87718,1.87581,1.87633
2026-09-05 16:45:00,1.87642,1.87642,1.87629,1.87634
2026-09-05 17:00:00,1.87631,1.87647,1.87627,1.87636
2026-09-05 17:15:00,1.87632,1.87641,1.87629,1.87631
2026-09-05 17:30:00,1.87631,1.87648,1.87625,1.87631
2026-09-05 17:45:00,1.87632,1.87648,1.87625,1.87628
2026-09-05 18:00:00,1.87632,1.87639,1.87627,1.87634
2026-09-05 18:15:00,1.8763,1.87725,1.87577,1.87629
2026-09-05 18:30:00,1.8763,1.87642,1.87625,1.87626
2026-09-05 18:45:00,1.87631,1.87663,1.8763,1.87638
2026-09-05 19:00:00,1.87636,1.87647,1.87631,1.87635
2026-09-05 19:15:00,1.87638,1.87643,1.87631,1.87637
2026-09-05 19:30:00,1.87636,1.87656,1.87629,1.87631
2026-09-05 19:45:00,1.87635,1.87645,1.87632,1.87641
2026-09-05 20:00:00,1.87638,1.87715,1.87608,1.8764
2026-09-05 20:15:00,1.87636,1.87652,1.87631,1.87635
2026-09-05 20:30:00,1.87639,1.87645,1.87634,1.87634
2026-09-05 20:45:00,1.87636,1.87658,1.8763,1.87645
2026-09-05 21:00:00,1.87646,1.8765,1.87635,1.87646
2026-09-05 21:15:00,1.87642,1.87657,1.87631,1.87648
2026-09-05 21:30:00,1.87645,1.87732,1.87627,1.87719
2026-09-05 21:45:00,1.87688,1.87688,1.8762,1.87622
2026-09-05 22:00:00,1.87622,1.87645,1.87609,1.87621
2026-09-05 22:15:00,1.87617,1.87631,1.87615,1.87626
2026-09-05 22:30:00,1.87623,1.87647,1.87615,1.87617
2026-09-05 22:45:00,1.87618,1.87648,1.87615,1.87644
2026-09-05 23:00:00,1.87637,1.87643,1.87616,1.87621
2026-09-05 23:15:00,1.87618,1.87741,1.87614,1.87647
2026-09-05 23:30:00,1.87643,1.87652,1.8764,1.87647
2026-09-05 23:45:00,1.87646,1.87655,1.87628,1.87646
2026-09-06 00:00:00,1.87647,1.87655,1.87637,1.87654
2026-09-06 00:15:00,1.8765,1.87651,1.87633,1.87646
2026-09-06 00:30:00,1.87642,1.87656,1.87636,1.87648
2026-09-06 00:45:00,1.87648,1.87656,1.87645,1.87646
2026-09-06 01:00:00,1.87648,1.87746,1.87617,1.87682
2026-09-06 01:15:00,1.87679,1.87687,1.87652,1.87659
2026-09-06 01:30:00,1.8767,1.8767,1.87647,1.87656
2026-09-06 01:45:00,1.87654,1.87672,1.87632,1.87662
2026-09-06 02:00:00,1.87663,1.87668,1.87631,1.87639
2026-09-06 02:15:00,1.87635,1.87661,1.87631,1.87639
2026-09-06 02:30:00,1.87634,1.87707,1.87631,1.87682
2026-09-06 02:45:00,1.87629,1.8775,1.87629,1.87635
2026-09-06 03:00:00,1.87649,1.87655,1.87634,1.87647
2026-09-06 03:15:00,1.87647,1.87649,1.87631,1.87641
2026-09-06 03:30:00,1.87637,1.87655,1.8763,1.8764
2026-09-06 03:45:00,1.87637,1.87657,1.87629,1.87632
2026-09-06 04:00:00,1.8764,1.87662,1.87637,1.87645
2026-09-06 04:15:00,1.87646,1.8777,1.87623,1.87694
2026-09-06 04:30:00,1.87691,1.87697,1.87681,1.87689
2026-09-06 04:45:00,1.87685,1.87699,1.87649,1.87661
2026-09-06 05:00:00,1.87662,1.87673,1.87643,1.87647
2026-09-06 05:15:00,1.87656,1.87673,1.87655,1.87667
2026-09-06 05:30:00,1.87664,1.87689,1.87655,1.87685
2026-09-06 05:45:00,1.87675,1.87675,1.87629,1.87631
2026-09-06 06:00:00,1.87631,1.87749,1.87621,1.87679
2026-09-06 06:15:00,1.8768,1.87689,1.87677,1.87687
2026-09-06 06:30:00,1.8768,1.87696,1.87676,1.8769
2026-09-06 06:45:00,1.87685,1.87713,1.87651,1.87671
2026-09-06 07:00:00,1.87668,1.87668,1.87645,1.87647
2026-09-06 07:15:00,1.87649,1.8767,1.87646,1.87664
2026-09-06 07:30:00,1.8766,1.87663,1.87622,1.87633
2026-09-06 07:45:00,1.87629,1.87769,1.87529,1.87678
2026-09-06 08:00:00,1.87676,1.87683,1.87661,1.87672
2026-09-06 08:15:00,1.87674,1.87682,1.87628,1.87645
2026-09-06 08:30:00,1.87641,1.87667,1.87639,1.87658
2026-09-06 08:45:00,1.87654,1.87663,1.87652,1.87657
2026-09-06 09:00:00,1.87654,1.87675,1.8765,1.87655
2026-09-06 09:15:00,1.87656,1.87765,1.87592,1.87735
2026-09-06 09:30:00,1.87735,1.87743,1.87732,1.87739
2026-09-06 09:45:00,1.87735,1.87774,1.87655,1.87678
2026-09-06 10:00:00,1.87675,1.87683,1.87631,1.8765
2026-09-06 10:15:00,1.87651,1.87662,1.87636,1.8764
2026-09-06 10:30:00,1.8764,1.87668,1.87629,1.87657
2026-09-06 10:45:00,1.87653,1.87662,1.87651,1.87657
2026-09-06 11:00:00,1.87653,1.87778,1.87607,1.87733
2026-09-06 11:15:00,1.87733,1.87742,1.87731,1.87732
2026-09-06 11:30:00,1.87733,1.87739,1.87723,1.87731
2026-09-06 11:45:00,1.87728,1.87771,1.87625,1.87631
2026-09-06 12:00:00,1.87639,1.87639,1.87618,1.87625
2026-09-06 12:15:00,1.87625,1.87646,1.87614,1.87621
2026-09-06 12:30:00,1.87622,1.87636,1.87619,1.87631
2026-09-06 12:45:00,1.87628,1.87745,1.87613,1.8762
2026-09-06 13:00:00,1.87616,1.87637,1.87602,1.87615
2026-09-06 13:15:00,1.87616,1.87624,1.87609,1.87615
2026-09-06 13:30:00,1.87616,1.87641,1.87607,1.87612
2026-09-06 13:45:00,1.87609,1.87617,1.87605,1.87614
2026-09-06 14:00:00,1.8761,1.87638,1.876,1.87604
2026-09-06 14:15:00,1.87602,1.8773,1.87599,1.87633
2026-09-06 14:30:00,1.87635,1.87635,1.876,1.87607
2026-09-06 14:45:00,1.87602,1.87633,1.87586,1.87605
2026-09-06 15:00:00,1.87601,1.87608,1.87597,1.87602
2026-09-06 15:15:00,1.87599,1.87626,1.87593,1.87594
2026-09-06 15:30:00,1.87595,1.87618,1.87592,1.87598
2026-09-06 15:45:00,1.87599,1.876,1.87588,1.87592
2026-09-06 16:00:00,1.87589,1.87706,1.87582,1.87609
2026-09-06 16:15:00,1.87606,1.87612,1.87601,1.87603
2026-09-06 16:30:00,1.87604,1.8763,1.87589,1.87597
2026-09-06 16:45:00,1.87598,1.87634,1.87595,1.87615
2026-09-06 17:00:00,1.87613,1.87613,1.87591,1.87599
2026-09-06 17:15:00,1.87595,1.87632,1.87593,1.8762
2026-09-06 17:30:00,1.8762,1.87629,1.87598,1.87609
2026-09-06 17:45:00,1.8761,1.87754,1.8753,1.8771
2026-09-06 18:00:00,1.87707,1.87715,1.87703,1.87711
2026-09-06 18:15:00,1.87707,1.87715,1.87704,1.87709
2026-09-06 18:30:00,1.87707,1.87715,1.87649,1.87672
2026-09-06 18:45:00,1.87674,1.87682,1.87671,1.87677
2026-09-06 19:00:00,1.87674,1.87689,1.87669,1.87684
2026-09-06 19:15:00,1.8768,1.87699,1.87678,1.87694
2026-09-06 19:30:00,1.87693,1.87701,1.8769,1.87691
2026-09-06 19:45:00,1.87693,1.87704,1.8769,1.87699
2026-09-06 20:00:00,1.87695,1.87704,1.87693,1.87699
2026-09-06 20:15:00,1.87695,1.87704,1.87693,1.87698
2026-09-06 20:30:00,1.87695,1.87704,1.87693,1.87694
2026-09-06 20:45:00,1.87695,1.87704,1.87693,1.877
2026-09-06 21:00:00,1.87695,1.87704,1.87693,1.87699
2026-09-06 21:15:00,1.87695,1.87704,1.87693,1.87698
2026-09-06 21:30:00,1.87695,1.87958,1.87656,1.87813
2026-09-06 21:45:00,1.87814,1.87823,1.87811,1.87814
2026-09-06 22:00:00,1.87814,1.87822,1.87811,1.87818
2026-09-06 22:15:00,1.87814,1.87822,1.87795,1.87803
2026-09-06 22:30:00,1.87799,1.87805,1.87793,1.87795
2026-09-06 22:45:00,1.87795,1.87805,1.87793,1.87795
2026-09-06 23:00:00,1.87796,1.87806,1.87795,1.878
2026-09-06 23:15:00,1.87797,1.87928,1.87573,1.87821
2026-09-06 23:30:00,1.87817,1.87826,1.87814,1.87817
2026-09-06 23:45:00,1.87817,1.87826,1.87814,1.87816
2026-09-07 00:00:00,1.87817,1.87824,1.87638,1.8764
2026-09-07 00:15:00,1.87642,1.87646,1.87632,1.87638
2026-09-07 00:30:00,1.87634,1.87644,1.87633,1.87637
2026-09-07 00:45:00,1.87635,1.87667,1.87619,1.8763
2026-09-07 01:00:00,1.87634,1.87914,1.87469,1.87806
2026-09-07 01:15:00,1.87803,1.87811,1.87801,1.87807
2026-09-07 01:30:00,1.87802,1.87811,1.87713,1.87724
2026-09-07 01:45:00,1.87742,1.87745,1.87626,1.87668
2026-09-07 02:00:00,1.87676,1.8769,1.87617,1.87669
2026-09-07 02:15:00,1.87661,1.87672,1.8763,1.87636
2026-09-07 02:30:00,1.87632,1.8793,1.87414,1.87812
2026-09-07 02:45:00,1.87805,1.8784,1.87805,1.87831
2026-09-07 03:00:00,1.87832,1.87836,1.87625,1.87638
2026-09-07 03:15:00,1.87638,1.87646,1.87634,1.87639
2026-09-07 03:30:00,1.87635,1.87643,1.87631,1.87637
2026-09-07 03:45:00,1.87634,1.87643,1.87632,1.87633
2026-09-07 04:00:00,1.87634,1.87646,1.87631,1.87638
2026-09-07 04:15:00,1.87639,1.87884,1.87427,1.87549
2026-09-07 04:30:00,1.87556,1.87651,1.87497,1.87631
2026-09-07 04:45:00,1.87607,1.87665,1.87521,1.87661
2026-09-07 05:00:00,1.87651,1.87817,1.87481,1.87601
2026-09-07 05:15:00,1.87636,1.8791,1.87437,1.87789
2026-09-07 05:30:00,1.87787,1.8797,1.87523,1.87633
2026-09-07 05:45:00,1.8764,1.87757,1.87534,1.87576
2026-09-07 06:00:00,1.87606,1.87816,1.8748,1.87699
2026-09-07 06:15:00,1.8767,1.87773,1.8755,1.8768
2026-09-07 06:30:00,1.87665,1.87788,1.87657,1.87723
2026-09-07 06:45:00,1.87719,1.87786,1.87619,1.87739
2026-09-07 07:00:00,1.87745,1.87785,1.87699,1.8771
2026-09-07 07:15:00,1.87729,1.87828,1.87701,1.87766
2026-09-07 07:30:00,1.87758,1.87784,1.877,1.87765
2026-09-07 07:45:00,1.87755,1.87762,1.87648,1.87675
2026-09-07 08:00:00,1.87655,1.87693,1.87559,1.87571
2026-09-07 08:15:00,1.87573,1.87581,1.87567,1.87569
2026-09-07 08:30:00,1.8757,1.87591,1.87567,1.87581
2026-09-07 08:45:00,1.87577,1.87596,1.87567,1.87581
2026-09-07 09:00:00,1.87574,1.87594,1.87543,1.87557
2026-09-07 09:15:00,1.87554,1.87583,1.87541,1.8758
2026-09-07 09:30:00,1.87577,1.87583,1.87557,1.87572
2026-09-07 09:45:00,1.87568,1.87593,1.87543,1.8759
2026-09-07 10:00:00,1.87582,1.8759,1.87551,1.87553
2026-09-07 10:15:00,1.8756,1.87608,1.87556,1.87597
2026-09-07 10:30:00,1.87582,1.87642,1.87502,1.87519
2026-09-07 10:45:00,1.87515,1.87608,1.87496,1.87588
2026-09-07 11:00:00,1.87593,1.87603,1.87541,1.87557
2026-09-07 11:15:00,1.87559,1.87593,1.87538,1.87568
2026-09-07 11:30:00,1.87569,1.87619,1.87523,1.87591
2026-09-07 11:45:00,1.87594,1.8762,1.87574,1.8758
2026-09-07 12:00:00,1.87581,1.87639,1.87581,1.87612
2026-09-07 12:15:00,1.87615,1.87649,1.87587,1.87588
2026-09-07 12:30:00,1.87589,1.87635,1.87577,1.87616
2026-09-07 12:45:00,1.87608,1.87647,1.87586,1.87644
2026-09-07 13:00:00,1.87637,1.87639,1.87565,1.87623
2026-09-07 13:15:00,1.87626,1.87663,1.87613,1.87615
2026-09-07 13:30:00,1.87618,1.87619,1.87544,1.87567
2026-09-07 13:45:00,1.87561,1.87563,1.87525,1.87549
2026-09-07 14:00:00,1.87542,1.87581,1.87522,1.87555
2026-09-07 14:15:00,1.87549,1.87586,1.87538,1.87564
2026-09-07 14:30:00,1.87565,1.87599,1.87554,1.8758
2026-09-07 14:45:00,1.87586,1.87599,1.87522,1.87527
2026-09-07 15:00:00,1.87533,1.87555,1.87514,1.87545
2026-09-07 15:15:00,1.87541,1.87544,1.87494,1.87497
2026-09-07 15:30:00,1.87503,1.87509,1.87468,1.87487
2026-09-07 15:45:00,1.87487,1.87509,1.87468,1.87503
2026-09-07 16:00:00,1.87494,1.8754,1.87484,1.87487
2026-09-07 16:15:00,1.87487,1.87563,1.87483,1.87541
2026-09-07 16:30:00,1.87542,1.87545,1.87458,1.87486
2026-09-07 16:45:00,1.8748,1.87522,1.87438,1.87492
2026-09-07 17:00:00,1.87497,1.87503,1.87445,1.87453
2026-09-07 17:15:00,1.87467,1.87467,1.87372,1.87374
2026-09-07 17:30:00,1.87377,1.87413,1.87337,1.87406
2026-09-07 17:45:00,1.87399,1.87423,1.8731,1.87381
2026-09-07 18:00:00,1.87374,1.87396,1.87353,1.87391
