time,open,high,low,close
2026-07-17 16:15:00,218.69834,218.79366,218.69834,218.73814
2026-07-17 16:30:00,218.74261,218.83049,218.71341,218.82749
2026-07-17 16:45:00,218.82116,218.82116,218.49954,218.64329
2026-07-17 17:00:00,218.62084,218.71652,218.5032,218.51076
2026-07-17 17:15:00,218.52329,218.52329,218.40087,218.50736
2026-07-17 17:30:00,218.49537,218.57859,218.4592,218.46492
2026-07-17 17:45:00,218.47569,218.50508,218.4028,218.40893
2026-07-17 18:00:00,218.41702,218.56089,218.38953,218.46224
2026-07-17 18:15:00,218.477,218.4847,218.38354,218.44392
2026-07-17 18:30:00,218.44979,218.50607,218.3078,218.33774
2026-07-17 18:45:00,218.32428,218.38016,218.27998,218.2854
2026-07-17 19:00:00,218.29019,218.37754,218.27154,218.32636
2026-07-17 19:15:00,218.33541,218.36379,218.27135,218.35723
2026-07-17 19:30:00,218.34703,218.3873,218.28588,218.2988
2026-07-17 19:45:00,218.30336,218.33123,218.26548,218.27234
2026-07-17 20:00:00,218.28364,218.28926,218.13971,218.25499
2026-07-17 20:15:00,218.25086,218.27756,218.19581,218.2185
2026-07-17 20:30:00,218.21724,218.21724,218.1266,218.1288
2026-07-17 20:45:00,218.13596,218.15733,218.05717,218.08626
2026-07-17 21:00:00,218.09154,218.14044,218.01579,218.13914
2026-07-17 21:15:00,218.13131,218.21005,218.10326,218.18091
2026-07-17 21:30:00,218.17213,218.26644,218.14619,218.16111
2026-07-17 21:45:00,218.17374,218.21696,218.13479,218.20394
2026-07-17 22:00:00,218.19787,218.21211,218.14484,218.16651
2026-07-17 22:15:00,218.16497,218.2058,218.06238,218.08071
2026-07-17 22:30:00,218.08844,218.16712,218.0488,218.16304
2026-07-17 22:45:00,218.15721,218.23425,218.11532,218.12153
2026-07-17 23:00:00,218.13433,218.19243,218.12204,218.19178
2026-07-17 23:15:00,218.18534,218.26079,218.14227,218.20302
2026-07-17 23:30:00,218.209,218.31673,218.20176,218.2955
2026-07-17 23:45:00,218.2986,218.44726,218.24431,218.34738
2026-07-18 00:00:00,218.36045,218.45556,218.33894,218.35955
2026-07-18 00:15:00,218.35291,218.44839,218.27005,218.41583
2026-07-18 00:30:00,218.43204,218.45366,218.37347,218.4401
2026-07-18 00:45:00,218.43147,218.46319,218.34068,218.3485
2026-07-18 01:00:00,218.36122,218.41931,218.3368,218.36368
2026-07-18 01:15:00,218.36102,218.428,218.33873,218.42517
2026-07-18 01:30:00,218.41354,218.4643,218.39231,218.40787
2026-07-18 01:45:00,218.41156,218.42527,218.34459,218.39223
2026-07-18 02:00:00,218.39579,218.51068,218.33842,218.50994
2026-07-18 02:15:00,218.50486,218.59871,218.50067,218.57962
2026-07-18 02:30:00,218.58462,218.62984,218.56205,218.62236
2026-07-18 02:45:00,218.6104,218.6598,218.58839,218.60337
2026-07-18 03:00:00,218.60744,218.64416,218.554,218.59377
2026-07-18 03:15:00,218.59674,218.60974,218.56494,218.5971
2026-07-18 03:30:00,218.59211,218.59757,218.54526,218.5605
2026-07-18 03:45:00,218.55765,218.58371,218.53857,218.56857
2026-07-18 04:00:00,218.56516,218.57821,218.52221,218.56045
2026-07-18 04:15:00,218.55215,218.58785,218.5477,218.56149
2026-07-18 04:30:00,218.55563,218.5906,218.53469,218.53794
2026-07-18 04:45:00,218.54222,218.57238,218.52776,218.55182
2026-07-18 05:00:00,218.55791,218.57068,218.51429,218.54725
2026-07-18 05:15:00,218.5488,218.58928,218.54217,218.58099
2026-07-18 05:30:00,218.57661,218.62203,218.54098,218.61965
2026-07-18 05:45:00,218.61346,218.63565,218.55336,218.55827
2026-07-18 06:00:00,218.56813,218.58281,218.53745,218.53909
2026-07-18 06:15:00,218.53983,218.56799,218.5127,218.53801
2026-07-18 06:30:00,218.53412,218.54091,218.50648,218.52582
2026-07-18 06:45:00,218.52262,218.54522,218.47612,218.48045
2026-07-18 07:00:00,218.48835,218.53604,218.45172,218.50143
2026-07-18 07:15:00,218.50507,218.5339,218.45072,218.52154
2026-07-18 07:30:00,218.51773,218.52447,218.49972,218.51684
2026-07-18 07:45:00,218.5128,218.525,218.49496,218.49877
2026-07-18 08:00:00,218.49886,218.54021,218.43385,218.52563
2026-07-18 08:15:00,218.52172,218.53439,218.51187,218.51773
2026-07-18 08:30:00,218.51877,218.55461,218.44396,218.50227
2026-07-18 08:45:00,218.49783,218.50428,218.48411,218.48562
2026-07-18 09:00:00,218.48864,218.50784,218.42868,218.48313
2026-07-18 09:15:00,218.48848,218.50616,218.47406,218.48968
2026-07-18 09:30:00,218.48636,218.49808,218.47938,218.4925
2026-07-18 09:45:00,218.48771,218.50593,218.48001,218.49201
2026-07-18 10:00:00,218.48852,218.49145,218.42528,218.47926
2026-07-18 10:15:00,218.48075,218.49622,218.47564,218.48111
2026-07-18 10:30:00,218.48176,218.54669,218.45794,218.48569
2026-07-18 10:45:00,218.49125,218.49299,218.47426,218.47808
2026-07-18 11:00:00,218.47839,218.48831,218.43922,218.47486
2026-07-18 11:15:00,218.47652,218.49197,218.47119,218.47724
2026-07-18 11:30:00,218.47765,218.49774,218.47373,218.48433
2026-07-18 11:45:00,218.48006,218.48838,218.47323,218.47922
2026-07-18 12:00:00,218.47613,218.48646,218.43642,218.48339
2026-07-18 12:15:00,218.47887,218.48651,218.47282,218.48142
2026-07-18 12:30:00,218.47585,218.48675,218.47295,218.48112
2026-07-18 12:45:00,218.47692,218.49592,218.46988,218.48096
2026-07-18 13:00:00,218.47713,218.49107,218.42728,218.47399
2026-07-18 13:15:00,218.47459,218.49175,218.46906,218.47507
2026-07-18 13:30:00,218.47589,218.48574,218.47249,218.4789
2026-07-18 13:45:00,218.47533,218.49477,218.47106,218.47989
2026-07-18 14:00:00,218.47558,218.49282,218.43879,218.48108
2026-07-18 14:15:00,218.48077,218.48891,218.47336,218.47849
2026-07-18 14:30:00,218.47917,218.49429,218.46749,218.47963
2026-07-18 14:45:00,218.47685,218.48925,218.47068,218.4787
2026-07-18 15:00:00,218.47395,218.54916,218.44567,218.49195
2026-07-18 15:15:00,218.48971,218.49628,218.47559,218.47757
2026-07-18 15:30:00,218.48059,218.48692,218.46865,218.47995
2026-07-18 15:45:00,218.47632,218.49531,218.47165,218.48624
2026-07-18 16:00:00,218.48179,218.49151,218.43854,218.48372
2026-07-18 16:15:00,218.48208,218.49493,218.47249,218.48096
2026-07-18 16:30:00,218.48237,218.50216,218.46333,218.48717
2026-07-18 16:45:00,218.48962,218.49156,218.47624,218.48592
2026-07-18 17:00:00,218.48102,218.49439,218.45132,218.48373
2026-07-18 17:15:00,218.48126,218.49042,218.47668,218.47954
2026-07-18 17:30:00,218.48089,218.49416,218.47481,218.48695
2026-07-18 17:45:00,218.48143,218.49187,218.47668,218.49006
2026-07-18 18:00:00,218.48589,218.49216,218.47739,218.48396
2026-07-18 18:15:00,218.48055,218.50217,218.45741,218.48277
2026-07-18 18:30:00,218.48373,218.49362,218.4781,218.48147
2026-07-18 18:45:00,218.48235,218.49456,218.47787,218.48519
2026-07-18 19:00:00,218.48088,218.49488,218.47629,218.48911
2026-07-18 19:15:00,218.48559,218.49284,218.47649,218.48395
2026-07-18 19:30:00,218.48024,218.49483,218.47822,218.48822
2026-07-18 19:45:00,218.48311,218.49095,218.47519,218.48651
2026-07-18 20:00:00,218.48303,218.50232,218.4628,218.48548
2026-07-18 20:15:00,218.48091,218.49429,218.47914,218.48445
2026-07-18 20:30:00,218.48471,218.49381,218.47903,218.48243
2026-07-18 20:45:00,218.48385,218.49507,218.47884,218.48358
2026-07-18 21:00:00,218.48088,218.49318,218.47757,218.48538
2026-07-18 21:15:00,218.48051,218.49718,218.47622,218.48466
2026-07-18 21:30:00,218.48194,218.53958,218.44728,218.53121
2026-07-18 21:45:00,218.515,218.515,218.47923,218.48658
2026-07-18 22:00:00,218.48187,218.49596,218.47705,218.4878
2026-07-18 22:15:00,218.48313,218.49256,218.47733,218.48394
2026-07-18 22:30:00,218.48203,218.49806,218.47166,218.48281
2026-07-18 22:45:00,218.48406,218.49481,218.47769,218.49341
2026-07-18 23:00:00,218.4898,218.49139,218.47743,218.48608
2026-07-18 23:15:00,218.48102,218.50545,218.47079,218.48784
2026-07-18 23:30:00,218.48521,218.49308,218.48035,218.48132
2026-07-18 23:45:00,218.48286,218.5015,218.47771,218.48011
2026-07-19 00:00:00,218.4806,218.49438,218.47955,218.48778
2026-07-19 00:15:00,218.48335,218.49295,218.47853,218.48635
2026-07-19 00:30:00,218.48281,218.49671,218.47868,218.48331
2026-07-19 00:45:00,218.48414,218.49265,218.47971,218.48226
2026-07-19 01:00:00,218.48286,218.49737,218.46785,218.47655
2026-07-19 01:15:00,218.47272,218.497,218.46897,218.49141
2026-07-19 01:30:00,218.48718,218.49259,218.47603,218.47885
2026-07-19 01:45:00,218.4791,218.49154,218.47607,218.47912
2026-07-19 02:00:00,218.48022,218.48373,218.41919,218.47667
2026-07-19 02:15:00,218.47351,218.49009,218.46605,218.46888
2026-07-19 02:30:00,218.46916,218.49333,218.4618,218.49014
2026-07-19 02:45:00,218.48323,218.48323,218.46274,218.47588
2026-07-19 03:00:00,218.47003,218.49897,218.43038,218.47426
2026-07-19 03:15:00,218.47555,218.49224,218.47555,218.48642
2026-07-19 03:30:00,218.48155,218.4933,218.47761,218.48208
2026-07-19 03:45:00,218.48044,218.49804,218.47167,218.47412
2026-07-19 04:00:00,218.48193,218.49321,218.42572,218.4586
2026-07-19 04:15:00,218.45438,218.4882,218.44508,218.48495
2026-07-19 04:30:00,218.4801,218.49406,218.47801,218.48365
2026-07-19 04:45:00,218.48139,218.49828,218.47897,218.4891
2026-07-19 05:00:00,218.48355,218.49534,218.43443,218.47745
2026-07-19 05:15:00,218.48092,218.49465,218.47975,218.48766
2026-07-19 05:30:00,218.48279,218.4992,218.47496,218.48698
2026-07-19 05:45:00,218.48397,218.49458,218.48004,218.48165
2026-07-19 06:00:00,218.48288,218.52313,218.41815,218.46877
2026-07-19 06:15:00,218.46895,218.48509,218.46833,218.48284
2026-07-19 06:30:00,218.47257,218.49488,218.47257,218.47511
2026-07-19 06:45:00,218.47529,218.50311,218.44701,218.47201
2026-07-19 07:00:00,218.4727,218.47944,218.40654,218.42708
2026-07-19 07:15:00,218.42806,218.45865,218.42077,218.4524
2026-07-19 07:30:00,218.44882,218.47278,218.44285,218.46601
2026-07-19 07:45:00,218.44464,218.48967,218.44464,218.45081
2026-07-19 08:00:00,218.45184,218.47686,218.40095,218.46392
2026-07-19 08:15:00,218.46515,218.47362,218.46069,218.46679
2026-07-19 08:30:00,218.46393,218.48083,218.46087,218.47325
2026-07-19 08:45:00,218.46852,218.47811,218.46525,218.47046
2026-07-19 09:00:00,218.46828,218.51174,218.42128,218.44507
2026-07-19 09:15:00,218.44667,218.48122,218.41021,218.45471
2026-07-19 09:30:00,218.45484,218.45895,218.44585,218.4538
2026-07-19 09:45:00,218.44889,218.46805,218.446,218.45719
2026-07-19 10:00:00,218.45547,218.46516,218.45229,218.45365
2026-07-19 10:15:00,218.45527,218.47518,218.4527,218.46478
2026-07-19 10:30:00,218.46036,218.48715,218.45716,218.48133
2026-07-19 10:45:00,218.47663,218.48493,218.47129,218.47645
2026-07-19 11:00:00,218.47394,218.49496,218.44141,218.4629
2026-07-19 11:15:00,218.46435,218.48611,218.46326,218.4815
2026-07-19 11:30:00,218.47647,218.49244,218.47632,218.48898
2026-07-19 11:45:00,218.48441,218.49763,218.47977,218.48892
2026-07-19 12:00:00,218.48572,218.49487,218.4804,218.48098
2026-07-19 12:15:00,218.48206,218.49791,218.47886,218.48639
2026-07-19 12:30:00,218.48674,218.49146,218.4709,218.48247
2026-07-19 12:45:00,218.47801,218.51278,218.46616,218.48607
2026-07-19 13:00:00,218.4821,218.49506,218.4808,218.48495
2026-07-19 13:15:00,218.48539,218.49341,218.48009,218.48239
2026-07-19 13:30:00,218.48337,218.4966,218.4812,218.4865
2026-07-19 13:45:00,218.48307,218.49263,218.47959,218.48732
2026-07-19 14:00:00,218.48283,218.49359,218.47956,218.48523
2026-07-19 14:15:00,218.48244,218.50161,218.46491,218.47123
2026-07-19 14:30:00,218.47395,218.47816,218.46493,218.47125
2026-07-19 14:45:00,218.46817,218.48749,218.45846,218.47636
2026-07-19 15:00:00,218.4716,218.48067,218.46752,218.47259
2026-07-19 15:15:00,218.47067,218.48708,218.46553,218.47115
2026-07-19 15:30:00,218.47276,218.48779,218.46947,218.47768
2026-07-19 15:45:00,218.47761,218.48407,218.47115,218.4792
2026-07-19 16:00:00,218.47429,218.49446,218.46533,218.46906
2026-07-19 16:15:00,218.4671,218.47593,218.46297,218.46451
2026-07-19 16:30:00,218.46611,218.48688,218.45411,218.47368
2026-07-19 16:45:00,218.46906,218.48421,218.46595,218.47946
2026-07-19 17:00:00,218.47491,218.48228,218.46835,218.47415
2026-07-19 17:15:00,218.47137,218.48804,218.46943,218.47224
2026-07-19 17:30:00,218.47356,218.48396,218.45903,218.4686
2026-07-19 17:45:00,218.46336,218.49574,218.45882,218.47795
2026-07-19 18:00:00,218.47201,218.49244,218.46317,218.48641
2026-07-19 18:15:00,218.48322,218.486,218.47316,218.47447
2026-07-19 18:30:00,218.47537,218.49173,218.4721,218.47955
2026-07-19 18:45:00,218.48014,218.48683,218.47388,218.48057
2026-07-19 19:00:00,218.47669,218.49348,218.47457,218.48782
2026-07-19 19:15:00,218.48404,218.49093,218.46628,218.48108
2026-07-19 19:30:00,218.48135,218.49119,218.47371,218.47583
2026-07-19 19:45:00,218.47698,218.49748,218.47468,218.49089
2026-07-19 20:00:00,218.48768,218.49742,218.48445,218.49229
2026-07-19 20:15:00,218.48768,218.49749,218.48457,218.49021
2026-07-19 20:30:00,218.48768,218.49751,218.4844,218.48619
2026-07-19 20:45:00,218.48768,218.50015,218.4818,218.48365
2026-07-19 21:00:00,218.48471,218.49634,218.48333,218.49141
2026-07-19 21:15:00,218.48654,218.49628,218.48331,218.48825
2026-07-19 21:30:00,218.48654,218.54602,218.4809,218.50969
2026-07-19 21:45:00,218.51132,218.5215,218.50805,218.52022
2026-07-19 22:00:00,218.5162,218.52577,218.51293,218.52111
2026-07-19 22:15:00,218.5162,218.52602,218.51297,218.51828
2026-07-19 22:30:00,218.5162,218.52595,218.513,218.51463
2026-07-19 22:45:00,218.5162,218.526,218.46619,218.4676
2026-07-19 23:00:00,218.46808,218.47437,218.46152,218.46922
2026-07-19 23:15:00,218.46455,218.53675,218.46129,218.50971
2026-07-19 23:30:00,218.50676,218.52902,218.49321,218.51801
2026-07-19 23:45:00,218.51931,218.5291,218.51611,218.51929
2026-07-20 00:00:00,218.51931,218.53198,218.43273,218.47176
2026-07-20 00:15:00,218.46751,218.47738,218.46447,218.47151
2026-07-20 00:30:00,218.46773,218.47752,218.46457,218.46704
2026-07-20 00:45:00,218.46773,218.50621,218.45865,218.48295
2026-07-20 01:00:00,218.48974,218.53207,218.45765,218.5274
2026-07-20 01:15:00,218.51496,218.52898,218.5028,218.52594
2026-07-20 01:30:00,218.51604,218.5256,218.51276,218.5159
2026-07-20 01:45:00,218.51604,218.52585,218.5128,218.51481
2026-07-20 02:00:00,218.51604,218.51992,218.44969,218.46317
2026-07-20 02:15:00,218.45151,218.4916,218.45151,218.48675
2026-07-20 02:30:00,218.48203,218.52108,218.44434,218.48231
2026-07-20 02:45:00,218.48676,218.48676,218.44841,218.4671
2026-07-20 03:00:00,218.46868,218.58474,218.4006,218.53943
2026-07-20 03:15:00,218.545,218.54948,218.4884,218.50007
2026-07-20 03:30:00,218.49441,218.52031,218.49441,218.50112
2026-07-20 03:45:00,218.50349,218.51798,218.49405,218.49977
2026-07-20 04:00:00,218.50362,218.54673,218.43953,218.48644
2026-07-20 04:15:00,218.48949,218.6181,218.45975,218.49948
2026-07-20 04:30:00,218.49373,218.93564,218.44835,218.45589
2026-07-20 04:45:00,218.45799,218.53624,218.40896,218.4599
2026-07-20 05:00:00,218.49325,218.58272,218.35106,218.45016
2026-07-20 05:15:00,218.46372,218.58179,218.41549,218.52954
2026-07-20 05:30:00,218.51336,218.62984,218.38265,218.50846
2026-07-20 05:45:00,218.49134,218.59211,218.41163,218.50765
2026-07-20 06:00:00,218.48248,218.48248,218.36496,218.41452
2026-07-20 06:15:00,218.41574,218.45453,218.34644,218.38431
2026-07-20 06:30:00,218.3714,218.51183,218.3432,218.44053
2026-07-20 06:45:00,218.43049,218.61715,218.33311,218.49853
2026-07-20 07:00:00,218.49131,218.56738,218.43261,218.45457
2026-07-20 07:15:00,218.50535,218.60509,218.36235,218.40294
2026-07-20 07:30:00,218.40045,218.49381,218.35903,218.43249
2026-07-20 07:45:00,218.41081,218.48228,218.34896,218.39194
2026-07-20 08:00:00,218.39384,218.58802,218.33607,218.51751
2026-07-20 08:15:00,218.50566,218.54913,218.44196,218.51075
2026-07-20 08:30:00,218.4961,218.53392,218.49466,218.52162
2026-07-20 08:45:00,218.51657,218.52931,218.48259,218.48488
2026-07-20 09:00:00,218.4881,218.52183,218.46335,218.51851
2026-07-20 09:15:00,218.51356,218.51807,218.46481,218.49895
2026-07-20 09:30:00,218.49081,218.52895,218.48887,218.52717
2026-07-20 09:45:00,218.51911,218.53417,218.48623,218.52907
2026-07-20 10:00:00,218.52651,218.55059,218.4884,218.52895
2026-07-20 10:15:00,218.52905,218.54923,218.50604,218.52067
2026-07-20 10:30:00,218.52409,218.5337,218.42464,218.45179
2026-07-20 10:45:00,218.44631,218.4547,218.33976,218.36336
2026-07-20 11:00:00,218.35951,218.41275,218.34006,218.34419
2026-07-20 11:15:00,218.3511,218.46776,218.34174,218.4629
2026-07-20 11:30:00,218.45327,218.4536,218.37087,218.38493
2026-07-20 11:45:00,218.4124,218.4417,218.35421,218.42583
2026-07-20 12:00:00,218.42776,218.47586,218.42776,218.4618
2026-07-20 12:15:00,218.46616,218.51273,218.46149,218.50662
2026-07-20 12:30:00,218.49685,218.57238,218.49423,218.57175
2026-07-20 12:45:00,218.56714,218.57758,218.54258,218.54659
2026-07-20 13:00:00,218.55073,218.55073,218.49973,218.53306
2026-07-20 13:15:00,218.52648,218.55823,218.52591,218.55274
2026-07-20 13:30:00,218.54438,218.57955,218.52893,218.57726
2026-07-20 13:45:00,218.57049,218.58483,218.5426,218.57949
2026-07-20 14:00:00,218.57409,218.61341,218.56874,218.60754
2026-07-20 14:15:00,218.60556,218.6536,218.59435,218.64955
2026-07-20 14:30:00,218.64341,218.65107,218.6293,218.63797
2026-07-20 14:45:00,218.63818,218.64275,218.60843,218.62857
2026-07-20 15:00:00,218.62339,218.63727,218.58233,218.58767
2026-07-20 15:15:00,218.59018,218.65982,218.59018,218.64769
2026-07-20 15:30:00,218.64933,218.65727,218.62102,218.62803
2026-07-20 15:45:00,218.63026,218.68755,218.62638,218.68349
2026-07-20 16:00:00,218.67944,218.69968,218.61883,218.64
2026-07-20 16:15:00,218.63144,218.67712,218.58841,218.62191
2026-07-20 16:30:00,218.61843,218.64392,218.54979,218.61207
2026-07-20 16:45:00,218.61688,218.63205,218.58425,218.59037
2026-07-20 17:00:00,218.59883,218.71238,218.56987,218.68454
2026-07-20 17:15:00,218.68735,218.76525,218.68376,218.75545
2026-07-20 17:30:00,218.74225,218.85019,218.73718,218.80621
2026-07-20 17:45:00,218.811,218.82137,218.77093,218.81408
2026-07-20 18:00:00,218.81,218.82465,218.76119,218.76532
2026-07-20 18:15:00,218.77065,218.78687,218.67411,218.67474
2026-07-20 18:30:00,218.67626,218.7204,218.66273,218.71895
2026-07-20 18:45:00,218.71567,218.7327,218.67051,218.70742
2026-07-20 19:00:00,218.70307,218.72212,218.5938,218.59654
2026-07-20 19:15:00,218.59666,218.60827,218.54794,218.5796
2026-07-20 19:30:00,218.58323,218.68719,218.56962,218.64248
2026-07-20 19:45:00,218.66012,218.72313,218.65279,218.67173
2026-07-20 20:00:00,218.66502,218.7453,218.61611,218.74338
2026-07-20 20:15:00,218.73673,218.76278,218.7037,218.72524
2026-07-20 20:30:00,218.71999,218.81364,218.70214,218.77107
2026-07-20 20:45:00,218.77925,218.79629,218.73566,218.78059
2026-07-20 21:00:00,218.77496,218.7969,218.71382,218.75946
2026-07-20 21:15:00,218.75351,218.77727,218.73112,218.75985
2026-07-20 21:30:00,218.75995,218.80247,218.63273,218.63613
2026-07-20 21:45:00,218.64295,218.65327,218.56497,218.56686
2026-07-20 22:00:00,218.56884,218.63768,218.53287,218.61428
2026-07-20 22:15:00,218.59906,218.59906,218.48403,218.48864
2026-07-20 22:30:00,218.49493,218.51346,218.42542,218.48631
2026-07-20 22:45:00,218.48158,218.53826,218.45083,218.51727
2026-07-20 23:00:00,218.51702,218.5532,218.50452,218.55113
2026-07-20 23:15:00,218.54656,218.58858,218.51507,218.58534
2026-07-20 23:30:00,218.57895,218.59289,218.46002,218.46856
2026-07-20 23:45:00,218.48009,218.58333,218.38258,218.57404
2026-07-21 00:00:00,218.55827,218.6518,218.55827,218.6181
2026-07-21 00:15:00,218.62102,218.68068,218.60003,218.67843
2026-07-21 00:30:00,218.67106,218.67648,218.51577,218.55068
2026-07-21 00:45:00,218.55561,218.58358,218.38947,218.39889
2026-07-21 01:00:00,218.42045,218.5237,218.17008,218.17695
2026-07-21 01:15:00,218.18794,218.18794,218.06957,218.12727
2026-07-21 01:30:00,218.11641,218.17444,218.09522,218.09818
2026-07-21 01:45:00,218.10238,218.16817,218.05366,218.16617
2026-07-21 02:00:00,218.16298,218.17206,218.0787,218.14906
2026-07-21 02:15:00,218.15203,218.18423,218.10253,218.15244
2026-07-21 02:30:00,218.14206,218.16985,218.07384,218.08753
2026-07-21 02:45:00,218.09033,218.12431,218.07124,218.12129
2026-07-21 03:00:00,218.11689,218.15821,218.0967,218.12636
2026-07-21 03:15:00,218.14235,218.20008,218.07957,218.19731
2026-07-21 03:30:00,218.18456,218.22483,218.15802,218.17596
2026-07-21 03:45:00,218.16416,218.24757,218.16416,218.22834
2026-07-21 04:00:00,218.22393,218.27587,218.19073,218.25386
2026-07-21 04:15:00,218.25823,218.32631,218.25823,218.31535
2026-07-21 04:30:00,218.31066,218.329,218.28845,218.30433
2026-07-21 04:45:00,218.30131,218.34342,218.28608,218.33757
2026-07-21 05:00:00,218.3308,218.35633,218.28457,218.29995
2026-07-21 05:15:00,218.29692,218.32451,218.27869,218.31234
2026-07-21 05:30:00,218.29319,218.37757,218.29319,218.35651
2026-07-21 05:45:00,218.34889,218.36537,218.29874,218.31796
2026-07-21 06:00:00,218.32624,218.37007,218.26591,218.27558
2026-07-21 06:15:00,218.27603,218.28061,218.25479,218.25867
2026-07-21 06:30:00,218.25823,218.29088,218.25026,218.28144
2026-07-21 06:45:00,218.27698,218.29524,218.24322,218.26878
2026-07-21 07:00:00,218.26543,218.34726,218.21587,218.30369
2026-07-21 07:15:00,218.29663,218.34117,218.13944,218.18485
2026-07-21 07:30:00,218.18156,218.20172,218.16524,218.17929
2026-07-21 07:45:00,218.17215,218.19212,218.14045,218.1603
2026-07-21 08:00:00,218.16077,218.21974,218.11565,218.16199
2026-07-21 08:15:00,218.16237,218.16553,218.12781,218.14136
2026-07-21 08:30:00,218.13645,218.1765,218.1353,218.17532
2026-07-21 08:45:00,218.16991,218.1869,218.15378,218.18452
2026-07-21 09:00:00,218.1775,218.22619,218.1775,218.21838
2026-07-21 09:15:00,218.21392,218.22548,218.20155,218.20333
2026-07-21 09:30:00,218.20635,218.23663,218.20512,218.22443
2026-07-21 09:45:00,218.219,218.25684,218.20229,218.25459
2026-07-21 10:00:00,218.24795,218.25764,218.21015,218.21732
2026-07-21 10:15:00,218.22717,218.25546,218.2068,218.23202
2026-07-21 10:30:00,218.22314,218.29012,218.22314,218.28646
2026-07-21 10:45:00,218.27997,218.34288,218.27997,218.33439
2026-07-21 11:00:00,218.32787,218.33277,218.27465,218.31545
2026-07-21 11:15:00,218.31715,218.34369,218.28684,218.29197
2026-07-21 11:30:00,218.29877,218.34628,218.2528,218.34566
2026-07-21 11:45:00,218.3397,218.36812,218.3356,218.34919
2026-07-21 12:00:00,218.34561,218.40834,218.33344,218.36952
2026-07-21 12:15:00,218.36999,218.39421,218.33882,218.33985
2026-07-21 12:30:00,218.34106,218.35367,218.31247,218.31585
2026-07-21 12:45:00,218.31639,218.32082,218.24386,218.25272
2026-07-21 13:00:00,218.25837,218.29425,218.23428,218.28517
2026-07-21 13:15:00,218.28468,218.31748,218.2726,218.29247
2026-07-21 13:30:00,218.30073,218.34267,218.30073,218.3282
2026-07-21 13:45:00,218.32561,218.35865,218.31413,218.34204
2026-07-21 14:00:00,218.33745,218.35552,218.31274,218.33559
2026-07-21 14:15:00,218.33177,218.35012,218.31951,218.33988
2026-07-21 14:30:00,218.3372,218.40849,218.31588,218.3916
2026-07-21 14:45:00,218.38311,218.41237,218.37982,218.38951
2026-07-21 15:00:00,218.39088,218.44818,218.38193,218.42133
2026-07-21 15:15:00,218.42467,218.44082,218.41159,218.42643
2026-07-21 15:30:00,218.4296,218.47877,218.42633,218.45392
2026-07-21 15:45:00,218.45888,218.49459,218.43831,218.48767
2026-07-21 16:00:00,218.48349,218.57548,218.46986,218.57263
2026-07-21 16:15:00,218.56734,218.60726,218.54208,218.54495
2026-07-21 16:30:00,218.5531,218.65486,218.5531,218.64792
2026-07-21 16:45:00,218.63468,218.6648,218.57017,218.57779
2026-07-21 17:00:00,218.59005,218.72695,218.56294,218.60903
2026-07-21 17:15:00,218.60872,218.64959,218.58268,218.6131
2026-07-21 17:30:00,218.61583,218.63487,218.49015,218.49511
2026-07-21 17:45:00,218.50189,218.57266,218.46864,218.57151
2026-07-21 18:00:00,218.56373,218.69393,218.54869,218.69062
2026-07-21 18:15:00,218.67952,218.73891,218.61755,218.6355
2026-07-21 18:30:00,218.63114,218.65422,218.47736,218.50455
2026-07-21 18:45:00,218.5141,218.5547,218.49523,218.51334
2026-07-21 19:00:00,218.51054,218.51054,218.4226,218.47169
2026-07-21 19:15:00,218.46684,218.48406,218.42098,218.43438
2026-07-21 19:30:00,218.43624,218.51842,218.40707,218.44026
2026-07-21 19:45:00,218.44489,218.49001,218.42472,218.44525
2026-07-21 20:00:00,218.44909,218.53635,218.40882,218.51366
2026-07-21 20:15:00,218.50878,218.51138,218.40581,218.42419
2026-07-21 20:30:00,218.42177,218.47416,218.34395,218.35249
2026-07-21 20:45:00,218.35669,218.36472,218.22996,218.23417
2026-07-21 21:00:00,218.24152,218.35499,218.19034,218.23615
2026-07-21 21:15:00,218.22539,218.24905,218.19026,218.23189
2026-07-21 21:30:00,218.23407,218.31136,218.19667,218.2417
2026-07-21 21:45:00,218.24473,218.2788,218.11695,218.16458
2026-07-21 22:00:00,218.15777,218.17705,218.0442,218.05123
2026-07-21 22:15:00,218.05588,218.07687,217.87554,217.90546
2026-07-21 22:30:00,217.92494,218.01266,217.872,217.93627
2026-07-21 22:45:00,217.94357,218.0127,217.79515,217.92472
2026-07-21 23:00:00,217.9123,217.96564,217.82128,217.96229
2026-07-21 23:15:00,217.95622,218.01365,217.79924,217.80993
2026-07-21 23:30:00,217.82934,217.84099,217.53291,217.58304
2026-07-21 23:45:00,217.58036,218.00996,217.57243,217.93041
2026-07-22 00:00:00,217.9338,218.25645,217.92707,218.24107
2026-07-22 00:15:00,218.20447,218.28224,218.12971,218.13544
2026-07-22 00:30:00,218.14296,218.15324,218.02078,218.05897
2026-07-22 00:45:00,218.05283,218.05823,217.89792,217.96792
2026-07-22 01:00:00,217.94936,217.9924,217.93331,217.96012
2026-07-22 01:15:00,217.96548,218.02325,217.93389,218.02093
2026-07-22 01:30:00,218.01075,218.05919,217.99151,218.04128
2026-07-22 01:45:00,218.03231,218.06136,217.99892,218.00822
2026-07-22 02:00:00,218.00874,218.04945,217.95163,217.9555
2026-07-22 02:15:00,217.96225,218.03249,217.95426,217.98289
2026-07-22 02:30:00,217.97707,218.1112,217.97707,218.10863
2026-07-22 02:45:00,218.10126,218.17083,218.08529,218.169
2026-07-22 03:00:00,218.16583,218.2012,218.1004,218.18133
2026-07-22 03:15:00,218.17581,218.17793,218.14521,218.1726
2026-07-22 03:30:00,218.16757,218.21229,218.15646,218.20605
2026-07-22 03:45:00,218.20292,218.24301,218.19491,218.21302
2026-07-22 04:00:00,218.21596,218.34477,218.13464,218.26123
2026-07-22 04:15:00,218.26385,218.31191,218.22876,218.31009
2026-07-22 04:30:00,218.30374,218.3844,218.25413,218.38015
2026-07-22 04:45:00,218.37559,218.40554,218.36431,218.38185
2026-07-22 05:00:00,218.37818,218.4128,218.34895,218.4097
2026-07-22 05:15:00,218.40423,218.42388,218.37405,218.38361
2026-07-22 05:30:00,218.38152,218.40337,218.37197,218.3842
2026-07-22 05:45:00,218.38612,218.4324,218.37387,218.3906
2026-07-22 06:00:00,218.39285,218.40998,218.36074,218.38306
2026-07-22 06:15:00,218.37818,218.39922,218.35288,218.39863
2026-07-22 06:30:00,218.39453,218.40106,218.34322,218.35001
2026-07-22 06:45:00,218.36017,218.36323,218.27136,218.27712
2026-07-22 07:00:00,218.28722,218.3952,218.13777,218.3196
2026-07-22 07:15:00,218.32125,218.37345,218.18039,218.3195
2026-07-22 07:30:00,218.30529,218.32994,218.28603,218.29969
2026-07-22 07:45:00,218.29567,218.30031,218.26395,218.28763
2026-07-22 08:00:00,218.28495,218.3153,218.27357,218.28046
2026-07-22 08:15:00,218.28368,218.31703,218.27769,218.31481
2026-07-22 08:30:00,218.3091,218.31903,218.28241,218.31729
2026-07-22 08:45:00,218.31223,218.31223,218.26941,218.29304
2026-07-22 09:00:00,218.29013,218.31513,218.25078,218.29731
2026-07-22 09:15:00,218.29442,218.30944,218.27363,218.29364
2026-07-22 09:30:00,218.28348,218.32587,218.27764,218.32357
2026-07-22 09:45:00,218.3192,218.34684,218.31418,218.33375
2026-07-22 10:00:00,218.33719,218.36907,218.29594,218.3026
2026-07-22 10:15:00,218.30509,218.32293,218.23712,218.32199
2026-07-22 10:30:00,218.31845,218.32216,218.28009,218.28848
2026-07-22 10:45:00,218.29684,218.38847,218.26791,218.3844
2026-07-22 11:00:00,218.3724,218.41656,218.36216,218.4019
2026-07-22 11:15:00,218.39353,218.4066,218.36625,218.3926
2026-07-22 11:30:00,218.39329,218.3975,218.34484,218.36351
2026-07-22 11:45:00,218.35621,218.39691,218.35621,218.3847
2026-07-22 12:00:00,218.37788,218.3976,218.33435,218.39633
2026-07-22 12:15:00,218.3942,218.40137,218.33229,218.36154
2026-07-22 12:30:00,218.35365,218.36683,218.31511,218.33074
2026-07-22 12:45:00,218.32551,218.36698,218.31915,218.34947
2026-07-22 13:00:00,218.34311,218.39358,218.32559,218.33163
2026-07-22 13:15:00,218.3335,218.40698,218.3335,218.39013
2026-07-22 13:30:00,218.39261,218.3946,218.33729,218.34691
2026-07-22 13:45:00,218.34204,218.38791,218.34204,218.36236
2026-07-22 14:00:00,218.35597,218.38958,218.34842,218.38343
2026-07-22 14:15:00,218.37823,218.39717,218.36702,218.37445
2026-07-22 14:30:00,218.37903,218.39548,218.36505,218.3909
2026-07-22 14:45:00,218.38764,218.39531,218.36302,218.39336
2026-07-22 15:00:00,218.3822,218.42363,218.36084,218.39268
2026-07-22 15:15:00,218.40073,218.42503,218.37683,218.38881
2026-07-22 15:30:00,218.39192,218.40611,218.32837,218.33036
2026-07-22 15:45:00,218.33331,218.38024,218.22257,218.22768
2026-07-22 16:00:00,218.23182,218.39268,218.22529,218.32098
2026-07-22 16:15:00,218.31413,218.3155,218.12175,218.13206
2026-07-22 16:30:00,218.14661,218.1859,218.06695,218.1521
2026-07-22 16:45:00,218.1561,218.24913,218.15477,218.20023
2026-07-22 17:00:00,218.20175,218.29758,218.17154,218.28464
2026-07-22 17:15:00,218.27921,218.40898,218.27541,218.40398
2026-07-22 17:30:00,218.39797,218.548,217.93946,217.98258
2026-07-22 17:45:00,217.97391,218.07622,217.96372,218.07325
2026-07-22 18:00:00,218.0643,218.11476,217.98513,218.08756
2026-07-22 18:15:00,218.08111,218.2274,218.07884,218.14011
2026-07-22 18:30:00,218.1449,218.21537,218.1046,218.14483
2026-07-22 18:45:00,218.133,218.15717,217.95201,217.95931
2026-07-22 19:00:00,217.9712,217.9712,217.88851,217.89405
2026-07-22 19:15:00,217.89681,217.93136,217.86204,217.9072
2026-07-22 19:30:00,217.90493,218.0021,217.89747,217.93601
2026-07-22 19:45:00,217.94417,217.98702,217.93797,217.96266
2026-07-22 20:00:00,217.96757,218.0523,217.94314,218.04541
2026-07-22 20:15:00,218.02261,218.06947,217.99577,218.00404
2026-07-22 20:30:00,218.01805,218.01805,217.91502,217.93999
2026-07-22 20:45:00,217.94154,218.03733,217.93028,217.98076
2026-07-22 21:00:00,217.99676,217.99676,217.92287,217.94688
2026-07-22 21:15:00,217.95219,217.95912,217.89391,217.92198
2026-07-22 21:30:00,217.90845,217.96698,217.87619,217.91447
2026-07-22 21:45:00,217.93502,217.99982,217.93502,217.99067
2026-07-22 22:00:00,217.97661,218.02475,217.95532,217.99655
2026-07-22 22:15:00,217.98577,218.02989,217.94422,218.00355
2026-07-22 22:30:00,217.99216,218.05198,217.9348,217.93592
2026-07-22 22:45:00,217.93852,217.95056,217.84219,217.91801
2026-07-22 23:00:00,217.90621,218.01841,217.90317,217.99926
2026-07-22 23:15:00,217.99528,218.18045,217.97433,218.15369
2026-07-22 23:30:00,218.15849,218.28676,218.13914,218.27081
2026-07-22 23:45:00,218.2572,218.29681,218.19231,218.29368
2026-07-23 00:00:00,218.2887,218.31261,218.24472,218.30144
2026-07-23 00:15:00,218.27855,218.3566,218.22962,218.24225
2026-07-23 00:30:00,218.23823,218.24709,218.1641,218.18634
2026-07-23 00:45:00,218.18069,218.18901,218.12023,218.16996
2026-07-23 01:00:00,218.15782,218.20541,218.12067,218.1928
2026-07-23 01:15:00,218.19084,218.2262,218.14064,218.22069
2026-07-23 01:30:00,218.21445,218.22616,218.13038,218.17077
2026-07-23 01:45:00,218.16759,218.23144,218.12373,218.12922
2026-07-23 02:00:00,218.13495,218.14466,218.04465,218.04677
2026-07-23 02:15:00,218.05036,218.07913,218.00921,218.06202
2026-07-23 02:30:00,218.06362,218.09398,218.04516,218.07926
2026-07-23 02:45:00,218.07467,218.13445,218.05036,218.12839
2026-07-23 03:00:00,218.11995,218.157,218.11995,218.15401
2026-07-23 03:15:00,218.15046,218.18483,218.12859,218.18356
2026-07-23 03:30:00,218.17835,218.17835,218.13874,218.16229
2026-07-23 03:45:00,218.15561,218.2048,218.14976,218.17055
2026-07-23 04:00:00,218.16323,218.20961,218.12164,218.14687
2026-07-23 04:15:00,218.13934,218.1735,218.13059,218.16187
2026-07-23 04:30:00,218.15805,218.15912,218.12308,218.14992
2026-07-23 04:45:00,218.14545,218.19262,218.13177,218.18156
2026-07-23 05:00:00,218.18366,218.18466,218.15266,218.17141
2026-07-23 05:15:00,218.16488,218.17581,218.14557,218.17118
2026-07-23 05:30:00,218.16822,218.18783,218.13911,218.18255
2026-07-23 05:45:00,218.1769,218.20148,218.15525,218.18243
2026-07-23 06:00:00,218.18491,218.25091,218.18491,218.24356
2026-07-23 06:15:00,218.23305,218.25516,218.22795,218.24207
2026-07-23 06:30:00,218.23932,218.24189,218.19991,218.23644
2026-07-23 06:45:00,218.23226,218.25822,218.2226,218.24941
2026-07-23 07:00:00,218.24617,218.25745,218.19633,218.25148
2026-07-23 07:15:00,218.2431,218.2724,218.19397,218.19706
2026-07-23 07:30:00,218.19879,218.20082,218.15578,218.16841
2026-07-23 07:45:00,218.16202,218.21444,218.14858,218.20178
2026-07-23 08:00:00,218.19844,218.19844,218.05114,218.07865
2026-07-23 08:15:00,218.0726,218.08488,218.0361,218.0665
2026-07-23 08:30:00,218.06723,218.10541,218.06207,218.09585
2026-07-23 08:45:00,218.09112,218.10436,218.07428,218.09972
2026-07-23 09:00:00,218.09537,218.14068,218.07201,218.13469
2026-07-23 09:15:00,218.12627,218.14028,218.10902,218.12921
2026-07-23 09:30:00,218.12896,218.15253,218.12149,218.13868
2026-07-23 09:45:00,218.13408,218.16311,218.12914,218.15903
2026-07-23 10:00:00,218.15357,218.17419,218.13275,218.1422
2026-07-23 10:15:00,218.14348,218.17372,218.13258,218.16027
2026-07-23 10:30:00,218.16229,218.18182,218.14238,218.17499
2026-07-23 10:45:00,218.16798,218.22332,218.1432,218.2189
2026-07-23 11:00:00,218.20754,218.2463,218.17102,218.2156
2026-07-23 11:15:00,218.20568,218.22674,218.18273,218.21348
2026-07-23 11:30:00,218.20974,218.22321,218.16688,218.20942
2026-07-23 11:45:00,218.2045,218.21247,218.16899,218.19025
2026-07-23 12:00:00,218.19245,218.28024,218.17988,218.2439
2026-07-23 12:15:00,218.24617,218.26645,218.22966,218.23839
2026-07-23 12:30:00,218.24822,218.33265,218.24822,218.31035
2026-07-23 12:45:00,218.31062,218.35445,218.30504,218.35132
2026-07-23 13:00:00,218.34394,218.37703,218.27188,218.27726
2026-07-23 13:15:00,218.28633,218.33513,218.27822,218.30629
2026-07-23 13:30:00,218.31579,218.35322,218.31579,218.32887
2026-07-23 13:45:00,218.33163,218.33688,218.29929,218.31439
2026-07-23 14:00:00,218.30778,218.38857,218.29718,218.3855
2026-07-23 14:15:00,218.38154,218.38154,218.29279,218.31518
2026-07-23 14:30:00,218.31626,218.35453,218.30614,218.30959
2026-07-23 14:45:00,218.31134,218.34296,218.28638,218.30583
2026-07-23 15:00:00,218.29935,218.33803,218.29477,218.30873
2026-07-23 15:15:00,218.31528,218.31528,218.2683,218.29008
2026-07-23 15:30:00,218.29788,218.32787,218.29662,218.32312
2026-07-23 15:45:00,218.31822,218.36081,218.3145,218.35491
2026-07-23 16:00:00,218.35023,218.42298,218.33048,218.35262
2026-07-23 16:15:00,218.33766,218.37606,218.31181,218.32102
2026-07-23 16:30:00,218.31828,218.32138,218.15759,218.20324
2026-07-23 16:45:00,218.18533,218.25412,218.18112,218.20005
2026-07-23 17:00:00,218.19263,218.21829,218.17021,218.19931
2026-07-23 17:15:00,218.19219,218.30623,218.17713,218.26375
2026-07-23 17:30:00,218.27245,218.33807,218.26347,218.32749
2026-07-23 17:45:00,218.30849,218.51921,218.29231,218.40024
2026-07-23 18:00:00,218.40225,218.53812,218.38671,218.53438
2026-07-23 18:15:00,218.5255,218.52933,218.38144,218.38422
2026-07-23 18:30:00,218.39075,218.45185,218.35478,218.39952
2026-07-23 18:45:00,218.39526,218.44073,218.31605,218.39202
2026-07-23 19:00:00,218.40177,218.42805,218.36087,218.37296
2026-07-23 19:15:00,218.3819,218.4449,218.34909,218.42192
2026-07-23 19:30:00,218.41911,218.5076,218.38734,218.48979
2026-07-23 19:45:00,218.48131,218.52803,218.45511,218.48128
2026-07-23 20:00:00,218.47849,218.48399,218.40089,218.40922
2026-07-23 20:15:00,218.40317,218.43853,218.3706,218.40511
2026-07-23 20:30:00,218.39745,218.42597,218.3433,218.34473
2026-07-23 20:45:00,218.34944,218.43157,218.29126,218.39453
2026-07-23 21:00:00,218.39768,218.41181,218.33951,218.36878
2026-07-23 21:15:00,218.37297,218.39855,218.27073,218.28042
2026-07-23 21:30:00,218.29482,218.32912,218.21291,218.32109
2026-07-23 21:45:00,218.30995,218.37136,218.19075,218.36629
2026-07-23 22:00:00,218.35737,218.36828,218.24357,218.31793
2026-07-23 22:15:00,218.31348,218.33341,218.16468,218.32814
2026-07-23 22:30:00,218.31338,218.41092,218.26368,218.40584
2026-07-23 22:45:00,218.39754,218.42569,218.31351,218.3957
2026-07-23 23:00:00,218.38916,218.42548,218.33432,218.42002
2026-07-23 23:15:00,218.41116,218.43613,218.31649,218.43029
2026-07-23 23:30:00,218.41325,218.52798,218.40838,218.51867
2026-07-23 23:45:00,218.50486,218.64356,218.4799,218.55654
2026-07-24 00:00:00,218.56615,218.56615,218.40384,218.44983
2026-07-24 00:15:00,218.42542,218.47903,218.39322,218.4552
2026-07-24 00:30:00,218.44792,218.50506,218.37578,218.38486
2026-07-24 00:45:00,218.39915,218.39915,218.26572,218.36963
2026-07-24 01:00:00,218.35659,218.38567,218.20818,218.21507
2026-07-24 01:15:00,218.22566,218.26502,217.99621,218.06332
2026-07-24 01:30:00,218.05638,218.08464,217.99388,218.04075
2026-07-24 01:45:00,218.05167,218.0553,217.99917,218.05129
2026-07-24 02:00:00,218.04343,218.18238,218.0306,218.17856
2026-07-24 02:15:00,218.17067,218.1787,218.09151,218.13414
2026-07-24 02:30:00,218.13943,218.19966,218.08498,218.19131
2026-07-24 02:45:00,218.17211,218.23278,218.17211,218.21423
2026-07-24 03:00:00,218.21578,218.22316,218.12549,218.14368
2026-07-24 03:15:00,218.14721,218.18427,218.13173,218.18291
2026-07-24 03:30:00,218.17954,218.17954,218.13089,218.15705
2026-07-24 03:45:00,218.15049,218.18969,218.12762,218.1498
2026-07-24 04:00:00,218.14513,218.18103,218.10968,218.16499
2026-07-24 04:15:00,218.16037,218.16143,218.08814,218.13309
2026-07-24 04:30:00,218.12873,218.15624,218.0971,218.11021
2026-07-24 04:45:00,218.10604,218.14681,218.08865,218.10604
2026-07-24 05:00:00,218.11445,218.16884,218.09553,218.09697
2026-07-24 05:15:00,218.10046,218.1514,218.08453,218.14814
2026-07-24 05:30:00,218.13928,218.18765,218.10514,218.16073
2026-07-24 05:45:00,218.16308,218.19638,218.15509,218.17509
2026-07-24 06:00:00,218.17924,218.2109,218.1619,218.17968
2026-07-24 06:15:00,218.17401,218.17633,218.13948,218.16768
2026-07-24 06:30:00,218.16328,218.22544,218.16156,218.22344
2026-07-24 06:45:00,218.21776,218.23442,218.18528,218.18677
2026-07-24 07:00:00,218.18813,218.29627,218.09134,218.13748
2026-07-24 07:15:00,218.15218,218.25071,218.08395,218.23113
2026-07-24 07:30:00,218.22695,218.24858,218.10838,218.13325
2026-07-24 07:45:00,218.12348,218.15282,218.07447,218.14911
2026-07-24 08:00:00,218.14512,218.21146,218.10671,218.1345
2026-07-24 08:15:00,218.139,218.17224,218.1377,218.15793
2026-07-24 08:30:00,218.15665,218.16328,218.13017,218.14486
2026-07-24 08:45:00,218.14056,218.19273,218.13545,218.18676
2026-07-24 09:00:00,218.18355,218.20144,218.14843,218.14921
2026-07-24 09:15:00,218.15112,218.16485,218.1199,218.12994
2026-07-24 09:30:00,218.13113,218.15802,218.09546,218.12212
2026-07-24 09:45:00,218.11589,218.15975,218.1128,218.15651
2026-07-24 10:00:00,218.14851,218.24157,218.12566,218.19173
2026-07-24 10:15:00,218.18749,218.22781,218.16733,218.20074
2026-07-24 10:30:00,218.20668,218.26899,218.18787,218.26691
2026-07-24 10:45:00,218.25827,218.30841,218.24168,218.28407
2026-07-24 11:00:00,218.27313,218.34101,218.24401,218.31616
2026-07-24 11:15:00,218.31246,218.31828,218.23356,218.24573
2026-07-24 11:30:00,218.24894,218.26126,218.1694,218.19579
2026-07-24 11:45:00,218.19157,218.22443,218.16262,218.17445
2026-07-24 12:00:00,218.17043,218.18368,218.14497,218.16761
2026-07-24 12:15:00,218.1633,218.17096,218.11567,218.13292
2026-07-24 12:30:00,218.13827,218.17754,218.10458,218.11826
2026-07-24 12:45:00,218.10846,218.12413,218.06188,218.09839
2026-07-24 13:00:00,218.08762,218.0916,218.04685,218.08796
2026-07-24 13:15:00,218.07908,218.15026,218.07794,218.14723
2026-07-24 13:30:00,218.14083,218.14761,218.11007,218.11327
2026-07-24 13:45:00,218.1145,218.12073,218.09305,218.10437
2026-07-24 14:00:00,218.10043,218.12253,218.07672,218.09426
2026-07-24 14:15:00,218.08996,218.13314,218.08996,218.11383
2026-07-24 14:30:00,218.10629,218.11707,218.04143,218.04837
2026-07-24 14:45:00,218.04984,218.0648,218.03187,218.04919
2026-07-24 15:00:00,218.05091,218.10143,218.04214,218.07758
2026-07-24 15:15:00,218.08219,218.12682,218.0721,218.10626
2026-07-24 15:30:00,218.10798,218.15438,218.09981,218.11938
2026-07-24 15:45:00,218.12254,218.1315,218.07432,218.07963
2026-07-24 16:00:00,218.08725,218.10267,218.02073,218.04886
2026-07-24 16:15:00,218.04288,218.19075,218.03896,218.152
2026-07-24 16:30:00,218.15862,218.24891,218.15503,218.20114
2026-07-24 16:45:00,218.2101,218.22816,218.16681,218.22265
2026-07-24 17:00:00,218.21022,218.33453,218.16116,218.3249
2026-07-24 17:15:00,218.2974,218.42687,218.27208,218.40804
2026-07-24 17:30:00,218.40111,218.4488,218.35671,218.36133
2026-07-24 17:45:00,218.36922,218.4442,218.33941,218.41187
2026-07-24 18:00:00,218.41145,218.43485,218.38037,218.40978
2026-07-24 18:15:00,218.40565,218.41413,218.27535,218.30008
2026-07-24 18:30:00,218.30037,218.31344,218.24193,218.26752
2026-07-24 18:45:00,218.27429,218.29124,218.11453,218.12268
2026-07-24 19:00:00,218.13617,218.14654,218.07252,218.1197
2026-07-24 19:15:00,218.10616,218.10616,218.00458,218.07829
2026-07-24 19:30:00,218.07005,218.14579,218.06365,218.10402
2026-07-24 19:45:00,218.09709,218.11648,217.98887,218.00829
2026-07-24 20:00:00,218.01435,218.05203,217.97369,218.03049
2026-07-24 20:15:00,218.03738,218.21974,218.02166,218.21615
2026-07-24 20:30:00,218.20808,218.22655,218.17727,218.19732
2026-07-24 20:45:00,218.20415,218.29285,218.18888,218.28229
2026-07-24 21:00:00,218.25997,218.2782,218.18689,218.27655
2026-07-24 21:15:00,218.27291,218.2781,218.23375,218.25233
2026-07-24 21:30:00,218.25404,218.26256,218.19399,218.21174
2026-07-24 21:45:00,218.21402,218.25253,218.15044,218.23808
2026-07-24 22:00:00,218.21569,218.30061,218.18573,218.28116
2026-07-24 22:15:00,218.29089,218.29089,218.15591,218.17087
2026-07-24 22:30:00,218.17336,218.17834,218.03469,218.03798
2026-07-24 22:45:00,218.04439,218.12076,218.02724,218.09317
2026-07-24 23:00:00,218.09836,218.15552,218.05638,218.14815
2026-07-24 23:15:00,218.13063,218.2209,218.11389,218.21688
2026-07-24 23:30:00,218.20143,218.26478,218.18432,218.22708
2026-07-24 23:45:00,218.22884,218.32568,218.21347,218.27722
2026-07-25 00:00:00,218.28144,218.32942,218.20036,218.30076
2026-07-25 00:15:00,218.30158,218.34866,218.23615,218.30567
2026-07-25 00:30:00,218.31836,218.31836,218.22251,218.24218
2026-07-25 00:45:00,218.23899,218.33539,218.18062,218.22018
2026-07-25 01:00:00,218.23772,218.45876,218.21105,218.38697
2026-07-25 01:15:00,218.39584,218.47329,218.35637,218.40859
2026-07-25 01:30:00,218.3948,218.46595,218.38812,218.42896
2026-07-25 01:45:00,218.43898,218.4768,218.421,218.43565
2026-07-25 02:00:00,218.44081,218.47035,218.38944,218.46678
2026-07-25 02:15:00,218.46358,218.48362,218.42256,218.42711
2026-07-25 02:30:00,218.43133,218.43834,218.38751,218.39033
2026-07-25 02:45:00,218.39326,218.39419,218.31649,218.3831
2026-07-25 03:00:00,218.37963,218.39242,218.26456,218.29474
2026-07-25 03:15:00,218.28096,218.30518,218.25765,218.30362
2026-07-25 03:30:00,218.29955,218.32553,218.25935,218.27012
2026-07-25 03:45:00,218.25899,218.31258,218.25478,218.29162
2026-07-25 04:00:00,218.2932,218.34859,218.2811,218.34457
2026-07-25 04:15:00,218.3378,218.34862,218.3168,218.33989
2026-07-25 04:30:00,218.3356,218.35395,218.31011,218.33994
2026-07-25 04:45:00,218.33548,218.37593,218.32414,218.3438
2026-07-25 05:00:00,218.34133,218.34446,218.30756,218.32136
2026-07-25 05:15:00,218.32194,218.33908,218.29377,218.29551
2026-07-25 05:30:00,218.29422,218.34224,218.29076,218.29958
2026-07-25 05:45:00,218.29462,218.30035,218.26404,218.29186
2026-07-25 06:00:00,218.28676,218.30453,218.26389,218.27754
2026-07-25 06:15:00,218.27239,218.28088,218.25602,218.27058
2026-07-25 06:30:00,218.26844,218.27528,218.21734,218.23012
2026-07-25 06:45:00,218.21782,218.33235,218.21782,218.32337
2026-07-25 07:00:00,218.30635,218.346,218.1913,218.25886
2026-07-25 07:15:00,218.25568,218.2806,218.21779,218.22503
2026-07-25 07:30:00,218.23414,218.27817,218.203,218.26872
2026-07-25 07:45:00,218.25551,218.27985,218.21231,218.21722
2026-07-25 08:00:00,218.21776,218.30262,218.21609,218.26346
2026-07-25 08:15:00,218.26076,218.27081,218.24091,218.26628
2026-07-25 08:30:00,218.26146,218.2739,218.24719,218.25722
2026-07-25 08:45:00,218.24886,218.2711,218.23811,218.2448
2026-07-25 09:00:00,218.24175,218.2895,218.22297,218.24062
2026-07-25 09:15:00,218.24182,218.25108,218.23775,218.24
2026-07-25 09:30:00,218.24072,218.25117,218.23779,218.24484
2026-07-25 09:45:00,218.24045,218.25143,218.23772,218.24559
2026-07-25 10:00:00,218.24178,218.30648,218.20493,218.30072
2026-07-25 10:15:00,218.29218,218.35022,218.28339,218.31856
2026-07-25 10:30:00,218.31262,218.32741,218.31153,218.32216
2026-07-25 10:45:00,218.31857,218.32766,218.30867,218.32175
2026-07-25 11:00:00,218.31772,218.32575,218.28758,218.31981
2026-07-25 11:15:00,218.31723,218.32665,218.31308,218.31588
2026-07-25 11:30:00,218.31689,218.33816,218.28062,218.31142
2026-07-25 11:45:00,218.30546,218.32708,218.29175,218.31943
2026-07-25 12:00:00,218.31452,218.32627,218.29073,218.3175
2026-07-25 12:15:00,218.31419,218.3257,218.3114,218.31543
2026-07-25 12:30:00,218.31675,218.32388,218.29175,218.31748
2026-07-25 12:45:00,218.31406,218.32543,218.31188,218.31921
2026-07-25 13:00:00,218.31403,218.32558,218.28473,218.3183
2026-07-25 13:15:00,218.31685,218.34905,218.25703,218.29612
2026-07-25 13:30:00,218.30017,218.32599,218.29967,218.31967
2026-07-25 13:45:00,218.31457,218.32637,218.31122,218.32321
2026-07-25 14:00:00,218.31864,218.32574,218.29142,218.31662
2026-07-25 14:15:00,218.31431,218.32662,218.31288,218.3157
2026-07-25 14:30:00,218.31699,218.32625,218.31202,218.31534
2026-07-25 14:45:00,218.31577,218.32715,218.31277,218.31936
2026-07-25 15:00:00,218.31476,218.35836,218.25863,218.3211
2026-07-25 15:15:00,218.31797,218.32726,218.31204,218.32149
2026-07-25 15:30:00,218.31662,218.32759,218.29471,218.32332
2026-07-25 15:45:00,218.31776,218.32782,218.3113,218.32076
2026-07-25 16:00:00,218.31644,218.32718,218.28871,218.32134
2026-07-25 16:15:00,218.31768,218.33183,218.29386,218.32068
2026-07-25 16:30:00,218.31651,218.32799,218.28223,218.30944
2026-07-25 16:45:00,218.30022,218.32564,218.30022,218.32044
2026-07-25 17:00:00,218.31698,218.33247,218.29046,218.31996
2026-07-25 17:15:00,218.31539,218.32605,218.31157,218.32079
2026-07-25 17:30:00,218.31766,218.32708,218.31335,218.31535
2026-07-25 17:45:00,218.31679,218.32644,218.31345,218.31938
2026-07-25 18:00:00,218.31587,218.32631,218.3106,218.32157
2026-07-25 18:15:00,218.317,218.33105,218.27534,218.31769
2026-07-25 18:30:00,218.31475,218.32734,218.31363,218.31467
2026-07-25 18:45:00,218.3161,218.32688,218.31173,218.319
2026-07-25 19:00:00,218.31503,218.32481,218.29465,218.31842
2026-07-25 19:15:00,218.31316,218.32661,218.31305,218.31858
2026-07-25 19:30:00,218.31685,218.32743,218.31204,218.31553
2026-07-25 19:45:00,218.31715,218.32631,218.31275,218.32196
2026-07-25 20:00:00,218.31725,218.32074,218.28363,218.29654
2026-07-25 20:15:00,218.29173,218.30135,218.26917,218.28346
2026-07-25 20:30:00,218.28077,218.31999,218.27902,218.30986
2026-07-25 20:45:00,218.31134,218.32156,218.30828,218.31677
2026-07-25 21:00:00,218.31168,218.31985,218.28907,218.31429
2026-07-25 21:15:00,218.30959,218.32138,218.30779,218.31516
2026-07-25 21:30:00,218.31178,218.32167,218.27034,218.27227
2026-07-25 21:45:00,218.27679,218.28659,218.27352,218.27625
2026-07-25 22:00:00,218.27679,218.29196,218.2709,218.28618
2026-07-25 22:15:00,218.28224,218.29203,218.27903,218.28635
2026-07-25 22:30:00,218.28224,218.2962,218.28189,218.28624
2026-07-25 22:45:00,218.28659,218.29964,218.28361,218.29591
2026-07-25 23:00:00,218.29008,218.29988,218.28698,218.29335
2026-07-25 23:15:00,218.29008,218.29978,218.25659,218.27025
2026-07-25 23:30:00,218.26565,218.28963,218.25226,218.28242
2026-07-25 23:45:00,218.27984,218.29788,218.26358,218.26783
2026-07-26 00:00:00,218.26932,218.33242,218.24265,218.31662
2026-07-26 00:15:00,218.31728,218.32922,218.31367,218.32474
2026-07-26 00:30:00,218.31991,218.33162,218.28794,218.30268
2026-07-26 00:45:00,218.30083,218.31955,218.29781,218.30828
2026-07-26 01:00:00,218.3099,218.31571,218.2772,218.31094
2026-07-26 01:15:00,218.30697,218.31983,218.28461,218.3011
2026-07-26 01:30:00,218.2962,218.306,218.29294,218.29824
2026-07-26 01:45:00,218.29617,218.30673,218.29296,218.29616
2026-07-26 02:00:00,218.29773,218.32975,218.25299,218.32534
2026-07-26 02:15:00,218.32062,218.32717,218.31435,218.32203
2026-07-26 02:30:00,218.31727,218.32678,218.28156,218.32044
2026-07-26 02:45:00,218.30982,218.30982,218.27158,218.29506
2026-07-26 03:00:00,218.29636,218.32148,218.24881,218.29561
2026-07-26 03:15:00,218.29563,218.3053,218.29241,218.30001
2026-07-26 03:30:00,218.29567,218.30664,218.29267,218.30074
2026-07-26 03:45:00,218.29708,218.30688,218.28011,218.28487
2026-07-26 04:00:00,218.28693,218.31546,218.23453,218.31204
2026-07-26 04:15:00,218.30636,218.32575,218.26363,218.28867
2026-07-26 04:30:00,218.28493,218.29728,218.28167,218.29174
2026-07-26 04:45:00,218.28746,218.30245,218.28603,218.29276
2026-07-26 05:00:00,218.2929,218.29706,218.24362,218.27566
2026-07-26 05:15:00,218.2804,218.29417,218.27988,218.28744
2026-07-26 05:30:00,218.28443,218.30523,218.2813,218.30028
2026-07-26 05:45:00,218.2956,218.31264,218.29396,218.3061
2026-07-26 06:00:00,218.30373,218.32551,218.22637,218.31362
2026-07-26 06:15:00,218.31525,218.32633,218.31299,218.31894
2026-07-26 06:30:00,218.31677,218.32366,218.29371,218.30637
2026-07-26 06:45:00,218.30144,218.32063,218.29174,218.31103
2026-07-26 07:00:00,218.30947,218.33475,218.25967,218.32347
2026-07-26 07:15:00,218.32513,218.33483,218.30319,218.31195
2026-07-26 07:30:00,218.30773,218.33143,218.30652,218.32278
2026-07-26 07:45:00,218.31731,218.33049,218.28286,218.32306
2026-07-26 08:00:00,218.32079,218.33303,218.27213,218.313
2026-07-26 08:15:00,218.31448,218.32689,218.31112,218.32225
2026-07-26 08:30:00,218.31738,218.32581,218.31148,218.3191
2026-07-26 08:45:00,218.31444,218.3242,218.31119,218.31755
2026-07-26 09:00:00,218.31444,218.3331,218.27069,218.32364
2026-07-26 09:15:00,218.32485,218.3346,218.2744,218.303
2026-07-26 09:30:00,218.29685,218.30979,218.29685,218.30452
2026-07-26 09:45:00,218.30033,218.31056,218.29727,218.30473
2026-07-26 10:00:00,218.30087,218.32372,218.29246,218.31674
2026-07-26 10:15:00,218.3174,218.32437,218.31125,218.31364
2026-07-26 10:30:00,218.3145,218.32429,218.31143,218.31586
2026-07-26 10:45:00,218.31227,218.32172,218.29722,218.30874
2026-07-26 11:00:00,218.30433,218.31314,218.26521,218.27805
2026-07-26 11:15:00,218.2752,218.28499,218.27198,218.27382
2026-07-26 11:30:00,218.2752,218.29057,218.27433,218.28391
2026-07-26 11:45:00,218.28096,218.29788,218.27947,218.29321
2026-07-26 12:00:00,218.28843,218.29824,218.28534,218.29048
2026-07-26 12:15:00,218.28843,218.30129,218.28506,218.28995
2026-07-26 12:30:00,218.29155,218.32716,218.27514,218.32204
2026-07-26 12:45:00,218.31561,218.33468,218.28335,218.33078
2026-07-26 13:00:00,218.32646,218.33296,218.31653,218.3217
2026-07-26 13:15:00,218.31828,218.33074,218.31676,218.32744
2026-07-26 13:30:00,218.32282,218.33322,218.31385,218.32963
2026-07-26 13:45:00,218.32523,218.33231,218.31937,218.32672
2026-07-26 14:00:00,218.32188,218.33155,218.31484,218.32045
2026-07-26 14:15:00,218.31789,218.32844,218.26843,218.29249
2026-07-26 14:30:00,218.28661,218.31337,218.27593,218.3088
2026-07-26 14:45:00,218.30369,218.31347,218.30045,218.30802
2026-07-26 15:00:00,218.30351,218.31328,218.29405,218.30029
2026-07-26 15:15:00,218.29692,218.3073,218.29449,218.29645
2026-07-26 15:30:00,218.29745,218.30844,218.29417,218.2981
2026-07-26 15:45:00,218.29858,218.30818,218.29526,218.30248
2026-07-26 16:00:00,218.29849,218.3119,218.27118,218.29534
2026-07-26 16:15:00,218.29123,218.30881,218.28754,218.28892
2026-07-26 16:30:00,218.2933,218.31306,218.2933,218.30211
2026-07-26 16:45:00,218.30316,218.31297,218.30009,218.30737
2026-07-26 17:00:00,218.30407,218.31282,218.29988,218.30761
2026-07-26 17:15:00,218.30306,218.31355,218.30071,218.30573
2026-07-26 17:30:00,218.30309,218.31264,218.29336,218.29492
2026-07-26 17:45:00,218.29637,218.30062,218.26754,218.28534
2026-07-26 18:00:00,218.28206,218.29857,218.27848,218.29417
2026-07-26 18:15:00,218.28953,218.29797,218.28369,218.2885
2026-07-26 18:30:00,218.28671,218.30092,218.28154,218.28892
2026-07-26 18:45:00,218.29055,218.29873,218.28513,218.29214
2026-07-26 19:00:00,218.28813,218.30319,218.28407,218.29741
2026-07-26 19:15:00,218.29251,218.30592,218.25986,218.27081
2026-07-26 19:30:00,218.26866,218.29344,218.26612,218.28213
2026-07-26 19:45:00,218.2837,218.29796,218.28045,218.28943
2026-07-26 20:00:00,218.2847,218.29452,218.28171,218.28943
2026-07-26 20:15:00,218.2847,218.30691,218.28233,218.29999
2026-07-26 20:30:00,218.2971,218.30699,218.29386,218.2977
2026-07-26 20:45:00,218.299,218.30878,218.29581,218.299
2026-07-26 21:00:00,218.299,218.30864,218.29574,218.30336
2026-07-26 21:15:00,218.299,218.30882,218.29573,218.30263
2026-07-26 21:30:00,218.299,218.30881,217.85368,217.99813
2026-07-26 21:45:00,217.9982,218.00798,217.99499,217.99694
2026-07-26 22:00:00,217.9982,218.0079,217.99499,218.00116
2026-07-26 22:15:00,217.9982,218.00799,217.99494,218.00291
2026-07-26 22:30:00,217.9982,218.00801,217.99523,218.00047
2026-07-26 22:45:00,217.9982,218.00798,217.99494,217.99664
2026-07-26 23:00:00,217.9982,218.00792,217.99499,218.00175
2026-07-26 23:15:00,217.9982,218.29121,217.84337,217.95819
2026-07-26 23:30:00,217.95329,217.97419,217.95042,217.96636
2026-07-26 23:45:00,217.96468,217.97448,217.96165,217.96305
2026-07-27 00:00:00,217.96468,218.32646,217.94934,218.28467
2026-07-27 00:15:00,218.28118,218.29091,218.27797,218.28607
2026-07-27 00:30:00,218.28118,218.29097,218.27792,218.2827
2026-07-27 00:45:00,218.28118,218.30542,218.24758,218.27369
2026-07-27 01:00:00,218.27532,218.50807,217.91864,218.2493
2026-07-27 01:15:00,218.23932,218.26348,218.23932,218.2586
2026-07-27 01:30:00,218.25375,218.29319,218.24979,218.28449
2026-07-27 01:45:00,218.28211,218.29172,218.27884,218.28061
2026-07-27 02:00:00,218.28211,218.3166,218.26637,218.28288
2026-07-27 02:15:00,218.28435,218.28435,218.27092,218.27845
2026-07-27 02:30:00,218.27384,218.52789,217.91789,218.15117
2026-07-27 02:45:00,218.10939,218.29486,218.10939,218.28641
2026-07-27 03:00:00,218.28752,218.33347,218.24143,218.3294
2026-07-27 03:15:00,218.32393,218.33258,218.315,218.32251
2026-07-27 03:30:00,218.31828,218.3281,218.31445,218.32061
2026-07-27 03:45:00,218.3168,218.33134,218.31568,218.31965
2026-07-27 04:00:00,218.32012,218.3272,218.25711,218.31459
2026-07-27 04:15:00,218.31548,218.56027,217.91783,218.28839
2026-07-27 04:30:00,218.29238,218.33055,218.29238,218.32742
2026-07-27 04:45:00,218.31933,218.36214,217.83016,218.29616
2026-07-27 05:00:00,218.32937,218.50106,218.0579,218.37597
2026-07-27 05:15:00,218.34792,218.446,218.11589,218.29712
2026-07-27 05:30:00,218.25987,218.53028,217.82061,218.33482
2026-07-27 05:45:00,218.27208,218.37097,218.05602,218.29946
2026-07-27 06:00:00,218.27507,218.36038,218.07925,218.12149
2026-07-27 06:15:00,218.22403,218.46044,218.10594,218.17001
2026-07-27 06:30:00,218.19335,218.48403,218.19335,218.33096
2026-07-27 06:45:00,218.37919,218.4357,218.14159,218.15959
2026-07-27 07:00:00,218.19019,218.28372,218.09706,218.19468
2026-07-27 07:15:00,218.17257,218.31463,218.09534,218.25406
2026-07-27 07:30:00,218.2608,218.27121,218.14812,218.22574
2026-07-27 07:45:00,218.22684,218.32566,218.17394,218.21544
2026-07-27 08:00:00,218.21821,218.52062,218.21821,218.42627
2026-07-27 08:15:00,218.4406,218.49367,218.41641,218.48031
2026-07-27 08:30:00,218.46572,218.49058,218.42763,218.43079
2026-07-27 08:45:00,218.43047,218.45894,218.4144,218.42717
2026-07-27 09:00:00,218.42328,218.45748,218.40943,218.42265
2026-07-27 09:15:00,218.42808,218.44375,218.40167,218.43246
2026-07-27 09:30:00,218.42355,218.46612,218.41066,218.46515
2026-07-27 09:45:00,218.46024,218.48596,218.43308,218.46609
2026-07-27 10:00:00,218.45275,218.47539,218.37424,218.45515
2026-07-27 10:15:00,218.4464,218.51916,218.43898,218.5123
2026-07-27 10:30:00,218.50267,218.53588,218.48191,218.49917
2026-07-27 10:45:00,218.50125,218.51025,218.45679,218.49578
2026-07-27 11:00:00,218.48916,218.52341,218.45931,218.46117
2026-07-27 11:15:00,218.46243,218.48501,218.41914,218.44131
2026-07-27 11:30:00,218.44202,218.46511,218.39951,218.46021
2026-07-27 11:45:00,218.45803,218.49086,218.43927,218.44973
2026-07-27 12:00:00,218.45898,218.50204,218.43749,218.49724
2026-07-27 12:15:00,218.48853,218.51212,218.44422,218.4647
2026-07-27 12:30:00,218.46576,218.47254,218.41733,218.44285
2026-07-27 12:45:00,218.44275,218.46985,218.4233,218.46569
2026-07-27 13:00:00,218.45968,218.47863,218.42408,218.44732
2026-07-27 13:15:00,218.45108,218.48091,218.4391,218.4521
2026-07-27 13:30:00,218.45248,218.45675,218.41744,218.42319
2026-07-27 13:45:00,218.42576,218.44693,218.39738,218.4151
2026-07-27 14:00:00,218.4107,218.44589,218.39365,218.4126
2026-07-27 14:15:00,218.41468,218.4319,218.38822,218.38852
2026-07-27 14:30:00,218.39077,218.44697,218.38936,218.44536
2026-07-27 14:45:00,218.44117,218.44329,218.40669,218.42815
2026-07-27 15:00:00,218.42445,218.45475,218.38766,218.44978
2026-07-27 15:15:00,218.44503,218.4778,218.4234,218.43911
2026-07-27 15:30:00,218.43526,218.45784,218.4085,218.45486
2026-07-27 15:45:00,218.45037,218.49642,218.44395,218.4544
2026-07-27 16:00:00,218.45768,218.50293,218.44605,218.45647
2026-07-27 16:15:00,218.47052,218.4978,218.37555,218.49041
2026-07-27 16:30:00,218.47937,218.50763,218.4311,218.43568
2026-07-27 16:45:00,218.44606,218.47636,218.30709,218.31731
2026-07-27 17:00:00,218.32307,218.32307,218.17044,218.18961
2026-07-27 17:15:00,218.1834,218.21942,218.03051,218.09325
2026-07-27 17:30:00,218.089,218.12628,217.98607,218.10288
2026-07-27 17:45:00,218.10796,218.11163,218.05059,218.09924
2026-07-27 18:00:00,218.0941,218.11366,218.01036,218.06846
2026-07-27 18:15:00,218.06327,218.07484,218.00138,218.07192
2026-07-27 18:30:00,218.0668,218.12566,218.03425,218.08689
2026-07-27 18:45:00,218.09135,218.13906,218.05327,218.13727
2026-07-27 19:00:00,218.13305,218.15595,218.07616,218.10699
2026-07-27 19:15:00,218.09899,218.1501,218.04334,218.09319
2026-07-27 19:30:00,218.08506,218.12995,218.05978,218.09918
2026-07-27 19:45:00,218.10459,218.11985,218.00252,218.0075
2026-07-27 20:00:00,218.01735,218.10873,218.01038,218.02447
2026-07-27 20:15:00,218.02791,218.07129,217.99805,218.00626
2026-07-27 20:30:00,218.01844,218.06634,217.98713,218.06321
2026-07-27 20:45:00,218.05652,218.05652,217.88083,217.88478
2026-07-27 21:00:00,217.8912,217.93672,217.79957,217.80518
2026-07-27 21:15:00,217.81033,217.92041,217.81033,217.89081
2026-07-27 21:30:00,217.87805,217.946,217.82526,217.87799
2026-07-27 21:45:00,217.87353,217.89808,217.84337,217.8875
2026-07-27 22:00:00,217.87297,217.93103,217.8567,217.86139
2026-07-27 22:15:00,217.86809,217.92438,217.83053,217.91859
2026-07-27 22:30:00,217.90687,217.90687,217.78915,217.85692
2026-07-27 22:45:00,217.83453,217.99772,217.83453,217.99266
2026-07-27 23:00:00,217.98159,218.00799,217.87002,217.94248
2026-07-27 23:15:00,217.92852,217.94947,217.88764,217.94289
2026-07-27 23:30:00,217.9351,218.06921,217.88653,217.98472
2026-07-27 23:45:00,217.995,218.04965,217.92159,217.9384
2026-07-28 00:00:00,217.94987,218.03763,217.92656,218.02811
2026-07-28 00:15:00,218.01002,218.03879,217.93799,217.96143
2026-07-28 00:30:00,217.95677,217.96852,217.88825,217.90758
2026-07-28 00:45:00,217.91655,217.94542,217.78983,217.79253
2026-07-28 01:00:00,217.79875,217.82413,217.74466,217.75133
2026-07-28 01:15:00,217.76674,217.80277,217.75644,217.76012
2026-07-28 01:30:00,217.76304,217.80901,217.74944,217.80633
2026-07-28 01:45:00,217.79908,217.80339,217.70469,217.79123
2026-07-28 02:00:00,217.79524,217.80894,217.73983,217.74963
2026-07-28 02:15:00,217.75068,217.85172,217.72464,217.80253
2026-07-28 02:30:00,217.80566,217.81111,217.72517,217.72986
2026-07-28 02:45:00,217.7339,217.7497,217.70524,217.73957
2026-07-28 03:00:00,217.72998,217.77663,217.5103,217.60138
2026-07-28 03:15:00,217.59792,217.59792,217.50084,217.51094
2026-07-28 03:30:00,217.50555,217.56952,217.48557,217.52737
2026-07-28 03:45:00,217.52307,217.61861,217.51362,217.61154
2026-07-28 04:00:00,217.59676,217.63523,217.58582,217.6042
2026-07-28 04:15:00,217.59695,217.61106,217.57718,217.6061
2026-07-28 04:30:00,217.60323,217.63875,217.57509,217.61185
2026-07-28 04:45:00,217.61377,217.65998,217.60517,217.61797
2026-07-28 05:00:00,217.62406,217.6782,217.62406,217.62514
2026-07-28 05:15:00,217.62792,217.66576,217.62094,217.66154
2026-07-28 05:30:00,217.6549,217.67984,217.63229,217.67225
2026-07-28 05:45:00,217.66415,217.66921,217.62293,217.63788
2026-07-28 06:00:00,217.63192,217.68434,217.62114,217.65174
2026-07-28 06:15:00,217.6451,217.65388,217.6105,217.629
2026-07-28 06:30:00,217.62048,217.63091,217.58288,217.61034
2026-07-28 06:45:00,217.60692,217.60801,217.56595,217.60195
2026-07-28 07:00:00,217.59772,217.75796,217.577,217.70243
2026-07-28 07:15:00,217.69804,217.75247,217.65281,217.72664
2026-07-28 07:30:00,217.70978,217.74269,217.64526,217.68815
2026-07-28 07:45:00,217.68314,217.69024,217.64636,217.66884
2026-07-28 08:00:00,217.66377,217.67533,217.59147,217.62465
2026-07-28 08:15:00,217.61569,217.64356,217.61569,217.63365
2026-07-28 08:30:00,217.63432,217.63943,217.60238,217.61078
2026-07-28 08:45:00,217.60817,217.61748,217.59815,217.61296
2026-07-28 09:00:00,217.60814,217.62732,217.57075,217.57995
2026-07-28 09:15:00,217.57852,217.60122,217.56976,217.59444
2026-07-28 09:30:00,217.5851,217.64265,217.5851,217.62571
2026-07-28 09:45:00,217.62256,217.65778,217.58979,217.65569
2026-07-28 10:00:00,217.64708,217.71994,217.64708,217.69225
2026-07-28 10:15:00,217.69033,217.71467,217.67216,217.70955
2026-07-28 10:30:00,217.70239,217.72356,217.68412,217.69475
2026-07-28 10:45:00,217.7032,217.71331,217.63816,217.7093
2026-07-28 11:00:00,217.6989,217.74183,217.66061,217.69336
2026-07-28 11:15:00,217.70787,217.7165,217.67432,217.71282
2026-07-28 11:30:00,217.70754,217.73672,217.68852,217.70014
2026-07-28 11:45:00,217.70188,217.712,217.66577,217.69879
2026-07-28 12:00:00,217.69517,217.76811,217.68003,217.76369
2026-07-28 12:15:00,217.75934,217.76039,217.68101,217.68353
2026-07-28 12:30:00,217.68998,217.71432,217.66877,217.70113
2026-07-28 12:45:00,217.69609,217.73051,217.67446,217.72647
2026-07-28 13:00:00,217.72211,217.73125,217.6902,217.72898
2026-07-28 13:15:00,217.71989,217.79678,217.71989,217.76866
2026-07-28 13:30:00,217.77244,217.82681,217.75986,217.81544
2026-07-28 13:45:00,217.81631,217.82952,217.76826,217.77966
2026-07-28 14:00:00,217.77045,217.78908,217.70566,217.70975
2026-07-28 14:15:00,217.71224,217.75502,217.71114,217.72107
2026-07-28 14:30:00,217.71492,217.74694,217.6964,217.69722
2026-07-28 14:45:00,217.69993,217.7412,217.67667,217.69661
2026-07-28 15:00:00,217.6898,217.7283,217.61912,217.64427
2026-07-28 15:15:00,217.63651,217.63759,217.571,217.57314
2026-07-28 15:30:00,217.5758,217.62633,217.56045,217.61795
2026-07-28 15:45:00,217.60659,217.62315,217.55042,217.56947
2026-07-28 16:00:00,217.5731,217.60177,217.5371,217.56865
2026-07-28 16:15:00,217.5593,217.6478,217.54584,217.6442
2026-07-28 16:30:00,217.63506,217.66829,217.60487,217.63864
2026-07-28 16:45:00,217.63206,217.73947,217.602,217.734
2026-07-28 17:00:00,217.72295,217.79794,217.68187,217.76804
2026-07-28 17:15:00,217.76769,217.87864,217.76208,217.87623
2026-07-28 17:30:00,217.87015,217.87745,217.77313,217.79213
2026-07-28 17:45:00,217.79851,217.79851,217.71148,217.72336
2026-07-28 18:00:00,217.73085,217.86363,217.71692,217.84273
2026-07-28 18:15:00,217.81856,217.95299,217.81856,217.90433
2026-07-28 18:30:00,217.89951,217.93881,217.85564,217.91534
2026-07-28 18:45:00,217.90271,217.94842,217.87821,217.93042
2026-07-28 19:00:00,217.91994,217.94306,217.77488,217.77886
2026-07-28 19:15:00,217.7801,217.81229,217.76187,217.78571
2026-07-28 19:30:00,217.77991,217.8039,217.74687,217.75647
2026-07-28 19:45:00,217.77056,217.77056,217.62119,217.66066
2026-07-28 20:00:00,217.65414,217.66777,217.5447,217.58982
2026-07-28 20:15:00,217.57817,217.71296,217.57408,217.67632
2026-07-28 20:30:00,217.6722,217.72084,217.66025,217.67965
2026-07-28 20:45:00,217.67822,217.73209,217.64461,217.71229
2026-07-28 21:00:00,217.71457,217.75233,217.61214,217.63421
2026-07-28 21:15:00,217.63502,217.74374,217.63502,217.70083
2026-07-28 21:30:00,217.70395,217.74266,217.69311,217.7355
2026-07-28 21:45:00,217.73305,217.73305,217.62833,217.70595
2026-07-28 22:00:00,217.69943,217.81449,217.68634,217.80018
2026-07-28 22:15:00,217.78625,217.82341,217.72923,217.74056
2026-07-28 22:30:00,217.73471,217.87521,217.70407,217.8715
2026-07-28 22:45:00,217.86295,217.95077,217.8518,217.94549
2026-07-28 23:00:00,217.93811,217.99706,217.88705,217.89211
2026-07-28 23:15:00,217.90024,217.92763,217.85474,217.92271
2026-07-28 23:30:00,217.91735,217.94097,217.86877,217.88082
2026-07-28 23:45:00,217.88279,217.95993,217.87384,217.91418
2026-07-29 00:00:00,217.9027,217.94145,217.87748,217.88336
2026-07-29 00:15:00,217.89205,217.89205,217.79649,217.81795
2026-07-29 00:30:00,217.8161,217.88359,217.79145,217.82164
2026-07-29 00:45:00,217.81703,217.86442,217.73862,217.8113
2026-07-29 01:00:00,217.80338,217.89579,217.73604,217.88429
2026-07-29 01:15:00,217.86241,217.87876,217.77527,217.82665
2026-07-29 01:30:00,217.81886,217.84412,217.76404,217.83213
2026-07-29 01:45:00,217.81806,217.88926,217.79124,217.79489
2026-07-29 02:00:00,217.80292,217.86074,217.79603,217.81273
2026-07-29 02:15:00,217.81529,217.83917,217.76441,217.826
2026-07-29 02:30:00,217.81792,217.8631,217.79557,217.82514
2026-07-29 02:45:00,217.82045,217.84222,217.78009,217.8168
2026-07-29 03:00:00,217.8189,217.83138,217.76864,217.79683
2026-07-29 03:15:00,217.79037,217.87999,217.78852,217.82062
2026-07-29 03:30:00,217.82123,217.82679,217.76826,217.77324
2026-07-29 03:45:00,217.77816,217.7868,217.73246,217.73659
2026-07-29 04:00:00,217.74135,217.75564,217.6782,217.70506
2026-07-29 04:15:00,217.69658,217.71602,217.64821,217.67997
2026-07-29 04:30:00,217.67415,217.73422,217.67254,217.73119
2026-07-29 04:45:00,217.72508,217.76779,217.72184,217.75941
2026-07-29 05:00:00,217.75352,217.79622,217.75059,217.77848
2026-07-29 05:15:00,217.76873,217.83819,217.76576,217.78453
2026-07-29 05:30:00,217.78283,217.78283,217.75908,217.77454
2026-07-29 05:45:00,217.77059,217.83182,217.72654,217.73338
2026-07-29 06:00:00,217.74282,217.78303,217.73851,217.77768
2026-07-29 06:15:00,217.77006,217.78743,217.73213,217.73487
2026-07-29 06:30:00,217.74127,217.76267,217.73183,217.76157
2026-07-29 06:45:00,217.75512,217.78474,217.6897,217.78074
2026-07-29 07:00:00,217.76961,217.82006,217.65955,217.78447
2026-07-29 07:15:00,217.76587,217.84612,217.75255,217.75539
2026-07-29 07:30:00,217.75983,217.75983,217.71771,217.73505
2026-07-29 07:45:00,217.72959,217.77414,217.70443,217.71113
2026-07-29 08:00:00,217.72111,217.75213,217.69885,217.73136
2026-07-29 08:15:00,217.7382,217.75239,217.6754,217.68038
2026-07-29 08:30:00,217.68258,217.70381,217.66967,217.69092
2026-07-29 08:45:00,217.68743,217.69891,217.67332,217.68132
2026-07-29 09:00:00,217.6755,217.6884,217.62113,217.66413
2026-07-29 09:15:00,217.65661,217.7033,217.65661,217.68766
2026-07-29 09:30:00,217.69109,217.70468,217.67173,217.67465
2026-07-29 09:45:00,217.6781,217.73379,217.6781,217.72532
2026-07-29 10:00:00,217.72031,217.76572,217.66939,217.72496
2026-07-29 10:15:00,217.72173,217.74176,217.69556,217.72243
2026-07-29 10:30:00,217.72523,217.73776,217.66449,217.66919
2026-07-29 10:45:00,217.67703,217.68355,217.55255,217.60623
2026-07-29 11:00:00,217.60747,217.64047,217.57251,217.58748
2026-07-29 11:15:00,217.58381,217.65878,217.56432,217.61025
2026-07-29 11:30:00,217.61572,217.65196,217.52394,217.55145
2026-07-29 11:45:00,217.54669,217.56618,217.5246,217.55883
2026-07-29 12:00:00,217.54744,217.64847,217.54358,217.61108
2026-07-29 12:15:00,217.61882,217.69326,217.61882,217.63893
2026-07-29 12:30:00,217.64652,217.66724,217.63215,217.64401
2026-07-29 12:45:00,217.64996,217.68447,217.64407,217.67522
2026-07-29 13:00:00,217.67177,217.67935,217.64663,217.65502
2026-07-29 13:15:00,217.6638,217.69306,217.64357,217.64906
2026-07-29 13:30:00,217.64931,217.6624,217.59672,217.60832
2026-07-29 13:45:00,217.60933,217.62964,217.53336,217.53638
2026-07-29 14:00:00,217.53935,217.57617,217.4982,217.5037
2026-07-29 14:15:00,217.50845,217.52137,217.42739,217.443
2026-07-29 14:30:00,217.43427,217.46642,217.21655,217.23065
2026-07-29 14:45:00,217.23481,217.37455,217.16332,217.32918
2026-07-29 15:00:00,217.33304,217.37707,217.31015,217.37406
2026-07-29 15:15:00,217.36978,217.37821,217.26781,217.28419
2026-07-29 15:30:00,217.28614,217.39696,217.28145,217.33844
2026-07-29 15:45:00,217.33386,217.43082,217.32623,217.4259
2026-07-29 16:00:00,217.41662,217.55197,217.41662,217.50145
2026-07-29 16:15:00,217.51274,217.54219,217.37375,217.45993
2026-07-29 16:30:00,217.45485,217.52774,217.41392,217.45022
2026-07-29 16:45:00,217.44343,217.49012,217.42475,217.44634
2026-07-29 17:00:00,217.45467,217.52512,217.44274,217.46438
2026-07-29 17:15:00,217.47755,217.59362,217.4557,217.58861
2026-07-29 17:30:00,217.574,217.69651,217.574,217.64733
2026-07-29 17:45:00,217.63868,217.74998,217.6106,217.74327
2026-07-29 18:00:00,217.73193,217.7687,217.64541,217.65696
2026-07-29 18:15:00,217.67865,217.70841,217.61271,217.6562
2026-07-29 18:30:00,217.64318,217.68241,217.60752,217.67396
2026-07-29 18:45:00,217.66137,217.70664,217.66137,217.68753
2026-07-29 19:00:00,217.69048,217.69048,217.57532,217.58674
2026-07-29 19:15:00,217.58108,217.60155,217.56093,217.59707
2026-07-29 19:30:00,217.59139,217.59139,217.44681,217.49889
2026-07-29 19:45:00,217.50644,217.60039,217.50644,217.55995
2026-07-29 20:00:00,217.56496,217.57204,217.503,217.50714
2026-07-29 20:15:00,217.50916,217.55076,217.49047,217.5442
2026-07-29 20:30:00,217.53274,217.58112,217.491,217.57367
2026-07-29 20:45:00,217.56406,217.61549,217.51538,217.51756
2026-07-29 21:00:00,217.52276,217.61689,217.51114,217.61446
2026-07-29 21:15:00,217.60811,217.6272,217.56022,217.59813
2026-07-29 21:30:00,217.58123,217.64227,217.56544,217.56848
2026-07-29 21:45:00,217.57208,217.60091,217.52682,217.52924
2026-07-29 22:00:00,217.53646,217.55455,217.49434,217.50066
2026-07-29 22:15:00,217.50353,217.55904,217.45335,217.55674
2026-07-29 22:30:00,217.55192,217.63148,217.51179,217.59936
2026-07-29 22:45:00,217.61553,217.61636,217.52595,217.57355
2026-07-29 23:00:00,217.58393,217.6261,217.52971,217.53274
2026-07-29 23:15:00,217.5395,217.59336,217.50365,217.59081
2026-07-29 23:30:00,217.58626,217.68222,217.5125,217.56283
2026-07-29 23:45:00,217.54669,217.71626,217.54669,217.71228
2026-07-30 00:00:00,217.70236,217.74487,217.67642,217.69847
2026-07-30 00:15:00,217.70089,217.77876,217.64924,217.77026
2026-07-30 00:30:00,217.76042,217.91579,217.76042,217.83936
2026-07-30 00:45:00,217.86315,217.87716,217.64103,217.79889
2026-07-30 01:00:00,217.78917,217.79407,217.71005,217.74229
2026-07-30 01:15:00,217.74811,217.79828,217.65861,217.66093
2026-07-30 01:30:00,217.66022,217.75947,217.66022,217.72704
2026-07-30 01:45:00,217.72079,217.76028,217.70952,217.71954
2026-07-30 02:00:00,217.72212,217.77922,217.68246,217.68979
2026-07-30 02:15:00,217.6936,217.73713,217.66257,217.73652
2026-07-30 02:30:00,217.73263,217.73263,217.66,217.68032
2026-07-30 02:45:00,217.67575,217.79967,217.67048,217.79794
2026-07-30 03:00:00,217.79415,217.87763,217.78532,217.86565
2026-07-30 03:15:00,217.85899,217.8965,217.83272,217.88111
2026-07-30 03:30:00,217.8843,217.98363,217.86171,217.98132
2026-07-30 03:45:00,217.97424,217.98931,217.85065,217.86763
2026-07-30 04:00:00,217.8657,218.26857,217.75446,218.05216
2026-07-30 04:15:00,218.0778,218.121,217.98341,218.03712
2026-07-30 04:30:00,218.0233,218.14984,217.78394,218.14194
2026-07-30 04:45:00,218.1164,218.31592,218.11288,218.3115
2026-07-30 05:00:00,218.30263,218.40484,218.18194,218.38937
2026-07-30 05:15:00,218.3698,218.58514,218.27264,218.28053
2026-07-30 05:30:00,218.29324,218.3883,218.24277,218.30323
2026-07-30 05:45:00,218.29828,218.33685,218.23064,218.28103
2026-07-30 06:00:00,218.27654,218.30935,218.22477,218.30138
2026-07-30 06:15:00,218.28729,218.32252,218.25957,218.27838
2026-07-30 06:30:00,218.28351,218.45527,218.26934,218.45167
2026-07-30 06:45:00,218.4472,218.50094,218.39779,218.49715
2026-07-30 07:00:00,218.48825,218.4948,218.08552,218.35495
2026-07-30 07:15:00,218.36122,218.4244,218.32814,218.40607
2026-07-30 07:30:00,218.4093,218.42451,218.3736,218.40843
2026-07-30 07:45:00,218.39884,218.46468,218.34216,218.34901
2026-07-30 08:00:00,218.35818,218.50207,218.33686,218.48058
2026-07-30 08:15:00,218.48117,218.49826,218.4486,218.4959
2026-07-30 08:30:00,218.49079,218.50035,218.46201,218.47346
2026-07-30 08:45:00,218.46782,218.47088,218.43343,218.45081
2026-07-30 09:00:00,218.44636,218.46126,218.40571,218.42158
2026-07-30 09:15:00,218.42506,218.43555,218.37844,218.37985
2026-07-30 09:30:00,218.38143,218.40263,218.36371,218.37298
2026-07-30 09:45:00,218.37499,218.38134,218.279,218.34539
2026-07-30 10:00:00,218.33309,218.33309,218.1511,218.20923
2026-07-30 10:15:00,218.21812,218.38613,218.19158,218.36796
2026-07-30 10:30:00,218.33567,218.36279,218.2886,218.29264
2026-07-30 10:45:00,218.29826,218.34559,218.25784,218.33922
2026-07-30 11:00:00,218.31757,218.35993,218.29188,218.29509
2026-07-30 11:15:00,218.29964,218.37621,218.29964,218.34791
2026-07-30 11:30:00,218.34324,218.35191,218.28976,218.32957
2026-07-30 11:45:00,218.33318,218.36614,218.31275,218.33049
2026-07-30 12:00:00,218.32524,218.33872,218.28745,218.29611
2026-07-30 12:15:00,218.29966,218.30567,218.24331,218.24536
2026-07-30 12:30:00,218.25228,218.27288,218.23186,218.26533
2026-07-30 12:45:00,218.26128,218.28278,218.23409,218.23901
2026-07-30 13:00:00,218.24306,218.27669,218.23148,218.24077
2026-07-30 13:15:00,218.23631,218.24593,218.1824,218.20326
2026-07-30 13:30:00,218.20915,218.27278,218.17517,218.26187
2026-07-30 13:45:00,218.25722,218.26382,218.20909,218.21537
2026-07-30 14:00:00,218.2249,218.2465,218.18472,218.21996
2026-07-30 14:15:00,218.21406,218.25023,218.19045,218.22985
2026-07-30 14:30:00,218.22601,218.23049,218.17635,218.18165
2026-07-30 14:45:00,218.19199,218.22058,218.18014,218.18868
2026-07-30 15:00:00,218.19199,218.249,218.17255,218.24098
2026-07-30 15:15:00,218.22605,218.36079,218.1836,218.35406
2026-07-30 15:30:00,218.34359,218.38474,218.33899,218.36077
2026-07-30 15:45:00,218.35503,218.37231,218.28497,218.29922
2026-07-30 16:00:00,218.30299,218.37808,218.17188,218.18469
2026-07-30 16:15:00,218.2074,218.25261,218.15943,218.19575
2026-07-30 16:30:00,218.19331,218.22237,218.1448,218.20289
2026-07-30 16:45:00,218.20457,218.36714,218.17702,218.3422
2026-07-30 17:00:00,218.3392,218.44229,218.31982,218.35042
2026-07-30 17:15:00,218.36688,218.43233,218.32106,218.32989
2026-07-30 17:30:00,218.34446,218.42606,218.29823,218.40895
2026-07-30 17:45:00,218.41313,218.45639,218.37985,218.38325
2026-07-30 18:00:00,218.38768,218.50976,218.38768,218.45485
2026-07-30 18:15:00,218.45852,218.54743,218.45852,218.54413
2026-07-30 18:30:00,218.53668,218.60568,218.51253,218.58727
2026-07-30 18:45:00,218.57844,218.63076,218.56119,218.56465
2026-07-30 19:00:00,218.56959,218.63813,218.54207,218.63556
2026-07-30 19:15:00,218.6231,218.68775,218.60482,218.67
2026-07-30 19:30:00,218.66578,218.66578,218.55903,218.63333
2026-07-30 19:45:00,218.62332,218.63469,218.50673,218.50814
2026-07-30 20:00:00,218.50971,218.51054,218.218,218.22844
2026-07-30 20:15:00,218.24705,218.28924,217.71779,217.89983
2026-07-30 20:30:00,217.86254,218.15414,217.84943,218.08971
2026-07-30 20:45:00,218.07871,218.26334,218.04071,218.07031
2026-07-30 21:00:00,218.07791,218.17231,217.87358,217.93727
2026-07-30 21:15:00,217.92516,217.98554,217.80929,217.98048
2026-07-30 21:30:00,217.96397,218.10358,217.96397,218.01865
2026-07-30 21:45:00,218.02905,218.07802,217.92738,218.06998
2026-07-30 22:00:00,218.05865,218.1977,218.05525,218.18375
2026-07-30 22:15:00,218.15549,218.1778,218.05031,218.12931
2026-07-30 22:30:00,218.15314,218.15314,217.74329,217.76756
2026-07-30 22:45:00,217.80876,217.91394,217.7357,217.9083
2026-07-30 23:00:00,217.89937,217.92049,217.82508,217.83668
2026-07-30 23:15:00,217.85496,217.85496,217.6423,217.68678
2026-07-30 23:30:00,217.67649,217.74398,215.18941,215.28519
2026-07-30 23:45:00,215.46262,215.97985,214.68817,214.74994
2026-07-31 00:00:00,214.88952,215.39053,213.52247,213.76307
2026-07-31 00:15:00,213.72076,213.85121,212.4067,213.54813
2026-07-31 00:30:00,213.56103,214.3489,213.44007,214.3326
2026-07-31 00:45:00,214.29453,214.43281,213.92172,213.94234
2026-07-31 01:00:00,213.97896,214.20439,213.65972,214.14191
2026-07-31 01:15:00,214.12715,214.33347,214.0459,214.28338
2026-07-31 01:30:00,214.27866,214.44035,214.27251,214.37387
2026-07-31 01:45:00,214.36066,214.65005,214.36066,214.61892
2026-07-31 02:00:00,214.59725,214.75564,214.59725,214.66715
2026-07-31 02:15:00,214.6571,214.7534,214.59924,214.68684
2026-07-31 02:30:00,214.69593,214.89501,214.6797,214.88694
2026-07-31 02:45:00,214.86878,214.90933,214.80463,214.85502
2026-07-31 03:00:00,214.86622,214.99566,214.85624,214.94617
2026-07-31 03:15:00,214.95923,215.14934,214.922,215.06229
2026-07-31 03:30:00,215.07258,215.12306,213.48109,214.35412
2026-07-31 03:45:00,214.23622,214.3494,213.82503,214.25593
2026-07-31 04:00:00,214.25909,214.26141,214.03929,214.09494
2026-07-31 04:15:00,214.08095,214.26466,214.03807,214.1955
2026-07-31 04:30:00,214.20779,214.29411,214.16025,214.22582
2026-07-31 04:45:00,214.21725,214.3256,214.17439,214.27775
2026-07-31 05:00:00,214.25987,214.48143,214.1506,214.47415
2026-07-31 05:15:00,214.46236,214.64061,214.39173,214.6324
2026-07-31 05:30:00,214.6115,214.77946,214.6115,214.74034
2026-07-31 05:45:00,214.74843,214.76451,214.573,214.63354
2026-07-31 06:00:00,214.60905,214.73838,214.59511,214.73476
2026-07-31 06:15:00,214.72427,214.82133,214.68523,214.78227
2026-07-31 06:30:00,214.79674,214.86464,214.73989,214.81882
2026-07-31 06:45:00,214.81194,214.97253,214.80633,214.82924
2026-07-31 07:00:00,214.84753,214.84753,214.65461,214.75961
2026-07-31 07:15:00,214.76392,214.79454,214.74028,214.75183
2026-07-31 07:30:00,214.75243,214.88677,214.75243,214.88282
2026-07-31 07:45:00,214.8759,214.92988,214.84542,214.91871
2026-07-31 08:00:00,214.90212,215.03649,214.79438,214.97624
2026-07-31 08:15:00,214.98323,215.16409,214.98323,215.14165
2026-07-31 08:30:00,215.13124,215.19521,214.76276,214.98613
2026-07-31 08:45:00,214.97762,215.09592,214.89714,215.06766
2026-07-31 09:00:00,215.06749,215.21542,214.92402,215.20873
2026-07-31 09:15:00,215.1926,215.28002,215.14336,215.27472
2026-07-31 09:30:00,215.25882,215.63155,215.25741,215.61374
2026-07-31 09:45:00,215.58868,215.65391,215.57025,215.6173
2026-07-31 10:00:00,215.62774,215.92356,215.62353,215.79734
2026-07-31 10:15:00,215.77504,215.84311,215.63648,215.74915
2026-07-31 10:30:00,215.72818,216.02227,215.72818,215.99131
2026-07-31 10:45:00,215.98526,216.22688,215.95095,216.03392
2026-07-31 11:00:00,216.01732,216.24056,216.01732,216.12062
2026-07-31 11:15:00,216.10443,216.10443,215.90277,215.96652
2026-07-31 11:30:00,215.93965,216.1067,215.93965,216.05507
2026-07-31 11:45:00,216.05189,216.223,216.03266,216.21276
2026-07-31 12:00:00,216.19641,216.22883,216.10058,216.10608
2026-07-31 12:15:00,216.11412,216.15012,216.013,216.02654
2026-07-31 12:30:00,216.03307,216.11999,215.96661,216.07125
2026-07-31 12:45:00,216.0739,216.12505,215.87356,215.95863
2026-07-31 13:00:00,215.95241,216.34267,215.85021,216.14447
2026-07-31 13:15:00,216.1807,216.30321,216.11751,216.23273
2026-07-31 13:30:00,216.23717,216.29499,216.08702,216.1218
2026-07-31 13:45:00,216.12944,216.13361,215.94039,216.0166
2026-07-31 14:00:00,216.04075,216.12278,216.00958,216.11485
2026-07-31 14:15:00,216.10836,216.19318,216.07665,216.19127
2026-07-31 14:30:00,216.18306,216.18957,216.0831,216.08825
2026-07-31 14:45:00,216.09621,216.1725,216.02198,216.05698
2026-07-31 15:00:00,216.0436,216.0736,215.94047,216.04934
2026-07-31 15:15:00,216.03529,216.06639,215.94623,216.06269
2026-07-31 15:30:00,216.04743,216.10546,215.94366,216.00601
2026-07-31 15:45:00,216.00997,216.02626,215.89076,215.89782
2026-07-31 16:00:00,215.91065,215.94472,215.74108,215.84165
2026-07-31 16:15:00,215.81731,215.97273,215.72482,215.7833
2026-07-31 16:30:00,215.77859,215.96366,215.66122,215.85087
2026-07-31 16:45:00,215.83485,215.83485,215.33802,215.54457
2026-07-31 17:00:00,215.55874,215.84255,215.55415,215.80194
2026-07-31 17:15:00,215.79288,215.87474,215.62733,215.86778
2026-07-31 17:30:00,215.84812,216.02973,215.84812,216.01793
2026-07-31 17:45:00,215.98661,216.058,215.59263,215.73082
2026-07-31 18:00:00,215.71969,215.71969,215.52562,215.61475
2026-07-31 18:15:00,215.63891,215.63891,215.23751,215.39412
2026-07-31 18:30:00,215.37156,215.42396,215.04846,215.06653
2026-07-31 18:45:00,215.0932,215.44528,213.49952,213.57574
2026-07-31 19:00:00,213.73691,214.67459,213.36867,214.56664
2026-07-31 19:15:00,214.59101,215.07586,214.59101,215.06657
2026-07-31 19:30:00,215.05105,215.16505,214.81301,215.04681
2026-07-31 19:45:00,215.0664,215.26956,214.95161,215.25581
2026-07-31 20:00:00,215.22484,215.25297,215.03594,215.12646
2026-07-31 20:15:00,215.12296,215.30289,215.08484,215.21986
2026-07-31 20:30:00,215.19902,215.19902,215.05799,215.12592
2026-07-31 20:45:00,215.12674,215.16978,215.08238,215.13508
2026-07-31 21:00:00,215.12489,215.16401,215.06363,215.09055
2026-07-31 21:15:00,215.0951,215.17312,215.00555,215.10131
2026-07-31 21:30:00,215.07118,215.18277,215.00311,215.00859
2026-07-31 21:45:00,215.01605,215.05972,214.92221,214.98784
2026-07-31 22:00:00,214.97875,215.0799,214.96098,215.0618
2026-07-31 22:15:00,215.04793,215.2394,215.03622,215.16374
2026-07-31 22:30:00,215.17112,215.30993,215.12609,215.28702
2026-07-31 22:45:00,215.28826,215.4054,215.20791,215.22652
2026-07-31 23:00:00,215.26498,215.30443,215.17352,215.20745
2026-07-31 23:15:00,215.20889,215.48715,214.25167,214.26639
2026-07-31 23:30:00,214.30755,214.49354,213.56387,213.83094
2026-07-31 23:45:00,213.76588,214.34472,213.67729,213.87208
2026-08-01 00:00:00,213.89929,213.89929,213.07737,213.81213
2026-08-01 00:15:00,213.79309,213.98068,213.61727,213.74726
2026-08-01 00:30:00,213.72761,214.36538,213.72761,214.27821
2026-08-01 00:45:00,214.29412,214.60092,214.05387,214.29617
2026-08-01 01:00:00,214.27799,214.38651,213.77627,214.27541
2026-08-01 01:15:00,214.23492,214.49084,214.20731,214.45205
2026-08-01 01:30:00,214.46537,214.56227,214.37685,214.43952
2026-08-01 01:45:00,214.43143,214.48034,214.34635,214.35399
2026-08-01 02:00:00,214.36618,214.4709,214.33924,214.46165
2026-08-01 02:15:00,214.44951,214.48646,214.35658,214.36897
2026-08-01 02:30:00,214.39056,214.44317,214.34137,214.43288
2026-08-01 02:45:00,214.41908,214.58021,214.41908,214.57331
2026-08-01 03:00:00,214.55864,214.83046,214.51624,214.7836
2026-08-01 03:15:00,214.79483,215.03933,213.78485,213.88438
2026-08-01 03:30:00,214.0707,214.0707,213.3323,213.34586
2026-08-01 03:45:00,213.36924,214.55895,213.07847,213.68397
2026-08-01 04:00:00,213.62924,214.09606,213.54312,213.83291
2026-08-01 04:15:00,213.85373,214.06309,213.76325,214.03584
2026-08-01 04:30:00,213.96825,214.15581,213.96825,214.15131
2026-08-01 04:45:00,214.14341,214.45881,214.1211,214.26916
2026-08-01 05:00:00,214.29003,214.40926,214.25823,214.36451
2026-08-01 05:15:00,214.34952,214.48435,214.34952,214.46883
2026-08-01 05:30:00,214.45784,214.63854,214.41176,214.5402
2026-08-01 05:45:00,214.51148,214.57327,214.41368,214.48347
2026-08-01 06:00:00,214.46037,214.56873,213.61762,214.1637
2026-08-01 06:15:00,214.12111,214.20029,213.07997,213.57277
2026-08-01 06:30:00,213.46844,213.46844,212.69365,212.7104
2026-08-01 06:45:00,212.73754,213.04757,212.23355,212.28687
2026-08-01 07:00:00,212.39025,212.50294,212.15692,212.31336
2026-08-01 07:15:00,212.30703,212.35035,212.27214,212.31774
2026-08-01 07:30:00,212.3134,212.3134,212.26167,212.26601
2026-08-01 07:45:00,212.26804,212.31882,212.25954,212.29369
2026-08-01 08:00:00,212.29067,213.18477,212.11364,212.26556
2026-08-01 08:15:00,212.29112,212.35774,212.24526,212.34074
2026-08-01 08:30:00,212.32517,212.40199,212.1948,212.29354
2026-08-01 08:45:00,212.29562,212.38443,212.26044,212.36457
2026-08-01 09:00:00,212.34564,213.19107,211.88157,212.26953
2026-08-01 09:15:00,212.29215,212.36459,212.26077,212.35301
2026-08-01 09:30:00,212.33535,212.37946,212.25702,212.29213
2026-08-01 09:45:00,212.29836,212.38224,212.26289,212.36962
2026-08-01 10:00:00,212.34832,213.41641,212.28229,212.48421
2026-08-01 10:15:00,212.48613,212.49314,212.41813,212.48446
2026-08-01 10:30:00,212.47937,212.48967,212.41755,212.48617
2026-08-01 10:45:00,212.48259,212.50663,212.42872,212.48777
2026-08-01 11:00:00,212.48387,213.32213,212.47297,212.47969
2026-08-01 11:15:00,212.48007,212.49184,212.42617,212.48079
2026-08-01 11:30:00,212.48215,212.59829,212.3063,212.4671
2026-08-01 11:45:00,212.45173,212.50492,212.42211,212.48828
2026-08-01 12:00:00,212.48411,212.96956,212.44043,212.49561
2026-08-01 12:15:00,212.49952,212.51453,212.44325,212.51013
2026-08-01 12:30:00,212.50242,212.52065,212.41357,212.4845
2026-08-01 12:45:00,212.48654,212.5138,212.43473,212.50345
2026-08-01 13:00:00,212.49497,213.21369,212.02539,212.49383
2026-08-01 13:15:00,212.49634,212.69436,212.23935,212.50989
2026-08-01 13:30:00,212.50348,212.52153,212.48251,212.49511
2026-08-01 13:45:00,212.49876,212.51851,212.44945,212.51688
2026-08-01 14:00:00,212.51108,213.2751,211.96964,212.47211
2026-08-01 14:15:00,212.47395,212.52432,212.47395,212.49764
2026-08-01 14:30:00,212.49468,212.51107,212.43687,212.48224
2026-08-01 14:45:00,212.48732,212.51402,212.47958,212.51233
2026-08-01 15:00:00,212.50693,212.93108,212.44483,212.49114
2026-08-01 15:15:00,212.49176,212.52294,212.45806,212.50797
2026-08-01 15:30:00,212.5022,212.52067,212.48334,212.49311
2026-08-01 15:45:00,212.50186,212.52064,212.43329,212.515
2026-08-01 16:00:00,212.51137,213.29971,212.40776,212.49356
2026-08-01 16:15:00,212.48894,212.50662,212.4367,212.49811
2026-08-01 16:30:00,212.49482,212.51099,212.33996,212.46086
2026-08-01 16:45:00,212.436,212.51098,212.436,212.49946
2026-08-01 17:00:00,212.49679,213.31943,212.38642,212.49883
2026-08-01 17:15:00,212.49995,212.51541,212.48179,212.49655
2026-08-01 17:30:00,212.49463,212.51638,212.45206,212.49791
2026-08-01 17:45:00,212.49977,212.51679,212.43017,212.48889
2026-08-01 18:00:00,212.47732,212.55293,212.47564,212.48783
2026-08-01 18:15:00,212.48309,212.49448,212.33369,212.48839
2026-08-01 18:30:00,212.48622,212.49672,212.481,212.48126
2026-08-01 18:45:00,212.48378,212.51874,212.42852,212.49183
2026-08-01 19:00:00,212.48785,212.50337,212.43691,212.47464
2026-08-01 19:15:00,212.46327,212.49603,212.46327,212.48929
2026-08-01 19:30:00,212.48725,212.49724,212.42253,212.48693
2026-08-01 19:45:00,212.48845,212.49786,212.4823,212.4924
2026-08-01 20:00:00,212.48779,212.49949,212.32558,212.4906
2026-08-01 20:15:00,212.48579,212.52671,212.42435,212.48017
2026-08-01 20:30:00,212.47096,212.49307,212.47096,212.4797
2026-08-01 20:45:00,212.4816,212.49542,212.42814,212.49245
2026-08-01 21:00:00,212.48714,212.49273,212.39766,212.48905
2026-08-01 21:15:00,212.48453,212.49553,212.42406,212.4893
2026-08-01 21:30:00,212.48605,212.49823,212.30092,212.42942
2026-08-01 21:45:00,212.41096,212.48941,212.40974,212.47758
2026-08-01 22:00:00,212.47923,212.49246,212.42406,212.48052
2026-08-01 22:15:00,212.47536,212.49484,212.47536,212.4892
2026-08-01 22:30:00,212.48487,212.49503,212.42338,212.48154
2026-08-01 22:45:00,212.48219,212.5208,212.42243,212.42996
2026-08-01 23:00:00,212.44792,212.48858,212.44792,212.48702
2026-08-01 23:15:00,212.48428,212.49995,212.31538,212.47083
2026-08-01 23:30:00,212.46357,212.4952,212.46357,212.48749
2026-08-01 23:45:00,212.48522,212.49463,212.43029,212.49065
2026-08-02 00:00:00,212.48483,212.50054,212.41978,212.42994
2026-08-02 00:15:00,212.44624,212.49515,212.44624,212.48979
2026-08-02 00:30:00,212.48502,212.51927,212.41905,212.49423
2026-08-02 00:45:00,212.49155,212.50605,212.49155,212.49512
2026-08-02 01:00:00,212.49671,212.52274,212.32385,212.51951
2026-08-02 01:15:00,212.51507,212.52597,212.45462,212.46292
2026-08-02 01:30:00,212.47014,212.53129,212.47014,212.52408
2026-08-02 01:45:00,212.52187,212.55856,212.45621,212.51257
2026-08-02 02:00:00,212.50671,212.97359,212.45526,212.45871
2026-08-02 02:15:00,212.45874,212.484,212.39891,212.48216
2026-08-02 02:30:00,212.47764,212.49475,212.31336,212.33459
2026-08-02 02:45:00,212.3662,212.50552,212.3662,212.48501
2026-08-02 03:00:00,212.48563,212.93461,212.18232,212.48582
2026-08-02 03:15:00,212.47976,212.49274,212.47945,212.48559
2026-08-02 03:30:00,212.48155,212.50246,212.41758,212.49679
2026-08-02 03:45:00,212.49298,212.50336,212.46134,212.47256
2026-08-02 04:00:00,212.48885,212.94366,212.19394,212.43736
2026-08-02 04:15:00,212.4382,212.56521,212.29782,212.46285
2026-08-02 04:30:00,212.44763,212.50614,212.44763,212.50089
2026-08-02 04:45:00,212.49659,212.50662,212.43007,212.49039
2026-08-02 05:00:00,212.48757,212.96837,212.25114,212.4709
2026-08-02 05:15:00,212.46324,212.48631,212.41568,212.48388
2026-08-02 05:30:00,212.47944,212.49443,212.40771,212.47961
2026-08-02 05:45:00,212.47494,212.5687,212.34508,212.41688
2026-08-02 06:00:00,212.39112,213.04969,212.30675,212.47307
2026-08-02 06:15:00,212.47463,212.48453,212.43397,212.47677
2026-08-02 06:30:00,212.47533,212.47533,212.39828,212.46923
2026-08-02 06:45:00,212.46445,212.48003,212.39772,212.45555
2026-08-02 07:00:00,212.4537,213.02043,212.41241,212.43562
2026-08-02 07:15:00,212.43685,212.46242,212.38248,212.45859
2026-08-02 07:30:00,212.45393,212.58432,212.365,212.54932
2026-08-02 07:45:00,212.50075,212.53987,212.31783,212.49483
2026-08-02 08:00:00,212.48975,212.93154,212.40081,212.48354
2026-08-02 08:15:00,212.47756,212.49378,212.47756,212.48934
2026-08-02 08:30:00,212.48434,212.50695,212.38577,212.49638
2026-08-02 08:45:00,212.48877,212.52256,212.48877,212.51646
2026-08-02 09:00:00,212.51319,212.94822,212.44891,212.44891
2026-08-02 09:15:00,212.4497,212.4781,212.28905,212.47045
2026-08-02 09:30:00,212.45845,212.50082,212.45845,212.4956
2026-08-02 09:45:00,212.49172,212.53039,212.40883,212.49966
2026-08-02 10:00:00,212.4957,212.50738,212.47679,212.48901
2026-08-02 10:15:00,212.48545,212.51047,212.42732,212.48728
2026-08-02 10:30:00,212.49014,212.50682,212.43331,212.48541
2026-08-02 10:45:00,212.47466,212.51554,212.47466,212.51046
2026-08-02 11:00:00,212.50604,212.52089,212.27993,212.49185
2026-08-02 11:15:00,212.4806,212.5201,212.43302,212.48355
2026-08-02 11:30:00,212.48498,212.53477,212.40673,212.49487
2026-08-02 11:45:00,212.49177,212.51496,212.45398,212.47633
2026-08-02 12:00:00,212.4716,212.50314,212.4677,212.49524
2026-08-02 12:15:00,212.49348,212.5068,212.41619,212.4616
2026-08-02 12:30:00,212.48075,212.51778,212.46553,212.51468
2026-08-02 12:45:00,212.51047,212.52934,212.33401,212.52587
2026-08-02 13:00:00,212.52106,212.56974,212.45231,212.5172
2026-08-02 13:15:00,212.51308,212.53481,212.51308,212.52428
2026-08-02 13:30:00,212.52584,212.53624,212.45855,212.53279
2026-08-02 13:45:00,212.52799,212.53885,212.52628,212.53398
2026-08-02 14:00:00,212.52933,212.62001,212.41069,212.5194
2026-08-02 14:15:00,212.51313,212.54505,212.3391,212.49948
2026-08-02 14:30:00,212.48565,212.54623,212.48565,212.54186
2026-08-02 14:45:00,212.53678,212.5444,212.41033,212.50944
2026-08-02 15:00:00,212.50171,212.54887,212.48903,212.54309
2026-08-02 15:15:00,212.53964,212.55923,212.45431,212.53878
2026-08-02 15:30:00,212.53966,212.54966,212.36647,212.47224
2026-08-02 15:45:00,212.44871,212.51175,212.44871,212.50543
2026-08-02 16:00:00,212.50173,212.5235,212.32927,212.51804
2026-08-02 16:15:00,212.51362,212.5255,212.50074,212.50715
2026-08-02 16:30:00,212.50734,212.52376,212.43296,212.51311
2026-08-02 16:45:00,212.51428,212.55389,212.43534,212.50489
2026-08-02 17:00:00,212.49613,212.52967,212.49613,212.52477
2026-08-02 17:15:00,212.52024,212.5573,212.43936,212.52534
2026-08-02 17:30:00,212.52242,212.53653,212.52142,212.5255
2026-08-02 17:45:00,212.52697,212.53121,212.35075,212.52782
2026-08-02 18:00:00,212.52244,212.53758,212.44025,212.48469
2026-08-02 18:15:00,212.46566,212.52593,212.46566,212.51845
2026-08-02 18:30:00,212.51688,212.55856,212.45675,212.47479
2026-08-02 18:45:00,212.47639,212.52951,212.45389,212.524
2026-08-02 19:00:00,212.51995,212.53579,212.44129,212.46719
2026-08-02 19:15:00,212.46246,212.51496,212.31765,212.37554
2026-08-02 19:30:00,212.3729,212.38224,212.36972,212.37156
2026-08-02 19:45:00,212.3729,212.38243,212.33179,212.3499
2026-08-02 20:00:00,212.34482,212.35424,212.34167,212.34911
2026-08-02 20:15:00,212.34482,212.35437,212.34164,212.34829
2026-08-02 20:30:00,212.34482,212.36898,212.29686,212.31117
2026-08-02 20:45:00,212.31195,212.32143,212.3088,212.31127
2026-08-02 21:00:00,212.31195,212.32146,212.30889,212.31562
2026-08-02 21:15:00,212.31195,212.3215,212.30878,212.31609
2026-08-02 21:30:00,212.31195,212.80552,212.07437,212.66238
2026-08-02 21:45:00,212.66334,212.6729,212.66016,212.66286
2026-08-02 22:00:00,212.66334,212.67279,212.66019,212.66722
2026-08-02 22:15:00,212.66334,212.67288,212.66023,212.66732
2026-08-02 22:30:00,212.66334,212.67273,212.66017,212.66297
2026-08-02 22:45:00,212.66334,212.67291,212.66016,212.6623
2026-08-02 23:00:00,212.66334,212.6729,212.66034,212.66655
2026-08-02 23:15:00,212.66334,212.90848,212.31063,212.80051
2026-08-02 23:30:00,212.79628,212.80567,212.7931,212.79626
2026-08-02 23:45:00,212.79628,212.80581,212.79316,212.79502
2026-08-03 00:00:00,212.79628,212.88771,212.23593,212.34252
2026-08-03 00:15:00,212.33847,212.34786,212.3353,212.34322
2026-08-03 00:30:00,212.33847,212.34797,212.33538,212.34067
2026-08-03 00:45:00,212.33847,212.38379,212.24347,212.29563
2026-08-03 01:00:00,212.29708,212.82099,212.24286,212.64743
2026-08-03 01:15:00,212.64347,212.65281,212.64029,212.64825
2026-08-03 01:30:00,212.64347,212.65302,212.64034,212.64555
2026-08-03 01:45:00,212.64347,212.65295,212.64034,212.64195
2026-08-03 02:00:00,212.64347,213.1624,212.2905,212.48055
2026-08-03 02:15:00,212.48078,212.48802,212.4754,212.48284
2026-08-03 02:30:00,212.47848,212.80638,212.45873,212.60162
2026-08-03 02:45:00,212.63846,212.63846,212.49337,212.50349
2026-08-03 03:00:00,212.50448,212.82637,212.27895,212.4796
2026-08-03 03:15:00,212.47978,212.49063,212.47642,212.48421
2026-08-03 03:30:00,212.48035,212.48987,212.47723,212.48433
2026-08-03 03:45:00,212.48035,212.48831,212.47364,212.47674
2026-08-03 04:00:00,212.47692,212.96199,212.32871,212.3465
2026-08-03 04:15:00,212.38803,212.81284,212.38803,212.50596
2026-08-03 04:30:00,212.50171,212.51599,212.43375,212.49667
2026-08-03 04:45:00,212.49023,212.56989,212.19814,212.2303
2026-08-03 05:00:00,212.24823,212.69489,211.95729,212.06688
2026-08-03 05:15:00,212.05554,212.40827,211.92132,211.98343
2026-08-03 05:30:00,212.00102,212.25599,211.90939,212.04976
2026-08-03 05:45:00,212.11278,212.25029,211.77151,211.99437
2026-08-03 06:00:00,211.97126,212.094,211.84189,211.96161
2026-08-03 06:15:00,211.98528,212.07555,211.78289,211.94118
2026-08-03 06:30:00,211.91343,212.07771,211.7645,212.00981
2026-08-03 06:45:00,211.99098,212.09079,211.68243,211.94891
2026-08-03 07:00:00,211.97677,212.43111,211.94328,212.41618
2026-08-03 07:15:00,212.39307,212.58394,212.33021,212.48017
2026-08-03 07:30:00,212.45786,212.54351,212.42987,212.48927
2026-08-03 07:45:00,212.47351,212.63709,212.4082,212.48057
2026-08-03 08:00:00,212.45012,212.60393,211.95005,212.05725
2026-08-03 08:15:00,212.04764,212.54193,212.02804,212.51788
2026-08-03 08:30:00,212.50014,212.50014,212.19086,212.27533
2026-08-03 08:45:00,212.25969,212.30303,212.06109,212.28004
2026-08-03 09:00:00,212.2483,212.62851,212.12433,212.60545
2026-08-03 09:15:00,212.57329,212.97005,212.55732,212.82864
2026-08-03 09:30:00,212.88388,212.95987,212.7099,212.95381
2026-08-03 09:45:00,212.93761,213.0001,212.62362,212.63215
2026-08-03 10:00:00,212.64671,212.83751,212.58598,212.82478
2026-08-03 10:15:00,212.80668,213.73891,211.4987,211.64581
2026-08-03 10:30:00,211.84892,211.84892,209.88233,209.93804
2026-08-03 10:45:00,210.01471,210.66411,209.41986,210.6351
2026-08-03 11:00:00,210.57902,210.91889,209.69285,210.50314
2026-08-03 11:15:00,210.45869,210.60439,210.25687,210.59107
2026-08-03 11:30:00,210.56404,210.7742,210.48424,210.65005
2026-08-03 11:45:00,210.67443,210.76885,210.52432,210.67198
2026-08-03 12:00:00,210.66424,211.02463,210.66424,210.90096
2026-08-03 12:15:00,210.9208,210.9208,210.74753,210.86521
2026-08-03 12:30:00,210.85627,210.86354,210.57392,210.70454
2026-08-03 12:45:00,210.68026,210.84058,210.68026,210.72757
2026-08-03 13:00:00,210.74451,210.95867,210.73983,210.87502
2026-08-03 13:15:00,210.89583,210.89583,210.7178,210.83607
2026-08-03 13:30:00,210.83002,210.87128,210.72281,210.75047
2026-08-03 13:45:00,210.76409,210.865,210.76409,210.80309
2026-08-03 14:00:00,210.80987,210.81424,210.67497,210.78825
2026-08-03 14:15:00,210.77155,210.85648,210.70369,210.81719
2026-08-03 14:30:00,210.80929,210.887,210.69914,210.75273
2026-08-03 14:45:00,210.75586,210.89462,210.69174,210.79833
2026-08-03 15:00:00,210.80197,210.81898,210.70111,210.818
2026-08-03 15:15:00,210.81315,210.83663,210.72694,210.818
2026-08-03 15:30:00,210.8112,210.83941,210.74221,210.79266
2026-08-03 15:45:00,210.80575,210.86613,210.74493,210.74869
2026-08-03 16:00:00,210.75625,210.83862,210.72361,210.80631
2026-08-03 16:15:00,210.8148,211.07376,210.74891,211.01122
2026-08-03 16:30:00,211.02096,211.06566,210.8675,210.99706
2026-08-03 16:45:00,210.99457,211.16768,210.98375,211.09427
2026-08-03 17:00:00,211.10021,211.11072,210.81074,210.82306
2026-08-03 17:15:00,210.84342,210.93897,210.77303,210.84511
2026-08-03 17:30:00,210.85221,211.03844,210.78227,211.03099
2026-08-03 17:45:00,211.01967,211.10536,210.94995,211.05742
2026-08-03 18:00:00,211.04786,211.06196,210.87669,210.9694
2026-08-03 18:15:00,210.94663,211.04562,210.90628,211.0338
2026-08-03 18:30:00,211.02525,211.1686,210.89833,211.15925
2026-08-03 18:45:00,211.14152,211.23813,211.11517,211.1963
2026-08-03 19:00:00,211.21223,211.29822,211.09771,211.22595
2026-08-03 19:15:00,211.25296,211.25296,211.04487,211.17314
2026-08-03 19:30:00,211.17966,211.43035,211.17405,211.42608
2026-08-03 19:45:00,211.41661,211.42233,211.14925,211.31117
2026-08-03 20:00:00,211.28463,211.29782,211.13963,211.18652
2026-08-03 20:15:00,211.17798,211.25188,211.09862,211.22179
2026-08-03 20:30:00,211.21349,211.27028,211.14831,211.2642
2026-08-03 20:45:00,211.24932,211.32645,211.07313,211.0877
2026-08-03 21:00:00,211.09388,211.1835,211.04156,211.15916
2026-08-03 21:15:00,211.16142,211.23171,211.07465,211.22471
2026-08-03 21:30:00,211.20298,211.35044,211.20298,211.29443
2026-08-03 21:45:00,211.28023,211.42697,210.99899,211.01484
2026-08-03 22:00:00,211.04084,211.10597,210.94392,210.95144
2026-08-03 22:15:00,210.96992,211.03093,210.9169,210.99779
2026-08-03 22:30:00,210.99402,211.20645,210.93699,211.19843
2026-08-03 22:45:00,211.17981,211.21541,211.06159,211.10527
2026-08-03 23:00:00,211.08125,211.19159,211.07473,211.09041
2026-08-03 23:15:00,211.11072,211.11072,210.66931,210.80664
2026-08-03 23:30:00,210.80408,210.80408,210.37609,210.44235
2026-08-03 23:45:00,210.43372,210.54739,210.27798,210.54004
2026-08-04 00:00:00,210.52305,210.61634,210.46885,210.60163
2026-08-04 00:15:00,210.59352,210.61358,210.36416,210.58624
2026-08-04 00:30:00,210.5793,210.67106,210.45784,210.65463
2026-08-04 00:45:00,210.61077,210.72258,210.38251,210.39043
2026-08-04 01:00:00,210.40041,210.56612,210.38117,210.47293
2026-08-04 01:15:00,210.46755,210.61139,210.46533,210.52141
2026-08-04 01:30:00,210.53214,210.59746,210.46845,210.54764
2026-08-04 01:45:00,210.54832,210.90357,210.54248,210.87928
2026-08-04 02:00:00,210.87151,210.93909,210.74791,210.75815
2026-08-04 02:15:00,210.77237,210.7776,210.60982,210.61658
2026-08-04 02:30:00,210.6206,210.78529,210.61545,210.69007
2026-08-04 02:45:00,210.70613,210.70613,210.64647,210.65082
2026-08-04 03:00:00,210.6535,210.76133,210.62245,210.72935
2026-08-04 03:15:00,210.73492,210.75977,210.70862,210.75185
2026-08-04 03:30:00,210.74719,210.76269,210.66715,210.69331
2026-08-04 03:45:00,210.68973,210.73118,210.66242,210.72753
2026-08-04 04:00:00,210.72037,210.76743,210.65421,210.65799
2026-08-04 04:15:00,210.66378,210.68884,210.61657,210.65914
2026-08-04 04:30:00,210.65243,210.68177,210.57979,210.59068
2026-08-04 04:45:00,210.60869,210.68275,210.4935,210.50678
2026-08-04 05:00:00,210.5328,210.70083,210.39363,210.69033
2026-08-04 05:15:00,210.6696,210.75023,210.6696,210.72494
2026-08-04 05:30:00,210.72594,210.7671,210.70945,210.75018
2026-08-04 05:45:00,210.74248,210.83703,210.73385,210.80753
2026-08-04 06:00:00,210.80958,210.92329,210.80958,210.91836
2026-08-04 06:15:00,210.90758,211.11995,210.90683,211.10833
2026-08-04 06:30:00,211.09098,211.12432,210.96474,211.07321
2026-08-04 06:45:00,211.05978,211.18008,211.0574,211.17739
2026-08-04 07:00:00,211.16941,211.16941,211.05377,211.13335
2026-08-04 07:15:00,211.12945,211.13608,211.09582,211.11405
2026-08-04 07:30:00,211.10718,211.12908,211.09382,211.11936
2026-08-04 07:45:00,211.116,211.12829,211.09518,211.11741
2026-08-04 08:00:00,211.10619,211.44816,211.09327,211.38845
2026-08-04 08:15:00,211.37994,211.40198,211.34584,211.37313
2026-08-04 08:30:00,211.36873,211.38947,211.26344,211.36419
2026-08-04 08:45:00,211.36692,211.36816,211.32694,211.34423
2026-08-04 09:00:00,211.34023,211.34377,211.27542,211.32583
2026-08-04 09:15:00,211.32185,211.35421,211.2487,211.32527
2026-08-04 09:30:00,211.33461,211.53511,211.32262,211.52465
2026-08-04 09:45:00,211.51564,211.66693,211.51248,211.55823
2026-08-04 10:00:00,211.57441,211.58103,211.33646,211.35207
2026-08-04 10:15:00,211.35446,211.40856,211.16536,211.2752
2026-08-04 10:30:00,211.26825,211.46141,211.26758,211.4537
2026-08-04 10:45:00,211.43975,211.52605,211.37893,211.43186
2026-08-04 11:00:00,211.42788,211.54596,211.4041,211.53698
2026-08-04 11:15:00,211.52989,211.53539,211.42258,211.49261
2026-08-04 11:30:00,211.48564,211.4994,211.36758,211.44377
2026-08-04 11:45:00,211.43754,211.6211,211.43002,211.61822
2026-08-04 12:00:00,211.60845,211.80081,211.59004,211.7562
2026-08-04 12:15:00,211.74577,211.80909,211.68911,211.79619
2026-08-04 12:30:00,211.78743,211.78827,211.72581,211.75514
2026-08-04 12:45:00,211.76242,211.85981,211.71109,211.79696
2026-08-04 13:00:00,211.80648,211.80648,211.6938,211.72496
2026-08-04 13:15:00,211.71482,211.74711,211.63234,211.68083
2026-08-04 13:30:00,211.67262,211.73387,211.57321,211.58361
2026-08-04 13:45:00,211.60984,211.69459,211.59477,211.69024
2026-08-04 14:00:00,211.67974,211.68242,211.60613,211.64454
2026-08-04 14:15:00,211.64066,211.68816,211.60768,211.62056
2026-08-04 14:30:00,211.61742,211.64068,211.43027,211.43563
2026-08-04 14:45:00,211.45053,211.54999,211.44698,211.52956
2026-08-04 15:00:00,211.53101,211.53673,211.46932,211.51507
2026-08-04 15:15:00,211.50671,211.58338,211.50019,211.57205
2026-08-04 15:30:00,211.56774,211.6858,211.54715,211.67478
2026-08-04 15:45:00,211.66001,211.73868,211.64612,211.73431
2026-08-04 16:00:00,211.72555,211.78984,211.64637,211.72899
2026-08-04 16:15:00,211.75197,211.76267,211.62799,211.68874
2026-08-04 16:30:00,211.6886,211.83018,211.6858,211.82246
2026-08-04 16:45:00,211.81106,211.85608,211.72507,211.75524
2026-08-04 17:00:00,211.7461,211.8671,211.7461,211.84184
2026-08-04 17:15:00,211.84047,211.88982,211.76799,211.82839
2026-08-04 17:30:00,211.81462,212.06632,211.76678,212.05848
2026-08-04 17:45:00,212.04446,212.09037,211.96109,212.05968
2026-08-04 18:00:00,212.0622,212.07216,211.99641,212.00275
2026-08-04 18:15:00,211.99861,212.05035,211.92583,212.00151
2026-08-04 18:30:00,211.98632,212.04287,211.97102,212.0218
2026-08-04 18:45:00,212.0263,212.1298,211.99957,212.1255
2026-08-04 19:00:00,212.11819,212.25319,212.11819,212.24902
2026-08-04 19:15:00,212.24086,212.24394,212.17551,212.22183
2026-08-04 19:30:00,212.21783,212.24612,212.16974,212.23483
2026-08-04 19:45:00,212.22673,212.31525,212.20666,212.26667
2026-08-04 20:00:00,212.25973,212.33915,212.22218,212.32091
2026-08-04 20:15:00,212.31363,212.33435,212.21113,212.21714
2026-08-04 20:30:00,212.22553,212.22553,212.16143,212.20746
2026-08-04 20:45:00,212.19581,212.25488,212.1434,212.18864
2026-08-04 21:00:00,212.18162,212.19657,212.09507,212.10036
2026-08-04 21:15:00,212.10692,212.16202,212.0479,212.10647
2026-08-04 21:30:00,212.09342,212.18643,211.95204,212.01459
2026-08-04 21:45:00,212.01033,212.05056,211.7432,211.79639
2026-08-04 22:00:00,211.81457,211.82017,211.54591,211.70381
2026-08-04 22:15:00,211.70803,211.91418,211.70803,211.87057
2026-08-04 22:30:00,211.85257,211.89403,211.81341,211.8572
2026-08-04 22:45:00,211.85442,211.85899,211.65826,211.7353
2026-08-04 23:00:00,211.72649,211.81697,211.70052,211.75706
2026-08-04 23:15:00,211.74682,211.77662,211.64037,211.65995
2026-08-04 23:30:00,211.65561,211.65561,211.44098,211.57894
2026-08-04 23:45:00,211.55787,211.72962,211.54436,211.68151
2026-08-05 00:00:00,211.68893,211.73563,211.62464,211.70196
2026-08-05 00:15:00,211.69273,211.85988,211.66579,211.81311
2026-08-05 00:30:00,211.8166,211.9441,211.81369,211.91016
2026-08-05 00:45:00,211.91615,211.97385,211.8805,211.90848
2026-08-05 01:00:00,211.8952,211.93947,211.8065,211.82824
2026-08-05 01:15:00,211.82083,211.88778,211.80285,211.86031
2026-08-05 01:30:00,211.85954,211.87506,211.71613,211.74203
2026-08-05 01:45:00,211.73678,211.85292,211.69769,211.8295
2026-08-05 02:00:00,211.83393,211.93062,211.82036,211.92414
2026-08-05 02:15:00,211.90897,211.90949,211.78021,211.85541
2026-08-05 02:30:00,211.84952,211.9498,211.80316,211.94172
2026-08-05 02:45:00,211.9162,211.97683,211.89405,211.90203
2026-08-05 03:00:00,211.91496,211.93249,211.85729,211.8784
2026-08-05 03:15:00,211.88562,211.93724,211.84631,211.87374
2026-08-05 03:30:00,211.87879,211.90241,211.86297,211.8933
2026-08-05 03:45:00,211.88298,211.89732,211.85892,211.89443
2026-08-05 04:00:00,211.88801,211.92628,211.87778,211.91044
2026-08-05 04:15:00,211.9059,211.94853,211.87182,211.93549
2026-08-05 04:30:00,211.92872,211.96464,211.91775,211.96274
2026-08-05 04:45:00,211.95605,212.09127,211.95605,212.0475
2026-08-05 05:00:00,212.0533,212.25647,212.05177,212.21706
2026-08-05 05:15:00,212.23304,212.26669,212.21195,212.24184
2026-08-05 05:30:00,212.23515,212.25227,212.20324,212.2431
2026-08-05 05:45:00,212.23764,212.29544,212.17767,212.1858
2026-08-05 06:00:00,212.19841,212.23524,212.18719,212.1982
2026-08-05 06:15:00,212.20027,212.20183,212.13947,212.19561
2026-08-05 06:30:00,212.18968,212.20415,212.16279,212.20262
2026-08-05 06:45:00,212.19917,212.23541,212.17007,212.23135
2026-08-05 07:00:00,212.22126,212.22612,212.0983,212.22151
2026-08-05 07:15:00,212.21478,212.31059,212.134,212.14701
2026-08-05 07:30:00,212.14986,212.20115,212.12584,212.19917
2026-08-05 07:45:00,212.19192,212.30773,212.15738,212.16249
2026-08-05 08:00:00,212.16915,212.19639,212.10515,212.16234
2026-08-05 08:15:00,212.15365,212.20747,212.13636,212.18221
2026-08-05 08:30:00,212.19046,212.22821,212.19034,212.19679
2026-08-05 08:45:00,212.20729,212.20729,212.14066,212.16897
2026-08-05 09:00:00,212.16281,212.24884,212.14705,212.24466
2026-08-05 09:15:00,212.23737,212.26006,212.19015,212.21721
2026-08-05 09:30:00,212.20916,212.2383,212.1922,212.21308
2026-08-05 09:45:00,212.21375,212.22404,212.13109,212.14616
2026-08-05 10:00:00,212.17639,212.18594,212.09881,212.13779
2026-08-05 10:15:00,212.13355,212.13463,212.02089,212.10235
2026-08-05 10:30:00,212.09112,212.16553,212.03852,212.10116
2026-08-05 10:45:00,212.09555,212.09952,211.85551,211.93117
2026-08-05 11:00:00,211.9019,211.98924,211.89382,211.92574
2026-08-05 11:15:00,211.919,211.96988,211.8747,211.94851
2026-08-05 11:30:00,211.95279,211.99675,211.92978,211.978
2026-08-05 11:45:00,211.97961,211.98021,211.91094,211.97321
2026-08-05 12:00:00,211.96728,212.06538,211.93652,211.95125
2026-08-05 12:15:00,211.97956,211.97956,211.75674,211.78378
2026-08-05 12:30:00,211.79836,211.86276,211.71752,211.74598
2026-08-05 12:45:00,211.74201,211.85451,211.7121,211.81325
2026-08-05 13:00:00,211.82131,211.86564,211.8043,211.82648
2026-08-05 13:15:00,211.82763,211.87956,211.80466,211.86136
2026-08-05 13:30:00,211.85535,211.95129,211.85535,211.9183
2026-08-05 13:45:00,211.92417,211.95537,211.8333,211.83964
2026-08-05 14:00:00,211.84964,211.84964,211.78769,211.83517
2026-08-05 14:15:00,211.82988,211.88015,211.8241,211.84164
2026-08-05 14:30:00,211.84597,212.03799,211.84597,212.03412
2026-08-05 14:45:00,212.02837,212.1715,212.01891,212.11726
2026-08-05 15:00:00,212.095,212.14704,212.095,212.10911
2026-08-05 15:15:00,212.11222,212.14298,212.09181,212.12097
2026-08-05 15:30:00,212.11361,212.1706,212.08463,212.08807
2026-08-05 15:45:00,212.0968,212.15531,212.07989,212.14633
2026-08-05 16:00:00,212.13986,212.21917,212.08123,212.17781
2026-08-05 16:15:00,212.16986,212.2602,212.14391,212.17268
2026-08-05 16:30:00,212.16527,212.21734,212.0189,212.20669
2026-08-05 16:45:00,212.19244,212.32858,212.19244,212.27727
2026-08-05 17:00:00,212.28819,212.28819,212.18445,212.24229
2026-08-05 17:15:00,212.23378,212.27638,212.15566,212.19484
2026-08-05 17:30:00,212.18409,212.32623,212.18409,212.31528
2026-08-05 17:45:00,212.30062,212.41386,212.27995,212.40715
2026-08-05 18:00:00,212.39399,212.47569,212.3612,212.41227
2026-08-05 18:15:00,212.40783,212.49139,212.37889,212.48691
2026-08-05 18:30:00,212.4758,212.56728,212.42909,212.43257
2026-08-05 18:45:00,212.43938,212.44587,212.367,212.40659
2026-08-05 19:00:00,212.39823,212.51625,212.32992,212.50732
2026-08-05 19:15:00,212.49278,212.49278,212.34848,212.44238
2026-08-05 19:30:00,212.42849,212.49291,212.39538,212.40014
2026-08-05 19:45:00,212.40677,212.46117,212.36355,212.44009
2026-08-05 20:00:00,212.4219,212.54216,212.4219,212.49625
2026-08-05 20:15:00,212.48034,212.53404,212.41057,212.43134
2026-08-05 20:30:00,212.42346,212.45622,212.37703,212.448
2026-08-05 20:45:00,212.43996,212.46539,212.37603,212.40199
2026-08-05 21:00:00,212.39339,212.42737,212.35192,212.3892
2026-08-05 21:15:00,212.38482,212.38482,212.27706,212.34818
2026-08-05 21:30:00,212.34206,212.42484,212.31068,212.37401
2026-08-05 21:45:00,212.38126,212.42145,212.34665,212.41737
2026-08-05 22:00:00,212.40808,212.43706,212.34581,212.34859
2026-08-05 22:15:00,212.3516,212.36265,212.24043,212.34561
2026-08-05 22:30:00,212.33523,212.39922,212.3179,212.38751
2026-08-05 22:45:00,212.36447,212.37532,212.30051,212.34246
2026-08-05 23:00:00,212.33665,212.33668,212.23308,212.24416
2026-08-05 23:15:00,212.24882,212.36086,212.2059,212.29182
2026-08-05 23:30:00,212.30736,212.33678,212.0868,212.10457
2026-08-05 23:45:00,212.13851,212.16342,212.00212,212.11822
2026-08-06 00:00:00,212.1293,212.19491,212.06487,212.13122
2026-08-06 00:15:00,212.13785,212.34196,212.11637,212.28152
2026-08-06 00:30:00,212.28822,212.31585,212.24527,212.27048
2026-08-06 00:45:00,212.2805,212.38757,212.2642,212.28188
2026-08-06 01:00:00,212.29288,212.29787,212.18941,212.25788
2026-08-06 01:15:00,212.24197,212.25869,212.2061,212.21297
2026-08-06 01:30:00,212.22279,212.23543,212.17695,212.20565
2026-08-06 01:45:00,212.21401,212.25481,212.14463,212.24604
2026-08-06 02:00:00,212.23808,212.26697,212.20855,212.24861
2026-08-06 02:15:00,212.23742,212.30593,212.23742,212.26665
2026-08-06 02:30:00,212.26696,212.30594,212.25996,212.30305
2026-08-06 02:45:00,212.29766,212.35243,212.25377,212.32384
2026-08-06 03:00:00,212.32877,212.36001,212.26983,212.34514
2026-08-06 03:15:00,212.34694,212.37809,212.32662,212.34051
2026-08-06 03:30:00,212.35126,212.4073,212.34742,212.40473
2026-08-06 03:45:00,212.39596,212.42348,212.36795,212.40486
2026-08-06 04:00:00,212.39957,212.43244,212.35426,212.37536
2026-08-06 04:15:00,212.36909,212.41872,212.3604,212.37031
2026-08-06 04:30:00,212.37669,212.40488,212.35651,212.36566
2026-08-06 04:45:00,212.35959,212.39868,212.33779,212.36353
2026-08-06 05:00:00,212.36304,212.4143,212.36303,212.37592
2026-08-06 05:15:00,212.38069,212.4093,212.36614,212.38674
2026-08-06 05:30:00,212.39223,212.40143,212.33244,212.37235
2026-08-06 05:45:00,212.36602,212.39144,212.35235,212.3709
2026-08-06 06:00:00,212.37472,212.43723,212.34774,212.41594
2026-08-06 06:15:00,212.42261,212.48056,212.41993,212.46108
2026-08-06 06:30:00,212.46582,212.48049,212.43591,212.44572
2026-08-06 06:45:00,212.44762,212.50577,212.43645,212.50183
2026-08-06 07:00:00,212.49768,212.49768,212.38553,212.40913
2026-08-06 07:15:00,212.41063,212.48268,212.31781,212.40995
2026-08-06 07:30:00,212.4088,212.43328,212.37558,212.39439
2026-08-06 07:45:00,212.3906,212.41898,212.32761,212.34463
2026-08-06 08:00:00,212.33635,212.39121,212.32807,212.38741
2026-08-06 08:15:00,212.38154,212.40429,212.37639,212.38788
2026-08-06 08:30:00,212.38877,212.39229,212.36767,212.38247
2026-08-06 08:45:00,212.37791,212.39716,212.33272,212.33719
2026-08-06 09:00:00,212.34207,212.35398,212.30964,212.31324
2026-08-06 09:15:00,212.31962,212.33477,212.30382,212.32199
2026-08-06 09:30:00,212.32533,212.33775,212.29052,212.29323
2026-08-06 09:45:00,212.29605,212.32669,212.22599,212.29021
2026-08-06 10:00:00,212.29674,212.38224,212.25673,212.37425
2026-08-06 10:15:00,212.36718,212.4161,212.3511,212.3679
2026-08-06 10:30:00,212.37357,212.41095,212.36405,212.38739
2026-08-06 10:45:00,212.38376,212.48622,212.3784,212.39796
2026-08-06 11:00:00,212.40089,212.43145,212.35099,212.4036
2026-08-06 11:15:00,212.39618,212.4705,212.35592,212.36004
2026-08-06 11:30:00,212.36879,212.374,212.2973,212.33057
2026-08-06 11:45:00,212.32841,212.37042,212.31944,212.35754
2026-08-06 12:00:00,212.35101,212.40399,212.32305,212.33535
2026-08-06 12:15:00,212.33912,212.39291,212.33015,212.36858
2026-08-06 12:30:00,212.37512,212.3884,212.34116,212.36522
2026-08-06 12:45:00,212.35746,212.37145,212.32633,212.33025
2026-08-06 13:00:00,212.33165,212.39548,212.33165,212.36073
2026-08-06 13:15:00,212.36287,212.37427,212.31937,212.3261
2026-08-06 13:30:00,212.32913,212.34507,212.30214,212.32712
2026-08-06 13:45:00,212.32727,212.33098,212.2815,212.32087
2026-08-06 14:00:00,212.31689,212.3365,212.30211,212.33244
2026-08-06 14:15:00,212.32672,212.33649,212.28867,212.31411
2026-08-06 14:30:00,212.31079,212.34337,212.29023,212.3136
2026-08-06 14:45:00,212.30517,212.32624,212.2934,212.32532
2026-08-06 15:00:00,212.32221,212.35366,212.2951,212.29748
2026-08-06 15:15:00,212.29628,212.31143,212.28397,212.30421
2026-08-06 15:30:00,212.29944,212.3294,212.28594,212.3152
2026-08-06 15:45:00,212.3179,212.39542,212.30249,212.38774
2026-08-06 16:00:00,212.38547,212.41709,212.37582,212.40468
2026-08-06 16:15:00,212.39986,212.48071,212.38217,212.45637
2026-08-06 16:30:00,212.45936,212.47832,212.3816,212.40837
2026-08-06 16:45:00,212.39896,212.43916,212.39396,212.43551
2026-08-06 17:00:00,212.42951,212.4453,212.3036,212.38226
2026-08-06 17:15:00,212.35228,212.42208,212.3508,212.36566
2026-08-06 17:30:00,212.37076,212.47251,212.37022,212.45203
2026-08-06 17:45:00,212.45572,212.49991,212.43581,212.48432
2026-08-06 18:00:00,212.48949,212.53238,212.46566,212.53084
2026-08-06 18:15:00,212.52095,212.57318,212.51906,212.52889
2026-08-06 18:30:00,212.54274,212.54452,212.45974,212.51487
2026-08-06 18:45:00,212.51621,212.53721,212.46125,212.51509
2026-08-06 19:00:00,212.5047,212.55559,212.48519,212.52048
2026-08-06 19:15:00,212.51419,212.54518,212.50354,212.53596
2026-08-06 19:30:00,212.53029,212.53257,212.38611,212.39967
2026-08-06 19:45:00,212.39773,212.45157,212.36115,212.43391
2026-08-06 20:00:00,212.43653,212.45209,212.3953,212.45136
2026-08-06 20:15:00,212.44659,212.4992,212.41979,212.49014
2026-08-06 20:30:00,212.48031,212.50163,212.45086,212.48173
2026-08-06 20:45:00,212.47832,212.53802,212.46545,212.52281
2026-08-06 21:00:00,212.52644,212.65525,212.51445,212.64136
2026-08-06 21:15:00,212.63622,212.65489,212.59229,212.59774
2026-08-06 21:30:00,212.60502,212.60608,212.54509,212.5792
2026-08-06 21:45:00,212.57824,212.63174,212.531,212.5965
2026-08-06 22:00:00,212.60786,212.62823,212.5364,212.54609
2026-08-06 22:15:00,212.55597,212.65793,212.53972,212.65066
2026-08-06 22:30:00,212.64628,212.74497,212.62054,212.73831
2026-08-06 22:45:00,212.7296,212.7296,212.62582,212.69158
2026-08-06 23:00:00,212.68637,212.70731,212.65398,212.65606
2026-08-06 23:15:00,212.65763,212.72635,212.61283,212.69025
2026-08-06 23:30:00,212.68166,212.81164,212.67115,212.80706
2026-08-06 23:45:00,212.79785,212.80933,212.69628,212.77365
2026-08-07 00:00:00,212.75717,213.13194,212.63618,213.01535
2026-08-07 00:15:00,213.05316,213.09261,212.92765,213.08438
2026-08-07 00:30:00,213.07594,213.15748,213.0353,213.11126
2026-08-07 00:45:00,213.09765,213.11939,213.0451,213.065
2026-08-07 01:00:00,213.06731,213.18641,213.02221,213.17763
2026-08-07 01:15:00,213.16733,213.24737,213.09276,213.12095
2026-08-07 01:30:00,213.13041,213.17384,213.07246,213.09312
2026-08-07 01:45:00,213.08558,213.20136,213.08272,213.18341
2026-08-07 02:00:00,213.18876,213.30259,213.17282,213.24469
2026-08-07 02:15:00,213.25288,213.27018,213.10905,213.22108
2026-08-07 02:30:00,213.21638,213.29336,213.20269,213.23182
2026-08-07 02:45:00,213.23595,213.3106,213.23505,213.30673
2026-08-07 03:00:00,213.30122,213.324,213.23301,213.23632
2026-08-07 03:15:00,213.24089,213.24089,213.16328,213.17965
2026-08-07 03:30:00,213.17499,213.18816,213.1461,213.18088
2026-08-07 03:45:00,213.17565,213.17565,213.11769,213.16602
2026-08-07 04:00:00,213.16153,213.19591,213.13939,213.16309
2026-08-07 04:15:00,213.16696,213.19143,213.1081,213.13709
2026-08-07 04:30:00,213.13344,213.14715,213.08554,213.08951
2026-08-07 04:45:00,213.09192,213.10528,213.02123,213.07279
2026-08-07 05:00:00,213.07409,213.11788,213.05556,213.09923
2026-08-07 05:15:00,213.10333,213.1885,213.07847,213.16566
2026-08-07 05:30:00,213.16024,213.1672,213.10483,213.13666
2026-08-07 05:45:00,213.12672,213.18671,213.09566,213.14038
2026-08-07 06:00:00,213.14187,213.18657,213.08124,213.17189
2026-08-07 06:15:00,213.17307,213.19818,213.13502,213.14052
2026-08-07 06:30:00,213.14915,213.15581,213.10654,213.15365
2026-08-07 06:45:00,213.14686,213.20933,213.12147,213.20691
2026-08-07 07:00:00,213.20338,213.20801,213.13535,213.17835
2026-08-07 07:15:00,213.17346,213.24522,213.09472,213.20843
2026-08-07 07:30:00,213.2053,213.24545,213.08613,213.09405
2026-08-07 07:45:00,213.10575,213.22865,213.05458,213.20054
2026-08-07 08:00:00,213.14716,213.27499,213.14716,213.18668
2026-08-07 08:15:00,213.19594,213.21627,213.16727,213.18763
2026-08-07 08:30:00,213.18476,213.18476,213.14525,213.1565
2026-08-07 08:45:00,213.15251,213.18682,213.13611,213.1767
2026-08-07 09:00:00,213.17419,213.1921,213.11903,213.12043
2026-08-07 09:15:00,213.12171,213.1522,213.10449,213.15055
2026-08-07 09:30:00,213.14705,213.14981,213.10101,213.10655
2026-08-07 09:45:00,213.1103,213.15031,213.11021,213.14457
2026-08-07 10:00:00,213.13784,213.21512,213.13081,213.21251
2026-08-07 10:15:00,213.20859,213.24324,213.19925,213.22093
2026-08-07 10:30:00,213.22169,213.26605,213.19543,213.2268
2026-08-07 10:45:00,213.22013,213.29282,213.17951,213.21705
2026-08-07 11:00:00,213.21089,213.24504,213.11742,213.12289
2026-08-07 11:15:00,213.13085,213.13918,213.05028,213.10929
2026-08-07 11:30:00,213.10342,213.10828,212.89182,212.94045
2026-08-07 11:45:00,212.91922,213.02285,212.91922,213.02079
2026-08-07 12:00:00,213.01261,213.06752,212.99188,213.02159
2026-08-07 12:15:00,213.03165,213.05162,213.0034,213.02522
2026-08-07 12:30:00,213.02717,213.03568,213.0012,213.00465
2026-08-07 12:45:00,213.00629,213.0609,212.98276,213.0583
2026-08-07 13:00:00,213.04822,213.10285,213.04238,213.10081
2026-08-07 13:15:00,213.09629,213.10813,213.06086,213.06367
2026-08-07 13:30:00,213.07235,213.12637,213.0693,213.12246
2026-08-07 13:45:00,213.11481,213.14688,213.06261,213.11563
2026-08-07 14:00:00,213.10579,213.13268,213.07742,213.12809
2026-08-07 14:15:00,213.12518,213.13599,213.10674,213.12593
2026-08-07 14:30:00,213.12762,213.14966,213.09889,213.13305
2026-08-07 14:45:00,213.13358,213.13741,213.08025,213.09258
2026-08-07 15:00:00,213.10222,213.1036,213.06964,213.08085
2026-08-07 15:15:00,213.08465,213.1127,213.06446,213.06446
2026-08-07 15:30:00,213.06484,213.07703,213.03472,213.05436
2026-08-07 15:45:00,213.04952,213.0578,213.00794,213.01312
2026-08-07 16:00:00,213.0204,213.05526,212.98384,213.03039
2026-08-07 16:15:00,213.03575,213.06213,213.00054,213.03251
2026-08-07 16:30:00,213.03484,213.0535,212.97303,212.9793
2026-08-07 16:45:00,212.9919,213.07024,212.98535,213.04436
2026-08-07 17:00:00,213.02198,213.07155,212.95576,212.9999
2026-08-07 17:15:00,213.00563,213.04463,212.981,213.02553
2026-08-07 17:30:00,213.0235,213.07346,212.99469,213.01395
2026-08-07 17:45:00,213.0093,213.12125,212.98665,213.07517
2026-08-07 18:00:00,213.09762,213.09762,213.02723,213.05868
2026-08-07 18:15:00,213.05293,213.10767,213.03022,213.04657
2026-08-07 18:30:00,213.04545,213.07746,212.96222,213.00603
2026-08-07 18:45:00,213.00606,213.0284,212.92134,212.96347
2026-08-07 19:00:00,212.958,212.95847,212.89061,212.93673
2026-08-07 19:15:00,212.92713,212.95601,212.91621,212.91988
2026-08-07 19:30:00,212.92473,212.92473,212.81173,212.81863
2026-08-07 19:45:00,212.82645,212.90006,212.81333,212.89135
2026-08-07 20:00:00,212.88364,212.89979,212.84018,212.88191
2026-08-07 20:15:00,212.87165,212.88851,212.82876,212.85736
2026-08-07 20:30:00,212.85769,212.87294,212.66182,212.66954
2026-08-07 20:45:00,212.67705,212.77358,212.66123,212.74577
2026-08-07 21:00:00,212.74882,212.81926,212.72571,212.8169
2026-08-07 21:15:00,212.8071,212.8775,212.80663,212.84679
2026-08-07 21:30:00,212.84226,212.915,212.84124,212.91142
2026-08-07 21:45:00,212.9059,212.95232,212.88796,212.94806
2026-08-07 22:00:00,212.94127,212.99305,212.91547,212.9477
2026-08-07 22:15:00,212.93871,213.02454,212.92297,212.97132
2026-08-07 22:30:00,212.96292,213.48842,211.52178,212.19999
2026-08-07 22:45:00,212.13613,212.4595,212.13613,212.43691
2026-08-07 23:00:00,212.40733,212.53057,212.33989,212.35448
2026-08-07 23:15:00,212.37941,212.59316,212.32201,212.58286
2026-08-07 23:30:00,212.55881,212.79307,212.53718,212.77515
2026-08-07 23:45:00,212.76727,212.8059,212.69818,212.7959
2026-08-08 00:00:00,212.77434,212.86755,212.70881,212.82366
2026-08-08 00:15:00,212.80179,212.97939,212.80179,212.93447
2026-08-08 00:30:00,212.94998,212.94998,212.82793,212.92378
2026-08-08 00:45:00,212.88876,213.0407,212.88876,213.03723
2026-08-08 01:00:00,213.03108,213.05966,212.91781,213.01472
2026-08-08 01:15:00,212.99818,213.03052,212.81912,212.8242
2026-08-08 01:30:00,212.82983,212.83224,212.53852,212.54388
2026-08-08 01:45:00,212.54242,212.70525,212.53275,212.65928
2026-08-08 02:00:00,212.64737,212.68799,212.51545,212.55291
2026-08-08 02:15:00,212.56371,212.65232,212.40267,212.40677
2026-08-08 02:30:00,212.4056,212.4877,212.39726,212.48573
2026-08-08 02:45:00,212.47687,212.53667,212.4413,212.51721
2026-08-08 03:00:00,212.51248,212.54725,212.46699,212.47063
2026-08-08 03:15:00,212.47841,212.48817,212.42978,212.45466
2026-08-08 03:30:00,212.44712,212.52757,212.42515,212.52374
2026-08-08 03:45:00,212.51797,212.55202,212.50642,212.53396
2026-08-08 04:00:00,212.53461,212.67209,212.50964,212.66443
2026-08-08 04:15:00,212.6533,212.71009,212.61712,212.68031
2026-08-08 04:30:00,212.68027,212.71657,212.6429,212.68797
2026-08-08 04:45:00,212.67705,212.70457,212.64008,212.64775
2026-08-08 05:00:00,212.64874,212.76941,212.64315,212.76095
2026-08-08 05:15:00,212.74935,212.77887,212.68482,212.68915
2026-08-08 05:30:00,212.69542,212.69542,212.61687,212.65169
2026-08-08 05:45:00,212.64681,212.67736,212.56602,212.67401
2026-08-08 06:00:00,212.66577,212.77915,212.65605,212.77156
2026-08-08 06:15:00,212.76574,212.87726,212.75162,212.83073
2026-08-08 06:30:00,212.82863,212.97132,212.79342,212.89493
2026-08-08 06:45:00,212.90139,212.94769,212.85934,212.93293
2026-08-08 07:00:00,212.92233,212.98134,212.73492,212.87721
2026-08-08 07:15:00,212.88304,212.89593,212.86724,212.87273
2026-08-08 07:30:00,212.87402,212.89396,212.85194,212.884
2026-08-08 07:45:00,212.87818,212.88931,212.86257,212.88345
2026-08-08 08:00:00,212.88061,212.96627,212.83993,212.87888
2026-08-08 08:15:00,212.88248,212.89441,212.87574,212.88741
2026-08-08 08:30:00,212.88413,212.89427,212.87628,212.87896
2026-08-08 08:45:00,212.87782,212.89269,212.87352,212.8868
2026-08-08 09:00:00,212.88348,213.07577,212.73933,212.87202
2026-08-08 09:15:00,212.87527,212.88982,212.86794,212.88354
2026-08-08 09:30:00,212.88006,212.88983,212.86667,212.87357
2026-08-08 09:45:00,212.87371,212.89057,212.8673,212.88687
2026-08-08 10:00:00,212.88204,213.11893,212.86867,212.9322
2026-08-08 10:15:00,212.93227,212.94023,212.92277,212.93594
2026-08-08 10:30:00,212.9304,212.94006,212.92724,212.93475
2026-08-08 10:45:00,212.93167,212.9413,212.92397,212.93512
2026-08-08 11:00:00,212.93065,213.09031,212.6629,212.90467
2026-08-08 11:15:00,212.88084,212.95234,212.74479,212.76966
2026-08-08 11:30:00,212.83029,212.95417,212.75387,212.90277
2026-08-08 11:45:00,212.88354,212.95662,212.74652,212.79891
2026-08-08 12:00:00,212.80453,213.00481,212.7495,212.90726
2026-08-08 12:15:00,212.88559,212.94445,212.74943,212.77276
2026-08-08 12:30:00,212.83118,212.95932,212.68868,212.90701
2026-08-08 12:45:00,212.88301,212.96006,212.74558,212.79849
2026-08-08 13:00:00,212.80591,212.92094,212.52846,212.78978
2026-08-08 13:15:00,212.75179,212.92851,212.55321,212.78123
2026-08-08 13:30:00,212.83209,212.95781,212.7441,212.90675
2026-08-08 13:45:00,212.87962,212.9566,212.74539,212.80064
2026-08-08 14:00:00,212.80533,213.07937,212.74456,212.9196
2026-08-08 14:15:00,212.89122,212.91822,212.77508,212.78984
2026-08-08 14:30:00,212.82956,212.95864,212.74823,212.90656
2026-08-08 14:45:00,212.87693,212.95803,212.74675,212.80251
2026-08-08 15:00:00,212.81079,212.99976,212.74371,212.9286
2026-08-08 15:15:00,212.89495,212.91825,212.5884,212.61724
2026-08-08 15:30:00,212.66413,212.91836,212.56165,212.90458
2026-08-08 15:45:00,212.87486,212.95967,212.7578,212.79844
2026-08-08 16:00:00,212.80992,213.07799,212.74601,212.93355
2026-08-08 16:15:00,212.89744,212.93417,212.75379,212.79746
2026-08-08 16:30:00,212.82446,212.95747,212.74494,212.89875
2026-08-08 16:45:00,212.86903,212.95869,212.74838,212.79829
2026-08-08 17:00:00,212.81347,213.09301,212.56165,212.83348
2026-08-08 17:15:00,212.77558,212.97992,212.32231,212.93286
2026-08-08 17:30:00,212.93099,212.94003,212.92647,212.92972
2026-08-08 17:45:00,212.93113,212.94708,212.92211,212.93483
2026-08-08 18:00:00,212.93085,212.94129,212.91822,212.93642
2026-08-08 18:15:00,212.93184,212.94098,212.91064,212.93229
2026-08-08 18:30:00,212.93033,212.9407,212.92739,212.93002
2026-08-08 18:45:00,212.9316,212.94148,212.92623,212.93525
2026-08-08 19:00:00,212.93038,212.94108,212.92707,212.93339
2026-08-08 19:15:00,212.9285,212.94112,212.92763,212.93275
2026-08-08 19:30:00,212.93032,212.94048,212.92701,212.92974
2026-08-08 19:45:00,212.93137,212.94084,212.92732,212.93567
2026-08-08 20:00:00,212.93109,212.93917,212.90863,212.93465
2026-08-08 20:15:00,212.93004,212.94107,212.92591,212.93266
2026-08-08 20:30:00,212.92934,212.94084,212.92726,212.92927
2026-08-08 20:45:00,212.93029,212.94076,212.92391,212.92972
2026-08-08 21:00:00,212.93054,212.9396,212.92711,212.93577
2026-08-08 21:15:00,212.93183,212.94108,212.92557,212.93546
2026-08-08 21:30:00,212.93155,212.94073,212.90098,212.92915
2026-08-08 21:45:00,212.92463,212.94053,212.92449,212.92939
2026-08-08 22:00:00,212.93051,212.93903,212.92593,212.93469
2026-08-08 22:15:00,212.93132,212.94,212.92712,212.93458
2026-08-08 22:30:00,212.9302,212.94,212.92698,212.93425
2026-08-08 22:45:00,212.93134,212.93899,212.92108,212.9249
2026-08-08 23:00:00,212.92727,212.93968,212.92522,212.93399
2026-08-08 23:15:00,212.93046,212.94024,212.90096,212.93246
2026-08-08 23:30:00,212.9274,212.93976,212.92705,212.93278
2026-08-08 23:45:00,212.93043,212.94057,212.92346,212.92903
2026-08-09 00:00:00,212.93071,212.94004,212.9269,212.92837
2026-08-09 00:15:00,212.92938,212.93752,212.92308,212.934
2026-08-09 00:30:00,212.92907,212.93927,212.92317,212.93012
2026-08-09 00:45:00,212.92814,212.93926,212.92622,212.92775
2026-08-09 01:00:00,212.92952,212.94309,212.42093,212.92645
2026-08-09 01:15:00,212.92681,212.93662,212.92257,212.93012
2026-08-09 01:30:00,212.92562,212.93601,212.914,212.91969
2026-08-09 01:45:00,212.91695,212.92243,212.2977,212.80576
2026-08-09 02:00:00,212.74502,212.97078,212.74502,212.93646
2026-08-09 02:15:00,212.932,212.93947,212.92024,212.93436
2026-08-09 02:30:00,212.92985,212.94721,212.90107,212.9315
2026-08-09 02:45:00,212.92838,213.1125,212.64356,212.93422
2026-08-09 03:00:00,212.93013,212.97613,212.90245,212.92927
2026-08-09 03:15:00,212.93023,212.94014,212.9282,212.93399
2026-08-09 03:30:00,212.93021,212.94042,212.92661,212.93491
2026-08-09 03:45:00,212.93077,212.9411,212.9276,212.93358
2026-08-09 04:00:00,212.93146,212.98354,212.89863,212.94069
2026-08-09 04:15:00,212.93529,212.94169,212.90364,212.93848
2026-08-09 04:30:00,212.93515,212.94682,212.93287,212.94114
2026-08-09 04:45:00,212.93675,212.94582,212.92769,212.93313
2026-08-09 05:00:00,212.93106,212.9842,212.9065,212.94683
2026-08-09 05:15:00,212.94711,212.94993,212.93657,212.94366
2026-08-09 05:30:00,212.94019,212.94929,212.9306,212.93757
2026-08-09 05:45:00,212.93264,212.9437,212.9301,212.93339
2026-08-09 06:00:00,212.93175,212.97024,212.90492,212.93224
2026-08-09 06:15:00,212.93383,212.94384,212.93063,212.93708
2026-08-09 06:30:00,212.93505,212.93762,212.91449,212.92463
2026-08-09 06:45:00,212.9197,212.93842,212.91761,212.9317
2026-08-09 07:00:00,212.92954,212.97391,212.92682,212.92883
2026-08-09 07:15:00,212.93053,212.94101,212.92693,212.93018
2026-08-09 07:30:00,212.93062,212.93955,212.92717,212.93467
2026-08-09 07:45:00,212.93009,212.94048,212.90378,212.93468
2026-08-09 08:00:00,212.93172,212.97601,212.9246,212.92815
2026-08-09 08:15:00,212.92958,212.93982,212.92695,212.92959
2026-08-09 08:30:00,212.93032,212.939,212.92408,212.93451
2026-08-09 08:45:00,212.93037,212.94107,212.92674,212.93534
2026-08-09 09:00:00,212.93179,212.96597,212.91631,212.92981
2026-08-09 09:15:00,212.93053,212.93969,212.90391,212.93086
2026-08-09 09:30:00,212.92443,212.94003,212.92443,212.93409
2026-08-09 09:45:00,212.93051,212.93984,212.92415,212.93405
2026-08-09 10:00:00,212.92981,212.93835,212.92546,212.93332
2026-08-09 10:15:00,212.93022,212.94038,212.92392,212.92962
2026-08-09 10:30:00,212.93088,212.94036,212.92403,212.93215
2026-08-09 10:45:00,212.92919,212.93969,212.92704,212.93484
2026-08-09 11:00:00,212.93023,212.93945,212.90336,212.93061
2026-08-09 11:15:00,212.92834,212.93837,212.92561,212.92729
2026-08-09 11:30:00,212.92882,212.93803,212.92167,212.93207
2026-08-09 11:45:00,212.92856,212.93803,212.92402,212.93229
2026-08-09 12:00:00,212.9274,212.93885,212.92593,212.93112
2026-08-09 12:15:00,212.92953,212.93969,212.92388,212.92891
2026-08-09 12:30:00,212.93051,212.94575,212.92587,212.93286
2026-08-09 12:45:00,212.92809,212.93723,212.90376,212.93292
2026-08-09 13:00:00,212.92804,212.93892,212.92422,212.93028
2026-08-09 13:15:00,212.92781,212.93951,212.92684,212.927
2026-08-09 13:30:00,212.92872,212.9376,212.92124,212.93346
2026-08-09 13:45:00,212.92808,212.93903,212.92636,212.93317
2026-08-09 14:00:00,212.92861,212.93881,212.92199,212.93165
2026-08-09 14:15:00,212.92845,212.93713,212.89912,212.9255
2026-08-09 14:30:00,212.91973,212.9368,212.91973,212.92687
2026-08-09 14:45:00,212.92723,212.93514,212.92117,212.93113
2026-08-09 15:00:00,212.92714,212.93683,212.92419,212.93119
2026-08-09 15:15:00,212.92732,212.93641,212.92112,212.92684
2026-08-09 15:30:00,212.92733,212.93693,212.92129,212.93187
2026-08-09 15:45:00,212.92593,212.93695,212.92445,212.93074
2026-08-09 16:00:00,212.9274,212.93728,212.90352,212.93212
2026-08-09 16:15:00,212.92757,212.93743,212.9246,212.93009
2026-08-09 16:30:00,212.92753,212.93914,212.92124,212.92778
2026-08-09 16:45:00,212.92923,212.93793,212.92265,212.92958
2026-08-09 17:00:00,212.92621,212.9383,212.92537,212.93384
2026-08-09 17:15:00,212.92907,212.93897,212.92407,212.93099
2026-08-09 17:30:00,212.92899,212.93888,212.92506,212.92588
2026-08-09 17:45:00,212.92746,212.93719,212.90057,212.932
2026-08-09 18:00:00,212.92819,212.9377,212.92153,212.93221
2026-08-09 18:15:00,212.92731,212.93836,212.92543,212.93085
2026-08-09 18:30:00,212.92899,212.93989,212.92392,212.9285
2026-08-09 18:45:00,212.93006,212.9398,212.92704,212.93482
2026-08-09 19:00:00,212.93034,212.93871,212.92482,212.93443
2026-08-09 19:15:00,212.92976,212.93911,212.92097,212.92797
2026-08-09 19:30:00,212.92521,212.93707,212.92448,212.9264
2026-08-09 19:45:00,212.92772,212.93727,212.92124,212.93246
2026-08-09 20:00:00,212.9273,212.93713,212.92453,212.93202
2026-08-09 20:15:00,212.9277,212.93726,212.92451,212.93114
2026-08-09 20:30:00,212.9277,212.9395,212.9269,212.92928
2026-08-09 20:45:00,212.93018,212.93975,212.92702,212.92964
2026-08-09 21:00:00,212.9302,212.9397,212.92708,212.934
2026-08-09 21:15:00,212.9302,212.93982,212.92706,212.93431
2026-08-09 21:30:00,212.93026,212.93959,212.82755,212.85693
2026-08-09 21:45:00,212.85785,212.90715,212.84714,212.89656
2026-08-09 22:00:00,212.89772,212.90518,212.7919,212.82748
2026-08-09 22:15:00,212.82467,212.83424,212.82148,212.82929
2026-08-09 22:30:00,212.82467,212.87648,212.74027,212.76823
2026-08-09 22:45:00,212.76628,212.78924,212.69727,212.718
2026-08-09 23:00:00,212.71958,212.72915,212.71641,212.72342
2026-08-09 23:15:00,212.71958,212.94695,212.61818,212.86842
2026-08-09 23:30:00,212.86364,212.87319,212.86046,212.86514
2026-08-09 23:45:00,212.86364,212.86664,212.77124,212.80033
2026-08-10 00:00:00,212.80191,213.02083,212.40993,212.55923
2026-08-10 00:15:00,212.55431,212.55631,212.36785,212.42647
2026-08-10 00:30:00,212.42227,212.45505,212.41427,212.44874
2026-08-10 00:45:00,212.44521,212.51071,212.3124,212.35191
2026-08-10 01:00:00,212.35251,212.91753,212.14567,212.91297
2026-08-10 01:15:00,212.90824,212.92873,212.80027,212.83807
2026-08-10 01:30:00,212.83361,212.84312,212.83046,212.83683
2026-08-10 01:45:00,212.83361,212.84224,212.74577,212.77302
2026-08-10 02:00:00,212.77395,212.85984,212.52615,212.60191
2026-08-10 02:15:00,212.6028,212.69601,212.58715,212.68672
2026-08-10 02:30:00,212.66587,212.6752,212.62485,212.63864
2026-08-10 02:45:00,212.63437,212.64378,212.63121,212.63728
2026-08-10 03:00:00,212.63437,212.97983,212.61843,212.86722
2026-08-10 03:15:00,212.8613,212.91191,212.85987,212.91052
2026-08-10 03:30:00,212.90436,212.9121,212.79456,212.83528
2026-08-10 03:45:00,212.83089,212.89856,212.76609,212.80228
2026-08-10 04:00:00,212.79968,212.87432,212.66862,212.7925
2026-08-10 04:15:00,212.75777,212.91112,212.53391,212.67507
2026-08-10 04:30:00,212.68725,212.92263,212.66429,212.80474
2026-08-10 04:45:00,212.77508,212.80378,212.48704,212.51512
2026-08-10 05:00:00,212.55711,212.97055,212.43151,212.88234
2026-08-10 05:15:00,212.84596,212.92878,212.69436,212.79893
2026-08-10 05:30:00,212.80444,212.98036,212.76704,212.95651
2026-08-10 05:45:00,212.89242,213.02324,212.85702,212.93132
2026-08-10 06:00:00,212.91407,213.10721,212.88259,212.89444
2026-08-10 06:15:00,212.92344,213.05085,212.82568,212.86954
2026-08-10 06:30:00,212.8826,212.99721,212.8826,212.92736
2026-08-10 06:45:00,212.91769,212.95845,212.84416,212.90334
2026-08-10 07:00:00,212.89856,212.96348,212.79442,212.9007
2026-08-10 07:15:00,212.89244,212.92271,212.82216,212.87986
2026-08-10 07:30:00,212.86311,212.89037,212.77406,212.8015
2026-08-10 07:45:00,212.79326,212.84191,212.76235,212.78102
2026-08-10 08:00:00,212.77899,212.98797,212.77899,212.98655
2026-08-10 08:15:00,212.98364,212.99696,212.95541,212.96114
2026-08-10 08:30:00,212.97267,213.05123,212.96719,213.04648
2026-08-10 08:45:00,213.03035,213.07486,213.01691,213.04048
2026-08-10 09:00:00,213.03721,213.06274,212.98934,213.02403
2026-08-10 09:15:00,213.02762,213.05057,212.96516,212.96598
2026-08-10 09:30:00,212.96858,213.00876,212.94335,213.00381
2026-08-10 09:45:00,212.98901,213.05104,212.98901,213.0348
2026-08-10 10:00:00,213.02827,213.04022,212.96841,213.03681
2026-08-10 10:15:00,213.02891,213.05477,212.9991,213.04562
2026-08-10 10:30:00,213.03981,213.0634,213.02454,213.03723
2026-08-10 10:45:00,213.03016,213.10501,213.01731,213.08225
2026-08-10 11:00:00,213.08258,213.25371,213.05025,213.19206
2026-08-10 11:15:00,213.18344,213.28656,213.15311,213.28311
2026-08-10 11:30:00,213.27779,213.39602,213.24792,213.3775
2026-08-10 11:45:00,213.37283,213.52269,213.3706,213.51999
2026-08-10 12:00:00,213.51018,213.52139,213.46339,213.5069
2026-08-10 12:15:00,213.49875,213.51755,213.45293,213.45424
2026-08-10 12:30:00,213.4578,213.47194,213.42329,213.44725
2026-08-10 12:45:00,213.44985,213.45953,213.41048,213.45062
2026-08-10 13:00:00,213.43831,213.43831,213.31545,213.33336
2026-08-10 13:15:00,213.32615,213.34332,213.27711,213.28011
2026-08-10 13:30:00,213.28924,213.34919,213.27922,213.34728
2026-08-10 13:45:00,213.34322,213.358,213.31621,213.35556
2026-08-10 14:00:00,213.35105,213.41351,213.33657,213.40806
2026-08-10 14:15:00,213.4039,213.4504,213.40205,213.41864
2026-08-10 14:30:00,213.42649,213.46345,213.42649,213.4577
2026-08-10 14:45:00,213.44656,213.56565,213.44656,213.55731
2026-08-10 15:00:00,213.53095,213.62358,213.53095,213.61926
2026-08-10 15:15:00,213.60855,213.64122,213.58456,213.58735
2026-08-10 15:30:00,213.59255,213.64317,213.57415,213.63826
2026-08-10 15:45:00,213.62895,213.66213,213.62298,213.66023
2026-08-10 16:00:00,213.6555,213.76568,213.61418,213.74242
2026-08-10 16:15:00,213.74273,213.82561,213.74273,213.82236
2026-08-10 16:30:00,213.81766,213.83095,213.75135,213.75953
2026-08-10 16:45:00,213.77181,213.77181,213.68564,213.72695
2026-08-10 17:00:00,213.72,213.8572,213.7098,213.84722
2026-08-10 17:15:00,213.83913,213.85944,213.80977,213.8121
2026-08-10 17:30:00,213.81579,213.94325,213.78299,213.91353
2026-08-10 17:45:00,213.91665,213.94365,213.88511,213.90506
2026-08-10 18:00:00,213.90135,214.00099,213.86308,213.97267
2026-08-10 18:15:00,213.97661,214.0307,213.97661,214.00233
2026-08-10 18:30:00,213.99638,214.11457,213.9939,214.10394
2026-08-10 18:45:00,214.09644,214.27535,214.04587,214.27428
2026-08-10 19:00:00,214.26838,214.34825,214.25964,214.30137
2026-08-10 19:15:00,214.29756,214.31813,214.26992,214.29686
2026-08-10 19:30:00,214.28785,214.35614,214.25309,214.26059
2026-08-10 19:45:00,214.27795,214.43608,214.27795,214.40279
2026-08-10 20:00:00,214.3988,214.43136,214.35579,214.41666
2026-08-10 20:15:00,214.41208,214.41457,214.32705,214.36658
2026-08-10 20:30:00,214.36295,214.40464,214.29932,214.36515
2026-08-10 20:45:00,214.36978,214.37899,214.31127,214.37162
2026-08-10 21:00:00,214.36592,214.43321,214.34462,214.39625
2026-08-10 21:15:00,214.38867,214.39109,214.34358,214.35798
2026-08-10 21:30:00,214.35528,214.45582,214.34743,214.43723
2026-08-10 21:45:00,214.44122,214.45602,214.4198,214.43333
2026-08-10 22:00:00,214.42837,214.43659,214.04658,214.26884
2026-08-10 22:15:00,214.2499,214.28772,214.13882,214.22399
2026-08-10 22:30:00,214.23481,214.36283,214.21811,214.3589
2026-08-10 22:45:00,214.35211,214.52481,214.33458,214.5234
2026-08-10 23:00:00,214.51955,214.59707,214.48095,214.58222
2026-08-10 23:15:00,214.57653,214.66993,214.5539,214.66744
2026-08-10 23:30:00,214.66123,214.72049,214.6126,214.67979
2026-08-10 23:45:00,214.68228,214.74281,214.65673,214.73051
2026-08-11 00:00:00,214.70838,214.89317,214.70838,214.83372
2026-08-11 00:15:00,214.82738,214.88316,214.68555,214.76587
2026-08-11 00:30:00,214.77725,214.93737,214.77725,214.92989
2026-08-11 00:45:00,214.91957,214.99887,214.84882,214.92597
2026-08-11 01:00:00,214.92145,214.9756,214.83577,214.9661
2026-08-11 01:15:00,214.95864,214.9726,214.86396,214.86803
2026-08-11 01:30:00,214.87361,214.98651,214.86258,214.96106
2026-08-11 01:45:00,214.96976,214.99247,214.8737,214.96794
2026-08-11 02:00:00,214.95977,214.97043,214.92106,214.9607
2026-08-11 02:15:00,214.95433,214.96991,214.87434,214.92888
2026-08-11 02:30:00,214.92357,214.98174,214.89564,214.93865
2026-08-11 02:45:00,214.92976,214.95748,214.87627,214.95287
2026-08-11 03:00:00,214.94337,215.04533,214.92066,214.99714
2026-08-11 03:15:00,215.00978,215.00978,214.94244,214.97577
2026-08-11 03:30:00,214.97039,214.97233,214.93004,214.94656
2026-08-11 03:45:00,214.93927,214.96928,214.91643,214.94571
2026-08-11 04:00:00,214.94739,214.97653,214.9034,214.97583
2026-08-11 04:15:00,214.972,215.04082,214.9668,215.02352
2026-08-11 04:30:00,215.01747,215.06348,214.9669,215.06021
2026-08-11 04:45:00,215.0552,215.23605,215.048,215.14299
2026-08-11 05:00:00,215.1521,215.1521,215.08691,215.09555
2026-08-11 05:15:00,215.09721,215.15664,215.09721,215.15155
2026-08-11 05:30:00,215.14629,215.2538,215.14471,215.18734
2026-08-11 05:45:00,215.19462,215.20487,215.16404,215.17241
2026-08-11 06:00:00,215.17764,215.24469,215.14744,215.23233
2026-08-11 06:15:00,215.22024,215.24106,215.20143,215.22212
2026-08-11 06:30:00,215.22277,215.22794,215.19187,215.19969
2026-08-11 06:45:00,215.20283,215.21399,215.16608,215.19597
2026-08-11 07:00:00,215.18869,215.20711,214.98991,215.15392
2026-08-11 07:15:00,215.15246,215.19481,215.1242,215.17589
2026-08-11 07:30:00,215.1716,215.17681,215.07675,215.1477
2026-08-11 07:45:00,215.14428,215.15336,215.10658,215.10862
2026-08-11 08:00:00,215.11263,215.20084,215.11074,215.19795
2026-08-11 08:15:00,215.19484,215.19803,215.12278,215.15901
2026-08-11 08:30:00,215.15369,215.16975,215.11309,215.11861
2026-08-11 08:45:00,215.12154,215.15504,215.11135,215.15051
2026-08-11 09:00:00,215.14415,215.16202,215.09394,215.15195
2026-08-11 09:15:00,215.147,215.14861,215.12208,215.14732
2026-08-11 09:30:00,215.14191,215.16356,215.13245,215.14733
2026-08-11 09:45:00,215.15023,215.15023,215.00851,215.0128
2026-08-11 10:00:00,215.0229,215.08607,215.01636,215.05893
2026-08-11 10:15:00,215.05303,215.12017,215.05121,215.11847
2026-08-11 10:30:00,215.10961,215.1353,214.82415,214.84037
2026-08-11 10:45:00,214.85789,215.03689,214.85789,215.03067
2026-08-11 11:00:00,215.02112,215.04155,214.93541,215.00323
2026-08-11 11:15:00,214.99435,215.0167,214.96235,214.96929
2026-08-11 11:30:00,214.96997,215.03056,214.9676,215.02848
2026-08-11 11:45:00,215.02211,215.07812,214.99692,215.06959
2026-08-11 12:00:00,215.0555,215.13686,215.04225,215.13528
2026-08-11 12:15:00,215.13196,215.16773,215.11286,215.14711
2026-08-11 12:30:00,215.13925,215.1781,215.13176,215.16406
2026-08-11 12:45:00,215.15636,215.18355,215.08507,215.08981
2026-08-11 13:00:00,215.09702,215.12679,215.05221,215.11907
2026-08-11 13:15:00,215.11407,215.11746,215.06062,215.09216
2026-08-11 13:30:00,215.08808,215.10118,215.0593,215.09972
2026-08-11 13:45:00,215.09033,215.11044,215.04714,215.09434
2026-08-11 14:00:00,215.0894,215.11457,215.07359,215.09523
2026-08-11 14:15:00,215.09775,215.10911,215.06994,215.09185
2026-08-11 14:30:00,215.0822,215.12787,215.07972,215.12205
2026-08-11 14:45:00,215.11796,215.14346,215.09089,215.10445
2026-08-11 15:00:00,215.10872,215.10963,215.05863,215.06391
2026-08-11 15:15:00,215.06427,215.08957,215.0451,215.05237
2026-08-11 15:30:00,215.04915,215.12085,215.01917,215.0962
2026-08-11 15:45:00,215.10267,215.13775,215.06948,215.13432
2026-08-11 16:00:00,215.12841,215.18926,215.12799,215.18528
2026-08-11 16:15:00,215.17951,215.19761,215.01252,215.0595
2026-08-11 16:30:00,215.05313,215.09368,215.00896,215.0577
2026-08-11 16:45:00,215.05944,215.06879,214.97231,215.01413
2026-08-11 17:00:00,215.00111,215.19378,214.98861,215.14723
2026-08-11 17:15:00,215.153,215.15413,215.03514,215.03612
2026-08-11 17:30:00,215.03834,215.08149,214.97317,215.02754
2026-08-11 17:45:00,215.01645,215.10805,215.01645,215.10429
2026-08-11 18:00:00,215.0909,215.12167,215.02964,215.09468
2026-08-11 18:15:00,215.10134,215.14694,215.09659,215.09771
2026-08-11 18:30:00,215.09881,215.20598,215.07615,215.20028
2026-08-11 18:45:00,215.19818,215.21365,215.15659,215.19098
2026-08-11 19:00:00,215.17636,215.24188,215.1574,215.1903
2026-08-11 19:15:00,215.18343,215.18343,215.09668,215.09955
2026-08-11 19:30:00,215.10829,215.12371,215.08832,215.11874
2026-08-11 19:45:00,215.109,215.13734,215.09824,215.12281
2026-08-11 20:00:00,215.11789,215.14853,215.08128,215.10376
2026-08-11 20:15:00,215.10991,215.11622,214.98304,214.98783
2026-08-11 20:30:00,215.00144,215.0672,214.9955,215.02835
2026-08-11 20:45:00,215.03303,215.03303,214.90688,214.91516
2026-08-11 21:00:00,214.92746,214.95865,214.77013,214.79635
2026-08-11 21:15:00,214.78659,214.92533,214.76546,214.91854
2026-08-11 21:30:00,214.90878,214.92715,214.86188,214.8876
2026-08-11 21:45:00,214.89238,214.92795,214.86735,214.90412
2026-08-11 22:00:00,214.90117,214.96125,214.88188,214.95354
2026-08-11 22:15:00,214.93835,215.08101,214.93835,215.01952
2026-08-11 22:30:00,215.02725,215.07107,214.97386,214.97808
2026-08-11 22:45:00,214.97863,215.04029,214.96688,215.01948
2026-08-11 23:00:00,215.01635,215.02764,214.90174,214.94842
2026-08-11 23:15:00,214.95555,214.97655,214.91122,214.96405
2026-08-11 23:30:00,214.96721,215.02934,214.92718,215.00209
2026-08-11 23:45:00,215.01232,215.06246,214.99814,215.01221
2026-08-12 00:00:00,215.015,215.06246,214.97789,215.047
2026-08-12 00:15:00,215.04211,215.08789,215.00694,215.05455
2026-08-12 00:30:00,215.05056,215.11204,215.03089,215.10566
2026-08-12 00:45:00,215.09606,215.13641,215.07492,215.10581
2026-08-12 01:00:00,215.10705,215.11252,215.03712,215.04369
2026-08-12 01:15:00,215.05011,215.15747,215.03762,215.1503
2026-08-12 01:30:00,215.1512,215.2267,215.13493,215.14032
2026-08-12 01:45:00,215.15514,215.21594,215.13745,215.20763
2026-08-12 02:00:00,215.19023,215.23077,215.09932,215.11897
2026-08-12 02:15:00,215.11202,215.11515,215.05577,215.08911
2026-08-12 02:30:00,215.09168,215.09325,215.04967,215.05264
2026-08-12 02:45:00,215.05327,215.11885,215.03392,215.11591
2026-08-12 03:00:00,215.10995,215.12569,215.03417,215.05111
2026-08-12 03:15:00,215.04609,215.1097,215.03838,215.08425
2026-08-12 03:30:00,215.08631,215.12528,215.07362,215.12174
2026-08-12 03:45:00,215.11659,215.12432,215.09281,215.11857
2026-08-12 04:00:00,215.10973,215.11852,215.07277,215.0904
2026-08-12 04:15:00,215.08633,215.08863,215.0518,215.08561
2026-08-12 04:30:00,215.07795,215.08936,215.04348,215.08681
2026-08-12 04:45:00,215.08266,215.10068,215.02571,215.07318
2026-08-12 05:00:00,215.06044,215.10621,215.06044,215.08949
2026-08-12 05:15:00,215.077,215.14543,215.077,215.13999
2026-08-12 05:30:00,215.13568,215.13967,215.10025,215.11788
2026-08-12 05:45:00,215.11404,215.18234,215.09505,215.17735
2026-08-12 06:00:00,215.17256,215.21373,215.13717,215.15891
2026-08-12 06:15:00,215.1525,215.16632,215.12236,215.1266
2026-08-12 06:30:00,215.13046,215.22475,215.12065,215.21748
2026-08-12 06:45:00,215.2152,215.22849,215.17476,215.19108
2026-08-12 07:00:00,215.18603,215.19492,215.09362,215.12542
2026-08-12 07:15:00,215.12537,215.14458,215.10334,215.11556
2026-08-12 07:30:00,215.11095,215.12741,215.10356,215.11596
2026-08-12 07:45:00,215.11342,215.16662,215.10454,215.15889
2026-08-12 08:00:00,215.14839,215.2189,215.14397,215.2161
2026-08-12 08:15:00,215.20942,215.22164,215.20504,215.21483
2026-08-12 08:30:00,215.20884,215.23481,215.16885,215.18132
2026-08-12 08:45:00,215.17919,215.18511,215.15307,215.15646
2026-08-12 09:00:00,215.16662,215.20567,215.15885,215.18581
2026-08-12 09:15:00,215.18795,215.21294,215.17794,215.21116
2026-08-12 09:30:00,215.20536,215.20748,215.16205,215.16606
2026-08-12 09:45:00,215.17103,215.18526,215.1472,215.16325
2026-08-12 10:00:00,215.16983,215.19451,215.0841,215.14324
2026-08-12 10:15:00,215.13374,215.14598,215.10465,215.14419
2026-08-12 10:30:00,215.13813,215.19273,215.13212,215.16964
2026-08-12 10:45:00,215.16545,215.25667,215.15995,215.24917
2026-08-12 11:00:00,215.24768,215.27938,215.1716,215.17414
2026-08-12 11:15:00,215.17702,215.20324,215.14241,215.1825
2026-08-12 11:30:00,215.17376,215.20482,215.15754,215.1781
2026-08-12 11:45:00,215.17436,215.23218,215.16236,215.19486
2026-08-12 12:00:00,215.19686,215.23268,215.18385,215.20249
2026-08-12 12:15:00,215.20695,215.28429,215.20129,215.26829
2026-08-12 12:30:00,215.26078,215.3301,215.26078,215.32758
2026-08-12 12:45:00,215.32191,215.32573,215.29088,215.29225
2026-08-12 13:00:00,215.29432,215.36388,215.29155,215.35026
2026-08-12 13:15:00,215.35278,215.38733,215.34317,215.38541
2026-08-12 13:30:00,215.38131,215.38956,215.34172,215.35595
2026-08-12 13:45:00,215.35007,215.37005,215.31383,215.31833
2026-08-12 14:00:00,215.31813,215.3477,215.3116,215.31609
2026-08-12 14:15:00,215.32081,215.34754,215.32081,215.32889
2026-08-12 14:30:00,215.32941,215.35107,215.26993,215.2772
2026-08-12 14:45:00,215.28669,215.33538,215.26759,215.33034
2026-08-12 15:00:00,215.32758,215.34415,215.3048,215.30605
2026-08-12 15:15:00,215.31095,215.32632,215.2725,215.29001
2026-08-12 15:30:00,215.28195,215.29293,215.24096,215.26741
2026-08-12 15:45:00,215.2596,215.31186,215.24565,215.30813
2026-08-12 16:00:00,215.30285,215.32838,215.25919,215.30442
2026-08-12 16:15:00,215.29991,215.29991,215.22812,215.26576
2026-08-12 16:30:00,215.26823,215.29094,215.25089,215.27425
2026-08-12 16:45:00,215.26632,215.30136,215.24803,215.29033
2026-08-12 17:00:00,215.28214,215.33936,215.26516,215.33309
2026-08-12 17:15:00,215.32382,215.36494,215.30501,215.33327
2026-08-12 17:30:00,215.32816,215.33045,215.27274,215.28142
2026-08-12 17:45:00,215.27773,215.30767,215.26016,215.26438
2026-08-12 18:00:00,215.26485,215.30101,215.24085,215.25089
2026-08-12 18:15:00,215.24959,215.2922,215.23411,215.28459
2026-08-12 18:30:00,215.27385,215.29861,215.22139,215.2722
2026-08-12 18:45:00,215.26453,215.30747,215.24466,215.25613
2026-08-12 19:00:00,215.27747,215.34263,215.23089,215.33906
2026-08-12 19:15:00,215.33199,215.34377,214.73405,215.01138
2026-08-12 19:30:00,214.99583,215.08899,214.95985,214.99822
2026-08-12 19:45:00,214.98831,215.06482,214.98831,215.06261
2026-08-12 20:00:00,215.05571,215.21774,215.04409,215.20871
2026-08-12 20:15:00,215.2083,215.25185,215.1705,215.20724
2026-08-12 20:30:00,215.19715,215.22651,215.15163,215.1547
2026-08-12 20:45:00,215.15913,215.19948,215.1341,215.1595
2026-08-12 21:00:00,215.15207,215.17808,215.09539,215.12204
2026-08-12 21:15:00,215.11442,215.13828,215.08894,215.11576
2026-08-12 21:30:00,215.12169,215.14918,215.09275,215.12327
2026-08-12 21:45:00,215.12028,215.22789,215.09493,215.2265
2026-08-12 22:00:00,215.22151,215.22492,215.06813,215.13092
2026-08-12 22:15:00,215.11481,215.1692,215.03832,215.07071
2026-08-12 22:30:00,215.06136,215.1703,214.90558,215.0065
2026-08-12 22:45:00,214.98079,215.19521,214.98079,215.04049
2026-08-12 23:00:00,215.07538,215.08337,214.90013,214.91611
2026-08-12 23:15:00,214.94158,214.9849,214.84074,214.92609
2026-08-12 23:30:00,214.9158,215.01044,214.9152,214.96791
2026-08-12 23:45:00,214.97461,215.07709,214.92218,215.06962
2026-08-13 00:00:00,215.05152,215.22718,215.05152,215.15056
2026-08-13 00:15:00,215.14977,215.20968,215.0379,215.04312
2026-08-13 00:30:00,215.05212,215.15519,214.98204,215.14877
2026-08-13 00:45:00,215.13524,215.15574,215.01356,215.09709
2026-08-13 01:00:00,215.09817,215.10416,215.01105,215.08578
2026-08-13 01:15:00,215.07914,215.1004,215.05358,215.09815
2026-08-13 01:30:00,215.0923,215.16225,215.06855,215.1155
2026-08-13 01:45:00,215.11661,215.14091,215.0821,215.12359
2026-08-13 02:00:00,215.12502,215.1771,215.07202,215.17595
2026-08-13 02:15:00,215.16815,215.19176,215.1227,215.14343
2026-08-13 02:30:00,215.14406,215.16046,215.12727,215.13934
2026-08-13 02:45:00,215.14345,215.18318,215.11728,215.14896
2026-08-13 03:00:00,215.14269,215.18753,215.13764,215.16607
2026-08-13 03:15:00,215.16235,215.17705,215.13759,215.15902
2026-08-13 03:30:00,215.15949,215.24212,215.15181,215.23782
2026-08-13 03:45:00,215.22946,215.26522,215.1835,215.22394
2026-08-13 04:00:00,215.22093,215.2623,215.19398,215.22087
2026-08-13 04:15:00,215.22423,215.25223,215.18998,215.21124
2026-08-13 04:30:00,215.20188,215.21398,215.15806,215.1665
2026-08-13 04:45:00,215.16458,215.16852,215.13572,215.13828
2026-08-13 05:00:00,215.14092,215.17742,215.13455,215.17141
2026-08-13 05:15:00,215.1683,215.18757,215.15017,215.17638
2026-08-13 05:30:00,215.17085,215.18503,215.14268,215.17016
2026-08-13 05:45:00,215.17624,215.21005,215.15988,215.20256
2026-08-13 06:00:00,215.19179,215.21822,215.15809,215.17614
2026-08-13 06:15:00,215.1711,215.18603,215.13802,215.14135
2026-08-13 06:30:00,215.1431,215.16805,215.10796,215.13355
2026-08-13 06:45:00,215.13148,215.16382,215.11508,215.15231
2026-08-13 07:00:00,215.15564,215.19196,215.12651,215.16548
2026-08-13 07:15:00,215.16337,215.19263,215.09287,215.1871
2026-08-13 07:30:00,215.1714,215.17641,215.09202,215.1478
2026-08-13 07:45:00,215.14828,215.18326,215.12646,215.1305
2026-08-13 08:00:00,215.14221,215.17473,215.11532,215.13796
2026-08-13 08:15:00,215.12913,215.14974,215.12548,215.14057
2026-08-13 08:30:00,215.13508,215.14422,215.11442,215.13026
2026-08-13 08:45:00,215.1257,215.13051,215.1007,215.12332
2026-08-13 09:00:00,215.12422,215.12797,215.09146,215.10915
2026-08-13 09:15:00,215.10289,215.10953,215.04605,215.075
2026-08-13 09:30:00,215.07138,215.12592,215.05272,215.1209
2026-08-13 09:45:00,215.11722,215.11722,215.05541,215.05732
2026-08-13 10:00:00,215.06094,215.1125,215.03962,215.09153
2026-08-13 10:15:00,215.09526,215.13899,215.05913,215.07401
2026-08-13 10:30:00,215.06696,215.08965,214.97966,214.98441
2026-08-13 10:45:00,214.98888,215.06739,214.97918,215.0643
2026-08-13 11:00:00,215.05787,215.06523,215.02205,215.0231
2026-08-13 11:15:00,215.02589,215.05984,215.00016,215.04165
2026-08-13 11:30:00,215.04514,215.08076,215.00398,215.02346
2026-08-13 11:45:00,215.01652,215.02652,214.98957,215.02099
2026-08-13 12:00:00,215.01092,215.06598,214.99842,215.0408
2026-08-13 12:15:00,215.04279,215.08788,215.04003,215.06944
2026-08-13 12:30:00,215.07146,215.09634,215.05363,215.06646
2026-08-13 12:45:00,215.06193,215.08574,215.04577,215.0751
2026-08-13 13:00:00,215.07276,215.08405,215.03177,215.06988
2026-08-13 13:15:00,215.06273,215.11748,215.06273,215.11411
2026-08-13 13:30:00,215.10642,215.12649,215.09258,215.11001
2026-08-13 13:45:00,215.10488,215.12666,215.08041,215.09305
2026-08-13 14:00:00,215.09022,215.10512,215.07971,215.09384
2026-08-13 14:15:00,215.08874,215.10235,215.06885,215.07295
2026-08-13 14:30:00,215.07445,215.13149,215.05542,215.13047
2026-08-13 14:45:00,215.12558,215.12558,214.83601,214.85067
2026-08-13 15:00:00,214.87246,215.02266,214.86131,214.99916
2026-08-13 15:15:00,215.00204,215.06839,214.95193,215.04464
2026-08-13 15:30:00,215.05089,215.07851,215.01689,215.04097
2026-08-13 15:45:00,215.03672,215.03672,214.91708,214.97798
2026-08-13 16:00:00,214.97144,215.05264,214.95794,215.04764
2026-08-13 16:15:00,215.03798,215.05549,214.97962,214.98279
2026-08-13 16:30:00,214.98888,215.01244,214.84848,214.90905
2026-08-13 16:45:00,214.90631,214.92938,214.86272,214.87813
2026-08-13 17:00:00,214.8695,214.92854,214.79418,214.81466
2026-08-13 17:15:00,214.80722,214.92563,214.80722,214.91494
2026-08-13 17:30:00,214.90641,214.95614,214.85685,214.8936
2026-08-13 17:45:00,214.89339,214.92908,214.85844,214.8922
2026-08-13 18:00:00,214.88603,214.90476,214.82564,214.84738
2026-08-13 18:15:00,214.85102,214.86973,214.82134,214.86283
2026-08-13 18:30:00,214.85339,214.93313,214.85339,214.90914
2026-08-13 18:45:00,214.91232,214.91232,214.86142,214.87877
2026-08-13 19:00:00,214.87357,214.89862,214.83971,214.89639
2026-08-13 19:15:00,214.89115,214.97913,214.86173,214.9708
2026-08-13 19:30:00,214.9595,215.00558,214.9517,214.96384
2026-08-13 19:45:00,214.95969,214.96705,214.8971,214.95981
2026-08-13 20:00:00,214.94333,215.05877,214.94333,215.03495
2026-08-13 20:15:00,215.0364,215.08941,215.03632,215.07592
2026-08-13 20:30:00,215.06724,215.12513,215.05441,215.07057
2026-08-13 20:45:00,215.07794,215.07794,214.95366,214.97047
2026-08-13 21:00:00,214.96717,214.98452,214.92115,214.95958
2026-08-13 21:15:00,214.94883,214.97241,214.9319,214.96303
2026-08-13 21:30:00,214.95503,214.99347,214.95166,214.98171
2026-08-13 21:45:00,214.97328,215.00959,214.95157,215.00714
2026-08-13 22:00:00,214.99973,215.00619,214.94652,214.98759
2026-08-13 22:15:00,214.98176,215.00733,214.94304,214.94446
2026-08-13 22:30:00,214.94855,215.00398,214.90018,214.99404
2026-08-13 22:45:00,214.9798,215.07184,214.93952,215.0605
2026-08-13 23:00:00,215.03477,215.07176,214.98154,215.00317
2026-08-13 23:15:00,214.98877,215.08718,214.98633,215.07302
2026-08-13 23:30:00,215.07566,215.13235,215.0354,215.08107
2026-08-13 23:45:00,215.06473,215.09397,214.98652,215.03094
2026-08-14 00:00:00,215.02823,215.12986,214.79911,214.81087
2026-08-14 00:15:00,214.82474,214.95445,214.79688,214.89672
2026-08-14 00:30:00,214.89036,214.94436,214.85336,214.91013
2026-08-14 00:45:00,214.90123,215.0191,214.8838,214.99186
2026-08-14 01:00:00,214.9974,215.10129,214.98538,215.09826
2026-08-14 01:15:00,215.08789,215.1203,215.05168,215.10091
2026-08-14 01:30:00,215.08801,215.12269,215.0271,215.03752
2026-08-14 01:45:00,215.04402,215.08009,215.02633,215.06485
2026-08-14 02:00:00,215.0661,215.07544,214.98142,215.03726
2026-08-14 02:15:00,215.02094,215.07344,214.97431,215.04673
2026-08-14 02:30:00,215.04175,215.09051,214.99279,214.99647
2026-08-14 02:45:00,215.00728,215.104,215.00638,215.08906
2026-08-14 03:00:00,215.09171,215.13346,215.03454,215.05011
2026-08-14 03:15:00,215.0461,215.06756,215.02897,215.06321
2026-08-14 03:30:00,215.05125,215.1164,215.05125,215.08675
2026-08-14 03:45:00,215.08167,215.10975,215.06767,215.08874
2026-08-14 04:00:00,215.09224,215.09265,215.02787,215.03452
2026-08-14 04:15:00,215.04261,215.07993,215.04012,215.06682
2026-08-14 04:30:00,215.06185,215.10358,215.05664,215.0973
2026-08-14 04:45:00,215.08734,215.11672,215.06853,215.09925
2026-08-14 05:00:00,215.09497,215.12565,215.08263,215.10679
2026-08-14 05:15:00,215.10405,215.13202,215.08642,215.12202
2026-08-14 05:30:00,215.12128,215.15516,215.10619,215.1288
2026-08-14 05:45:00,215.13217,215.1525,215.11403,215.13045
2026-08-14 06:00:00,215.13721,215.15692,215.1221,215.12923
2026-08-14 06:15:00,215.13213,215.19484,215.13213,215.19156
2026-08-14 06:30:00,215.18679,215.19547,215.16385,215.17854
2026-08-14 06:45:00,215.17684,215.17823,215.12397,215.14407
2026-08-14 07:00:00,215.14539,215.16187,215.05543,215.06091
2026-08-14 07:15:00,215.06972,215.12272,215.06818,215.11946
2026-08-14 07:30:00,215.11499,215.1756,215.10526,215.16232
2026-08-14 07:45:00,215.1593,215.17894,215.12448,215.12837
2026-08-14 08:00:00,215.1306,215.14075,215.08606,215.11218
2026-08-14 08:15:00,215.10616,215.1507,215.0973,215.14059
2026-08-14 08:30:00,215.13547,215.15773,215.11739,215.13331
2026-08-14 08:45:00,215.13056,215.13378,215.10221,215.11125
2026-08-14 09:00:00,215.10685,215.12069,215.08632,215.11772
2026-08-14 09:15:00,215.11233,215.12527,215.10802,215.11676
2026-08-14 09:30:00,215.11262,215.13414,215.098,215.1017
2026-08-14 09:45:00,215.10432,215.12252,215.0795,215.084
2026-08-14 10:00:00,215.08479,215.19801,215.05075,215.17137
2026-08-14 10:15:00,215.17465,215.18658,215.09676,215.15155
2026-08-14 10:30:00,215.1471,215.15413,215.11109,215.1363
2026-08-14 10:45:00,215.13214,215.16008,215.09179,215.1321
2026-08-14 11:00:00,215.12471,215.14983,215.09004,215.10658
2026-08-14 11:15:00,215.10904,215.1425,215.09224,215.11074
2026-08-14 11:30:00,215.10707,215.15472,215.09844,215.14987
2026-08-14 11:45:00,215.14502,215.16292,215.09016,215.11526
2026-08-14 12:00:00,215.10973,215.11369,215.08431,215.10332
2026-08-14 12:15:00,215.10379,215.10857,215.06997,215.07222
2026-08-14 12:30:00,215.07464,215.08532,215.05027,215.08153
2026-08-14 12:45:00,215.07617,215.10126,215.04496,215.04642
2026-08-14 13:00:00,215.04734,215.06359,215.01995,215.04096
2026-08-14 13:15:00,215.04405,215.08314,215.03318,215.06036
2026-08-14 13:30:00,215.05466,215.10924,215.04551,215.07639
2026-08-14 13:45:00,215.0709,215.11754,215.05381,215.10857
2026-08-14 14:00:00,215.10341,215.10576,215.06901,215.09167
2026-08-14 14:15:00,215.09276,215.10252,215.06821,215.07038
2026-08-14 14:30:00,215.07473,215.14682,215.06993,215.08974
2026-08-14 14:45:00,215.08596,215.10172,215.07368,215.08617
2026-08-14 15:00:00,215.08829,215.10302,215.06188,215.06513
2026-08-14 15:15:00,215.06655,215.08898,215.04033,215.08308
2026-08-14 15:30:00,215.07353,215.08926,214.99095,215.02966
2026-08-14 15:45:00,215.02191,215.05773,215.00155,215.01981
2026-08-14 16:00:00,215.0151,215.03365,214.88973,214.90949
2026-08-14 16:15:00,214.91589,215.0347,214.91589,214.98179
2026-08-14 16:30:00,214.99749,215.07189,214.99749,215.04313
2026-08-14 16:45:00,215.04321,215.05833,215.00655,215.05345
2026-08-14 17:00:00,215.04761,215.11333,215.04757,215.09935
2026-08-14 17:15:00,215.10395,215.15093,215.08971,215.12459
2026-08-14 17:30:00,215.11483,215.16198,215.09286,215.15269
2026-08-14 17:45:00,215.14233,215.18102,215.12115,215.12883
2026-08-14 18:00:00,215.12771,215.21943,215.12771,215.17226
2026-08-14 18:15:00,215.1732,215.2328,215.12985,215.1868
2026-08-14 18:30:00,215.17516,215.21847,215.1001,215.20508
2026-08-14 18:45:00,215.19581,215.25334,215.15666,215.24865
2026-08-14 19:00:00,215.2309,215.27979,215.18236,215.20046
2026-08-14 19:15:00,215.19643,215.24672,215.15371,215.23449
2026-08-14 19:30:00,215.2182,215.27333,215.19105,215.20565
2026-08-14 19:45:00,215.20804,215.24754,215.17672,215.24606
2026-08-14 20:00:00,215.23734,215.26777,215.21414,215.24534
2026-08-14 20:15:00,215.2298,215.32219,215.2298,215.3056
2026-08-14 20:30:00,215.3092,215.34012,215.29301,215.33477
2026-08-14 20:45:00,215.32449,215.3482,215.31469,215.34265
2026-08-14 21:00:00,215.336,215.38904,215.33258,215.38449
2026-08-14 21:15:00,215.38099,215.42802,215.34029,215.40723
2026-08-14 21:30:00,215.4104,215.47352,215.39056,215.39441
2026-08-14 21:45:00,215.3968,215.45574,215.35489,215.3917
2026-08-14 22:00:00,215.38793,215.38793,215.22094,215.29205
2026-08-14 22:15:00,215.28182,215.29902,215.03798,215.04062
2026-08-14 22:30:00,215.0488,215.13884,214.92134,215.07235
2026-08-14 22:45:00,215.07634,215.18782,215.0673,215.18148
2026-08-14 23:00:00,215.16641,215.31736,215.13483,215.31189
2026-08-14 23:15:00,215.30735,215.36514,215.26429,215.3256
2026-08-14 23:30:00,215.31904,215.39028,215.27386,215.33352
2026-08-14 23:45:00,215.35264,215.47606,215.28366,215.44957
2026-08-15 00:00:00,215.44715,215.56941,215.42179,215.50927
2026-08-15 00:15:00,215.5297,215.57301,215.48421,215.54361
2026-08-15 00:30:00,215.53531,215.55602,215.4568,215.46993
2026-08-15 00:45:00,215.47253,215.50373,215.3927,215.49614
2026-08-15 01:00:00,215.47888,215.52854,215.40332,215.52646
2026-08-15 01:15:00,215.51691,215.60208,215.50523,215.59252
2026-08-15 01:30:00,215.57507,215.71021,215.57507,215.69216
2026-08-15 01:45:00,215.69663,215.80982,215.68811,215.7867
2026-08-15 02:00:00,215.79335,215.90095,215.77766,215.82316
2026-08-15 02:15:00,215.8288,215.89336,215.81099,215.88068
2026-08-15 02:30:00,215.88088,215.89275,215.82982,215.83296
2026-08-15 02:45:00,215.84218,215.86557,215.7681,215.76992
2026-08-15 03:00:00,215.77137,215.78204,215.67007,215.67404
2026-08-15 03:15:00,215.67731,215.6937,215.62547,215.6328
2026-08-15 03:30:00,215.62928,215.68737,215.61654,215.62432
2026-08-15 03:45:00,215.6328,215.66815,215.61788,215.65695
2026-08-15 04:00:00,215.65818,215.66954,215.63628,215.65232
2026-08-15 04:15:00,215.64589,215.71145,215.63683,215.70685
2026-08-15 04:30:00,215.7033,215.72255,215.69055,215.71209
2026-08-15 04:45:00,215.71309,215.7337,215.68271,215.72973
2026-08-15 05:00:00,215.72078,215.73263,215.68601,215.72855
2026-08-15 05:15:00,215.72202,215.74963,215.71173,215.74376
2026-08-15 05:30:00,215.74025,215.74751,215.70239,215.73699
2026-08-15 05:45:00,215.73459,215.75806,215.68723,215.68897
2026-08-15 06:00:00,215.69311,215.70964,215.66206,215.69661
2026-08-15 06:15:00,215.69108,215.70358,215.68054,215.68398
2026-08-15 06:30:00,215.68662,215.68662,215.639,215.6465
2026-08-15 06:45:00,215.64823,215.66295,215.61782,215.61888
2026-08-15 07:00:00,215.62122,215.65669,215.47105,215.51501
2026-08-15 07:15:00,215.51428,215.53069,215.49257,215.51996
2026-08-15 07:30:00,215.51559,215.55067,215.45785,215.51795
2026-08-15 07:45:00,215.503,215.53435,215.46986,215.47391
2026-08-15 08:00:00,215.4807,215.53931,215.46468,215.51265
2026-08-15 08:15:00,215.51555,215.54953,215.49833,215.54262
2026-08-15 08:30:00,215.52968,215.5365,215.48452,215.49579
2026-08-15 08:45:00,215.49939,215.53839,215.48341,215.5342
2026-08-15 09:00:00,215.528,215.55122,215.45397,215.51627
2026-08-15 09:15:00,215.51863,215.53401,215.49292,215.53058
2026-08-15 09:30:00,215.5226,215.53081,215.48684,215.49839
2026-08-15 09:45:00,215.50284,215.56754,215.43157,215.52189
2026-08-15 10:00:00,215.5117,215.61902,215.45521,215.61559
2026-08-15 10:15:00,215.61114,215.62565,215.60263,215.61368
2026-08-15 10:30:00,215.60887,215.62418,215.6085,215.61633
2026-08-15 10:45:00,215.61327,215.66517,215.60441,215.61699
2026-08-15 11:00:00,215.62537,215.62901,215.58318,215.61714
2026-08-15 11:15:00,215.61771,215.62719,215.60539,215.62084
2026-08-15 11:30:00,215.61697,215.62778,215.54449,215.61073
2026-08-15 11:45:00,215.60524,215.62747,215.60524,215.62053
2026-08-15 12:00:00,215.61764,215.62905,215.5912,215.6154
2026-08-15 12:15:00,215.61674,215.62684,215.61525,215.62116
2026-08-15 12:30:00,215.61794,215.62805,215.59886,215.62284
2026-08-15 12:45:00,215.61834,215.62736,215.60827,215.61971
2026-08-15 13:00:00,215.61771,215.62694,215.58448,215.6154
2026-08-15 13:15:00,215.6168,215.62661,215.5535,215.62056
2026-08-15 13:30:00,215.61806,215.6279,215.61381,215.6215
2026-08-15 13:45:00,215.61647,215.62779,215.60832,215.61895
2026-08-15 14:00:00,215.61784,215.62651,215.59145,215.61237
2026-08-15 14:15:00,215.61505,215.6275,215.61279,215.619
2026-08-15 14:30:00,215.61635,215.62566,215.60538,215.62213
2026-08-15 14:45:00,215.61747,215.62652,215.60714,215.61775
2026-08-15 15:00:00,215.61503,215.62456,215.52184,215.61495
2026-08-15 15:15:00,215.61633,215.62588,215.60991,215.61717
2026-08-15 15:30:00,215.61444,215.62566,215.60918,215.62096
2026-08-15 15:45:00,215.61625,215.6284,215.60544,215.61878
2026-08-15 16:00:00,215.61602,215.62551,215.57805,215.61143
2026-08-15 16:15:00,215.6145,215.62742,215.60395,215.61913
2026-08-15 16:30:00,215.61435,215.62642,215.54811,215.59997
2026-08-15 16:45:00,215.58231,215.69067,215.57754,215.62014
2026-08-15 17:00:00,215.61706,215.6237,215.57852,215.61207
2026-08-15 17:15:00,215.61417,215.62528,215.60841,215.62087
2026-08-15 17:30:00,215.61417,215.62582,215.60828,215.6211
2026-08-15 17:45:00,215.61763,215.62341,215.59671,215.61545
2026-08-15 18:00:00,215.61079,215.62319,215.60972,215.61803
2026-08-15 18:15:00,215.6147,215.63128,215.54416,215.61913
2026-08-15 18:30:00,215.61479,215.62757,215.60831,215.61996
2026-08-15 18:45:00,215.61625,215.62363,215.60182,215.6186
2026-08-15 19:00:00,215.61391,215.62649,215.60609,215.60777
2026-08-15 19:15:00,215.60861,215.62527,215.60861,215.61422
2026-08-15 19:30:00,215.61524,215.61977,215.60248,215.61364
2026-08-15 19:45:00,215.6106,215.6215,215.6047,215.61498
2026-08-15 20:00:00,215.60978,215.62036,215.54414,215.608
2026-08-15 20:15:00,215.60661,215.62084,215.60444,215.6157
2026-08-15 20:30:00,215.609,215.62158,215.6037,215.61366
2026-08-15 20:45:00,215.60942,215.65301,215.53809,215.61271
2026-08-15 21:00:00,215.60795,215.62905,215.5986,215.61215
2026-08-15 21:15:00,215.61002,215.63091,215.59854,215.6043
2026-08-15 21:30:00,215.60737,215.62871,215.54198,215.54693
2026-08-15 21:45:00,215.5562,215.6134,215.5562,215.60879
2026-08-15 22:00:00,215.60419,215.61375,215.59863,215.60771
2026-08-15 22:15:00,215.60465,215.61732,215.60257,215.60443
2026-08-15 22:30:00,215.60701,215.62141,215.60155,215.60714
2026-08-15 22:45:00,215.60732,215.61677,215.59846,215.60068
2026-08-15 23:00:00,215.60042,215.61475,215.60042,215.60898
2026-08-15 23:15:00,215.60522,215.62524,215.53249,215.5906
2026-08-15 23:30:00,215.5864,215.59841,215.58533,215.58802
2026-08-15 23:45:00,215.58888,215.59892,215.58401,215.59309
2026-08-16 00:00:00,215.58957,215.59902,215.58407,215.5909
2026-08-16 00:15:00,215.58633,215.59972,215.58633,215.5931
2026-08-16 00:30:00,215.59018,215.61572,215.58704,215.59801
2026-08-16 00:45:00,215.59934,215.60915,215.5964,215.60242
2026-08-16 01:00:00,215.59961,215.61661,215.53329,215.57502
2026-08-16 01:15:00,215.57025,215.58066,215.56634,215.5739
2026-08-16 01:30:00,215.57089,215.58491,215.57089,215.5737
2026-08-16 01:45:00,215.57528,215.58656,215.57112,215.58204
2026-08-16 02:00:00,215.57825,215.63722,215.50486,215.6333
2026-08-16 02:15:00,215.62843,215.63503,215.61034,215.62047
2026-08-16 02:30:00,215.61885,215.62859,215.56566,215.57575
2026-08-16 02:45:00,215.58822,215.5903,215.54078,215.5851
2026-08-16 03:00:00,215.58067,215.63724,215.49809,215.6307
2026-08-16 03:15:00,215.62583,215.63617,215.61238,215.61765
2026-08-16 03:30:00,215.61517,215.62013,215.60143,215.60594
2026-08-16 03:45:00,215.60738,215.62006,215.60416,215.60891
2026-08-16 04:00:00,215.6078,215.64038,215.53573,215.63401
2026-08-16 04:15:00,215.62982,215.63097,215.53111,215.59704
2026-08-16 04:30:00,215.59372,215.60886,215.59001,215.59826
2026-08-16 04:45:00,215.59928,215.61665,215.59484,215.61349
2026-08-16 05:00:00,215.60802,215.66242,215.53485,215.66044
2026-08-16 05:15:00,215.65521,215.65521,215.62151,215.6343
2026-08-16 05:30:00,215.63043,215.63498,215.60375,215.61486
2026-08-16 05:45:00,215.61077,215.62217,215.60866,215.61139
2026-08-16 06:00:00,215.61244,215.62717,215.52738,215.58052
2026-08-16 06:15:00,215.57726,215.59934,215.57497,215.59419
2026-08-16 06:30:00,215.58912,215.61148,215.58848,215.60452
2026-08-16 06:45:00,215.60184,215.61597,215.59239,215.6116
2026-08-16 07:00:00,215.60516,215.66848,215.52591,215.66312
2026-08-16 07:15:00,215.66045,215.66699,215.63402,215.64958
2026-08-16 07:30:00,215.64485,215.65436,215.59806,215.61148
2026-08-16 07:45:00,215.60959,215.61776,215.55138,215.60224
2026-08-16 08:00:00,215.60366,215.64694,215.53505,215.63446
2026-08-16 08:15:00,215.63037,215.64099,215.62833,215.63646
2026-08-16 08:30:00,215.63161,215.64131,215.6161,215.62825
2026-08-16 08:45:00,215.62638,215.63357,215.62076,215.62221
2026-08-16 09:00:00,215.62379,215.67272,215.54369,215.66882
2026-08-16 09:15:00,215.6642,215.67093,215.56593,215.60035
2026-08-16 09:30:00,215.59548,215.60779,215.59423,215.6009
2026-08-16 09:45:00,215.5981,215.60504,215.59145,215.59552
2026-08-16 10:00:00,215.59682,215.61317,215.58952,215.60875
2026-08-16 10:15:00,215.60356,215.6107,215.59576,215.60573
2026-08-16 10:30:00,215.60139,215.61109,215.59384,215.60221
2026-08-16 10:45:00,215.59863,215.6093,215.59661,215.59877
2026-08-16 11:00:00,215.59962,215.60422,215.51583,215.5693
2026-08-16 11:15:00,215.57005,215.59654,215.55662,215.59224
2026-08-16 11:30:00,215.58848,215.59897,215.58387,215.59345
2026-08-16 11:45:00,215.58927,215.59869,215.58396,215.5924
2026-08-16 12:00:00,215.58901,215.61696,215.58645,215.59707
2026-08-16 12:15:00,215.59831,215.6012,215.58692,215.5948
2026-08-16 12:30:00,215.59174,215.61265,215.58639,215.59811
2026-08-16 12:45:00,215.59351,215.59351,215.52133,215.58146
2026-08-16 13:00:00,215.57909,215.59061,215.57524,215.57887
2026-08-16 13:15:00,215.58049,215.59141,215.57789,215.58526
2026-08-16 13:30:00,215.58186,215.59252,215.57837,215.58843
2026-08-16 13:45:00,215.58361,215.59351,215.58077,215.58554
2026-08-16 14:00:00,215.58399,215.59503,215.57925,215.58402
2026-08-16 14:15:00,215.58564,215.63883,215.49724,215.5358
2026-08-16 14:30:00,215.52041,215.57152,215.52041,215.56852
2026-08-16 14:45:00,215.56333,215.59384,215.55526,215.58455
2026-08-16 15:00:00,215.58226,215.58926,215.5762,215.57759
2026-08-16 15:15:00,215.57908,215.58986,215.57436,215.58569
2026-08-16 15:30:00,215.58085,215.59635,215.57825,215.59434
2026-08-16 15:45:00,215.58975,215.59893,215.58485,215.59064
2026-08-16 16:00:00,215.58755,215.64891,215.51303,215.57443
2026-08-16 16:15:00,215.57568,215.61918,215.56279,215.60295
2026-08-16 16:30:00,215.60367,215.60673,215.59358,215.60162
2026-08-16 16:45:00,215.59744,215.60715,215.59027,215.59875
2026-08-16 17:00:00,215.59491,215.60609,215.59332,215.59581
2026-08-16 17:15:00,215.59646,215.60611,215.58972,215.59468
2026-08-16 17:30:00,215.59552,215.60537,215.58056,215.58901
2026-08-16 17:45:00,215.58548,215.63169,215.50922,215.57825
2026-08-16 18:00:00,215.57387,215.58364,215.57088,215.57951
2026-08-16 18:15:00,215.57632,215.58741,215.57451,215.57643
2026-08-16 18:30:00,215.57776,215.58898,215.57478,215.58336
2026-08-16 18:45:00,215.58045,215.59039,215.57747,215.58542
2026-08-16 19:00:00,215.58071,215.5926,215.57734,215.58513
2026-08-16 19:15:00,215.58304,215.59262,215.57181,215.57492
2026-08-16 19:30:00,215.57666,215.58846,215.57471,215.58248
2026-08-16 19:45:00,215.57881,215.60303,215.5756,215.59502
2026-08-16 20:00:00,215.59053,215.5969,215.58194,215.58687
2026-08-16 20:15:00,215.58515,215.59484,215.58213,215.58354
2026-08-16 20:30:00,215.58515,215.59478,215.58194,215.58954
2026-08-16 20:45:00,215.58515,215.5948,215.58202,215.58991
2026-08-16 21:00:00,215.58515,215.59484,215.58193,215.5877
2026-08-16 21:15:00,215.58515,215.59455,215.58191,215.58374
2026-08-16 21:30:00,215.58515,215.60449,215.57213,215.57574
2026-08-16 21:45:00,215.57687,215.57893,215.56607,215.57354
2026-08-16 22:00:00,215.5691,215.57875,215.56586,215.57246
2026-08-16 22:15:00,215.56908,215.57878,215.56612,215.56811
2026-08-16 22:30:00,215.56908,215.57877,215.56585,215.5686
2026-08-16 22:45:00,215.56908,215.57866,215.56589,215.57301
2026-08-16 23:00:00,215.56908,215.57874,215.56593,215.57311
2026-08-16 23:15:00,215.56908,215.62649,215.56217,215.60913
2026-08-16 23:30:00,215.60961,215.6193,215.60638,215.60863
2026-08-16 23:45:00,215.60961,215.61931,215.60663,215.61297
2026-08-17 00:00:00,215.60961,215.62935,215.58251,215.61722
2026-08-17 00:15:00,215.61229,215.62628,215.60823,215.61455
2026-08-17 00:30:00,215.61092,215.62104,215.60785,215.60949
2026-08-17 00:45:00,215.61082,215.62996,215.56201,215.57862
2026-08-17 01:00:00,215.57549,215.63057,215.57251,215.62605
2026-08-17 01:15:00,215.6213,215.64717,215.60291,215.61364
2026-08-17 01:30:00,215.61174,215.62136,215.60858,215.61014
2026-08-17 01:45:00,215.61174,215.62625,215.578,215.61939
2026-08-17 02:00:00,215.61557,215.6595,215.52302,215.65579
2026-08-17 02:15:00,215.65088,215.67225,215.61194,215.62423
2026-08-17 02:30:00,215.62235,215.63199,215.57997,215.58803
2026-08-17 02:45:00,215.58958,215.60135,215.57796,215.58501
2026-08-17 03:00:00,215.58049,215.64805,215.53257,215.62138
2026-08-17 03:15:00,215.61674,215.69673,215.61242,215.62405
2026-08-17 03:30:00,215.62147,215.63524,215.57064,215.61491
2026-08-17 03:45:00,215.61771,215.63102,215.60886,215.61666
2026-08-17 04:00:00,215.61836,215.6269,215.55538,215.61258
2026-08-17 04:15:00,215.60608,215.62159,215.60491,215.61164
2026-08-17 04:30:00,215.60803,215.65063,215.60103,215.64788
2026-08-17 04:45:00,215.64371,215.65661,215.4743,215.63739
2026-08-17 05:00:00,215.62714,215.68408,215.48887,215.67148
2026-08-17 05:15:00,215.6546,215.6546,215.41469,215.52378
2026-08-17 05:30:00,215.52176,215.82621,215.25244,215.62106
2026-08-17 05:45:00,215.60972,215.75096,215.27874,215.34758
2026-08-17 06:00:00,215.50637,215.86145,215.27178,215.70229
2026-08-17 06:15:00,215.69566,215.69566,215.61969,215.64981
2026-08-17 06:30:00,215.64147,215.69857,215.59044,215.63925
2026-08-17 06:45:00,215.62954,215.71555,215.59405,215.64403
2026-08-17 07:00:00,215.65053,215.73086,215.61046,215.72382
2026-08-17 07:15:00,215.70858,215.7508,215.64019,215.74852
2026-08-17 07:30:00,215.74071,215.81369,215.70951,215.72764
2026-08-17 07:45:00,215.7285,215.73091,215.59351,215.59496
2026-08-17 08:00:00,215.59925,215.70007,215.59013,215.69955
2026-08-17 08:15:00,215.69686,215.72465,215.65898,215.67762
2026-08-17 08:30:00,215.67202,215.69152,215.5987,215.65133
2026-08-17 08:45:00,215.64912,215.6529,215.55864,215.56212
2026-08-17 09:00:00,215.56843,215.63694,215.54243,215.63267
2026-08-17 09:15:00,215.6244,215.67513,215.6244,215.65851
2026-08-17 09:30:00,215.65415,215.66131,215.59715,215.61733
2026-08-17 09:45:00,215.61134,215.71273,215.61134,215.70889
2026-08-17 10:00:00,215.70279,215.75133,215.64589,215.67325
2026-08-17 10:15:00,215.66198,215.67782,215.5584,215.59745
2026-08-17 10:30:00,215.57811,215.63496,215.57811,215.5942
2026-08-17 10:45:00,215.58673,215.62687,215.5446,215.58153
2026-08-17 11:00:00,215.57466,215.60449,215.53292,215.55194
2026-08-17 11:15:00,215.55559,215.59324,215.54293,215.58845
2026-08-17 11:30:00,215.58592,215.64578,215.53532,215.64245
2026-08-17 11:45:00,215.636,215.65059,215.60982,215.61669
2026-08-17 12:00:00,215.62102,215.62807,215.55565,215.55746
2026-08-17 12:15:00,215.56193,215.58186,215.45797,215.53163
2026-08-17 12:30:00,215.52267,215.58113,215.48393,215.52922
2026-08-17 12:45:00,215.53065,215.53707,215.49717,215.49864
2026-08-17 13:00:00,215.50039,215.56108,215.49963,215.55117
2026-08-17 13:15:00,215.54489,215.57158,215.52134,215.56813
2026-08-17 13:30:00,215.55968,215.60365,215.55908,215.595
2026-08-17 13:45:00,215.58814,215.63421,215.58152,215.5887
2026-08-17 14:00:00,215.60039,215.64128,215.58534,215.63685
2026-08-17 14:15:00,215.63058,215.67371,215.61937,215.65396
2026-08-17 14:30:00,215.65754,215.67593,215.59231,215.61432
2026-08-17 14:45:00,215.60863,215.63724,215.59428,215.63433
2026-08-17 15:00:00,215.62603,215.64852,215.60851,215.61042
2026-08-17 15:15:00,215.61476,215.62444,215.55833,215.59491
2026-08-17 15:30:00,215.58249,215.60777,215.50544,215.53578
2026-08-17 15:45:00,215.53115,215.64921,215.5103,215.61637
2026-08-17 16:00:00,215.61834,215.64086,215.58453,215.62412
2026-08-17 16:15:00,215.61425,215.62956,215.55523,215.58381
2026-08-17 16:30:00,215.57645,215.59441,215.52746,215.55851
2026-08-17 16:45:00,215.55495,215.58464,215.52071,215.52466
2026-08-17 17:00:00,215.52776,215.56923,215.43027,215.46486
2026-08-17 17:15:00,215.46929,215.60007,215.44211,215.57798
2026-08-17 17:30:00,215.5801,215.63238,215.5454,215.5819
2026-08-17 17:45:00,215.59069,215.64248,215.53005,215.61845
2026-08-17 18:00:00,215.62951,215.67357,215.56786,215.64636
2026-08-17 18:15:00,215.6486,215.72483,215.62958,215.71184
2026-08-17 18:30:00,215.70404,215.78089,215.66021,215.70173
2026-08-17 18:45:00,215.70548,215.75326,215.58262,215.68645
2026-08-17 19:00:00,215.67704,215.766,215.66789,215.70963
2026-08-17 19:15:00,215.7171,215.76296,215.66121,215.75755
2026-08-17 19:30:00,215.74983,215.81489,215.73427,215.78523
2026-08-17 19:45:00,215.78606,215.85864,215.76967,215.8264
2026-08-17 20:00:00,215.83498,215.86432,215.79895,215.85968
2026-08-17 20:15:00,215.84987,215.86415,215.82073,215.85969
2026-08-17 20:30:00,215.85332,215.88221,215.79374,215.79954
2026-08-17 20:45:00,215.80012,215.82425,215.78555,215.79289
2026-08-17 21:00:00,215.79785,215.85673,215.77911,215.82234
2026-08-17 21:15:00,215.82622,215.91803,215.79129,215.88407
2026-08-17 21:30:00,215.8971,215.92324,215.84731,215.86079
2026-08-17 21:45:00,215.86609,215.89583,215.84619,215.89466
2026-08-17 22:00:00,215.88945,215.92586,215.85151,215.92326
2026-08-17 22:15:00,215.9157,215.94942,215.86458,215.87818
2026-08-17 22:30:00,215.8916,215.95316,215.88453,215.94345
2026-08-17 22:45:00,215.92676,215.95661,215.88763,215.92727
2026-08-17 23:00:00,215.90772,216.04467,215.90772,216.0029
2026-08-17 23:15:00,216.00657,216.05149,215.98533,216.01541
2026-08-17 23:30:00,216.00973,216.09111,216.00461,216.02254
2026-08-17 23:45:00,216.03027,216.04496,215.93171,215.96097
2026-08-18 00:00:00,215.94841,216.03627,215.94741,216.01418
2026-08-18 00:15:00,216.01359,216.06226,215.94836,215.95225
2026-08-18 00:30:00,215.96003,215.96628,215.87444,215.87751
2026-08-18 00:45:00,215.87955,215.91638,215.81572,215.88907
2026-08-18 01:00:00,215.88603,215.9697,215.86976,215.93461
2026-08-18 01:15:00,215.93942,216.02246,215.92106,216.01773
2026-08-18 01:30:00,216.00977,216.07281,215.99645,216.02903
2026-08-18 01:45:00,216.03409,216.1215,216.0147,216.12034
2026-08-18 02:00:00,216.11528,216.12524,216.07452,216.08035
2026-08-18 02:15:00,216.08622,216.14504,216.07192,216.12478
2026-08-18 02:30:00,216.12685,216.17838,216.12292,216.13832
2026-08-18 02:45:00,216.14163,216.14163,216.07427,216.07862
2026-08-18 03:00:00,216.08473,216.11124,216.07001,216.08259
2026-08-18 03:15:00,216.0785,216.11644,216.06854,216.09407
2026-08-18 03:30:00,216.09516,216.15941,216.03097,216.03338
2026-08-18 03:45:00,216.04006,216.06707,216.0142,216.03916
2026-08-18 04:00:00,216.04482,216.05941,216.01804,216.05457
2026-08-18 04:15:00,216.04358,216.09085,216.01895,216.04952
2026-08-18 04:30:00,216.05299,216.06719,215.99584,215.99795
2026-08-18 04:45:00,216.00492,216.05897,216.00492,216.05362
2026-08-18 05:00:00,216.04395,216.06483,215.97286,216.00175
2026-08-18 05:15:00,215.99471,215.99471,215.92292,215.94345
2026-08-18 05:30:00,215.94029,215.94126,215.90434,215.93859
2026-08-18 05:45:00,215.9345,215.97937,215.92233,215.97436
2026-08-18 06:00:00,215.96627,216.02202,215.95741,215.99585
2026-08-18 06:15:00,215.98465,216.01332,215.96493,216.00218
2026-08-18 06:30:00,215.99798,216.01421,215.9769,215.97779
2026-08-18 06:45:00,215.98075,216.01112,215.91995,215.92886
2026-08-18 07:00:00,215.9507,216.03237,215.9507,215.97283
2026-08-18 07:15:00,215.97688,216.03014,215.91118,215.92068
2026-08-18 07:30:00,215.91635,215.95212,215.90197,215.92361
2026-08-18 07:45:00,215.92826,215.959,215.88085,215.90347
2026-08-18 08:00:00,215.89775,215.99679,215.88666,215.995
2026-08-18 08:15:00,215.99128,215.9943,215.91564,215.94605
2026-08-18 08:30:00,215.94179,215.94935,215.8994,215.94591
2026-08-18 08:45:00,215.9426,215.9426,215.9061,215.91226
2026-08-18 09:00:00,215.91383,215.92148,215.86143,215.9075
2026-08-18 09:15:00,215.90316,215.91481,215.89432,215.91178
2026-08-18 09:30:00,215.90754,215.92841,215.87963,215.92635
2026-08-18 09:45:00,215.92057,215.93016,215.90017,215.91095
2026-08-18 10:00:00,215.91418,215.99442,215.86781,215.99169
2026-08-18 10:15:00,215.98599,216.01607,215.97569,216.00772
2026-08-18 10:30:00,216.00316,216.09407,215.98953,216.08869
2026-08-18 10:45:00,216.07499,216.1187,216.01992,216.02924
2026-08-18 11:00:00,216.03044,216.0978,216.01502,216.047
2026-08-18 11:15:00,216.04144,216.0591,216.00244,216.02796
2026-08-18 11:30:00,216.01509,216.07486,216.00686,216.0117
2026-08-18 11:45:00,216.01808,216.06928,215.99545,216.06337
2026-08-18 12:00:00,216.05609,216.10578,216.05397,216.06304
2026-08-18 12:15:00,216.06443,216.06635,215.9727,215.98974
2026-08-18 12:30:00,215.98489,216.01122,215.94605,216.00667
2026-08-18 12:45:00,216.00041,216.03461,215.9955,216.00907
2026-08-18 13:00:00,216.01123,216.02734,215.98504,215.98642
2026-08-18 13:15:00,215.9887,215.99209,215.92862,215.95119
2026-08-18 13:30:00,215.94725,215.98804,215.94542,215.98547
2026-08-18 13:45:00,215.97322,215.99977,215.94768,215.9502
2026-08-18 14:00:00,215.95453,216.09855,215.95385,216.09165
2026-08-18 14:15:00,216.08104,216.1801,216.06535,216.17498
2026-08-18 14:30:00,216.16876,216.22937,216.16258,216.18819
2026-08-18 14:45:00,216.17838,216.21138,216.1541,216.17453
2026-08-18 15:00:00,216.17015,216.17999,216.12743,216.16445
2026-08-18 15:15:00,216.16605,216.19987,216.13628,216.17573
2026-08-18 15:30:00,216.16634,216.19053,216.15965,216.17816
2026-08-18 15:45:00,216.17312,216.17688,216.10713,216.14037
2026-08-18 16:00:00,216.13384,216.13556,215.97132,216.04573
2026-08-18 16:15:00,216.04849,216.18725,216.03142,216.14752
2026-08-18 16:30:00,216.15305,216.16721,216.09565,216.135
2026-08-18 16:45:00,216.12911,216.13275,216.01353,216.06993
2026-08-18 17:00:00,216.06188,216.06917,216.00491,216.00571
2026-08-18 17:15:00,216.00792,216.06549,215.97707,216.05145
2026-08-18 17:30:00,216.05394,216.1184,216.04322,216.10766
2026-08-18 17:45:00,216.10103,216.10103,216.03405,216.08511
2026-08-18 18:00:00,216.07813,216.09561,216.01923,216.05947
2026-08-18 18:15:00,216.05553,216.09574,216.02985,216.09114
2026-08-18 18:30:00,216.08379,216.1054,216.02109,216.05178
2026-08-18 18:45:00,216.04801,216.079,216.00172,216.06988
2026-08-18 19:00:00,216.057,216.08222,216.02312,216.02471
2026-08-18 19:15:00,216.0276,216.03903,215.97106,216.01099
2026-08-18 19:30:00,216.00481,216.01177,215.94382,215.94663
2026-08-18 19:45:00,215.94848,216.02033,215.94848,215.97952
2026-08-18 20:00:00,215.98045,215.99978,215.93662,215.98259
2026-08-18 20:15:00,215.97809,216.03835,215.96171,216.03347
2026-08-18 20:30:00,216.0265,216.04854,215.99591,216.01444
2026-08-18 20:45:00,216.00898,216.07841,216.0069,216.02998
2026-08-18 21:00:00,216.01032,216.05104,215.98649,216.04242
2026-08-18 21:15:00,216.03982,216.03982,215.99028,215.99338
2026-08-18 21:30:00,215.99683,216.01834,215.9663,216.00958
2026-08-18 21:45:00,216.00615,216.04813,215.97081,216.04664
2026-08-18 22:00:00,216.04093,216.05025,215.98111,215.99493
2026-08-18 22:15:00,215.99577,216.05668,215.98759,216.01033
2026-08-18 22:30:00,216.00238,216.05604,215.98734,216.03788
2026-08-18 22:45:00,216.03952,216.08831,216.01427,216.05889
2026-08-18 23:00:00,216.06487,216.11857,216.04191,216.09546
2026-08-18 23:15:00,216.09219,216.12425,216.07429,216.10138
2026-08-18 23:30:00,216.09413,216.14863,216.05998,216.10356
2026-08-18 23:45:00,216.11523,216.12023,215.98858,216.07823
2026-08-19 00:00:00,216.0667,216.13175,216.00157,216.02316
2026-08-19 00:15:00,216.02653,216.107,216.0023,216.00568
2026-08-19 00:30:00,216.01117,216.09432,215.98601,216.088
2026-08-19 00:45:00,216.07837,216.14552,216.02049,216.10009
2026-08-19 01:00:00,216.12646,216.12746,215.99466,216.06992
2026-08-19 01:15:00,216.06515,216.13186,216.04161,216.11551
2026-08-19 01:30:00,216.10192,216.12956,216.07781,216.07868
2026-08-19 01:45:00,216.0811,216.13808,216.03195,216.13632
2026-08-19 02:00:00,216.12973,216.1568,216.10002,216.10805
2026-08-19 02:15:00,216.11162,216.16735,216.09437,216.12838
2026-08-19 02:30:00,216.14004,216.19099,216.13111,216.15684
2026-08-19 02:45:00,216.15777,216.15777,216.09203,216.09503
2026-08-19 03:00:00,216.09889,216.09889,216.00786,216.01625
2026-08-19 03:15:00,216.01107,216.05886,216.00561,216.04108
2026-08-19 03:30:00,216.03878,216.06189,216.01047,216.04446
2026-08-19 03:45:00,216.03864,216.0524,216.02065,216.0225
2026-08-19 04:00:00,216.02496,216.02836,215.99066,216.01836
2026-08-19 04:15:00,216.01344,216.05219,216.0011,216.04635
2026-08-19 04:30:00,216.04357,216.06056,216.03304,216.03947
2026-08-19 04:45:00,216.04089,216.04837,215.99251,216.02045
2026-08-19 05:00:00,216.01077,216.03931,215.99204,216.03721
2026-08-19 05:15:00,216.03288,216.05075,216.00919,216.04486
2026-08-19 05:30:00,216.04102,216.08696,216.03844,216.08303
2026-08-19 05:45:00,216.07722,216.08974,216.03796,216.0482
2026-08-19 06:00:00,216.05328,216.05668,216.02567,216.04725
2026-08-19 06:15:00,216.0436,216.0436,216.00087,216.00833
2026-08-19 06:30:00,216.00404,216.04529,215.99551,216.04231
2026-08-19 06:45:00,216.03822,216.05402,216.0003,216.00342
2026-08-19 07:00:00,216.01062,216.10311,215.97945,216.08687
2026-08-19 07:15:00,216.07631,216.11046,216.02325,216.05133
2026-08-19 07:30:00,216.03456,216.07601,215.96861,215.97277
2026-08-19 07:45:00,215.97985,216.02858,215.89338,215.91581
2026-08-19 08:00:00,215.97052,216.04727,215.95685,216.02567
2026-08-19 08:15:00,216.01784,216.02865,216.00152,216.00927
2026-08-19 08:30:00,216.00324,216.01627,215.97399,215.97953
2026-08-19 08:45:00,215.97908,216.00764,215.97908,215.99589
2026-08-19 09:00:00,215.99816,216.00382,215.95193,215.97244
2026-08-19 09:15:00,215.96583,215.98508,215.96066,215.98003
2026-08-19 09:30:00,215.9707,215.99176,215.95349,215.97638
2026-08-19 09:45:00,215.97787,216.00488,215.94855,215.97327
2026-08-19 10:00:00,215.96369,215.98155,215.90408,215.90961
2026-08-19 10:15:00,215.91888,215.93259,215.89547,215.91887
2026-08-19 10:30:00,215.9179,215.94078,215.83517,215.85502
2026-08-19 10:45:00,215.84799,215.86691,215.73907,215.77068
2026-08-19 11:00:00,215.77605,215.79697,215.73261,215.74422
2026-08-19 11:15:00,215.74917,215.78425,215.70236,215.77203
2026-08-19 11:30:00,215.76374,215.78816,215.72138,215.73417
2026-08-19 11:45:00,215.72491,215.78283,215.72491,215.76281
2026-08-19 12:00:00,215.75701,215.78744,215.74417,215.74842
2026-08-19 12:15:00,215.75292,215.81604,215.69765,215.73399
2026-08-19 12:30:00,215.72374,215.79351,215.72037,215.76114
2026-08-19 12:45:00,215.75071,215.77867,215.72328,215.77632
2026-08-19 13:00:00,215.77321,215.81083,215.76582,215.8038
2026-08-19 13:15:00,215.794,215.82793,215.79328,215.82464
2026-08-19 13:30:00,215.82003,215.87277,215.81629,215.84652
2026-08-19 13:45:00,215.84194,215.85782,215.8268,215.83708
2026-08-19 14:00:00,215.8417,215.8417,215.789,215.80906
2026-08-19 14:15:00,215.80135,215.82141,215.74894,215.77097
2026-08-19 14:30:00,215.76762,215.76762,215.69366,215.75322
2026-08-19 14:45:00,215.74274,215.77062,215.69727,215.76396
2026-08-19 15:00:00,215.75351,215.77906,215.6987,215.74551
2026-08-19 15:15:00,215.74012,215.75182,215.65796,215.70655
2026-08-19 15:30:00,215.69825,215.71263,215.63254,215.68504
2026-08-19 15:45:00,215.67453,215.7819,215.66815,215.7545
2026-08-19 16:00:00,215.76021,215.78551,215.66223,215.6836
2026-08-19 16:15:00,215.67958,215.80907,215.64696,215.73307
2026-08-19 16:30:00,215.74099,215.74099,215.61662,215.73096
2026-08-19 16:45:00,215.71068,215.81868,215.71068,215.80584
2026-08-19 17:00:00,215.79099,215.82067,215.69609,215.74418
2026-08-19 17:15:00,215.73976,215.75998,215.68685,215.69084
2026-08-19 17:30:00,215.70131,215.7463,215.6711,215.69372
2026-08-19 17:45:00,215.69854,215.79381,215.68799,215.79079
2026-08-19 18:00:00,215.78033,215.807,215.73612,215.80382
2026-08-19 18:15:00,215.79703,215.80911,215.68573,215.70667
2026-08-19 18:30:00,215.71151,215.73084,215.62817,215.72341
2026-08-19 18:45:00,215.7076,215.8225,215.7076,215.73209
2026-08-19 19:00:00,215.72684,215.8156,215.72237,215.80021
2026-08-19 19:15:00,215.80142,215.85347,215.76769,215.77525
2026-08-19 19:30:00,215.78496,215.80243,215.67642,215.70215
2026-08-19 19:45:00,215.68955,215.73664,215.68714,215.71375
2026-08-19 20:00:00,215.70871,215.71805,215.64472,215.65351
2026-08-19 20:15:00,215.66764,215.72536,215.64467,215.7117
2026-08-19 20:30:00,215.69349,215.77908,215.69349,215.74991
2026-08-19 20:45:00,215.75425,215.75425,215.66199,215.66669
2026-08-19 21:00:00,215.67093,215.75253,215.64389,215.70527
2026-08-19 21:15:00,215.69384,215.71664,215.6531,215.68613
2026-08-19 21:30:00,215.68751,215.69133,215.64306,215.65884
2026-08-19 21:45:00,215.664,215.69483,215.63874,215.69414
2026-08-19 22:00:00,215.68754,215.72591,215.65029,215.7121
2026-08-19 22:15:00,215.70593,215.73084,215.62429,215.68329
2026-08-19 22:30:00,215.67713,215.6991,214.96268,215.34677
2026-08-19 22:45:00,215.32092,215.61004,215.26304,215.57752
2026-08-19 23:00:00,215.55015,215.6599,215.52336,215.5928
2026-08-19 23:15:00,215.61123,215.81855,215.56284,215.78193
2026-08-19 23:30:00,215.77058,215.85851,215.71475,215.81646
2026-08-19 23:45:00,215.833,215.8898,215.70223,215.80645
2026-08-20 00:00:00,215.82622,215.82622,215.59298,215.61658
2026-08-20 00:15:00,215.65958,215.65958,215.56045,215.62671
2026-08-20 00:30:00,215.61701,215.64471,215.37813,215.4355
2026-08-20 00:45:00,215.45399,215.56388,215.44968,215.55303
2026-08-20 01:00:00,215.53119,215.6919,215.46416,215.68246
2026-08-20 01:15:00,215.66199,215.66199,215.54749,215.64843
2026-08-20 01:30:00,215.62961,215.71577,215.582,215.5864
2026-08-20 01:45:00,215.59523,215.65459,215.54637,215.60811
2026-08-20 02:00:00,215.59167,215.64519,215.56546,215.62736
2026-08-20 02:15:00,215.6196,215.64382,215.57313,215.61231
2026-08-20 02:30:00,215.60416,215.62063,215.56084,215.57024
2026-08-20 02:45:00,215.5781,215.58897,215.53232,215.5446
2026-08-20 03:00:00,215.56471,215.63783,215.55154,215.63001
2026-08-20 03:15:00,215.62436,215.62436,215.51509,215.52259
2026-08-20 03:30:00,215.5269,215.59357,215.49238,215.5724
2026-08-20 03:45:00,215.56761,215.63609,215.53244,215.54516
2026-08-20 04:00:00,215.55507,215.59109,215.40968,215.43232
2026-08-20 04:15:00,215.42382,215.48752,215.40302,215.40624
2026-08-20 04:30:00,215.40801,215.43569,215.3326,215.40226
2026-08-20 04:45:00,215.39468,215.44529,215.382,215.4312
2026-08-20 05:00:00,215.42179,215.49079,215.37666,215.41393
2026-08-20 05:15:00,215.40406,215.41972,215.26799,215.27613
2026-08-20 05:30:00,215.28919,215.33632,215.25662,215.30708
2026-08-20 05:45:00,215.29236,215.37366,215.15066,215.16161
2026-08-20 06:00:00,215.18512,215.23393,215.14499,215.17668
2026-08-20 06:15:00,215.18094,215.22214,215.1582,215.22027
2026-08-20 06:30:00,215.20958,215.23942,215.15474,215.19455
2026-08-20 06:45:00,215.20033,215.23271,215.17436,215.20687
2026-08-20 07:00:00,215.20716,215.27297,215.04041,215.09697
2026-08-20 07:15:00,215.11338,215.27508,215.05842,215.217
2026-08-20 07:30:00,215.2113,215.2238,215.1514,215.2115
2026-08-20 07:45:00,215.20326,215.22473,215.11467,215.16568
2026-08-20 08:00:00,215.17365,215.20057,215.03078,215.09505
2026-08-20 08:15:00,215.1011,215.11398,215.07209,215.10386
2026-08-20 08:30:00,215.09982,215.17767,215.09463,215.17539
2026-08-20 08:45:00,215.16731,215.22632,215.15942,215.20409
2026-08-20 09:00:00,215.20879,215.27205,215.20529,215.24691
2026-08-20 09:15:00,215.24825,215.26128,215.20535,215.24145
2026-08-20 09:30:00,215.23405,215.2502,215.20157,215.23292
2026-08-20 09:45:00,215.21851,215.27435,215.21851,215.25849
2026-08-20 10:00:00,215.25018,215.40392,215.21289,215.38887
2026-08-20 10:15:00,215.38511,215.39814,215.32373,215.36207
2026-08-20 10:30:00,215.36298,215.39563,215.32312,215.37588
2026-08-20 10:45:00,215.37558,215.45825,215.3681,215.40258
2026-08-20 11:00:00,215.39152,215.50829,215.38845,215.46981
2026-08-20 11:15:00,215.47788,215.53895,215.46836,215.50008
2026-08-20 11:30:00,215.51264,215.63451,215.43096,215.62765
2026-08-20 11:45:00,215.60677,215.72444,215.60677,215.71258
2026-08-20 12:00:00,215.69257,215.75391,215.62445,215.69976
2026-08-20 12:15:00,215.70581,215.70581,215.56802,215.57189
2026-08-20 12:30:00,215.57711,215.57966,215.52252,215.54313
2026-08-20 12:45:00,215.53261,215.59174,215.53092,215.58796
2026-08-20 13:00:00,215.58469,215.64883,215.56452,215.57706
2026-08-20 13:15:00,215.59465,215.68859,215.56244,215.67769
2026-08-20 13:30:00,215.67198,215.7096,215.63964,215.70777
2026-08-20 13:45:00,215.70151,215.73219,215.66737,215.70182
2026-08-20 14:00:00,215.69782,215.74022,215.68117,215.73843
2026-08-20 14:15:00,215.73362,215.75648,215.69748,215.70049
2026-08-20 14:30:00,215.706,215.79401,215.706,215.79143
2026-08-20 14:45:00,215.78654,215.87833,215.77747,215.78593
2026-08-20 15:00:00,215.78981,215.83784,215.77619,215.80303
2026-08-20 15:15:00,215.80689,215.88405,215.78823,215.8613
2026-08-20 15:30:00,215.86782,215.93133,215.85672,215.89517
2026-08-20 15:45:00,215.88575,215.90841,215.77944,215.8072
2026-08-20 16:00:00,215.81267,215.84551,215.77973,215.78895
2026-08-20 16:15:00,215.80117,215.83057,215.62742,215.68917
2026-08-20 16:30:00,215.69875,215.72966,215.65311,215.67989
2026-08-20 16:45:00,215.68731,215.72938,215.64127,215.64837
2026-08-20 17:00:00,215.65867,215.667,215.57072,215.62645
2026-08-20 17:15:00,215.62156,215.81348,215.60562,215.80788
2026-08-20 17:30:00,215.79836,215.96874,215.79493,215.94702
2026-08-20 17:45:00,215.94289,215.97514,215.88022,215.90322
2026-08-20 18:00:00,215.92546,215.95023,215.87607,215.92201
2026-08-20 18:15:00,215.91744,216.07933,215.90557,216.0707
2026-08-20 18:30:00,216.05808,216.10096,216.00387,216.09874
2026-08-20 18:45:00,216.09195,216.19282,216.07397,216.1247
2026-08-20 19:00:00,216.13211,216.14585,216.03204,216.07594
2026-08-20 19:15:00,216.06385,216.09089,215.86735,215.97403
2026-08-20 19:30:00,215.9549,216.0319,215.94239,215.99611
2026-08-20 19:45:00,216.00557,216.1199,215.98623,216.11774
2026-08-20 20:00:00,216.11195,216.16299,216.00194,216.15814
2026-08-20 20:15:00,216.14857,216.16417,216.08971,216.15304
2026-08-20 20:30:00,216.14316,216.17878,216.12292,216.14332
2026-08-20 20:45:00,216.14034,216.25345,216.12238,216.25078
2026-08-20 21:00:00,216.24049,216.30834,216.18549,216.23872
2026-08-20 21:15:00,216.22926,216.29486,216.22926,216.26076
2026-08-20 21:30:00,216.24733,216.31894,216.21922,216.27675
2026-08-20 21:45:00,216.28667,216.34684,216.25595,216.30614
2026-08-20 22:00:00,216.29978,216.41648,216.28044,216.40992
2026-08-20 22:15:00,216.40522,216.44207,216.32644,216.35437
2026-08-20 22:30:00,216.34274,216.40572,216.34274,216.39405
2026-08-20 22:45:00,216.38871,216.4688,216.32911,216.46592
2026-08-20 23:00:00,216.45659,216.49955,216.40305,216.46047
2026-08-20 23:15:00,216.45579,216.45987,216.35272,216.38789
2026-08-20 23:30:00,216.39722,216.48354,216.34922,216.39853
2026-08-20 23:45:00,216.40642,216.54694,216.40642,216.53622
2026-08-21 00:00:00,216.50676,216.64985,216.48175,216.48855
2026-08-21 00:15:00,216.49629,216.55058,216.43945,216.54371
2026-08-21 00:30:00,216.53193,216.54503,216.45169,216.47934
2026-08-21 00:45:00,216.47051,216.48319,216.38911,216.41121
2026-08-21 01:00:00,216.40674,216.54527,216.3257,216.53288
2026-08-21 01:15:00,216.52444,216.62379,216.48039,216.60928
2026-08-21 01:30:00,216.58528,216.68568,216.57366,216.66799
2026-08-21 01:45:00,216.64016,216.72811,216.62368,216.65244
2026-08-21 02:00:00,216.66532,216.70208,216.61279,216.68195
2026-08-21 02:15:00,216.68909,216.80222,216.6814,216.79348
2026-08-21 02:30:00,216.78043,216.81438,216.7128,216.76513
2026-08-21 02:45:00,216.75695,216.80088,216.72504,216.79729
2026-08-21 03:00:00,216.7916,216.7916,216.6609,216.68828
2026-08-21 03:15:00,216.68091,216.72897,216.67158,216.71795
2026-08-21 03:30:00,216.71815,216.75924,216.70544,216.73409
2026-08-21 03:45:00,216.73763,216.77865,216.72203,216.76231
2026-08-21 04:00:00,216.76532,216.8065,216.72403,216.79937
2026-08-21 04:15:00,216.79294,216.84767,216.76951,216.843
2026-08-21 04:30:00,216.83425,216.85458,216.81079,216.82551
2026-08-21 04:45:00,216.81862,216.8819,216.79853,216.87873
2026-08-21 05:00:00,216.87542,216.90507,216.86024,216.9001
2026-08-21 05:15:00,216.89289,216.90405,216.86968,216.90017
2026-08-21 05:30:00,216.89219,216.90623,216.84554,216.85822
2026-08-21 05:45:00,216.86346,216.90677,216.86346,216.87492
2026-08-21 06:00:00,216.8798,216.88238,216.84485,216.87104
2026-08-21 06:15:00,216.86555,216.88423,216.851,216.8645
2026-08-21 06:30:00,216.86371,216.87432,216.83866,216.87051
2026-08-21 06:45:00,216.86508,216.88103,216.83105,216.83387
2026-08-21 07:00:00,216.83756,216.88262,216.69711,216.80877
2026-08-21 07:15:00,216.80491,216.84238,216.77982,216.82629
2026-08-21 07:30:00,216.82186,216.84154,216.78743,216.83758
2026-08-21 07:45:00,216.8318,216.84479,216.80591,216.84012
2026-08-21 08:00:00,216.83084,216.85221,216.81739,216.83292
2026-08-21 08:15:00,216.82895,216.83524,216.76939,216.79584
2026-08-21 08:30:00,216.79203,216.81579,216.78425,216.79118
2026-08-21 08:45:00,216.79177,216.80131,216.75889,216.76381
2026-08-21 09:00:00,216.76522,216.7799,216.73342,216.73994
2026-08-21 09:15:00,216.75055,216.7526,216.71559,216.72188
2026-08-21 09:30:00,216.72086,216.80312,216.71345,216.75531
2026-08-21 09:45:00,216.7493,216.82782,216.73134,216.82274
2026-08-21 10:00:00,216.81533,216.91591,216.75024,216.91449
2026-08-21 10:15:00,216.90907,216.95345,216.85501,216.94321
2026-08-21 10:30:00,216.91905,217.01655,216.91411,216.98392
2026-08-21 10:45:00,216.97703,217.04875,216.95311,216.9973
2026-08-21 11:00:00,216.99403,217.01963,216.96688,217.00649
2026-08-21 11:15:00,216.99255,216.99325,216.89244,216.91475
2026-08-21 11:30:00,216.89722,216.95905,216.87702,216.93542
2026-08-21 11:45:00,216.92234,216.95066,216.88676,216.89443
2026-08-21 12:00:00,216.89575,216.94022,216.86124,216.933
2026-08-21 12:15:00,216.92636,217.00737,216.92595,216.9791
2026-08-21 12:30:00,216.97693,217.02363,216.89291,216.95171
2026-08-21 12:45:00,216.94658,217.02123,216.92819,216.96553
2026-08-21 13:00:00,216.97476,217.00637,216.95383,216.99725
2026-08-21 13:15:00,216.99223,217.01232,216.95593,217.00643
2026-08-21 13:30:00,217.00169,217.06927,216.98886,217.0355
2026-08-21 13:45:00,217.03116,217.04248,216.96152,216.98237
2026-08-21 14:00:00,216.97935,216.99552,216.90759,216.94802
2026-08-21 14:15:00,216.94232,216.96354,216.91024,216.96096
2026-08-21 14:30:00,216.95498,216.98083,216.9222,216.97784
2026-08-21 14:45:00,216.97224,217.00116,216.93251,216.93488
2026-08-21 15:00:00,216.93952,216.96411,216.92064,216.92452
2026-08-21 15:15:00,216.93338,216.96875,216.93338,216.95419
2026-08-21 15:30:00,216.95128,216.95128,216.85641,216.87653
2026-08-21 15:45:00,216.86897,216.87695,216.78465,216.86217
2026-08-21 16:00:00,216.85524,216.85925,216.74465,216.81712
2026-08-21 16:15:00,216.82094,216.92997,216.80045,216.92391
2026-08-21 16:30:00,216.90888,216.94019,216.87601,216.91211
2026-08-21 16:45:00,216.90168,216.91732,216.83269,216.91073
2026-08-21 17:00:00,216.8969,216.92352,216.79204,216.88692
2026-08-21 17:15:00,216.8781,216.9142,216.85644,216.87284
2026-08-21 17:30:00,216.86436,216.88477,216.73034,216.78799
2026-08-21 17:45:00,216.77192,216.77192,216.56754,216.62648
2026-08-21 18:00:00,216.62893,216.66627,216.55744,216.66344
2026-08-21 18:15:00,216.65831,216.67496,216.5503,216.66807
2026-08-21 18:30:00,216.65328,216.67401,216.53303,216.5781
2026-08-21 18:45:00,216.55189,216.6607,216.55189,216.61105
2026-08-21 19:00:00,216.58474,216.67701,216.5673,216.62044
2026-08-21 19:15:00,216.61166,216.63004,216.50497,216.51297
2026-08-21 19:30:00,216.52671,216.57866,216.48437,216.57385
2026-08-21 19:45:00,216.56112,216.63905,216.54347,216.59458
2026-08-21 20:00:00,216.57942,216.69294,216.57023,216.6611
2026-08-21 20:15:00,216.67133,216.69148,216.63438,216.63906
2026-08-21 20:30:00,216.64845,216.69869,216.62392,216.68596
2026-08-21 20:45:00,216.6824,216.78053,216.58656,216.59658
2026-08-21 21:00:00,216.6067,216.7448,216.587,216.73808
2026-08-21 21:15:00,216.72673,216.77087,216.64736,216.65062
2026-08-21 21:30:00,216.65557,216.69449,216.59291,216.6415
2026-08-21 21:45:00,216.63953,216.72906,216.61836,216.72524
2026-08-21 22:00:00,216.71858,216.74641,216.68248,216.71313
2026-08-21 22:15:00,216.71503,216.79386,216.68798,216.70477
2026-08-21 22:30:00,216.70712,216.7137,216.55469,216.65238
2026-08-21 22:45:00,216.63427,216.66598,216.56898,216.57803
2026-08-21 23:00:00,216.58709,216.63258,216.54075,216.54409
2026-08-21 23:15:00,216.54712,216.63545,216.54712,216.62459
2026-08-21 23:30:00,216.61385,216.65714,216.58549,216.64588
2026-08-21 23:45:00,216.6376,216.72361,216.62122,216.65514
2026-08-22 00:00:00,216.65006,216.70469,216.60767,216.67454
2026-08-22 00:15:00,216.68547,216.71235,216.61399,216.61717
2026-08-22 00:30:00,216.62672,216.65441,216.52554,216.58452
2026-08-22 00:45:00,216.56565,216.64107,216.52732,216.58119
2026-08-22 01:00:00,216.60103,216.70989,216.5601,216.70485
2026-08-22 01:15:00,216.69217,216.72762,216.64956,216.69295
2026-08-22 01:30:00,216.70176,216.74762,216.67357,216.73471
2026-08-22 01:45:00,216.72148,216.81662,216.72148,216.79248
2026-08-22 02:00:00,216.79722,216.86997,216.77462,216.82794
2026-08-22 02:15:00,216.82294,216.85525,216.75018,216.84955
2026-08-22 02:30:00,216.84706,216.8788,216.84075,216.86616
2026-08-22 02:45:00,216.85789,216.86953,216.8084,216.86832
2026-08-22 03:00:00,216.86187,216.94751,216.86187,216.92558
2026-08-22 03:15:00,216.93268,216.97615,216.90566,216.94657
2026-08-22 03:30:00,216.95347,217.01014,216.91544,216.99878
2026-08-22 03:45:00,216.99248,217.06215,216.97161,217.05879
2026-08-22 04:00:00,217.04976,217.10288,217.04022,217.06823
2026-08-22 04:15:00,217.07564,217.10109,217.05823,217.09876
2026-08-22 04:30:00,217.09588,217.11211,217.07825,217.09786
2026-08-22 04:45:00,217.10082,217.11672,217.08154,217.10475
2026-08-22 05:00:00,217.09896,217.11027,217.03442,217.07378
2026-08-22 05:15:00,217.06786,217.08059,217.04289,217.04387
2026-08-22 05:30:00,217.04467,217.06782,216.99017,217.00397
2026-08-22 05:45:00,216.99988,217.02823,216.9699,216.99639
2026-08-22 06:00:00,216.99018,217.01964,216.98031,216.99267
2026-08-22 06:15:00,216.99567,216.99623,216.96392,216.9865
2026-08-22 06:30:00,216.98425,216.99275,216.91088,216.91384
2026-08-22 06:45:00,216.92039,216.94105,216.90255,216.9373
2026-08-22 07:00:00,216.92993,216.95326,216.82276,216.93731
2026-08-22 07:15:00,216.93321,216.95069,216.91058,216.93434
2026-08-22 07:30:00,216.93071,216.97684,216.85884,216.93788
2026-08-22 07:45:00,216.93313,216.95844,216.83236,216.92264
2026-08-22 08:00:00,216.92857,216.94574,216.80293,216.89552
2026-08-22 08:15:00,216.89506,216.90981,216.87307,216.90418
2026-08-22 08:30:00,216.89762,216.91032,216.86799,216.88276
2026-08-22 08:45:00,216.8865,216.9047,216.81199,216.88179
2026-08-22 09:00:00,216.88298,216.91326,216.80172,216.90767
2026-08-22 09:15:00,216.90458,216.91546,216.88008,216.89627
2026-08-22 09:30:00,216.8917,216.91008,216.88881,216.89556
2026-08-22 09:45:00,216.89274,216.90224,216.88875,216.89039
2026-08-22 10:00:00,216.89193,216.94695,216.82772,216.94273
2026-08-22 10:15:00,216.93773,216.95121,216.92676,216.94558
2026-08-22 10:30:00,216.94095,216.95071,216.93723,216.94387
2026-08-22 10:45:00,216.94283,216.95183,216.9268,216.94274
2026-08-22 11:00:00,216.94411,216.97456,216.90135,216.94565
2026-08-22 11:15:00,216.94137,216.95069,216.92965,216.94498
2026-08-22 11:30:00,216.94027,216.94965,216.90214,216.93864
2026-08-22 11:45:00,216.93385,216.95362,216.93385,216.94021
2026-08-22 12:00:00,216.94153,216.95142,216.88898,216.94613
2026-08-22 12:15:00,216.94247,216.95038,216.93725,216.94478
2026-08-22 12:30:00,216.9398,216.95059,216.92496,216.9421
2026-08-22 12:45:00,216.93935,216.94279,216.88728,216.91954
2026-08-22 13:00:00,216.91047,216.93482,216.85503,216.93216
2026-08-22 13:15:00,216.92704,216.93814,216.87307,216.91997
2026-08-22 13:30:00,216.91555,216.93468,216.90721,216.93122
2026-08-22 13:45:00,216.92625,216.93312,216.90903,216.91394
2026-08-22 14:00:00,216.91903,216.93461,216.86488,216.92368
2026-08-22 14:15:00,216.92035,216.9429,216.89032,216.93741
2026-08-22 14:30:00,216.93363,216.93971,216.90848,216.93405
2026-08-22 14:45:00,216.92997,216.93355,216.91392,216.91851
2026-08-22 15:00:00,216.92034,216.93051,216.85478,216.92622
2026-08-22 15:15:00,216.92256,216.94051,216.90845,216.92039
2026-08-22 15:30:00,216.91979,216.9345,216.90635,216.93024
2026-08-22 15:45:00,216.92581,216.93615,216.91202,216.91855
2026-08-22 16:00:00,216.92109,216.94609,216.86635,216.94204
2026-08-22 16:15:00,216.93798,216.95044,216.91732,216.9384
2026-08-22 16:30:00,216.93216,216.94958,216.9048,216.93626
2026-08-22 16:45:00,216.93037,216.94572,216.91487,216.93156
2026-08-22 17:00:00,216.93229,216.95263,216.88087,216.94444
2026-08-22 17:15:00,216.94131,216.95151,216.91874,216.9324
2026-08-22 17:30:00,216.93353,216.95413,216.91885,216.95086
2026-08-22 17:45:00,216.94268,216.94268,216.91615,216.92143
2026-08-22 18:00:00,216.92177,216.93983,216.90947,216.93447
2026-08-22 18:15:00,216.93089,216.94511,216.88971,216.90836
2026-08-22 18:30:00,216.91394,216.9366,216.90279,216.93474
2026-08-22 18:45:00,216.93043,216.94084,216.90417,216.92067
2026-08-22 19:00:00,216.92059,216.95071,216.90146,216.92487
2026-08-22 19:15:00,216.91873,216.93876,216.887,216.91244
2026-08-22 19:30:00,216.91938,216.94933,216.88109,216.94813
2026-08-22 19:45:00,216.94361,216.95414,216.94094,216.94777
2026-08-22 20:00:00,216.94415,216.95165,216.89273,216.94315
2026-08-22 20:15:00,216.9439,216.95286,216.91553,216.9397
2026-08-22 20:30:00,216.93389,216.95174,216.93374,216.94748
2026-08-22 20:45:00,216.9438,216.95245,216.92204,216.94615
2026-08-22 21:00:00,216.94177,216.95209,216.93935,216.94219
2026-08-22 21:15:00,216.94233,216.96224,216.91209,216.94089
2026-08-22 21:30:00,216.94212,216.95464,216.85661,216.86674
2026-08-22 21:45:00,216.88168,216.93544,216.88168,216.93038
2026-08-22 22:00:00,216.92571,216.96075,216.91082,216.92268
2026-08-22 22:15:00,216.92041,216.94274,216.91716,216.93879
2026-08-22 22:30:00,216.93299,216.94328,216.90699,216.93062
2026-08-22 22:45:00,216.92713,216.9444,216.90802,216.91257
2026-08-22 23:00:00,216.91616,216.9259,216.91291,216.91772
2026-08-22 23:15:00,216.91616,216.96009,216.83702,216.86011
2026-08-22 23:30:00,216.86172,216.87141,216.8585,216.86615
2026-08-22 23:45:00,216.86172,216.88539,216.84048,216.88049
2026-08-23 00:00:00,216.87569,216.94152,216.84259,216.91027
2026-08-23 00:15:00,216.91455,216.9267,216.91397,216.91582
2026-08-23 00:30:00,216.91729,216.92705,216.88428,216.91671
2026-08-23 00:45:00,216.91174,216.92219,216.90938,216.91707
2026-08-23 01:00:00,216.91251,216.96929,216.84277,216.90513
2026-08-23 01:15:00,216.90187,216.91259,216.88598,216.88746
2026-08-23 01:30:00,216.89141,216.90355,216.88989,216.89342
2026-08-23 01:45:00,216.8938,216.90311,216.87904,216.88977
2026-08-23 02:00:00,216.88575,216.91571,216.85276,216.87428
2026-08-23 02:15:00,216.87027,216.8783,216.86252,216.86729
2026-08-23 02:30:00,216.86771,216.95876,216.83919,216.84593
2026-08-23 02:45:00,216.86156,216.93084,216.86156,216.92771
2026-08-23 03:00:00,216.92423,216.98849,216.83826,216.86954
2026-08-23 03:15:00,216.865,216.89783,216.86224,216.88658
2026-08-23 03:30:00,216.86786,216.92184,216.85751,216.89647
2026-08-23 03:45:00,216.89801,216.93092,216.89628,216.93022
2026-08-23 04:00:00,216.92731,216.9503,216.82565,216.85696
2026-08-23 04:15:00,216.85214,216.8806,216.80809,216.86029
2026-08-23 04:30:00,216.85455,216.92332,216.85455,216.87878
2026-08-23 04:45:00,216.8975,216.93681,216.8975,216.93323
2026-08-23 05:00:00,216.92864,216.93047,216.8602,216.89012
2026-08-23 05:15:00,216.88453,216.88453,216.87146,216.87833
2026-08-23 05:30:00,216.87636,216.88606,216.8664,216.86987
2026-08-23 05:45:00,216.87144,216.88231,216.8683,216.87735
2026-08-23 06:00:00,216.87271,216.89867,216.77821,216.89618
2026-08-23 06:15:00,216.89045,216.9122,216.89045,216.90591
2026-08-23 06:30:00,216.90173,216.91529,216.88394,216.90456
2026-08-23 06:45:00,216.90592,216.9161,216.88377,216.89829
2026-08-23 07:00:00,216.89311,216.89806,216.80727,216.89246
2026-08-23 07:15:00,216.88808,216.89782,216.87559,216.8824
2026-08-23 07:30:00,216.87884,216.91903,216.87437,216.89403
2026-08-23 07:45:00,216.90806,216.94462,216.85991,216.93443
2026-08-23 08:00:00,216.93493,216.9408,216.86211,216.88217
2026-08-23 08:15:00,216.87832,216.88878,216.87573,216.88321
2026-08-23 08:30:00,216.87903,216.88738,216.86839,216.87446
2026-08-23 08:45:00,216.87467,216.88449,216.87151,216.87357
2026-08-23 09:00:00,216.87474,216.88041,216.79251,216.82215
2026-08-23 09:15:00,216.81922,216.85694,216.79805,216.85044
2026-08-23 09:30:00,216.84516,216.86479,216.84516,216.85745
2026-08-23 09:45:00,216.85509,216.8653,216.85025,216.854
2026-08-23 10:00:00,216.85554,216.95218,216.84213,216.93265
2026-08-23 10:15:00,216.92949,216.92949,216.9044,216.91981
2026-08-23 10:30:00,216.91498,216.93029,216.89523,216.90467
2026-08-23 10:45:00,216.90284,216.91321,216.90038,216.90188
2026-08-23 11:00:00,216.9035,216.92119,216.83936,216.90158
2026-08-23 11:15:00,216.89726,216.90779,216.89497,216.90312
2026-08-23 11:30:00,216.89826,216.89979,216.88347,216.89233
2026-08-23 11:45:00,216.89012,216.89975,216.87708,216.88142
2026-08-23 12:00:00,216.88299,216.89319,216.8803,216.88843
2026-08-23 12:15:00,216.88361,216.89204,216.87213,216.88297
2026-08-23 12:30:00,216.87833,216.93684,216.86981,216.9252
2026-08-23 12:45:00,216.92226,216.92338,216.84517,216.90361
2026-08-23 13:00:00,216.90485,216.91457,216.88875,216.9003
2026-08-23 13:15:00,216.89483,216.90495,216.89221,216.89971
2026-08-23 13:30:00,216.89547,216.90523,216.88192,216.89154
2026-08-23 13:45:00,216.88778,216.89761,216.88476,216.88721
2026-08-23 14:00:00,216.8879,216.89242,216.87481,216.881
2026-08-23 14:15:00,216.88182,216.92048,216.83443,216.87802
2026-08-23 14:30:00,216.87201,216.89691,216.87201,216.89147
2026-08-23 14:45:00,216.88715,216.89581,216.87507,216.88417
2026-08-23 15:00:00,216.88114,216.89095,216.87809,216.87995
2026-08-23 15:15:00,216.88125,216.88601,216.87091,216.87934
2026-08-23 15:30:00,216.8765,216.88627,216.86798,216.87641
2026-08-23 15:45:00,216.87161,216.88248,216.8697,216.87487
2026-08-23 16:00:00,216.87273,216.98928,216.84529,216.91096
2026-08-23 16:15:00,216.91262,216.92373,216.91034,216.91758
2026-08-23 16:30:00,216.91407,216.9209,216.89531,216.90763
2026-08-23 16:45:00,216.90276,216.91251,216.88613,216.89433
2026-08-23 17:00:00,216.89269,216.90345,216.89072,216.89211
2026-08-23 17:15:00,216.89373,216.9033,216.87975,216.89075
2026-08-23 17:30:00,216.88639,216.90583,216.88322,216.90292
2026-08-23 17:45:00,216.8981,216.95448,216.81925,216.85853
2026-08-23 18:00:00,216.84825,216.85268,216.80773,216.84153
2026-08-23 18:15:00,216.84292,216.85266,216.83971,216.84802
2026-08-23 18:30:00,216.84292,216.85239,216.83763,216.84718
2026-08-23 18:45:00,216.84272,216.85244,216.83948,216.84613
2026-08-23 19:00:00,216.84272,216.85231,216.83921,216.84158
2026-08-23 19:15:00,216.84255,216.86514,216.8393,216.85336
2026-08-23 19:30:00,216.85383,216.86345,216.85061,216.8578
2026-08-23 19:45:00,216.85383,216.86352,216.848,216.85549
2026-08-23 20:00:00,216.85145,216.86102,216.84821,216.85106
2026-08-23 20:15:00,216.85145,216.8612,216.84819,216.85039
2026-08-23 20:30:00,216.85145,216.86119,216.84839,216.85473
2026-08-23 20:45:00,216.85145,216.86113,216.84823,216.85597
2026-08-23 21:00:00,216.85145,216.86116,216.84831,216.85407
2026-08-23 21:15:00,216.85145,216.8612,216.84821,216.85
2026-08-23 21:30:00,216.85145,216.86093,216.83741,216.84606
2026-08-23 21:45:00,216.84287,216.85262,216.83966,216.84769
2026-08-23 22:00:00,216.84287,216.85255,216.8397,216.84465
2026-08-23 22:15:00,216.84287,216.8526,216.83976,216.84126
2026-08-23 22:30:00,216.84287,216.85263,216.83964,216.84686
2026-08-23 22:45:00,216.84287,216.85237,216.83962,216.84775
2026-08-23 23:00:00,216.84287,216.85262,216.83966,216.84494
2026-08-23 23:15:00,216.84287,216.85255,216.83376,216.83572
2026-08-23 23:30:00,216.83728,216.847,216.81925,216.83795
2026-08-23 23:45:00,216.83581,216.85023,216.80104,216.84271
2026-08-24 00:00:00,216.83802,216.91788,216.8346,216.8722
2026-08-24 00:15:00,216.87664,216.89528,216.86992,216.88431
2026-08-24 00:30:00,216.88593,216.89786,216.88406,216.89336
2026-08-24 00:45:00,216.88818,216.89587,216.87236,216.88179
2026-08-24 01:00:00,216.87741,216.87741,216.55833,216.735
2026-08-24 01:15:00,216.73109,216.74074,216.7279,216.73056
2026-08-24 01:30:00,216.73109,216.74748,216.72382,216.73703
2026-08-24 01:45:00,216.73796,216.74771,216.73501,216.74142
2026-08-24 02:00:00,216.73796,216.92708,216.63855,216.92142
2026-08-24 02:15:00,216.91711,216.93227,216.88898,216.92122
2026-08-24 02:30:00,216.92157,216.93143,216.89119,216.91099
2026-08-24 02:45:00,216.90362,216.91001,216.86875,216.8785
2026-08-24 03:00:00,216.87539,216.93344,216.81527,216.92831
2026-08-24 03:15:00,216.92376,216.94309,216.8245,216.828
2026-08-24 03:30:00,216.83309,216.89354,216.81537,216.88228
2026-08-24 03:45:00,216.88378,216.91316,216.88061,216.8904
2026-08-24 04:00:00,216.88709,216.9443,216.86128,216.92392
2026-08-24 04:15:00,216.91755,217.07885,216.79372,216.9204
2026-08-24 04:30:00,216.92232,216.95476,216.89725,216.92043
2026-08-24 04:45:00,216.91986,217.15282,216.67716,216.91301
2026-08-24 05:00:00,216.88951,216.9713,216.52163,216.60551
2026-08-24 05:15:00,216.67017,216.83041,216.59401,216.64816
2026-08-24 05:30:00,216.70812,216.99019,216.53532,216.65432
2026-08-24 05:45:00,216.68039,216.89464,216.63008,216.65303
2026-08-24 06:00:00,216.69641,216.96752,216.57023,216.5976
2026-08-24 06:15:00,216.63475,216.9074,216.61223,216.66316
2026-08-24 06:30:00,216.67636,216.86726,216.55407,216.69453
2026-08-24 06:45:00,216.69915,216.88442,216.66895,216.81686
2026-08-24 07:00:00,216.82532,216.9717,216.79186,216.8256
2026-08-24 07:15:00,216.82123,216.8583,216.54863,216.57257
2026-08-24 07:30:00,216.57257,216.7593,216.31466,216.67613
2026-08-24 07:45:00,216.66206,216.84197,216.50972,216.52595
2026-08-24 08:00:00,216.56525,216.83866,216.56525,216.83746
2026-08-24 08:15:00,216.83163,216.90371,216.82281,216.89986
2026-08-24 08:30:00,216.89501,216.91137,216.87769,216.88503
2026-08-24 08:45:00,216.88639,216.89296,216.86862,216.88574
2026-08-24 09:00:00,216.88219,216.90823,216.86249,216.88676
2026-08-24 09:15:00,216.8818,216.96003,216.88047,216.95756
2026-08-24 09:30:00,216.95032,216.97599,216.92083,216.9721
2026-08-24 09:45:00,216.97086,217.00216,216.95534,216.96097
2026-08-24 10:00:00,216.9646,216.96665,216.86295,216.86815
2026-08-24 10:15:00,216.87582,216.89679,216.73758,216.75368
2026-08-24 10:30:00,216.74852,216.75671,216.67282,216.72192
2026-08-24 10:45:00,216.71554,216.79472,216.69958,216.74176
2026-08-24 11:00:00,216.74811,216.80014,216.72447,216.77659
2026-08-24 11:15:00,216.7792,216.85355,216.76847,216.8478
2026-08-24 11:30:00,216.83991,216.84555,216.79081,216.79599
2026-08-24 11:45:00,216.80309,216.82704,216.77469,216.78708
2026-08-24 12:00:00,216.78989,216.83879,216.75825,216.83298
2026-08-24 12:15:00,216.82279,216.8521,216.79911,216.84251
2026-08-24 12:30:00,216.83212,216.87397,216.83212,216.85776
2026-08-24 12:45:00,216.85935,216.88224,216.83819,216.87958
2026-08-24 13:00:00,216.87468,216.92619,216.86515,216.8797
2026-08-24 13:15:00,216.88657,216.91258,216.87628,216.8805
2026-08-24 13:30:00,216.88456,216.92477,216.8754,216.90815
2026-08-24 13:45:00,216.90051,216.905,216.86704,216.87225
2026-08-24 14:00:00,216.87505,216.89146,216.77395,216.8279
2026-08-24 14:15:00,216.81841,216.83577,216.73204,216.74303
2026-08-24 14:30:00,216.75983,216.80516,216.7513,216.79502
2026-08-24 14:45:00,216.78989,216.84164,216.78768,216.80209
2026-08-24 15:00:00,216.8056,216.87188,216.80068,216.86719
2026-08-24 15:15:00,216.86031,216.86865,216.8223,216.86582
2026-08-24 15:30:00,216.85879,216.85879,216.80536,216.83158
2026-08-24 15:45:00,216.83821,216.86173,216.80437,216.80947
2026-08-24 16:00:00,216.81753,216.82625,216.75642,216.79431
2026-08-24 16:15:00,216.79256,216.83904,216.75547,216.80991
2026-08-24 16:30:00,216.81207,216.87911,216.80259,216.8458
2026-08-24 16:45:00,216.84668,216.97069,216.8097,216.96774
2026-08-24 17:00:00,216.96059,217.08821,216.94754,217.08469
2026-08-24 17:15:00,217.0776,217.15025,217.05235,217.13632
2026-08-24 17:30:00,217.13721,217.16221,217.05484,217.06728
2026-08-24 17:45:00,217.09097,217.09097,216.98057,217.01045
2026-08-24 18:00:00,217.01398,217.1135,216.97297,217.07096
2026-08-24 18:15:00,217.07423,217.1044,216.99894,217.04307
2026-08-24 18:30:00,217.03767,217.10523,217.03223,217.05706
2026-08-24 18:45:00,217.06682,217.06682,216.88013,216.88827
2026-08-24 19:00:00,216.90194,216.95064,216.86009,216.94905
2026-08-24 19:15:00,216.94626,217.00755,216.92243,216.95571
2026-08-24 19:30:00,216.96775,216.98934,216.90484,216.97075
2026-08-24 19:45:00,216.95575,217.05952,216.95575,217.05615
2026-08-24 20:00:00,217.04863,217.07873,217.01071,217.01649
2026-08-24 20:15:00,217.02059,217.02692,216.96564,216.99125
2026-08-24 20:30:00,216.99828,217.0133,216.88064,216.88693
2026-08-24 20:45:00,216.89473,216.95525,216.89473,216.93699
2026-08-24 21:00:00,216.93268,217.00394,216.91767,216.97748
2026-08-24 21:15:00,216.98282,216.99478,216.94436,216.98315
2026-08-24 21:30:00,216.97877,217.03668,216.85109,216.89006
2026-08-24 21:45:00,216.90203,216.98408,216.84971,216.98129
2026-08-24 22:00:00,216.97245,216.97245,216.91399,216.92973
2026-08-24 22:15:00,216.93207,216.93207,216.77909,216.82988
2026-08-24 22:30:00,216.85126,216.92126,216.83301,216.86334
2026-08-24 22:45:00,216.87745,217.01148,216.84323,216.98467
2026-08-24 23:00:00,216.98596,217.11705,216.9752,217.11414
2026-08-24 23:15:00,217.10724,217.1833,217.09841,217.17066
2026-08-24 23:30:00,217.1611,217.1649,217.10426,217.13312
2026-08-24 23:45:00,217.13451,217.14304,217.03676,217.05028
2026-08-25 00:00:00,217.05404,217.08038,216.98867,217.07625
2026-08-25 00:15:00,217.07191,217.11553,217.02763,217.08495
2026-08-25 00:30:00,217.08092,217.0833,217.02414,217.05869
2026-08-25 00:45:00,217.05183,217.11661,217.00838,217.05196
2026-08-25 01:00:00,217.04067,217.10247,217.02474,217.05631
2026-08-25 01:15:00,217.05164,217.09211,217.03344,217.08868
2026-08-25 01:30:00,217.08315,217.09152,217.02674,217.02823
2026-08-25 01:45:00,217.0299,217.0299,216.94149,216.96969
2026-08-25 02:00:00,216.95937,217.00672,216.87838,216.88489
2026-08-25 02:15:00,216.88492,216.90935,216.86532,216.90304
2026-08-25 02:30:00,216.89631,216.95124,216.83305,216.90467
2026-08-25 02:45:00,216.89302,216.9389,216.8623,216.93063
2026-08-25 03:00:00,216.91231,216.92554,216.83041,216.8874
2026-08-25 03:15:00,216.87906,216.93302,216.87199,216.90194
2026-08-25 03:30:00,216.9028,216.94337,216.89636,216.92055
2026-08-25 03:45:00,216.91158,216.93464,216.88543,216.91087
2026-08-25 04:00:00,216.91425,216.94504,216.90212,216.94094
2026-08-25 04:15:00,216.93531,216.99872,216.91354,216.99379
2026-08-25 04:30:00,216.99211,217.01235,216.98099,216.98915
2026-08-25 04:45:00,216.99447,217.02087,216.96095,216.98764
2026-08-25 05:00:00,216.98175,216.99537,216.93517,216.94652
2026-08-25 05:15:00,216.94098,216.98255,216.93341,216.94477
2026-08-25 05:30:00,216.94559,216.95968,216.89503,216.91269
2026-08-25 05:45:00,216.91462,216.95802,216.89263,216.95238
2026-08-25 06:00:00,216.94082,216.95724,216.91566,216.93787
2026-08-25 06:15:00,216.9331,216.94682,216.92068,216.92995
2026-08-25 06:30:00,216.92169,216.94287,216.89159,216.89235
2026-08-25 06:45:00,216.89514,216.90709,216.84862,216.86505
2026-08-25 07:00:00,216.86892,216.94674,216.85324,216.85967
2026-08-25 07:15:00,216.86536,216.91459,216.85347,216.86769
2026-08-25 07:30:00,216.86693,216.90295,216.80281,216.88789
2026-08-25 07:45:00,216.87141,216.97869,216.87141,216.92575
2026-08-25 08:00:00,216.92187,216.92838,216.84981,216.8952
2026-08-25 08:15:00,216.8949,216.93674,216.88796,216.93139
2026-08-25 08:30:00,216.92709,216.93584,216.90682,216.92948
2026-08-25 08:45:00,216.92331,216.93458,216.91196,216.91793
2026-08-25 09:00:00,216.92112,216.92939,216.88034,216.88784
2026-08-25 09:15:00,216.88331,216.96103,216.8793,216.95629
2026-08-25 09:30:00,216.95109,216.98949,216.9471,216.98721
2026-08-25 09:45:00,216.98247,217.03479,216.97917,217.03261
2026-08-25 10:00:00,217.02841,217.04819,216.99427,217.01222
2026-08-25 10:15:00,217.01839,217.06644,217.0064,217.06377
2026-08-25 10:30:00,217.05844,217.06667,217.02189,217.04464
2026-08-25 10:45:00,217.04,217.12804,217.00919,217.12306
2026-08-25 11:00:00,217.11602,217.13879,217.04029,217.04285
2026-08-25 11:15:00,217.04617,217.07762,217.01474,217.04611
2026-08-25 11:30:00,217.03894,217.14419,217.02587,217.11961
2026-08-25 11:45:00,217.11702,217.17461,217.09398,217.13674
2026-08-25 12:00:00,217.13747,217.19175,217.11731,217.15433
2026-08-25 12:15:00,217.15624,217.17946,217.13869,217.15367
2026-08-25 12:30:00,217.16088,217.20959,217.14317,217.20176
2026-08-25 12:45:00,217.19903,217.27736,217.19005,217.24124
2026-08-25 13:00:00,217.24242,217.27056,217.21065,217.2525
2026-08-25 13:15:00,217.25802,217.2678,217.22365,217.23525
2026-08-25 13:30:00,217.22987,217.24776,217.19723,217.21173
2026-08-25 13:45:00,217.20822,217.20822,217.15055,217.15161
2026-08-25 14:00:00,217.15417,217.16732,217.11495,217.11796
2026-08-25 14:15:00,217.12549,217.14125,217.09174,217.11216
2026-08-25 14:30:00,217.10814,217.11968,217.01172,217.01665
2026-08-25 14:45:00,217.02067,217.07929,216.96205,217.07534
2026-08-25 15:00:00,217.06854,217.13561,217.05937,217.11676
2026-08-25 15:15:00,217.12104,217.14678,217.08643,217.1303
2026-08-25 15:30:00,217.12425,217.14243,217.06333,217.06976
2026-08-25 15:45:00,217.07899,217.08101,217.03639,217.03839
2026-08-25 16:00:00,217.04141,217.08137,217.01546,217.07426
2026-08-25 16:15:00,217.06438,217.14963,217.05936,217.13477
2026-08-25 16:30:00,217.13213,217.15892,217.09169,217.1267
2026-08-25 16:45:00,217.11741,217.22446,217.10883,217.21081
2026-08-25 17:00:00,217.18565,217.3969,217.18565,217.39492
2026-08-25 17:15:00,217.39098,217.43062,217.35378,217.38067
2026-08-25 17:30:00,217.35705,217.45963,217.35705,217.4574
2026-08-25 17:45:00,217.44991,217.47743,217.43102,217.46386
2026-08-25 18:00:00,217.45317,217.47492,217.36996,217.40876
2026-08-25 18:15:00,217.40307,217.44856,217.34438,217.34905
2026-08-25 18:30:00,217.35652,217.3836,217.29341,217.31848
2026-08-25 18:45:00,217.32134,217.42732,217.30395,217.42274
2026-08-25 19:00:00,217.41257,217.45197,217.34803,217.35157
2026-08-25 19:15:00,217.35567,217.40635,217.31063,217.37408
2026-08-25 19:30:00,217.37172,217.40639,217.28554,217.3019
2026-08-25 19:45:00,217.30987,217.37193,217.2832,217.31798
2026-08-25 20:00:00,217.32328,217.33258,217.25701,217.26156
2026-08-25 20:15:00,217.26765,217.26765,217.21364,217.22123
2026-08-25 20:30:00,217.22284,217.22953,217.18173,217.22872
2026-08-25 20:45:00,217.22355,217.22692,217.14298,217.15767
2026-08-25 21:00:00,217.16529,217.16529,217.0967,217.14372
2026-08-25 21:15:00,217.14221,217.16776,217.10272,217.13333
2026-08-25 21:30:00,217.13591,217.15189,217.10108,217.1283
2026-08-25 21:45:00,217.11746,217.18003,217.09841,217.10357
2026-08-25 22:00:00,217.10964,217.14376,217.06444,217.12344
2026-08-25 22:15:00,217.11224,217.16586,217.08423,217.11461
2026-08-25 22:30:00,217.11749,217.12882,217.05166,217.10934
2026-08-25 22:45:00,217.10614,217.20732,217.08696,217.20203
2026-08-25 23:00:00,217.18278,217.33667,217.18278,217.22931
2026-08-25 23:15:00,217.24114,217.28322,217.19377,217.24737
2026-08-25 23:30:00,217.23983,217.28648,217.20532,217.24798
2026-08-25 23:45:00,217.25446,217.26463,217.19774,217.2364
2026-08-26 00:00:00,217.23242,217.29379,217.19207,217.26114
2026-08-26 00:15:00,217.25763,217.26812,217.11214,217.15585
2026-08-26 00:30:00,217.14337,217.17462,217.1042,217.13052
2026-08-26 00:45:00,217.13392,217.20843,217.08848,217.13772
2026-08-26 01:00:00,217.12855,217.17632,217.10846,217.14644
2026-08-26 01:15:00,217.14344,217.18908,217.09915,217.18262
2026-08-26 01:30:00,217.17343,217.19955,217.0479,217.05463
2026-08-26 01:45:00,217.06161,217.18398,217.05043,217.17871
2026-08-26 02:00:00,217.16521,217.19661,217.14824,217.16575
2026-08-26 02:15:00,217.16194,217.17624,217.12919,217.17406
2026-08-26 02:30:00,217.17053,217.21855,217.16808,217.19189
2026-08-26 02:45:00,217.18815,217.19621,217.15183,217.15586
2026-08-26 03:00:00,217.15908,217.23755,217.15758,217.23377
2026-08-26 03:15:00,217.22839,217.26503,217.22065,217.25955
2026-08-26 03:30:00,217.25614,217.26992,217.22665,217.23608
2026-08-26 03:45:00,217.24095,217.26293,217.21912,217.25216
2026-08-26 04:00:00,217.245,217.28549,217.23251,217.25159
2026-08-26 04:15:00,217.24708,217.28513,217.24147,217.26332
2026-08-26 04:30:00,217.2669,217.29699,217.2486,217.29017
2026-08-26 04:45:00,217.2806,217.30222,217.24166,217.28577
2026-08-26 05:00:00,217.2794,217.28778,217.24821,217.28304
2026-08-26 05:15:00,217.27742,217.30501,217.247,217.27675
2026-08-26 05:30:00,217.27477,217.27985,217.22477,217.23045
2026-08-26 05:45:00,217.23177,217.26228,217.19592,217.24267
2026-08-26 06:00:00,217.21884,217.35557,217.21884,217.34601
2026-08-26 06:15:00,217.32974,217.3512,217.2773,217.32454
2026-08-26 06:30:00,217.32953,217.35532,217.31464,217.35216
2026-08-26 06:45:00,217.34634,217.38201,217.27677,217.30522
2026-08-26 07:00:00,217.30891,217.35915,217.20756,217.35582
2026-08-26 07:15:00,217.35049,217.35049,217.3164,217.33687
2026-08-26 07:30:00,217.33357,217.34831,217.26957,217.30553
2026-08-26 07:45:00,217.29571,217.3116,217.2244,217.28461
2026-08-26 08:00:00,217.27556,217.32036,217.27415,217.30857
2026-08-26 08:15:00,217.30198,217.31591,217.2752,217.30272
2026-08-26 08:30:00,217.29841,217.31558,217.29236,217.29405
2026-08-26 08:45:00,217.29946,217.32735,217.29946,217.32261
2026-08-26 09:00:00,217.31512,217.33933,217.29338,217.32875
2026-08-26 09:15:00,217.32818,217.34133,217.31405,217.33068
2026-08-26 09:30:00,217.32289,217.35077,217.31588,217.31715
2026-08-26 09:45:00,217.31987,217.33066,217.28899,217.29161
2026-08-26 10:00:00,217.29586,217.31835,217.27405,217.30141
2026-08-26 10:15:00,217.30297,217.34187,217.28767,217.29307
2026-08-26 10:30:00,217.29979,217.30584,217.20395,217.22889
2026-08-26 10:45:00,217.22563,217.24581,217.1573,217.1874
2026-08-26 11:00:00,217.19418,217.21037,217.15933,217.19187
2026-08-26 11:15:00,217.18477,217.1977,217.15679,217.17932
2026-08-26 11:30:00,217.17362,217.19845,217.07126,217.11771
2026-08-26 11:45:00,217.11066,217.11066,216.97227,217.03929
2026-08-26 12:00:00,217.03232,217.07285,216.82525,216.90219
2026-08-26 12:15:00,216.8881,216.93114,216.82683,216.87424
2026-08-26 12:30:00,216.85877,216.95471,216.85877,216.94529
2026-08-26 12:45:00,216.9383,216.96547,216.91369,216.939
2026-08-26 13:00:00,216.93476,216.94613,216.85784,216.86172
2026-08-26 13:15:00,216.87145,216.90886,216.82066,216.82407
2026-08-26 13:30:00,216.82778,216.84298,216.70645,216.81111
2026-08-26 13:45:00,216.80736,216.81987,216.76274,216.78356
2026-08-26 14:00:00,216.7761,216.81192,216.75058,216.80857
2026-08-26 14:15:00,216.80344,216.82179,216.76853,216.81471
2026-08-26 14:30:00,216.81213,216.81407,216.76105,216.78297
2026-08-26 14:45:00,216.77288,216.83695,216.76408,216.82436
2026-08-26 15:00:00,216.82111,216.83967,216.77899,216.77961
2026-08-26 15:15:00,216.78161,216.81472,216.76325,216.78668
2026-08-26 15:30:00,216.78844,216.80041,216.76733,216.77125
2026-08-26 15:45:00,216.77435,216.81271,216.76384,216.80764
2026-08-26 16:00:00,216.80532,216.85434,216.7622,216.83657
2026-08-26 16:15:00,216.8396,216.85179,216.77118,216.81446
2026-08-26 16:30:00,216.81742,216.8565,216.78106,216.82211
2026-08-26 16:45:00,216.81407,216.85948,216.74776,216.85412
2026-08-26 17:00:00,216.84142,216.86243,216.78425,216.81699
2026-08-26 17:15:00,216.82735,216.89408,216.81729,216.8658
2026-08-26 17:30:00,216.85319,216.88014,216.8058,216.8129
2026-08-26 17:45:00,216.80782,216.83384,216.72827,216.74604
2026-08-26 18:00:00,216.74729,216.79705,216.7094,216.777
2026-08-26 18:15:00,216.78132,216.79914,216.71266,216.7527
2026-08-26 18:30:00,216.73715,216.76662,216.69544,216.74099
2026-08-26 18:45:00,216.72966,216.74847,216.66869,216.71504
2026-08-26 19:00:00,216.70833,216.74298,216.67662,216.68096
2026-08-26 19:15:00,216.68732,216.68732,216.61094,216.65225
2026-08-26 19:30:00,216.64628,216.68769,216.62752,216.65791
2026-08-26 19:45:00,216.66196,216.69424,216.63728,216.67188
2026-08-26 20:00:00,216.67336,216.67336,216.61546,216.62328
2026-08-26 20:15:00,216.62678,216.63601,216.57866,216.58174
2026-08-26 20:30:00,216.58726,216.66766,216.57568,216.65777
2026-08-26 20:45:00,216.6369,216.72355,216.6369,216.69877
2026-08-26 21:00:00,216.70741,216.78863,216.68568,216.78674
2026-08-26 21:15:00,216.7819,216.85414,216.7296,216.84741
2026-08-26 21:30:00,216.83812,216.85792,216.81232,216.83113
2026-08-26 21:45:00,216.82666,216.85852,216.81337,216.85454
2026-08-26 22:00:00,216.84812,216.84957,216.78553,216.84624
2026-08-26 22:15:00,216.83785,216.86453,216.67423,216.6785
2026-08-26 22:30:00,216.68765,216.74823,216.59485,216.70497
2026-08-26 22:45:00,216.69492,216.7587,216.6583,216.71701
2026-08-26 23:00:00,216.70943,216.76376,216.68046,216.73385
2026-08-26 23:15:00,216.74193,216.78533,216.71005,216.71786
2026-08-26 23:30:00,216.72193,216.80145,216.69409,216.79655
2026-08-26 23:45:00,216.78704,216.83098,216.74692,216.81983
2026-08-27 00:00:00,216.80903,216.83461,216.71096,216.73866
2026-08-27 00:15:00,216.73341,216.76598,216.61083,216.64125
2026-08-27 00:30:00,216.63453,216.68629,216.58378,216.66397
2026-08-27 00:45:00,216.6546,216.67981,216.50888,216.62513
2026-08-27 01:00:00,216.61443,216.66828,216.59153,216.61672
2026-08-27 01:15:00,216.60883,216.619,216.55299,216.61478
2026-08-27 01:30:00,216.61296,216.69178,216.5843,216.66596
2026-08-27 01:45:00,216.67432,216.69255,216.56969,216.65627
2026-08-27 02:00:00,216.65088,216.67046,216.61549,216.66236
2026-08-27 02:15:00,216.65579,216.65579,216.59946,216.63264
2026-08-27 02:30:00,216.63035,216.63706,216.57428,216.61714
2026-08-27 02:45:00,216.61467,216.67617,216.59705,216.6738
2026-08-27 03:00:00,216.66768,216.69349,216.64135,216.65081
2026-08-27 03:15:00,216.64322,216.68846,216.62986,216.66255
2026-08-27 03:30:00,216.65816,216.68238,216.64608,216.65657
2026-08-27 03:45:00,216.66055,216.70968,216.65543,216.69998
2026-08-27 04:00:00,216.69455,216.71097,216.66885,216.68194
2026-08-27 04:15:00,216.68379,216.7107,216.67434,216.68776
2026-08-27 04:30:00,216.68378,216.68378,216.65076,216.65379
2026-08-27 04:45:00,216.65488,216.67074,216.6343,216.63554
2026-08-27 05:00:00,216.63832,216.68898,216.60515,216.61208
2026-08-27 05:15:00,216.60715,216.65862,216.60555,216.65331
2026-08-27 05:30:00,216.64944,216.65159,216.60422,216.61389
2026-08-27 05:45:00,216.61653,216.6381,216.59854,216.63395
2026-08-27 06:00:00,216.62702,216.65189,216.60216,216.62742
2026-08-27 06:15:00,216.62366,216.62662,216.58966,216.59886
2026-08-27 06:30:00,216.59484,216.60832,216.57027,216.57062
2026-08-27 06:45:00,216.57158,216.6478,216.56852,216.64263
2026-08-27 07:00:00,216.63184,216.64305,216.51853,216.53413
2026-08-27 07:15:00,216.53111,216.56019,216.51482,216.55557
2026-08-27 07:30:00,216.55025,216.57306,216.53201,216.5494
2026-08-27 07:45:00,216.5523,216.59678,216.50974,216.58046
2026-08-27 08:00:00,216.55868,216.64032,216.52654,216.56657
2026-08-27 08:15:00,216.56055,216.58699,216.53663,216.54656
2026-08-27 08:30:00,216.53962,216.57257,216.52991,216.55155
2026-08-27 08:45:00,216.54786,216.55132,216.52015,216.52169
2026-08-27 09:00:00,216.52733,216.55535,216.49867,216.51343
2026-08-27 09:15:00,216.50984,216.52589,216.48563,216.52421
2026-08-27 09:30:00,216.51408,216.5375,216.49854,216.51806
2026-08-27 09:45:00,216.51771,216.56752,216.49413,216.53401
2026-08-27 10:00:00,216.53726,216.54612,216.32826,216.33143
2026-08-27 10:15:00,216.33546,216.391,216.31087,216.36697
2026-08-27 10:30:00,216.35777,216.3844,216.30952,216.31629
2026-08-27 10:45:00,216.3177,216.38408,216.30999,216.38287
2026-08-27 11:00:00,216.38046,216.41056,216.33643,216.33828
2026-08-27 11:15:00,216.34233,216.4018,216.31537,216.37092
2026-08-27 11:30:00,216.36482,216.4836,216.33868,216.40863
2026-08-27 11:45:00,216.42783,216.47468,216.39011,216.46659
2026-08-27 12:00:00,216.45598,216.5527,216.45598,216.53358
2026-08-27 12:15:00,216.53525,216.60882,216.52857,216.60336
2026-08-27 12:30:00,216.59854,216.61701,216.54077,216.55188
2026-08-27 12:45:00,216.54151,216.57283,216.52181,216.55538
2026-08-27 13:00:00,216.55196,216.57546,216.54029,216.54193
2026-08-27 13:15:00,216.5475,216.57853,216.54164,216.56617
2026-08-27 13:30:00,216.56671,216.58951,216.5455,216.54913
2026-08-27 13:45:00,216.54992,216.56623,216.52497,216.53529
2026-08-27 14:00:00,216.53336,216.57978,216.51846,216.57349
2026-08-27 14:15:00,216.56478,216.58607,216.55423,216.58287
2026-08-27 14:30:00,216.57517,216.58716,216.53664,216.55877
2026-08-27 14:45:00,216.55214,216.5641,216.52506,216.55992
2026-08-27 15:00:00,216.55643,216.55766,216.50998,216.51508
2026-08-27 15:15:00,216.51717,216.52922,216.48117,216.49499
2026-08-27 15:30:00,216.49972,216.53749,216.48008,216.53538
2026-08-27 15:45:00,216.52912,216.57724,216.50754,216.56454
2026-08-27 16:00:00,216.56121,216.57589,216.54175,216.56552
2026-08-27 16:15:00,216.56043,216.57849,216.54241,216.55395
2026-08-27 16:30:00,216.56071,216.59789,216.52122,216.56083
2026-08-27 16:45:00,216.55534,216.57112,216.52353,216.55094
2026-08-27 17:00:00,216.54331,216.60454,216.54178,216.58745
2026-08-27 17:15:00,216.58063,216.60263,216.47269,216.52093
2026-08-27 17:30:00,216.51668,216.56704,216.48507,216.55665
2026-08-27 17:45:00,216.55323,216.59573,216.48847,216.5225
2026-08-27 18:00:00,216.50909,216.59338,216.50909,216.54487
2026-08-27 18:15:00,216.54025,216.55036,216.46433,216.48022
2026-08-27 18:30:00,216.47315,216.49553,216.396,216.43137
2026-08-27 18:45:00,216.42166,216.42244,216.36683,216.3908
2026-08-27 19:00:00,216.38662,216.3956,216.29639,216.39313
2026-08-27 19:15:00,216.38945,216.47906,216.38591,216.47478
2026-08-27 19:30:00,216.4703,216.51945,216.43424,216.51164
2026-08-27 19:45:00,216.50285,216.56312,216.50049,216.51422
2026-08-27 20:00:00,216.52687,216.53334,216.45561,216.5107
2026-08-27 20:15:00,216.51594,216.56985,216.47178,216.56399
2026-08-27 20:30:00,216.55588,216.58931,216.51129,216.51764
2026-08-27 20:45:00,216.52132,216.58407,216.51109,216.52147
2026-08-27 21:00:00,216.53006,216.56704,216.47585,216.54804
2026-08-27 21:15:00,216.549,216.60023,216.54894,216.57629
2026-08-27 21:30:00,216.57628,216.59782,216.44255,216.44721
2026-08-27 21:45:00,216.45704,216.53505,216.45704,216.50753
2026-08-27 22:00:00,216.50167,216.52015,216.46203,216.49701
2026-08-27 22:15:00,216.49389,216.53745,216.41991,216.53176
2026-08-27 22:30:00,216.5209,216.52661,216.45816,216.48505
2026-08-27 22:45:00,216.47827,216.49359,216.40096,216.41344
2026-08-27 23:00:00,216.40974,216.68065,216.39599,216.67773
2026-08-27 23:15:00,216.67033,216.78862,216.64398,216.74386
2026-08-27 23:30:00,216.74949,216.77553,216.66123,216.66412
2026-08-27 23:45:00,216.66915,216.71581,216.62967,216.63875
2026-08-28 00:00:00,216.63468,216.64714,216.5411,216.54973
2026-08-28 00:15:00,216.56076,216.5934,216.47336,216.47615
2026-08-28 00:30:00,216.48007,216.51833,216.42749,216.49201
2026-08-28 00:45:00,216.47927,216.51187,216.33192,216.41183
2026-08-28 01:00:00,216.40189,216.49997,216.37947,216.49834
2026-08-28 01:15:00,216.49029,216.50229,216.45041,216.48454
2026-08-28 01:30:00,216.48622,216.50019,216.44174,216.48307
2026-08-28 01:45:00,216.48422,216.57927,216.45671,216.57553
2026-08-28 02:00:00,216.56642,216.58633,216.52983,216.53595
2026-08-28 02:15:00,216.54312,216.58458,216.51985,216.58072
2026-08-28 02:30:00,216.57188,216.61625,216.57188,216.58745
2026-08-28 02:45:00,216.58388,216.6005,216.51983,216.52316
2026-08-28 03:00:00,216.52836,216.57972,216.52419,216.56041
2026-08-28 03:15:00,216.56369,216.57367,216.52674,216.54256
2026-08-28 03:30:00,216.54302,216.59754,216.53692,216.56823
2026-08-28 03:45:00,216.57857,216.61899,216.57857,216.58967
2026-08-28 04:00:00,216.59829,216.66221,216.59829,216.62641
2026-08-28 04:15:00,216.63057,216.63077,216.57017,216.57533
2026-08-28 04:30:00,216.57125,216.61288,216.56677,216.60734
2026-08-28 04:45:00,216.60303,216.66206,216.58785,216.65817
2026-08-28 05:00:00,216.65145,216.66272,216.62511,216.65496
2026-08-28 05:15:00,216.65017,216.68199,216.62701,216.6335
2026-08-28 05:30:00,216.63639,216.64022,216.60463,216.60565
2026-08-28 05:45:00,216.60819,216.63543,216.57764,216.60719
2026-08-28 06:00:00,216.6167,216.6787,216.6149,216.66488
2026-08-28 06:15:00,216.66599,216.67417,216.63188,216.66034
2026-08-28 06:30:00,216.65231,216.67053,216.62542,216.65407
2026-08-28 06:45:00,216.64999,216.69437,216.62354,216.68181
2026-08-28 07:00:00,216.68253,216.70961,216.54872,216.66165
2026-08-28 07:15:00,216.66179,216.71222,216.65742,216.70802
2026-08-28 07:30:00,216.70103,216.74992,216.68303,216.69819
2026-08-28 07:45:00,216.72318,216.72318,216.57833,216.59092
2026-08-28 08:00:00,216.6227,216.67315,216.6227,216.65399
2026-08-28 08:15:00,216.65033,216.69621,216.64973,216.68245
2026-08-28 08:30:00,216.67847,216.69858,216.66132,216.66882
2026-08-28 08:45:00,216.67173,216.68589,216.66517,216.68235
2026-08-28 09:00:00,216.67672,216.69637,216.66281,216.69488
2026-08-28 09:15:00,216.69088,216.69726,216.64738,216.68596
2026-08-28 09:30:00,216.67902,216.68589,216.65182,216.66644
2026-08-28 09:45:00,216.66136,216.6669,216.62479,216.62526
2026-08-28 10:00:00,216.62547,216.68067,216.61274,216.66321
2026-08-28 10:15:00,216.66468,216.68618,216.65673,216.6649
2026-08-28 10:30:00,216.66903,216.67486,216.62078,216.64367
2026-08-28 10:45:00,216.63876,216.6836,216.63125,216.67961
2026-08-28 11:00:00,216.67532,216.70332,216.65464,216.65613
2026-08-28 11:15:00,216.65763,216.65763,216.61682,216.65352
2026-08-28 11:30:00,216.64966,216.69324,216.64033,216.68749
2026-08-28 11:45:00,216.68267,216.71493,216.67194,216.67393
2026-08-28 12:00:00,216.67792,216.70378,216.67167,216.67782
2026-08-28 12:15:00,216.68013,216.68322,216.63733,216.66837
2026-08-28 12:30:00,216.66406,216.70173,216.65981,216.68054
2026-08-28 12:45:00,216.67629,216.74456,216.66726,216.74154
2026-08-28 13:00:00,216.73629,216.7766,216.73148,216.76813
2026-08-28 13:15:00,216.75605,216.77223,216.72238,216.74332
2026-08-28 13:30:00,216.73893,216.75038,216.68185,216.69553
2026-08-28 13:45:00,216.6912,216.7096,216.68144,216.69759
2026-08-28 14:00:00,216.69648,216.72949,216.68987,216.70931
2026-08-28 14:15:00,216.71031,216.7403,216.69743,216.72059
2026-08-28 14:30:00,216.72109,216.74814,216.70699,216.71475
2026-08-28 14:45:00,216.70917,216.76433,216.70917,216.76081
2026-08-28 15:00:00,216.7526,216.79392,216.72883,216.79123
2026-08-28 15:15:00,216.78719,216.81393,216.76456,216.79344
2026-08-28 15:30:00,216.79003,216.80234,216.75986,216.79076
2026-08-28 15:45:00,216.78546,216.79755,216.75812,216.79468
2026-08-28 16:00:00,216.78947,216.83666,216.77382,216.81838
2026-08-28 16:15:00,216.82339,216.84052,216.75406,216.80303
2026-08-28 16:30:00,216.79627,216.8112,216.71896,216.74381
2026-08-28 16:45:00,216.72886,216.77278,216.70935,216.71397
2026-08-28 17:00:00,216.72,216.72,216.6488,216.70155
2026-08-28 17:15:00,216.69584,216.71079,216.59058,216.59463
2026-08-28 17:30:00,216.6014,216.6984,216.56958,216.69242
2026-08-28 17:45:00,216.67455,216.75885,216.67455,216.73923
2026-08-28 18:00:00,216.74271,216.79194,216.71927,216.75484
2026-08-28 18:15:00,216.74316,216.80492,216.74316,216.77101
2026-08-28 18:30:00,216.75928,216.79814,216.73197,216.73652
2026-08-28 18:45:00,216.73773,216.82497,216.72982,216.81965
2026-08-28 19:00:00,216.81435,216.88872,216.75808,216.88717
2026-08-28 19:15:00,216.88334,216.8984,216.83655,216.85575
2026-08-28 19:30:00,216.85868,216.91267,216.84998,216.89239
2026-08-28 19:45:00,216.8798,216.9083,216.85,216.89232
2026-08-28 20:00:00,216.88356,216.92431,216.85164,216.90996
2026-08-28 20:15:00,216.90702,216.95375,216.87191,216.949
2026-08-28 20:30:00,216.94212,216.98917,216.93847,216.98471
2026-08-28 20:45:00,216.97336,217.01755,216.97336,216.98703
2026-08-28 21:00:00,216.99602,216.99602,216.94386,216.9542
2026-08-28 21:15:00,216.9561,216.96155,216.91761,216.92619
2026-08-28 21:30:00,216.93046,216.95503,216.9226,216.9419
2026-08-28 21:45:00,216.94184,216.95936,216.90622,216.9186
2026-08-28 22:00:00,216.91422,216.91509,216.87211,216.87548
2026-08-28 22:15:00,216.87929,216.88324,216.77196,216.77421
2026-08-28 22:30:00,216.77682,216.78925,216.69139,216.69869
2026-08-28 22:45:00,216.70439,216.81992,216.69678,216.78112
2026-08-28 23:00:00,216.79289,216.82347,216.74125,216.81903
2026-08-28 23:15:00,216.8138,216.83741,216.74991,216.77347
2026-08-28 23:30:00,216.76486,216.82271,216.75542,216.80636
2026-08-28 23:45:00,216.79951,216.8134,216.62407,216.80178
2026-08-29 00:00:00,216.79172,216.84163,216.37302,216.62526
2026-08-29 00:15:00,216.57329,216.70888,216.39093,216.4
2026-08-29 00:30:00,216.41768,216.6069,216.41511,216.54005
2026-08-29 00:45:00,216.56032,217.06106,216.55171,217.05203
2026-08-29 01:00:00,217.04584,217.07985,216.87721,216.88806
2026-08-29 01:15:00,216.90782,216.94202,216.86188,216.89127
2026-08-29 01:30:00,216.89827,216.98794,216.89467,216.97777
2026-08-29 01:45:00,216.96971,217.03721,216.82214,216.82906
2026-08-29 02:00:00,216.84054,216.86719,216.76967,216.80057
2026-08-29 02:15:00,216.82497,216.82497,216.71547,216.78185
2026-08-29 02:30:00,216.78001,216.85974,216.77662,216.83803
2026-08-29 02:45:00,216.82776,216.96196,216.81611,216.88263
2026-08-29 03:00:00,216.87827,216.87827,216.71964,216.79002
2026-08-29 03:15:00,216.77996,216.81183,216.76549,216.79103
2026-08-29 03:30:00,216.78792,216.80328,216.70611,216.70822
2026-08-29 03:45:00,216.71476,216.75365,216.70379,216.72906
2026-08-29 04:00:00,216.73163,216.7409,216.68555,216.71232
2026-08-29 04:15:00,216.70814,216.71452,216.67419,216.70834
2026-08-29 04:30:00,216.70396,216.72115,216.68181,216.69385
2026-08-29 04:45:00,216.69732,216.71144,216.66905,216.69914
2026-08-29 05:00:00,216.69247,216.70418,216.62277,216.69001
2026-08-29 05:15:00,216.68338,216.69379,216.65116,216.68685
2026-08-29 05:30:00,216.6815,216.74089,216.67951,216.71639
2026-08-29 05:45:00,216.72189,216.749,216.69761,216.73556
2026-08-29 06:00:00,216.72307,216.74357,216.68069,216.70033
2026-08-29 06:15:00,216.70047,216.73691,216.66864,216.67654
2026-08-29 06:30:00,216.68937,216.68937,216.63814,216.67759
2026-08-29 06:45:00,216.67387,216.72599,216.64575,216.72204
2026-08-29 07:00:00,216.7085,216.7085,216.55471,216.6041
2026-08-29 07:15:00,216.61233,216.7971,216.58525,216.65693
2026-08-29 07:30:00,216.66048,216.78186,216.62703,216.66797
2026-08-29 07:45:00,216.68597,216.68597,216.5194,216.57328
2026-08-29 08:00:00,216.5747,216.75617,216.30109,216.6097
2026-08-29 08:15:00,216.61226,216.6619,216.59866,216.66006
2026-08-29 08:30:00,216.65498,216.66718,216.63414,216.63672
2026-08-29 08:45:00,216.63924,216.66435,216.63597,216.65576
2026-08-29 09:00:00,216.65247,216.74961,216.49109,216.6367
2026-08-29 09:15:00,216.64182,216.66265,216.63637,216.65965
2026-08-29 09:30:00,216.6549,216.6652,216.63424,216.63735
2026-08-29 09:45:00,216.63894,216.66625,216.62706,216.65659
2026-08-29 10:00:00,216.6513,216.66697,216.40431,216.66344
2026-08-29 10:15:00,216.65703,216.68183,216.65577,216.66454
2026-08-29 10:30:00,216.66396,216.68169,216.66027,216.66999
2026-08-29 10:45:00,216.66619,216.68045,216.65902,216.66141
2026-08-29 11:00:00,216.66424,216.6809,216.47236,216.6692
2026-08-29 11:15:00,216.66992,216.68153,216.66218,216.67485
2026-08-29 11:30:00,216.67113,216.68404,216.65955,216.6731
2026-08-29 11:45:00,216.66918,216.67828,216.65778,216.66185
2026-08-29 12:00:00,216.6646,216.73321,216.50426,216.66977
2026-08-29 12:15:00,216.66551,216.68114,216.65654,216.66299
2026-08-29 12:30:00,216.66418,216.67779,216.65892,216.67009
2026-08-29 12:45:00,216.6661,216.68132,216.6546,216.65697
2026-08-29 13:00:00,216.66103,216.77035,216.50047,216.66904
2026-08-29 13:15:00,216.66454,216.67935,216.65315,216.66578
2026-08-29 13:30:00,216.66358,216.67518,216.65439,216.6706
2026-08-29 13:45:00,216.66636,216.6797,216.65477,216.66184
2026-08-29 14:00:00,216.66284,216.6801,216.47046,216.66498
2026-08-29 14:15:00,216.66586,216.68192,216.65977,216.6644
2026-08-29 14:30:00,216.66463,216.67647,216.6597,216.66997
2026-08-29 14:45:00,216.66567,216.67889,216.65467,216.65637
2026-08-29 15:00:00,216.65728,216.67876,216.50539,216.66742
2026-08-29 15:15:00,216.66494,216.68191,216.65399,216.65749
2026-08-29 15:30:00,216.6602,216.67562,216.65169,216.66982
2026-08-29 15:45:00,216.66579,216.67806,216.65494,216.66463
2026-08-29 16:00:00,216.66138,216.68939,216.50902,216.67557
2026-08-29 16:15:00,216.67186,216.68022,216.65498,216.66935
2026-08-29 16:30:00,216.66946,216.68698,216.66018,216.67032
2026-08-29 16:45:00,216.6666,216.68059,216.65508,216.67338
2026-08-29 17:00:00,216.66966,216.7204,216.47217,216.66678
2026-08-29 17:15:00,216.66428,216.68174,216.66052,216.66818
2026-08-29 17:30:00,216.67003,216.68052,216.65995,216.66844
2026-08-29 17:45:00,216.66518,216.68356,216.65394,216.66279
2026-08-29 18:00:00,216.6647,216.67528,216.65892,216.66571
2026-08-29 18:15:00,216.66405,216.68231,216.65593,216.6596
2026-08-29 18:30:00,216.66239,216.67226,216.65938,216.66712
2026-08-29 18:45:00,216.66445,216.67795,216.65508,216.66669
2026-08-29 19:00:00,216.66154,216.6869,216.65897,216.6752
2026-08-29 19:15:00,216.67702,216.68791,216.67155,216.68197
2026-08-29 19:30:00,216.67783,216.68848,216.67073,216.67386
2026-08-29 19:45:00,216.67497,216.68715,216.67184,216.68321
2026-08-29 20:00:00,216.679,216.69763,216.66099,216.6737
2026-08-29 20:15:00,216.67476,216.68805,216.67114,216.68251
2026-08-29 20:30:00,216.67866,216.68824,216.67114,216.67359
2026-08-29 20:45:00,216.67493,216.68699,216.67198,216.68301
2026-08-29 21:00:00,216.67888,216.68784,216.67095,216.67415
2026-08-29 21:15:00,216.675,216.68837,216.67157,216.68114
2026-08-29 21:30:00,216.67776,216.68705,216.65799,216.66169
2026-08-29 21:45:00,216.66822,216.67841,216.66337,216.67308
2026-08-29 22:00:00,216.66851,216.67996,216.66563,216.67259
2026-08-29 22:15:00,216.66935,216.67883,216.66596,216.66766
2026-08-29 22:30:00,216.66871,216.68584,216.66484,216.67364
2026-08-29 22:45:00,216.66789,216.6795,216.66378,216.67799
2026-08-29 23:00:00,216.67166,216.67746,216.6634,216.67174
2026-08-29 23:15:00,216.66779,216.69032,216.65129,216.65575
2026-08-29 23:30:00,216.65766,216.67478,216.65754,216.66422
2026-08-29 23:45:00,216.66519,216.67819,216.65828,216.6675
2026-08-30 00:00:00,216.66389,216.68245,216.66389,216.67842
2026-08-30 00:15:00,216.67301,216.67918,216.66575,216.67154
2026-08-30 00:30:00,216.66885,216.68323,216.66562,216.67092
2026-08-30 00:45:00,216.67211,216.67973,216.66591,216.67221
2026-08-30 01:00:00,216.66919,216.99082,216.24279,216.60006
2026-08-30 01:15:00,216.59461,216.65141,216.59461,216.64853
2026-08-30 01:30:00,216.64205,216.6697,216.63683,216.65848
2026-08-30 01:45:00,216.66009,216.67904,216.65278,216.67606
2026-08-30 02:00:00,216.67223,216.78111,216.62399,216.77714
2026-08-30 02:15:00,216.77223,216.78237,216.75117,216.76626
2026-08-30 02:30:00,216.76466,216.79663,216.69282,216.69689
2026-08-30 02:45:00,216.70298,216.73099,216.70298,216.72606
2026-08-30 03:00:00,216.72161,216.85171,216.66673,216.82478
2026-08-30 03:15:00,216.81984,216.83098,216.81778,216.82356
2026-08-30 03:30:00,216.82129,216.84415,216.78699,216.80184
2026-08-30 03:45:00,216.80334,216.81317,216.73097,216.75519
2026-08-30 04:00:00,216.754,216.76453,216.67521,216.68171
2026-08-30 04:15:00,216.6773,216.68697,216.65796,216.66763
2026-08-30 04:30:00,216.66393,216.67819,216.6637,216.66853
2026-08-30 04:45:00,216.66944,216.68935,216.66609,216.68605
2026-08-30 05:00:00,216.68047,216.82727,216.62952,216.81332
2026-08-30 05:15:00,216.80665,216.80665,216.7723,216.79878
2026-08-30 05:30:00,216.79492,216.80519,216.769,216.77846
2026-08-30 05:45:00,216.77901,216.79023,216.70348,216.71366
2026-08-30 06:00:00,216.71472,216.72842,216.67881,216.69061
2026-08-30 06:15:00,216.68741,216.69678,216.66811,216.68729
2026-08-30 06:30:00,216.68233,216.7048,216.67983,216.6992
2026-08-30 06:45:00,216.69663,216.70948,216.68424,216.69283
2026-08-30 07:00:00,216.69254,216.69403,216.66748,216.67247
2026-08-30 07:15:00,216.66938,216.6825,216.66464,216.67367
2026-08-30 07:30:00,216.66886,216.68309,216.66411,216.67328
2026-08-30 07:45:00,216.67077,216.6846,216.66402,216.66947
2026-08-30 08:00:00,216.67111,216.76187,216.62656,216.6715
2026-08-30 08:15:00,216.67172,216.68002,216.66657,216.67433
2026-08-30 08:30:00,216.66951,216.69424,216.66614,216.68698
2026-08-30 08:45:00,216.68484,216.68922,216.674,216.674
2026-08-30 09:00:00,216.67554,216.69951,216.6739,216.69476
2026-08-30 09:15:00,216.69002,216.70439,216.68177,216.70213
2026-08-30 09:30:00,216.69745,216.71241,216.69544,216.70564
2026-08-30 09:45:00,216.70273,216.71813,216.69825,216.70803
2026-08-30 10:00:00,216.70948,216.72948,216.68293,216.69806
2026-08-30 10:15:00,216.69277,216.70175,216.68038,216.69262
2026-08-30 10:30:00,216.68815,216.70631,216.68662,216.70045
2026-08-30 10:45:00,216.6964,216.70971,216.6964,216.70123
2026-08-30 11:00:00,216.70201,216.7134,216.67155,216.69411
2026-08-30 11:15:00,216.69379,216.715,216.68144,216.70901
2026-08-30 11:30:00,216.70528,216.71389,216.69788,216.70838
2026-08-30 11:45:00,216.70414,216.71363,216.69843,216.70508
2026-08-30 12:00:00,216.70522,216.71495,216.70201,216.704
2026-08-30 12:15:00,216.70522,216.71716,216.69999,216.7105
2026-08-30 12:30:00,216.70748,216.7218,216.67089,216.68813
2026-08-30 12:45:00,216.68346,216.69249,216.67681,216.68499
2026-08-30 13:00:00,216.68274,216.69782,216.6795,216.68655
2026-08-30 13:15:00,216.6881,216.69775,216.6849,216.6916
2026-08-30 13:30:00,216.6881,216.70151,216.68384,216.69725
2026-08-30 13:45:00,216.69239,216.70211,216.68914,216.69392
2026-08-30 14:00:00,216.69239,216.70557,216.69114,216.69419
2026-08-30 14:15:00,216.69581,216.70532,216.6868,216.69416
2026-08-30 14:30:00,216.68989,216.69953,216.68669,216.69472
2026-08-30 14:45:00,216.68989,216.69954,216.67643,216.68961
2026-08-30 15:00:00,216.68721,216.69673,216.68396,216.68573
2026-08-30 15:15:00,216.68721,216.70627,216.6601,216.68208
2026-08-30 15:30:00,216.67711,216.69866,216.6682,216.69678
2026-08-30 15:45:00,216.6922,216.70186,216.68901,216.6954
2026-08-30 16:00:00,216.6922,216.71028,216.67854,216.70148
2026-08-30 16:15:00,216.70265,216.71297,216.69988,216.70294
2026-08-30 16:30:00,216.70322,216.7214,216.69828,216.71632
2026-08-30 16:45:00,216.71217,216.72642,216.70734,216.72063
2026-08-30 17:00:00,216.71669,216.72902,216.71619,216.71875
2026-08-30 17:15:00,216.71938,216.73428,216.71303,216.724
2026-08-30 17:30:00,216.72487,216.73873,216.69283,216.70048
2026-08-30 17:45:00,216.69699,216.71566,216.68202,216.71032
2026-08-30 18:00:00,216.70592,216.71719,216.70142,216.71535
2026-08-30 18:15:00,216.71193,216.72412,216.71107,216.71308
2026-08-30 18:30:00,216.71441,216.72937,216.71056,216.72379
2026-08-30 18:45:00,216.72087,216.73087,216.7179,216.72588
2026-08-30 19:00:00,216.72115,216.73586,216.71604,216.72861
2026-08-30 19:15:00,216.72648,216.73614,216.71692,216.72929
2026-08-30 19:30:00,216.72289,216.73629,216.7209,216.73027
2026-08-30 19:45:00,216.72661,216.7342,216.71337,216.72785
2026-08-30 20:00:00,216.72294,216.73297,216.72015,216.72512
2026-08-30 20:15:00,216.7234,216.73315,216.72037,216.72179
2026-08-30 20:30:00,216.7234,216.73301,216.71017,216.71738
2026-08-30 20:45:00,216.713,216.72249,216.70965,216.71755
2026-08-30 21:00:00,216.71277,216.72252,216.70953,216.71537
2026-08-30 21:15:00,216.71277,216.72224,216.70952,216.71136
2026-08-30 21:30:00,216.71277,216.76216,216.61979,216.72938
2026-08-30 21:45:00,216.71739,216.75821,216.71739,216.75451
2026-08-30 22:00:00,216.74996,216.75986,216.74699,216.7535
2026-08-30 22:15:00,216.75023,216.75997,216.74717,216.74917
2026-08-30 22:30:00,216.75023,216.75998,216.74698,216.74985
2026-08-30 22:45:00,216.75023,216.79553,216.74699,216.78432
2026-08-30 23:00:00,216.78021,216.78994,216.77701,216.78409
2026-08-30 23:15:00,216.78021,216.78797,216.5895,216.64599
2026-08-30 23:30:00,216.64621,216.65595,216.64298,216.64504
2026-08-30 23:45:00,216.64621,216.69201,216.62389,216.68005
2026-08-31 00:00:00,216.67687,216.70594,216.6222,216.6933
2026-08-31 00:15:00,216.68875,216.69847,216.68565,216.6913
2026-08-31 00:30:00,216.68875,216.72942,216.68551,216.71754
2026-08-31 00:45:00,216.71897,216.72843,216.71572,216.72209
2026-08-31 01:00:00,216.71897,216.77864,216.63152,216.77406
2026-08-31 01:15:00,216.7692,216.8097,216.76692,216.79813
2026-08-31 01:30:00,216.79595,216.82538,216.75457,216.76195
2026-08-31 01:45:00,216.76355,216.80545,216.75865,216.7954
2026-08-31 02:00:00,216.79168,216.84916,216.68728,216.84523
2026-08-31 02:15:00,216.84033,216.86089,216.77497,216.79086
2026-08-31 02:30:00,216.78907,216.82196,216.71602,216.79394
2026-08-31 02:45:00,216.77997,216.83853,216.77997,216.83339
2026-08-31 03:00:00,216.829,216.84984,216.6308,216.80458
2026-08-31 03:15:00,216.79358,216.79358,216.70163,216.70877
2026-08-31 03:30:00,216.70588,216.76031,216.70169,216.74339
2026-08-31 03:45:00,216.74472,216.78484,216.63419,216.69456
2026-08-31 04:00:00,216.69686,216.75534,216.64563,216.68636
2026-08-31 04:15:00,216.68233,216.72518,216.6043,216.67936
2026-08-31 04:30:00,216.67518,216.69249,216.54943,216.66962
2026-08-31 04:45:00,216.65926,216.85697,216.1236,216.58333
2026-08-31 05:00:00,216.61932,216.99633,216.2675,216.71343
2026-08-31 05:15:00,216.66346,216.89503,216.03138,216.43753
2026-08-31 05:30:00,216.36596,216.82157,216.31211,216.73427
2026-08-31 05:45:00,216.66569,216.74745,216.38374,216.67196
2026-08-31 06:00:00,216.6183,216.82202,216.53209,216.80953
2026-08-31 06:15:00,216.78641,216.91227,216.42173,216.64159
2026-08-31 06:30:00,216.59768,216.73941,216.54772,216.65049
2026-08-31 06:45:00,216.67426,216.71199,216.56017,216.62705
2026-08-31 07:00:00,216.63625,216.71816,216.5741,216.68784
2026-08-31 07:15:00,216.62618,216.75364,216.62618,216.66889
2026-08-31 07:30:00,216.65361,216.68864,216.6309,216.6732
2026-08-31 07:45:00,216.67829,216.77186,216.64212,216.76802
2026-08-31 08:00:00,216.76249,216.78467,216.67622,216.70215
2026-08-31 08:15:00,216.70441,216.71836,216.68171,216.69404
2026-08-31 08:30:00,216.68418,216.75801,216.68418,216.71266
2026-08-31 08:45:00,216.71732,216.75275,216.68997,216.74941
2026-08-31 09:00:00,216.74459,216.84929,216.73862,216.8347
2026-08-31 09:15:00,216.83312,216.8567,216.81039,216.81954
2026-08-31 09:30:00,216.80888,216.83141,216.78182,216.79386
2026-08-31 09:45:00,216.79383,216.83357,216.76963,216.81825
2026-08-31 10:00:00,216.81488,216.83426,216.66204,216.72106
2026-08-31 10:15:00,216.71242,216.71242,216.61974,216.6258
2026-08-31 10:30:00,216.63425,216.74493,216.58969,216.73961
2026-08-31 10:45:00,216.73454,216.76589,216.65784,216.70006
2026-08-31 11:00:00,216.70668,216.71254,216.52783,216.5656
2026-08-31 11:15:00,216.55244,216.57245,216.42871,216.46096
2026-08-31 11:30:00,216.45714,216.51425,216.43187,216.45663
2026-08-31 11:45:00,216.46912,216.49412,216.43336,216.47295
2026-08-31 12:00:00,216.46799,216.49298,216.44286,216.45398
2026-08-31 12:15:00,216.45065,216.45065,216.37832,216.40538
2026-08-31 12:30:00,216.40047,216.44878,216.34755,216.36243
2026-08-31 12:45:00,216.3559,216.43471,216.34253,216.43091
2026-08-31 13:00:00,216.42755,216.45854,216.39369,216.43498
2026-08-31 13:15:00,216.437,216.47004,216.42082,216.45666
2026-08-31 13:30:00,216.45746,216.49203,216.44151,216.48159
2026-08-31 13:45:00,216.4772,216.48317,216.4259,216.45241
2026-08-31 14:00:00,216.44989,216.45514,216.40034,216.41414
2026-08-31 14:15:00,216.41954,216.45526,216.41154,216.41574
2026-08-31 14:30:00,216.42463,216.45336,216.36708,216.37614
2026-08-31 14:45:00,216.38864,216.4419,216.38305,216.43728
2026-08-31 15:00:00,216.43254,216.44808,216.37863,216.39639
2026-08-31 15:15:00,216.38941,216.46724,216.38941,216.45797
2026-08-31 15:30:00,216.45091,216.47517,216.41552,216.47308
2026-08-31 15:45:00,216.46465,216.54034,216.46361,216.53016
2026-08-31 16:00:00,216.52489,216.53396,216.46344,216.47909
2026-08-31 16:15:00,216.48419,216.56352,216.47293,216.55779
2026-08-31 16:30:00,216.54892,216.61552,216.53821,216.54398
2026-08-31 16:45:00,216.55282,216.56112,216.41568,216.49468
2026-08-31 17:00:00,216.48208,216.48285,216.21721,216.22574
2026-08-31 17:15:00,216.23963,216.23963,216.10908,216.19251
2026-08-31 17:30:00,216.18223,216.20873,216.12138,216.17392
2026-08-31 17:45:00,216.18173,216.23212,216.1581,216.19988
2026-08-31 18:00:00,216.19305,216.21877,216.1278,216.19883
2026-08-31 18:15:00,216.19045,216.23624,216.13458,216.23394
2026-08-31 18:30:00,216.23045,216.26979,216.21031,216.23619
2026-08-31 18:45:00,216.22403,216.3085,216.19789,216.30664
2026-08-31 19:00:00,216.30053,216.35839,216.28433,216.33178
2026-08-31 19:15:00,216.32144,216.3389,216.27391,216.2924
2026-08-31 19:30:00,216.296,216.3399,216.28297,216.30375
2026-08-31 19:45:00,216.30595,216.35385,216.30189,216.32439
2026-08-31 20:00:00,216.31636,216.38661,216.31636,216.3589
2026-08-31 20:15:00,216.35521,216.38857,216.32384,216.34879
2026-08-31 20:30:00,216.3437,216.35529,216.26018,216.28
2026-08-31 20:45:00,216.27383,216.30196,216.22509,216.287
2026-08-31 21:00:00,216.28362,216.29295,216.18714,216.22824
2026-08-31 21:15:00,216.21667,216.23385,216.20274,216.20612
2026-08-31 21:30:00,216.21007,216.24863,216.20014,216.22859
2026-08-31 21:45:00,216.21934,216.24789,216.18355,216.22689
2026-08-31 22:00:00,216.22225,216.29079,216.20885,216.28701
2026-08-31 22:15:00,216.27442,216.41638,216.26709,216.40988
2026-08-31 22:30:00,216.39892,216.43819,216.37426,216.39785
2026-08-31 22:45:00,216.40175,216.45604,216.35238,216.45279
2026-08-31 23:00:00,216.44279,216.51508,216.44279,216.51172
2026-08-31 23:15:00,216.50663,216.54516,216.44536,216.4728
2026-08-31 23:30:00,216.48305,216.50175,216.4472,216.46025
2026-08-31 23:45:00,216.47562,216.53694,216.43293,216.45565
2026-09-01 00:00:00,216.44781,216.46179,216.33624,216.39678
2026-09-01 00:15:00,216.38079,216.42403,216.36076,216.38927
2026-09-01 00:30:00,216.39556,216.45651,216.27796,216.29789
2026-09-01 00:45:00,216.31149,216.6207,216.26228,216.51408
2026-09-01 01:00:00,216.50051,216.60467,216.42248,216.46211
2026-09-01 01:15:00,216.43695,216.50565,216.43695,216.50347
2026-09-01 01:30:00,216.498,216.51752,216.4403,216.44162
2026-09-01 01:45:00,216.4457,216.48034,216.43325,216.43831
2026-09-01 02:00:00,216.44196,216.44317,216.36764,216.38162
2026-09-01 02:15:00,216.37658,216.4248,216.36422,216.3848
2026-09-01 02:30:00,216.37691,216.44246,216.35235,216.3657
2026-09-01 02:45:00,216.3686,216.38883,216.33299,216.35969
2026-09-01 03:00:00,216.35335,216.37865,216.32645,216.36004
2026-09-01 03:15:00,216.35201,216.40413,216.35201,216.39841
2026-09-01 03:30:00,216.39504,216.42061,216.38297,216.3978
2026-09-01 03:45:00,216.40347,216.43206,216.39442,216.40374
2026-09-01 04:00:00,216.40628,216.41579,216.36871,216.40683
2026-09-01 04:15:00,216.40324,216.43171,216.38802,216.40733
2026-09-01 04:30:00,216.41256,216.48671,216.38656,216.4838
2026-09-01 04:45:00,216.47879,216.53245,216.45934,216.47974
2026-09-01 05:00:00,216.50214,216.53308,216.45548,216.47366
2026-09-01 05:15:00,216.46501,216.46672,216.41531,216.41822
2026-09-01 05:30:00,216.41875,216.47892,216.39685,216.47616
2026-09-01 05:45:00,216.47024,216.5172,216.46381,216.4762
2026-09-01 06:00:00,216.48288,216.51293,216.42488,216.4278
2026-09-01 06:15:00,216.43153,216.43932,216.39211,216.43557
2026-09-01 06:30:00,216.43055,216.46975,216.42436,216.44891
2026-09-01 06:45:00,216.45024,216.45829,216.42491,216.42682
2026-09-01 07:00:00,216.43339,216.49079,216.4104,216.47412
2026-09-01 07:15:00,216.47784,216.48592,216.43844,216.46541
2026-09-01 07:30:00,216.4503,216.52865,216.44799,216.51201
2026-09-01 07:45:00,216.51236,216.52462,216.4936,216.52075
2026-09-01 08:00:00,216.51525,216.5412,216.46204,216.46959
2026-09-01 08:15:00,216.47118,216.47691,216.45704,216.47169
2026-09-01 08:30:00,216.46755,216.46755,216.44226,216.45429
2026-09-01 08:45:00,216.4512,216.45472,216.42987,216.43798
2026-09-01 09:00:00,216.44088,216.49405,216.43837,216.46841
2026-09-01 09:15:00,216.46132,216.4777,216.44134,216.44462
2026-09-01 09:30:00,216.44573,216.48736,216.44573,216.458
2026-09-01 09:45:00,216.45459,216.46205,216.40486,216.4351
2026-09-01 10:00:00,216.44253,216.59472,216.43602,216.47573
2026-09-01 10:15:00,216.47971,216.51114,216.43023,216.50028
2026-09-01 10:30:00,216.49007,216.56673,216.48693,216.56346
2026-09-01 10:45:00,216.55819,216.60003,216.52588,216.56821
2026-09-01 11:00:00,216.56245,216.57328,216.43975,216.4476
2026-09-01 11:15:00,216.46757,216.54172,216.44718,216.46658
2026-09-01 11:30:00,216.4639,216.50236,216.45151,216.48582
2026-09-01 11:45:00,216.47267,216.50599,216.36538,216.36836
2026-09-01 12:00:00,216.37267,216.47942,216.37267,216.42695
2026-09-01 12:15:00,216.42918,216.43895,216.40733,216.43777
2026-09-01 12:30:00,216.43396,216.43721,216.38177,216.43128
2026-09-01 12:45:00,216.42639,216.46405,216.40096,216.45982
2026-09-01 13:00:00,216.45645,216.46403,216.41251,216.43637
2026-09-01 13:15:00,216.43828,216.43828,216.38889,216.42286
2026-09-01 13:30:00,216.41722,216.43048,216.39599,216.4065
2026-09-01 13:45:00,216.4085,216.44055,216.39879,216.41795
2026-09-01 14:00:00,216.41291,216.4496,216.38914,216.42855
2026-09-01 14:15:00,216.43202,216.45559,216.40892,216.44985
2026-09-01 14:30:00,216.44335,216.45948,216.4124,216.45891
2026-09-01 14:45:00,216.45398,216.52068,216.44421,216.51791
2026-09-01 15:00:00,216.51156,216.57667,216.50313,216.57129
2026-09-01 15:15:00,216.56985,216.58941,216.55625,216.58102
2026-09-01 15:30:00,216.57804,216.61178,216.54921,216.57457
2026-09-01 15:45:00,216.56935,216.59757,216.52706,216.59552
2026-09-01 16:00:00,216.58765,216.61866,216.5361,216.60078
2026-09-01 16:15:00,216.58729,216.62796,216.50919,216.52668
2026-09-01 16:30:00,216.5204,216.63704,216.5154,216.63034
2026-09-01 16:45:00,216.6117,216.66024,216.5764,216.58203
2026-09-01 17:00:00,216.58954,216.64183,216.56064,216.59162
2026-09-01 17:15:00,216.59383,216.63936,216.53729,216.54079
2026-09-01 17:30:00,216.54968,216.56503,216.52219,216.55924
2026-09-01 17:45:00,216.55702,216.61477,216.52772,216.56433
2026-09-01 18:00:00,216.56,216.61532,216.49662,216.52409
2026-09-01 18:15:00,216.51186,216.55281,216.48744,216.54372
2026-09-01 18:30:00,216.53663,216.58344,216.45643,216.57786
2026-09-01 18:45:00,216.56552,216.61645,216.52981,216.58754
2026-09-01 19:00:00,216.57626,216.59402,216.53785,216.56
2026-09-01 19:15:00,216.57156,216.68519,216.53994,216.65905
2026-09-01 19:30:00,216.66807,216.73733,216.66502,216.71129
2026-09-01 19:45:00,216.71563,216.74743,216.6817,216.70785
2026-09-01 20:00:00,216.70156,216.7386,216.68062,216.71897
2026-09-01 20:15:00,216.70719,216.74972,216.67484,216.69098
2026-09-01 20:30:00,216.69335,216.70722,216.6496,216.669
2026-09-01 20:45:00,216.66976,216.73495,216.65404,216.70289
2026-09-01 21:00:00,216.69519,216.7499,216.64646,216.73491
2026-09-01 21:15:00,216.72989,216.78055,216.6779,216.6811
2026-09-01 21:30:00,216.68772,216.74139,216.67577,216.71012
2026-09-01 21:45:00,216.70518,216.73482,216.66525,216.73419
2026-09-01 22:00:00,216.72848,216.74555,216.69026,216.70607
2026-09-01 22:15:00,216.6992,216.79159,216.6992,216.78626
2026-09-01 22:30:00,216.7759,216.80584,216.72772,216.74502
2026-09-01 22:45:00,216.73802,216.75119,216.62951,216.63541
2026-09-01 23:00:00,216.6444,216.68019,216.61359,216.62847
2026-09-01 23:15:00,216.63695,216.68592,216.61293,216.66338
2026-09-01 23:30:00,216.66727,216.77111,216.66727,216.70892
2026-09-01 23:45:00,216.72968,216.80375,216.67807,216.74974
2026-09-02 00:00:00,216.74874,216.8574,216.74874,216.80753
2026-09-02 00:15:00,216.81752,216.81752,216.62943,216.63606
2026-09-02 00:30:00,216.64706,216.69866,216.56654,216.69055
2026-09-02 00:45:00,216.67945,216.73843,216.65841,216.71025
2026-09-02 01:00:00,216.71408,216.7524,216.58179,216.6558
2026-09-02 01:15:00,216.64161,216.64161,216.5403,216.57604
2026-09-02 01:30:00,216.56985,216.59155,216.52398,216.52713
2026-09-02 01:45:00,216.53141,216.54138,216.47057,216.49226
2026-09-02 02:00:00,216.48792,216.52912,216.4427,216.52615
2026-09-02 02:15:00,216.5133,216.61073,216.5069,216.58067
2026-09-02 02:30:00,216.58538,216.62519,216.51527,216.52195
2026-09-02 02:45:00,216.53641,216.55285,216.47221,216.47896
2026-09-02 03:00:00,216.47955,216.5065,216.45823,216.49465
2026-09-02 03:15:00,216.48899,216.53834,216.47619,216.53549
2026-09-02 03:30:00,216.52453,216.56881,216.48998,216.50448
2026-09-02 03:45:00,216.51369,216.56291,216.51369,216.53683
2026-09-02 04:00:00,216.54428,216.57542,216.52431,216.53307
2026-09-02 04:15:00,216.53357,216.56396,216.49369,216.49952
2026-09-02 04:30:00,216.50751,216.51043,216.45657,216.47802
2026-09-02 04:45:00,216.47462,216.53197,216.46429,216.49291
2026-09-02 05:00:00,216.49585,216.52043,216.48384,216.50921
2026-09-02 05:15:00,216.50612,216.52911,216.48795,216.52695
2026-09-02 05:30:00,216.5212,216.54267,216.48996,216.49787
2026-09-02 05:45:00,216.49854,216.54379,216.49167,216.49744
2026-09-02 06:00:00,216.50188,216.50988,216.47339,216.49245
2026-09-02 06:15:00,216.48302,216.50098,216.46406,216.47001
2026-09-02 06:30:00,216.46443,216.50883,216.44886,216.50333
2026-09-02 06:45:00,216.49848,216.53737,216.49848,216.52706
2026-09-02 07:00:00,216.5282,216.57412,216.46484,216.51422
2026-09-02 07:15:00,216.51244,216.53056,216.46969,216.52487
2026-09-02 07:30:00,216.51935,216.54602,216.46743,216.47069
2026-09-02 07:45:00,216.47408,216.52728,216.4472,216.49568
2026-09-02 08:00:00,216.48787,216.53725,216.47763,216.52148
2026-09-02 08:15:00,216.51206,216.53761,216.50337,216.51939
2026-09-02 08:30:00,216.51548,216.52335,216.48492,216.51479
2026-09-02 08:45:00,216.50974,216.5419,216.5081,216.53423
2026-09-02 09:00:00,216.53142,216.55621,216.51433,216.5445
2026-09-02 09:15:00,216.54471,216.54471,216.50317,216.50567
2026-09-02 09:30:00,216.50645,216.53456,216.4711,216.49737
2026-09-02 09:45:00,216.4933,216.52603,216.48115,216.50815
2026-09-02 10:00:00,216.51254,216.51254,216.42543,216.43869
2026-09-02 10:15:00,216.44553,216.47608,216.40296,216.41931
2026-09-02 10:30:00,216.41337,216.51602,216.41148,216.44911
2026-09-02 10:45:00,216.45569,216.52584,216.42336,216.51254
2026-09-02 11:00:00,216.51328,216.53224,216.48819,216.48922
2026-09-02 11:15:00,216.48903,216.5292,216.46455,216.52915
2026-09-02 11:30:00,216.52701,216.5549,216.4956,216.54531
2026-09-02 11:45:00,216.53677,216.59403,216.53677,216.571
2026-09-02 12:00:00,216.57524,216.58524,216.50134,216.55153
2026-09-02 12:15:00,216.54241,216.59124,216.52405,216.54388
2026-09-02 12:30:00,216.53884,216.53884,216.4668,216.47082
2026-09-02 12:45:00,216.46978,216.51052,216.45818,216.47749
2026-09-02 13:00:00,216.47393,216.47677,216.42921,216.44925
2026-09-02 13:15:00,216.45199,216.46705,216.41617,216.42123
2026-09-02 13:30:00,216.42236,216.42236,216.32546,216.32819
2026-09-02 13:45:00,216.32895,216.35679,216.31787,216.35321
2026-09-02 14:00:00,216.34843,216.34843,216.23351,216.23479
2026-09-02 14:15:00,216.23916,216.30376,216.21611,216.2221
2026-09-02 14:30:00,216.23647,216.26103,216.19611,216.21535
2026-09-02 14:45:00,216.21238,216.21238,216.02648,216.09341
2026-09-02 15:00:00,216.082,216.11181,216.01224,216.01785
2026-09-02 15:15:00,216.02933,216.11277,215.99869,216.03738
2026-09-02 15:30:00,216.04645,216.06399,215.92516,215.96628
2026-09-02 15:45:00,215.9564,215.96834,215.80836,215.81519
2026-09-02 16:00:00,215.82236,215.84533,215.32381,215.47815
2026-09-02 16:15:00,215.46003,215.6604,215.4573,215.53997
2026-09-02 16:30:00,215.54612,215.62209,215.44374,215.48463
2026-09-02 16:45:00,215.47531,215.47779,215.25664,215.41963
2026-09-02 17:00:00,215.4092,215.61033,215.33558,215.60797
2026-09-02 17:15:00,215.60142,215.74674,215.57616,215.61784
2026-09-02 17:30:00,215.60889,215.70261,215.56471,215.59443
2026-09-02 17:45:00,215.61984,215.77879,215.61984,215.77663
2026-09-02 18:00:00,215.7702,215.84006,215.73112,215.79197
2026-09-02 18:15:00,215.76084,215.8618,215.70902,215.7113
2026-09-02 18:30:00,215.7153,215.85404,215.70371,215.82783
2026-09-02 18:45:00,215.83606,215.86104,215.79844,215.81184
2026-09-02 19:00:00,215.8177,215.89958,215.79407,215.80163
2026-09-02 19:15:00,215.81377,215.81618,215.74126,215.80977
2026-09-02 19:30:00,215.79951,215.82657,215.68072,215.72342
2026-09-02 19:45:00,215.71164,215.75027,215.57032,215.57953
2026-09-02 20:00:00,215.594,215.61018,215.55182,215.56225
2026-09-02 20:15:00,215.56374,215.59581,215.50808,215.55742
2026-09-02 20:30:00,215.5594,215.6046,215.53168,215.54537
2026-09-02 20:45:00,215.54843,215.60269,215.51531,215.59586
2026-09-02 21:00:00,215.58172,215.63966,215.55381,215.55882
2026-09-02 21:15:00,215.56465,215.58823,215.41901,215.42395
2026-09-02 21:30:00,215.43052,215.43873,215.25991,215.40544
2026-09-02 21:45:00,215.40106,215.4519,215.26182,215.27025
2026-09-02 22:00:00,215.28522,215.28848,215.16098,215.20067
2026-09-02 22:15:00,215.19253,215.2878,215.10528,215.27643
2026-09-02 22:30:00,215.25679,215.26913,215.17969,215.19209
2026-09-02 22:45:00,215.1951,215.31093,215.07921,215.08082
2026-09-02 23:00:00,215.0841,215.128,215.04568,215.1048
2026-09-02 23:15:00,215.06296,215.38087,213.70829,214.34485
2026-09-02 23:30:00,214.18481,214.66896,214.18481,214.31572
2026-09-02 23:45:00,214.29281,214.38248,214.10923,214.26888
2026-09-03 00:00:00,214.22135,214.53262,214.212,214.33081
2026-09-03 00:15:00,214.3175,214.3989,214.25754,214.32587
2026-09-03 00:30:00,214.30532,214.42328,214.25775,214.27976
2026-09-03 00:45:00,214.27276,214.50996,214.27276,214.29697
2026-09-03 01:00:00,214.315,214.48506,214.30693,214.31069
2026-09-03 01:15:00,214.31669,214.31669,214.17793,214.29633
2026-09-03 01:30:00,214.29367,214.31616,214.20767,214.3072
2026-09-03 01:45:00,214.29188,214.39509,214.28447,214.38703
2026-09-03 02:00:00,214.37337,214.47041,214.37337,214.42885
2026-09-03 02:15:00,214.42321,214.46867,214.40165,214.45723
2026-09-03 02:30:00,214.45227,214.45227,214.35097,214.41229
2026-09-03 02:45:00,214.40751,214.41679,214.34317,214.35627
2026-09-03 03:00:00,214.35882,214.41415,214.30913,214.35428
2026-09-03 03:15:00,214.36133,214.42266,214.3282,214.41991
2026-09-03 03:30:00,214.41263,214.41749,214.34214,214.3753
2026-09-03 03:45:00,214.36954,214.40461,214.2454,214.29818
2026-09-03 04:00:00,214.30079,214.36055,214.25089,214.35111
2026-09-03 04:15:00,214.33842,214.39998,214.30711,214.36281
2026-09-03 04:30:00,214.35671,214.38382,214.32789,214.37722
2026-09-03 04:45:00,214.35502,214.41446,214.34047,214.36452
2026-09-03 05:00:00,214.35627,214.42153,214.33913,214.41954
2026-09-03 05:15:00,214.41351,214.41351,214.32578,214.32864
2026-09-03 05:30:00,214.33344,214.33379,214.2723,214.28349
2026-09-03 05:45:00,214.27925,214.2916,214.15336,214.16263
2026-09-03 06:00:00,214.17833,214.18094,213.98623,213.98926
2026-09-03 06:15:00,213.99495,214.09734,213.98907,214.08775
2026-09-03 06:30:00,214.08273,214.10489,214.04297,214.06909
2026-09-03 06:45:00,214.06578,214.12141,214.02122,214.02894
2026-09-03 07:00:00,214.03635,214.18524,213.99413,214.10813
2026-09-03 07:15:00,214.1019,214.1019,214.03768,214.05525
2026-09-03 07:30:00,214.05064,214.08042,214.00046,214.02679
2026-09-03 07:45:00,214.02147,214.049,213.97757,214.04327
2026-09-03 08:00:00,214.03697,214.06584,213.98921,214.0056
2026-09-03 08:15:00,214.00718,214.08005,214.00718,214.06446
2026-09-03 08:30:00,214.06091,214.11234,214.04808,214.08062
2026-09-03 08:45:00,214.08225,214.15689,214.06816,214.10767
2026-09-03 09:00:00,214.10314,214.17559,214.0552,214.16176
2026-09-03 09:15:00,214.16245,214.17252,214.09958,214.12846
2026-09-03 09:30:00,214.12301,214.19227,214.11432,214.19019
2026-09-03 09:45:00,214.18679,214.30493,214.18521,214.29977
2026-09-03 10:00:00,214.28921,214.30446,214.15011,214.2517
2026-09-03 10:15:00,214.2148,214.3407,214.18459,214.19133
2026-09-03 10:30:00,214.19648,214.20193,213.97096,214.04766
2026-09-03 10:45:00,214.02956,214.07002,213.89584,214.06897
2026-09-03 11:00:00,214.06345,214.09416,213.95272,214.01509
2026-09-03 11:15:00,213.99812,213.99812,213.74993,213.772
2026-09-03 11:30:00,213.80582,213.80582,213.43689,213.62539
2026-09-03 11:45:00,213.615,213.71641,213.60557,213.69582
2026-09-03 12:00:00,213.68888,213.72203,213.49512,213.63086
2026-09-03 12:15:00,213.59114,213.59114,213.19892,213.20717
2026-09-03 12:30:00,213.22105,213.27762,213.09544,213.26073
2026-09-03 12:45:00,213.2513,213.31531,213.04829,213.23155
2026-09-03 13:00:00,213.21516,213.23572,212.81674,212.89047
2026-09-03 13:15:00,212.87116,212.99343,212.80077,212.89896
2026-09-03 13:30:00,212.8957,213.09194,212.8957,213.00564
2026-09-03 13:45:00,213.01528,213.02571,212.86337,212.94261
2026-09-03 14:00:00,212.92993,213.02626,212.88164,212.88746
2026-09-03 14:15:00,212.8945,212.9703,212.83275,212.88835
2026-09-03 14:30:00,212.87769,212.87769,212.67652,212.70771
2026-09-03 14:45:00,212.7178,212.85374,212.7178,212.81648
2026-09-03 15:00:00,212.82343,212.89246,212.75954,212.82816
2026-09-03 15:15:00,212.83409,212.8732,212.646,212.68481
2026-09-03 15:30:00,212.67095,212.78384,212.60805,212.66992
2026-09-03 15:45:00,212.64467,212.7212,212.38011,212.4099
2026-09-03 16:00:00,212.4152,212.5039,212.18747,212.19813
2026-09-03 16:15:00,212.20929,212.21382,212.06087,212.09317
2026-09-03 16:30:00,212.10736,212.24025,212.04124,212.10283
2026-09-03 16:45:00,212.09906,212.10186,211.92245,211.98598
2026-09-03 17:00:00,211.97193,212.00711,211.15747,211.46371
2026-09-03 17:15:00,211.43875,211.57704,211.34551,211.49054
2026-09-03 17:30:00,211.50144,212.44715,211.0125,212.1038
2026-09-03 17:45:00,212.11521,212.31331,212.02667,212.10393
2026-09-03 18:00:00,212.11879,212.18232,211.77286,211.78391
2026-09-03 18:15:00,211.81239,212.05906,211.80157,211.8873
2026-09-03 18:30:00,211.90144,211.93405,211.65859,211.66614
2026-09-03 18:45:00,211.67569,211.68734,211.33854,211.49648
2026-09-03 19:00:00,211.50232,211.73756,211.36904,211.41208
2026-09-03 19:15:00,211.41795,211.41795,211.12722,211.30207
2026-09-03 19:30:00,211.2825,211.30108,210.98017,211.04108
2026-09-03 19:45:00,211.03395,211.11584,210.83122,211.0863
2026-09-03 20:00:00,211.09236,211.17302,210.80718,210.96451
2026-09-03 20:15:00,210.95901,211.11961,210.82327,210.83969
2026-09-03 20:30:00,210.88094,211.061,210.83054,210.97592
2026-09-03 20:45:00,210.94922,211.01803,210.86742,210.95936
2026-09-03 21:00:00,210.9486,210.9841,210.60611,210.62868
2026-09-03 21:15:00,210.67292,210.75836,210.36462,210.58913
2026-09-03 21:30:00,210.57622,210.78035,210.57622,210.74058
2026-09-03 21:45:00,210.74601,210.77654,210.62982,210.67338
2026-09-03 22:00:00,210.66394,210.71715,210.47663,210.64605
2026-09-03 22:15:00,210.59648,210.59648,210.15328,210.18892
2026-09-03 22:30:00,210.20164,210.37957,210.0708,210.23022
2026-09-03 22:45:00,210.25519,210.28621,210.05633,210.27731
2026-09-03 23:00:00,210.25656,210.46513,210.23469,210.4551
2026-09-03 23:15:00,210.43758,210.43758,210.13073,210.24181
2026-09-03 23:30:00,210.25033,210.32258,210.15243,210.31397
2026-09-03 23:45:00,210.29769,210.32898,210.02517,210.09512
2026-09-04 00:00:00,210.1028,210.15702,209.96793,209.98706
2026-09-04 00:15:00,210.01786,210.19522,209.99408,210.14058
2026-09-04 00:30:00,210.12493,210.32303,210.05909,210.2834
2026-09-04 00:45:00,210.28821,210.2941,210.08046,210.11693
2026-09-04 01:00:00,210.11218,210.68351,210.05715,210.67403
2026-09-04 01:15:00,210.65172,210.88837,210.56192,210.70379
2026-09-04 01:30:00,210.67834,210.67834,210.38078,210.39269
2026-09-04 01:45:00,210.40788,210.41109,210.29538,210.35471
2026-09-04 02:00:00,210.33519,210.36613,210.24557,210.3215
2026-09-04 02:15:00,210.3301,210.47477,210.3301,210.45911
2026-09-04 02:30:00,210.42338,210.50235,210.35342,210.35791
2026-09-04 02:45:00,210.36648,210.46246,210.36648,210.43113
2026-09-04 03:00:00,210.42131,210.56295,210.37254,210.55914
2026-09-04 03:15:00,210.55132,210.58998,210.4683,210.54353
2026-09-04 03:30:00,210.56497,210.56497,210.48646,210.5118
2026-09-04 03:45:00,210.50987,210.52467,210.47672,210.4974
2026-09-04 04:00:00,210.50122,210.51878,210.42998,210.49696
2026-09-04 04:15:00,210.48589,210.56706,210.46865,210.4922
2026-09-04 04:30:00,210.49519,210.60282,210.47475,210.58788
2026-09-04 04:45:00,210.58387,210.64453,210.53961,210.55166
2026-09-04 05:00:00,210.55256,210.73509,210.52963,210.73034
2026-09-04 05:15:00,210.71724,210.76126,210.58658,210.66521
2026-09-04 05:30:00,210.65843,210.76272,210.61979,210.68929
2026-09-04 05:45:00,210.6715,210.72228,210.6188,210.65296
2026-09-04 06:00:00,210.64226,210.75278,210.63738,210.71806
2026-09-04 06:15:00,210.71528,210.74033,210.66962,210.67984
2026-09-04 06:30:00,210.66918,210.75125,210.66918,210.74883
2026-09-04 06:45:00,210.74615,210.76327,210.71883,210.72084
2026-09-04 07:00:00,210.7266,210.95814,210.59686,210.84454
2026-09-04 07:15:00,210.83662,210.91551,210.822,210.91109
2026-09-04 07:30:00,210.9049,210.91916,210.83676,210.86579
2026-09-04 07:45:00,210.86361,210.87858,210.8356,210.85391
2026-09-04 08:00:00,210.85518,210.90956,210.7444,210.78009
2026-09-04 08:15:00,210.77613,210.81697,210.76831,210.81526
2026-09-04 08:30:00,210.81041,210.91735,210.79979,210.9127
2026-09-04 08:45:00,210.90848,211.1567,210.89271,211.12053
2026-09-04 09:00:00,211.13495,211.1943,211.03469,211.12503
2026-09-04 09:15:00,211.11785,211.11785,210.9901,211.00056
2026-09-04 09:30:00,211.01901,211.04465,210.75196,210.84574
2026-09-04 09:45:00,210.83905,210.83905,210.5763,210.58147
2026-09-04 10:00:00,210.58994,210.59168,210.15201,210.52332
2026-09-04 10:15:00,210.49623,210.76224,210.43615,210.75336
2026-09-04 10:30:00,210.72815,210.96199,210.71767,210.74139
2026-09-04 10:45:00,210.79031,210.79031,210.54367,210.6895
2026-09-04 11:00:00,210.62865,210.88731,210.62865,210.87255
2026-09-04 11:15:00,210.84916,211.1412,210.84916,211.09801
2026-09-04 11:30:00,211.08592,211.20971,210.91077,211.20632
2026-09-04 11:45:00,211.19839,211.19839,210.98053,210.99239
2026-09-04 12:00:00,211.00962,211.04652,210.86509,211.0408
2026-09-04 12:15:00,211.03197,211.12399,210.99325,211.12019
2026-09-04 12:30:00,211.11737,211.15283,211.01364,211.02159
2026-09-04 12:45:00,211.02771,211.22838,211.02771,211.21349
2026-09-04 13:00:00,211.20791,211.26684,211.1776,211.20501
2026-09-04 13:15:00,211.20897,211.2596,211.18754,211.23373
2026-09-04 13:30:00,211.22532,211.53842,211.21538,211.50972
2026-09-04 13:45:00,211.50613,211.62582,211.46313,211.59478
2026-09-04 14:00:00,211.58515,211.60373,211.4802,211.57848
2026-09-04 14:15:00,211.55937,211.67623,211.55275,211.58334
2026-09-04 14:30:00,211.5868,211.60299,211.46143,211.48518
2026-09-04 14:45:00,211.47897,211.58128,211.45497,211.57926
2026-09-04 15:00:00,211.5747,211.64746,211.50668,211.51207
2026-09-04 15:15:00,211.51943,211.58383,211.46118,211.53608
2026-09-04 15:30:00,211.5578,211.60596,211.5062,211.59497
2026-09-04 15:45:00,211.58931,211.68351,211.56428,211.61845
2026-09-04 16:00:00,211.61511,211.80908,211.60496,211.63212
2026-09-04 16:15:00,211.65664,211.69076,211.55298,211.56734
2026-09-04 16:30:00,211.59296,211.59296,211.42224,211.42993
2026-09-04 16:45:00,211.43603,211.62539,211.39723,211.61564
2026-09-04 17:00:00,211.5963,211.81292,211.5963,211.74211
2026-09-04 17:15:00,211.75637,211.80976,211.63895,211.70367
2026-09-04 17:30:00,211.72094,211.78906,211.63927,211.65171
2026-09-04 17:45:00,211.66262,211.71953,211.55506,211.57737
2026-09-04 18:00:00,211.58388,211.70184,211.55851,211.69671
2026-09-04 18:15:00,211.68705,211.72886,211.57956,211.68233
2026-09-04 18:30:00,211.69941,211.7243,211.49487,211.59536
2026-09-04 18:45:00,211.57858,211.7089,211.5673,211.6792
2026-09-04 19:00:00,211.66972,211.69643,211.52882,211.54809
2026-09-04 19:15:00,211.54459,211.57755,211.42805,211.523
2026-09-04 19:30:00,211.50326,211.80207,211.50326,211.7927
2026-09-04 19:45:00,211.77818,211.77818,211.58583,211.59667
2026-09-04 20:00:00,211.61222,211.62372,211.5199,211.52522
2026-09-04 20:15:00,211.53291,211.57591,211.46159,211.49852
2026-09-04 20:30:00,211.48977,211.57367,211.4389,211.57137
2026-09-04 20:45:00,211.56293,211.59165,211.51775,211.52296
2026-09-04 21:00:00,211.52699,211.60893,211.51753,211.52602
2026-09-04 21:15:00,211.54059,211.60329,211.52497,211.54555
2026-09-04 21:30:00,211.55348,211.57275,211.5121,211.51673
2026-09-04 21:45:00,211.52368,211.52368,211.40008,211.47387
2026-09-04 22:00:00,211.46541,211.5019,211.33399,211.34248
2026-09-04 22:15:00,211.35657,211.40546,211.26126,211.26707
2026-09-04 22:30:00,211.27317,211.57453,210.79603,211.04377
2026-09-04 22:45:00,211.05193,211.09064,209.77024,210.28077
2026-09-04 23:00:00,210.33538,210.72475,210.20573,210.58621
2026-09-04 23:15:00,210.59367,210.71766,210.34802,210.41161
2026-09-04 23:30:00,210.39453,210.54711,210.2229,210.24462
2026-09-04 23:45:00,210.29839,210.61058,210.29839,210.5624
2026-09-05 00:00:00,210.54226,210.93646,210.48402,210.90556
2026-09-05 00:15:00,210.89835,210.9461,210.82143,210.87698
2026-09-05 00:30:00,210.86596,210.92638,210.68262,210.91056
2026-09-05 00:45:00,210.88876,211.09939,210.88876,211.00517
2026-09-05 01:00:00,211.01878,211.01878,210.84525,210.85569
2026-09-05 01:15:00,210.87469,211.01129,210.83001,211.00731
2026-09-05 01:30:00,211.00607,211.09943,210.93231,211.08822
2026-09-05 01:45:00,211.06509,211.08434,210.97273,211.07159
2026-09-05 02:00:00,211.05566,211.12528,211.02553,211.11932
2026-09-05 02:15:00,211.10746,211.11871,210.96774,211.02629
2026-09-05 02:30:00,211.0203,211.03769,210.94392,210.9633
2026-09-05 02:45:00,210.96895,211.03135,210.96553,211.02601
2026-09-05 03:00:00,211.02194,211.06265,210.96381,210.96893
2026-09-05 03:15:00,210.97441,211.04112,210.9576,211.01907
2026-09-05 03:30:00,211.01503,211.01503,210.93827,210.94213
2026-09-05 03:45:00,210.95341,211.02539,210.93714,211.02237
2026-09-05 04:00:00,211.01638,211.02416,210.98847,211.00673
2026-09-05 04:15:00,211.00746,211.0458,211.00253,211.04074
2026-09-05 04:30:00,211.02678,211.13053,211.02678,211.1152
2026-09-05 04:45:00,211.11892,211.16939,211.09913,211.14974
2026-09-05 05:00:00,211.1447,211.17142,211.11458,211.16795
2026-09-05 05:15:00,211.164,211.20538,211.13698,211.19945
2026-09-05 05:30:00,211.19507,211.24807,211.18402,211.2404
2026-09-05 05:45:00,211.23152,211.25423,211.22546,211.24557
2026-09-05 06:00:00,211.24336,211.27266,211.19383,211.20524
2026-09-05 06:15:00,211.20157,211.23996,211.19398,211.23453
2026-09-05 06:30:00,211.22343,211.22343,211.16037,211.1803
2026-09-05 06:45:00,211.18635,211.22189,211.13672,211.21759
2026-09-05 07:00:00,211.21014,211.30772,211.19005,211.24325
2026-09-05 07:15:00,211.23923,211.2631,211.22201,211.23605
2026-09-05 07:30:00,211.23827,211.25626,211.21088,211.23971
2026-09-05 07:45:00,211.22418,211.25645,211.19677,211.23958
2026-09-05 08:00:00,211.2418,211.29962,211.04348,211.21853
2026-09-05 08:15:00,211.2164,211.22625,211.20193,211.21319
2026-09-05 08:30:00,211.20806,211.22621,211.20463,211.21766
2026-09-05 08:45:00,211.21593,211.2202,211.20399,211.20516
2026-09-05 09:00:00,211.20881,211.26259,211.11714,211.21683
2026-09-05 09:15:00,211.21412,211.22746,211.2052,211.21648
2026-09-05 09:30:00,211.21032,211.22559,211.19998,211.20416
2026-09-05 09:45:00,211.21,211.22558,211.2054,211.20693
2026-09-05 10:00:00,211.21024,211.25108,211.19073,211.19835
2026-09-05 10:15:00,211.20198,211.21828,211.18432,211.19511
2026-09-05 10:30:00,211.20077,211.20132,211.18413,211.19134
2026-09-05 10:45:00,211.18841,211.20103,211.1835,211.19341
2026-09-05 11:00:00,211.18962,211.21055,211.17877,211.18563
2026-09-05 11:15:00,211.18741,211.19712,211.18582,211.19436
2026-09-05 11:30:00,211.19043,211.212,211.1673,211.19521
2026-09-05 11:45:00,211.19169,211.19941,211.18339,211.19278
2026-09-05 12:00:00,211.18973,211.21095,211.17888,211.18749
2026-09-05 12:15:00,211.18923,211.20323,211.18626,211.19525
2026-09-05 12:30:00,211.19157,211.20322,211.18699,211.19444
2026-09-05 12:45:00,211.19021,211.20402,211.18699,211.19116
2026-09-05 13:00:00,211.19252,211.21024,211.1795,211.18947
2026-09-05 13:15:00,211.19109,211.22877,211.18124,211.18707
2026-09-05 13:30:00,211.18412,211.20855,211.18023,211.19036
2026-09-05 13:45:00,211.19735,211.19735,211.18051,211.18333
2026-09-05 14:00:00,211.18312,211.20058,211.18163,211.18271
2026-09-05 14:15:00,211.18416,211.19708,211.18008,211.18357
2026-09-05 14:30:00,211.18429,211.19536,211.18,211.18834
2026-09-05 14:45:00,211.18372,211.1937,211.18071,211.18515
2026-09-05 15:00:00,211.18314,211.21497,211.17422,211.18631
2026-09-05 15:15:00,211.18842,211.19422,211.18043,211.18252
2026-09-05 15:30:00,211.18305,211.19333,211.18001,211.18756
2026-09-05 15:45:00,211.18285,211.1943,211.17995,211.18367
2026-09-05 16:00:00,211.18458,211.20049,211.18156,211.18294
2026-09-05 16:15:00,211.18419,211.19377,211.17632,211.18335
2026-09-05 16:30:00,211.18364,211.19683,211.17456,211.19351
2026-09-05 16:45:00,211.18948,211.19545,211.181,211.18653
2026-09-05 17:00:00,211.18342,211.20419,211.17586,211.18325
2026-09-05 17:15:00,211.1844,211.19428,211.18069,211.18306
2026-09-05 17:30:00,211.18356,211.19359,211.17213,211.18855
2026-09-05 17:45:00,211.18453,211.1945,211.17536,211.18553
2026-09-05 18:00:00,211.18162,211.19346,211.18015,211.18704
2026-09-05 18:15:00,211.18379,211.19633,211.17786,211.18183
2026-09-05 18:30:00,211.18335,211.19272,211.18106,211.18883
2026-09-05 18:45:00,211.18338,211.2,211.17788,211.19476
2026-09-05 19:00:00,211.19082,211.19916,211.17803,211.1893
2026-09-05 19:15:00,211.18529,211.19929,211.18293,211.18621
2026-09-05 19:30:00,211.18886,211.19737,211.17656,211.18802
2026-09-05 19:45:00,211.18678,211.20192,211.18177,211.19734
2026-09-05 20:00:00,211.19326,211.20225,211.18243,211.19024
2026-09-05 20:15:00,211.19106,211.20317,211.17504,211.19352
2026-09-05 20:30:00,211.18823,211.2009,211.18669,211.18825
2026-09-05 20:45:00,211.1887,211.21768,211.18056,211.20224
2026-09-05 21:00:00,211.20393,211.20937,211.18987,211.19811
2026-09-05 21:15:00,211.19608,211.20687,211.17937,211.1963
2026-09-05 21:30:00,211.19787,211.20564,211.17555,211.17875
2026-09-05 21:45:00,211.18354,211.18389,211.17153,211.17882
2026-09-05 22:00:00,211.17417,211.18347,211.16678,211.1719
2026-09-05 22:15:00,211.16934,211.18405,211.16699,211.17344
2026-09-05 22:30:00,211.1748,211.18429,211.16617,211.17417
2026-09-05 22:45:00,211.16922,211.17859,211.16607,211.17524
2026-09-05 23:00:00,211.17119,211.17686,211.16315,211.16963
2026-09-05 23:15:00,211.1663,211.18751,211.16484,211.17325
2026-09-05 23:30:00,211.17414,211.18913,211.16611,211.17661
2026-09-05 23:45:00,211.17719,211.18004,211.16614,211.17233
2026-09-06 00:00:00,211.16849,211.1838,211.16723,211.17803
2026-09-06 00:15:00,211.17286,211.18627,211.17164,211.17777
2026-09-06 00:30:00,211.17891,211.18825,211.1683,211.17043
2026-09-06 00:45:00,211.17144,211.18046,211.16798,211.17415
2026-09-06 01:00:00,211.17097,211.18958,211.16995,211.18263
2026-09-06 01:15:00,211.17848,211.18462,211.16968,211.17109
2026-09-06 01:30:00,211.17371,211.18455,211.17184,211.17334
2026-09-06 01:45:00,211.17475,211.21061,211.15588,211.19755
2026-09-06 02:00:00,211.19816,211.1985,211.17923,211.18706
2026-09-06 02:15:00,211.18238,211.19173,211.16762,211.18098
2026-09-06 02:30:00,211.17924,211.19747,211.17868,211.18316
2026-09-06 02:45:00,211.1842,211.19102,211.17437,211.18994
2026-09-06 03:00:00,211.18632,211.18915,211.16796,211.17571
2026-09-06 03:15:00,211.17102,211.18843,211.16918,211.18104
2026-09-06 03:30:00,211.17905,211.18841,211.17015,211.18484
2026-09-06 03:45:00,211.17972,211.1919,211.17662,211.18361
2026-09-06 04:00:00,211.18243,211.18243,211.16241,211.16917
2026-09-06 04:15:00,211.1646,211.18464,211.1614,211.17805
2026-09-06 04:30:00,211.17528,211.1838,211.17131,211.17252
2026-09-06 04:45:00,211.17376,211.18317,211.15996,211.16282
2026-09-06 05:00:00,211.16287,211.16825,211.15473,211.1629
2026-09-06 05:15:00,211.15927,211.16992,211.15024,211.15906
2026-09-06 05:30:00,211.15548,211.16822,211.14196,211.14413
2026-09-06 05:45:00,211.15085,211.19462,211.15085,211.18426
2026-09-06 06:00:00,211.18523,211.20563,211.17517,211.18124
2026-09-06 06:15:00,211.1776,211.18689,211.16752,211.18361
2026-09-06 06:30:00,211.17853,211.17853,211.16263,211.1656
2026-09-06 06:45:00,211.16572,211.18333,211.15534,211.16259
2026-09-06 07:00:00,211.16864,211.18115,211.16431,211.1702
2026-09-06 07:15:00,211.16728,211.17594,211.15449,211.16223
2026-09-06 07:30:00,211.15769,211.1785,211.15583,211.17251
2026-09-06 07:45:00,211.17024,211.18135,211.15875,211.17045
2026-09-06 08:00:00,211.17193,211.18034,211.15515,211.16083
2026-09-06 08:15:00,211.15774,211.22684,211.14708,211.17853
2026-09-06 08:30:00,211.17383,211.18304,211.16015,211.16421
2026-09-06 08:45:00,211.16274,211.17204,211.15966,211.16095
2026-09-06 09:00:00,211.16253,211.16717,211.1486,211.15573
2026-09-06 09:15:00,211.15158,211.16694,211.14506,211.15952
2026-09-06 09:30:00,211.15499,211.16275,211.14933,211.15467
2026-09-06 09:45:00,211.15233,211.17457,211.144,211.16481
2026-09-06 10:00:00,211.16624,211.18766,211.16324,211.18318
2026-09-06 10:15:00,211.17843,211.18643,211.16697,211.18418
2026-09-06 10:30:00,211.17969,211.18899,211.16374,211.17509
2026-09-06 10:45:00,211.17202,211.17875,211.16598,211.1666
2026-09-06 11:00:00,211.16771,211.1805,211.16268,211.16763
2026-09-06 11:15:00,211.16789,211.17446,211.16204,211.16923
2026-09-06 11:30:00,211.16521,211.17113,211.15446,211.162
2026-09-06 11:45:00,211.15822,211.19438,211.14066,211.1797
2026-09-06 12:00:00,211.1803,211.1939,211.17724,211.18372
2026-09-06 12:15:00,211.18456,211.1911,211.17123,211.18754
2026-09-06 12:30:00,211.18409,211.20101,211.18092,211.19576
2026-09-06 12:45:00,211.19152,211.19351,211.17638,211.187
2026-09-06 13:00:00,211.18415,211.19359,211.17109,211.17549
2026-09-06 13:15:00,211.17679,211.19622,211.16857,211.18964
2026-09-06 13:30:00,211.18688,211.19638,211.17393,211.18359
2026-09-06 13:45:00,211.17898,211.18847,211.17601,211.18101
2026-09-06 14:00:00,211.17898,211.18219,211.16903,211.17111
2026-09-06 14:15:00,211.17266,211.18841,211.16957,211.17823
2026-09-06 14:30:00,211.17463,211.18395,211.17148,211.17938
2026-09-06 14:45:00,211.17463,211.18413,211.16493,211.17091
2026-09-06 15:00:00,211.16918,211.17867,211.1662,211.16761
2026-09-06 15:15:00,211.16918,211.17424,211.16172,211.16918
2026-09-06 15:30:00,211.16482,211.17429,211.15807,211.16598
2026-09-06 15:45:00,211.16133,211.17083,211.15817,211.16391
2026-09-06 16:00:00,211.16133,211.17821,211.15253,211.15253
2026-09-06 16:15:00,211.15384,211.16301,211.1503,211.1584
2026-09-06 16:30:00,211.15341,211.15643,211.14374,211.15087
2026-09-06 16:45:00,211.14655,211.15601,211.14039,211.1463
2026-09-06 17:00:00,211.14299,211.15056,211.13817,211.14013
2026-09-06 17:15:00,211.14103,211.15032,211.1338,211.13627
2026-09-06 17:30:00,211.13681,211.14985,211.13352,211.14939
2026-09-06 17:45:00,211.1456,211.16017,211.14174,211.14872
2026-09-06 18:00:00,211.14472,211.15395,211.14093,211.141
2026-09-06 18:15:00,211.14135,211.14925,211.13639,211.13846
2026-09-06 18:30:00,211.13954,211.14786,211.1343,211.13885
2026-09-06 18:45:00,211.13576,211.14487,211.13231,211.1399
2026-09-06 19:00:00,211.13543,211.14436,211.12947,211.13461
2026-09-06 19:15:00,211.13218,211.15034,211.12899,211.13893
2026-09-06 19:30:00,211.14017,211.14673,211.13429,211.1406
2026-09-06 19:45:00,211.13742,211.14689,211.13084,211.13876
2026-09-06 20:00:00,211.13407,211.14328,211.13061,211.13537
2026-09-06 20:15:00,211.13373,211.14322,211.13074,211.13215
2026-09-06 20:30:00,211.13373,211.14323,211.13057,211.1377
2026-09-06 20:45:00,211.13373,211.14303,211.13058,211.13847
2026-09-06 21:00:00,211.13373,211.1432,211.13063,211.13584
2026-09-06 21:15:00,211.13373,211.14312,211.13061,211.13223
2026-09-06 21:30:00,211.13373,211.49678,211.09192,211.37846
2026-09-06 21:45:00,211.37974,211.38908,211.37069,211.37799
2026-09-06 22:00:00,211.37326,211.38111,211.36739,211.37215
2026-09-06 22:15:00,211.36995,211.37888,211.36638,211.36778
2026-09-06 22:30:00,211.36925,211.37876,211.36608,211.37397
2026-09-06 22:45:00,211.36925,211.37858,211.36613,211.37359
2026-09-06 23:00:00,211.36908,211.37854,211.36593,211.37208
2026-09-06 23:15:00,211.36908,211.5781,211.16725,211.46572
2026-09-06 23:30:00,211.46702,211.47649,211.46393,211.47208
2026-09-06 23:45:00,211.46702,211.4764,211.46388,211.47129
2026-09-07 00:00:00,211.46702,211.47652,211.22507,211.23176
2026-09-07 00:15:00,211.22776,211.2345,211.22201,211.2231
2026-09-07 00:30:00,211.22339,211.233,211.2205,211.22261
2026-09-07 00:45:00,211.2237,211.23164,211.19598,211.21189
2026-09-07 01:00:00,211.20958,211.53569,211.15643,211.43472
2026-09-07 01:15:00,211.43059,211.43985,211.42742,211.43045
2026-09-07 01:30:00,211.43059,211.50614,211.32932,211.34012
2026-09-07 01:45:00,211.36147,211.36948,211.23994,211.2984
2026-09-07 02:00:00,211.29543,211.30157,211.18434,211.19336
2026-09-07 02:15:00,211.18888,211.19607,211.1821,211.18677
2026-09-07 02:30:00,211.18523,211.51862,211.15107,211.4169
2026-09-07 02:45:00,211.41842,211.42104,211.40701,211.41349
2026-09-07 03:00:00,211.41007,211.46513,211.1819,211.19575
2026-09-07 03:15:00,211.19103,211.20045,211.18526,211.19054
2026-09-07 03:30:00,211.18833,211.19598,211.18349,211.18552
2026-09-07 03:45:00,211.187,211.1967,211.18405,211.19162
2026-09-07 04:00:00,211.1867,211.21342,211.18106,211.21256
2026-09-07 04:15:00,211.20797,211.34216,210.99892,211.00757
2026-09-07 04:30:00,211.01642,211.11269,210.96514,211.09175
2026-09-07 04:45:00,211.07031,211.12715,210.92359,211.11422
2026-09-07 05:00:00,211.09075,211.48348,210.71722,210.77471
2026-09-07 05:15:00,210.8865,211.29285,210.6196,210.98742
2026-09-07 05:30:00,210.94466,211.10233,210.66385,210.78849
2026-09-07 05:45:00,210.8197,210.96528,210.57232,210.61335
2026-09-07 06:00:00,210.71157,210.92736,210.64116,210.86427
2026-09-07 06:15:00,210.81559,210.99676,210.66683,210.76838
2026-09-07 06:30:00,210.76711,210.94706,210.76711,210.88661
2026-09-07 06:45:00,210.90562,210.94855,210.81729,210.85832
2026-09-07 07:00:00,210.88561,211.01123,210.83068,210.99896
2026-09-07 07:15:00,210.97333,211.01233,210.93244,211.00056
2026-09-07 07:30:00,210.98965,211.10213,210.9885,211.07515
2026-09-07 07:45:00,211.08071,211.10011,211.04538,211.0774
2026-09-07 08:00:00,211.06531,211.22156,211.06531,211.18282
2026-09-07 08:15:00,211.17654,211.20184,211.16791,211.17544
2026-09-07 08:30:00,211.1703,211.21316,211.14357,211.19451
2026-09-07 08:45:00,211.19894,211.19894,211.14077,211.15647
2026-09-07 09:00:00,211.14836,211.16652,211.05552,211.06154
2026-09-07 09:15:00,211.07169,211.08992,211.03789,211.06536
2026-09-07 09:30:00,211.06885,211.11253,211.02594,211.10331
2026-09-07 09:45:00,211.10352,211.2047,211.10081,211.16605
2026-09-07 10:00:00,211.15359,211.2077,211.02957,211.04173
2026-09-07 10:15:00,211.06102,211.10783,210.79818,210.80875
2026-09-07 10:30:00,210.82724,210.84525,210.65743,210.77459
2026-09-07 10:45:00,210.75526,210.86429,210.73759,210.80942
2026-09-07 11:00:00,210.82875,210.85464,210.73252,210.77202
2026-09-07 11:15:00,210.79131,210.91287,210.77823,210.87744
2026-09-07 11:30:00,210.84691,210.99592,210.84691,210.93823
2026-09-07 11:45:00,210.93121,210.93121,210.83412,210.85225
2026-09-07 12:00:00,210.84684,210.97893,210.80067,210.97276
2026-09-07 12:15:00,210.96289,210.98193,210.92352,210.92804
2026-09-07 12:30:00,210.93474,211.02506,210.89962,211.02218
2026-09-07 12:45:00,211.01096,211.04256,210.9661,210.97095
2026-09-07 13:00:00,210.97874,211.01368,210.93238,210.93708
2026-09-07 13:15:00,210.93745,210.94353,210.88733,210.89346
2026-09-07 13:30:00,210.90324,210.92509,210.87052,210.92065
2026-09-07 13:45:00,210.91401,210.93774,210.82787,210.83426
2026-09-07 14:00:00,210.84406,210.97585,210.83309,210.96952
2026-09-07 14:15:00,210.96085,210.99981,210.95201,210.98368
2026-09-07 14:30:00,210.98418,210.99079,210.86229,210.87735
2026-09-07 14:45:00,210.87174,210.91515,210.83554,210.843
2026-09-07 15:00:00,210.85379,210.90297,210.84363,210.88188
2026-09-07 15:15:00,210.8693,210.90907,210.8693,210.88837
2026-09-07 15:30:00,210.89485,210.89485,210.7738,210.83798
2026-09-07 15:45:00,210.83405,210.83428,210.64314,210.65383
2026-09-07 16:00:00,210.67337,210.69982,210.5925,210.66486
2026-09-07 16:15:00,210.64758,210.70623,210.50145,210.60362
2026-09-07 16:30:00,210.59427,210.67491,210.57325,210.67239
2026-09-07 16:45:00,210.66461,210.82771,210.65837,210.82427
2026-09-07 17:00:00,210.81265,210.87654,210.74108,210.78402
2026-09-07 17:15:00,210.7695,210.85382,210.55485,210.55731
2026-09-07 17:30:00,210.56236,210.72863,210.53714,210.71956
2026-09-07 17:45:00,210.69897,210.75355,210.48013,210.51219
2026-09-07 18:00:00,210.50409,210.56856,210.22852,210.27553
