time,open,high,low,close
2026-07-17 16:15:00,1.40372,1.40372,1.40316,1.40337
2026-07-17 16:30:00,1.40333,1.40348,1.40319,1.4032
2026-07-17 16:45:00,1.40321,1.40337,1.40291,1.40318
2026-07-17 17:00:00,1.40312,1.40338,1.40289,1.40326
2026-07-17 17:15:00,1.40327,1.40338,1.40299,1.40311
2026-07-17 17:30:00,1.40308,1.40315,1.40277,1.40313
2026-07-17 17:45:00,1.40309,1.40309,1.40267,1.40286
2026-07-17 18:00:00,1.40287,1.40348,1.40275,1.4034
2026-07-17 18:15:00,1.40327,1.40379,1.40323,1.40337
2026-07-17 18:30:00,1.40334,1.40335,1.40307,1.40328
2026-07-17 18:45:00,1.40326,1.40326,1.40293,1.40311
2026-07-17 19:00:00,1.40306,1.40353,1.40306,1.40346
2026-07-17 19:15:00,1.40338,1.40347,1.40299,1.403
2026-07-17 19:30:00,1.40301,1.40354,1.40297,1.40351
2026-07-17 19:45:00,1.40347,1.4036,1.40308,1.40308
2026-07-17 20:00:00,1.40309,1.40345,1.40278,1.40279
2026-07-17 20:15:00,1.40279,1.40303,1.40266,1.40287
2026-07-17 20:30:00,1.40289,1.4034,1.40289,1.40338
2026-07-17 20:45:00,1.40335,1.4039,1.40326,1.40385
2026-07-17 21:00:00,1.40384,1.40405,1.40343,1.40353
2026-07-17 21:15:00,1.40354,1.40367,1.40323,1.40325
2026-07-17 21:30:00,1.40328,1.40335,1.40252,1.40269
2026-07-17 21:45:00,1.40264,1.40264,1.4021,1.40259
2026-07-17 22:00:00,1.40255,1.40267,1.40228,1.4026
2026-07-17 22:15:00,1.40256,1.40278,1.4023,1.40232
2026-07-17 22:30:00,1.40234,1.40259,1.40206,1.40257
2026-07-17 22:45:00,1.40249,1.4029,1.40242,1.40278
2026-07-17 23:00:00,1.40274,1.40274,1.40204,1.40204
2026-07-17 23:15:00,1.40205,1.40227,1.40145,1.40147
2026-07-17 23:30:00,1.40151,1.40205,1.40149,1.40172
2026-07-17 23:45:00,1.40172,1.40207,1.40088,1.40139
2026-07-18 00:00:00,1.40132,1.40132,1.40092,1.40119
2026-07-18 00:15:00,1.40111,1.4015,1.40073,1.40142
2026-07-18 00:30:00,1.40129,1.4018,1.40112,1.40118
2026-07-18 00:45:00,1.40128,1.40152,1.4009,1.40123
2026-07-18 01:00:00,1.4011,1.40143,1.40077,1.40092
2026-07-18 01:15:00,1.40095,1.40132,1.40082,1.4011
2026-07-18 01:30:00,1.40109,1.40172,1.40098,1.40172
2026-07-18 01:45:00,1.4017,1.40193,1.40155,1.40159
2026-07-18 02:00:00,1.40165,1.40179,1.40085,1.40087
2026-07-18 02:15:00,1.40091,1.401,1.4006,1.40067
2026-07-18 02:30:00,1.40072,1.401,1.40065,1.4009
2026-07-18 02:45:00,1.40091,1.40127,1.40091,1.40098
2026-07-18 03:00:00,1.40101,1.40152,1.4009,1.4015
2026-07-18 03:15:00,1.40148,1.40158,1.40125,1.4013
2026-07-18 03:30:00,1.40128,1.40161,1.40122,1.4015
2026-07-18 03:45:00,1.40151,1.40163,1.40133,1.40161
2026-07-18 04:00:00,1.40158,1.40166,1.40139,1.40151
2026-07-18 04:15:00,1.40149,1.40159,1.40117,1.40127
2026-07-18 04:30:00,1.40124,1.40148,1.40101,1.40147
2026-07-18 04:45:00,1.40144,1.40146,1.40093,1.40117
2026-07-18 05:00:00,1.40114,1.40133,1.40108,1.40129
2026-07-18 05:15:00,1.40127,1.40205,1.40099,1.40119
2026-07-18 05:30:00,1.40122,1.40154,1.40109,1.4011
2026-07-18 05:45:00,1.40113,1.40118,1.40094,1.40098
2026-07-18 06:00:00,1.40098,1.40122,1.40092,1.40119
2026-07-18 06:15:00,1.40115,1.4018,1.40114,1.40166
2026-07-18 06:30:00,1.40166,1.40193,1.40148,1.40181
2026-07-18 06:45:00,1.40181,1.40215,1.40171,1.40213
2026-07-18 07:00:00,1.40205,1.40237,1.40198,1.40216
2026-07-18 07:15:00,1.40213,1.40226,1.402,1.40219
2026-07-18 07:30:00,1.40217,1.40324,1.40081,1.40107
2026-07-18 07:45:00,1.40168,1.4026,1.40168,1.40228
2026-07-18 08:00:00,1.40226,1.40226,1.4019,1.40207
2026-07-18 08:15:00,1.40204,1.40212,1.40139,1.40209
2026-07-18 08:30:00,1.402,1.40244,1.40106,1.40223
2026-07-18 08:45:00,1.40212,1.40251,1.40154,1.40178
2026-07-18 09:00:00,1.40187,1.40237,1.40155,1.40228
2026-07-18 09:15:00,1.40225,1.40232,1.40218,1.40222
2026-07-18 09:30:00,1.40222,1.40231,1.40219,1.40228
2026-07-18 09:45:00,1.40225,1.40232,1.40219,1.40223
2026-07-18 10:00:00,1.40223,1.40228,1.40204,1.40209
2026-07-18 10:15:00,1.40206,1.40222,1.40206,1.4021
2026-07-18 10:30:00,1.40209,1.40225,1.40079,1.40159
2026-07-18 10:45:00,1.40145,1.40231,1.40116,1.40131
2026-07-18 11:00:00,1.40151,1.40213,1.40127,1.40209
2026-07-18 11:15:00,1.40206,1.4022,1.40203,1.40209
2026-07-18 11:30:00,1.40207,1.40219,1.40203,1.40208
2026-07-18 11:45:00,1.40209,1.40213,1.40204,1.40206
2026-07-18 12:00:00,1.40206,1.4022,1.40195,1.40209
2026-07-18 12:15:00,1.40206,1.40214,1.40204,1.40209
2026-07-18 12:30:00,1.40206,1.40218,1.40205,1.40208
2026-07-18 12:45:00,1.40208,1.40225,1.40206,1.4021
2026-07-18 13:00:00,1.4021,1.40213,1.40191,1.40208
2026-07-18 13:15:00,1.40206,1.4022,1.40205,1.40211
2026-07-18 13:30:00,1.40208,1.40214,1.40204,1.40209
2026-07-18 13:45:00,1.40207,1.4022,1.40203,1.40206
2026-07-18 14:00:00,1.40207,1.4022,1.40202,1.40213
2026-07-18 14:15:00,1.40212,1.40215,1.40205,1.40209
2026-07-18 14:30:00,1.40206,1.40219,1.40204,1.40209
2026-07-18 14:45:00,1.40208,1.40214,1.40204,1.40207
2026-07-18 15:00:00,1.40208,1.40229,1.4004,1.40189
2026-07-18 15:15:00,1.40176,1.40242,1.40083,1.40132
2026-07-18 15:30:00,1.40139,1.40232,1.40049,1.40126
2026-07-18 15:45:00,1.40124,1.40189,1.4002,1.40134
2026-07-18 16:00:00,1.40148,1.4023,1.4001,1.40206
2026-07-18 16:15:00,1.40206,1.40216,1.40203,1.40209
2026-07-18 16:30:00,1.40206,1.40217,1.40204,1.40207
2026-07-18 16:45:00,1.40207,1.40214,1.40204,1.40206
2026-07-18 17:00:00,1.40206,1.40215,1.40203,1.40206
2026-07-18 17:15:00,1.40206,1.40212,1.40204,1.40209
2026-07-18 17:30:00,1.40207,1.40219,1.40199,1.40208
2026-07-18 17:45:00,1.40206,1.40215,1.40203,1.40206
2026-07-18 18:00:00,1.40207,1.40212,1.40203,1.40204
2026-07-18 18:15:00,1.40205,1.40216,1.40204,1.4021
2026-07-18 18:30:00,1.40208,1.40212,1.40203,1.40208
2026-07-18 18:45:00,1.40206,1.40218,1.40203,1.40207
2026-07-18 19:00:00,1.40207,1.4022,1.402,1.4021
2026-07-18 19:15:00,1.40211,1.40213,1.40204,1.40209
2026-07-18 19:30:00,1.40207,1.40218,1.40205,1.4021
2026-07-18 19:45:00,1.40207,1.40214,1.40205,1.40209
2026-07-18 20:00:00,1.40207,1.40217,1.40205,1.40206
2026-07-18 20:15:00,1.40207,1.4022,1.40201,1.4021
2026-07-18 20:30:00,1.40211,1.40213,1.40204,1.40209
2026-07-18 20:45:00,1.40206,1.40217,1.40201,1.40209
2026-07-18 21:00:00,1.40208,1.40213,1.40206,1.40206
2026-07-18 21:15:00,1.40207,1.40217,1.40204,1.40209
2026-07-18 21:30:00,1.40207,1.40222,1.40202,1.40221
2026-07-18 21:45:00,1.40218,1.40218,1.40203,1.40207
2026-07-18 22:00:00,1.40205,1.40218,1.40202,1.40204
2026-07-18 22:15:00,1.40205,1.40211,1.40202,1.40204
2026-07-18 22:30:00,1.40204,1.40216,1.40203,1.40208
2026-07-18 22:45:00,1.40205,1.40219,1.40197,1.40216
2026-07-18 23:00:00,1.40213,1.40213,1.40203,1.40204
2026-07-18 23:15:00,1.40205,1.40217,1.402,1.40204
2026-07-18 23:30:00,1.40205,1.40211,1.40203,1.40208
2026-07-18 23:45:00,1.40205,1.40216,1.40202,1.40207
2026-07-19 00:00:00,1.40205,1.4021,1.40202,1.40203
2026-07-19 00:15:00,1.40204,1.40214,1.40203,1.40207
2026-07-19 00:30:00,1.40208,1.40222,1.40194,1.40213
2026-07-19 00:45:00,1.40211,1.40217,1.40209,1.40214
2026-07-19 01:00:00,1.40211,1.40222,1.40207,1.40213
2026-07-19 01:15:00,1.40213,1.40221,1.40203,1.40219
2026-07-19 01:30:00,1.40215,1.40221,1.40213,1.40217
2026-07-19 01:45:00,1.40215,1.40229,1.40212,1.40226
2026-07-19 02:00:00,1.40223,1.40241,1.40195,1.40206
2026-07-19 02:15:00,1.40206,1.40222,1.40196,1.40214
2026-07-19 02:30:00,1.40215,1.40225,1.40199,1.40222
2026-07-19 02:45:00,1.4022,1.40226,1.40211,1.40213
2026-07-19 03:00:00,1.40214,1.40228,1.40187,1.40208
2026-07-19 03:15:00,1.40207,1.40212,1.40203,1.40204
2026-07-19 03:30:00,1.40205,1.4022,1.40203,1.40211
2026-07-19 03:45:00,1.40211,1.40218,1.40209,1.40217
2026-07-19 04:00:00,1.40209,1.4024,1.40191,1.40202
2026-07-19 04:15:00,1.40201,1.4022,1.40189,1.40208
2026-07-19 04:30:00,1.40208,1.40213,1.40204,1.40206
2026-07-19 04:45:00,1.40206,1.40219,1.40199,1.40208
2026-07-19 05:00:00,1.40205,1.40217,1.40185,1.4021
2026-07-19 05:15:00,1.40204,1.40216,1.40203,1.40203
2026-07-19 05:30:00,1.40204,1.40216,1.40203,1.40205
2026-07-19 05:45:00,1.40206,1.40211,1.40202,1.40207
2026-07-19 06:00:00,1.40205,1.40218,1.40182,1.40208
2026-07-19 06:15:00,1.40205,1.40219,1.40202,1.40203
2026-07-19 06:30:00,1.40207,1.4022,1.40207,1.4021
2026-07-19 06:45:00,1.40211,1.40216,1.40075,1.40145
2026-07-19 07:00:00,1.40143,1.40191,1.40136,1.40186
2026-07-19 07:15:00,1.40183,1.40205,1.40182,1.40203
2026-07-19 07:30:00,1.40198,1.40225,1.40198,1.40216
2026-07-19 07:45:00,1.40218,1.40225,1.40215,1.40219
2026-07-19 08:00:00,1.40216,1.40227,1.40189,1.40215
2026-07-19 08:15:00,1.40212,1.40218,1.4021,1.40213
2026-07-19 08:30:00,1.40212,1.40227,1.40202,1.40218
2026-07-19 08:45:00,1.40219,1.40226,1.40217,1.40222
2026-07-19 09:00:00,1.40219,1.4023,1.40196,1.40209
2026-07-19 09:15:00,1.40206,1.40224,1.40204,1.40219
2026-07-19 09:30:00,1.40218,1.40224,1.40216,1.40217
2026-07-19 09:45:00,1.40218,1.40231,1.40216,1.40229
2026-07-19 10:00:00,1.40225,1.40232,1.40223,1.40228
2026-07-19 10:15:00,1.40225,1.40237,1.40219,1.40233
2026-07-19 10:30:00,1.40231,1.40242,1.40217,1.4022
2026-07-19 10:45:00,1.40221,1.40227,1.40218,1.40219
2026-07-19 11:00:00,1.4022,1.40232,1.40219,1.40228
2026-07-19 11:15:00,1.40225,1.40225,1.40209,1.40213
2026-07-19 11:30:00,1.40211,1.40225,1.40205,1.40214
2026-07-19 11:45:00,1.40211,1.40224,1.40201,1.40217
2026-07-19 12:00:00,1.40217,1.40218,1.40208,1.40211
2026-07-19 12:15:00,1.40209,1.40222,1.40206,1.40216
2026-07-19 12:30:00,1.40213,1.40219,1.40202,1.40209
2026-07-19 12:45:00,1.40209,1.40215,1.40204,1.40205
2026-07-19 13:00:00,1.40206,1.40222,1.40196,1.40218
2026-07-19 13:15:00,1.40216,1.40219,1.40208,1.40213
2026-07-19 13:30:00,1.4021,1.40225,1.40207,1.40221
2026-07-19 13:45:00,1.40219,1.40225,1.40217,1.40218
2026-07-19 14:00:00,1.40219,1.40233,1.40212,1.40229
2026-07-19 14:15:00,1.40226,1.40238,1.40219,1.40221
2026-07-19 14:30:00,1.40223,1.40227,1.40219,1.40222
2026-07-19 14:45:00,1.40221,1.40234,1.40219,1.40227
2026-07-19 15:00:00,1.40228,1.40234,1.40226,1.40231
2026-07-19 15:15:00,1.40228,1.4024,1.40227,1.40236
2026-07-19 15:30:00,1.40233,1.40244,1.40229,1.40239
2026-07-19 15:45:00,1.40238,1.40244,1.40236,1.40237
2026-07-19 16:00:00,1.40238,1.40243,1.40208,1.40215
2026-07-19 16:15:00,1.40215,1.40221,1.40213,1.40218
2026-07-19 16:30:00,1.40215,1.40229,1.40213,1.40225
2026-07-19 16:45:00,1.40223,1.40234,1.40221,1.40229
2026-07-19 17:00:00,1.40229,1.40236,1.40227,1.40229
2026-07-19 17:15:00,1.40229,1.40241,1.40224,1.40237
2026-07-19 17:30:00,1.40234,1.40245,1.4023,1.40241
2026-07-19 17:45:00,1.40239,1.40244,1.40225,1.40225
2026-07-19 18:00:00,1.40226,1.40238,1.40224,1.40231
2026-07-19 18:15:00,1.40232,1.40238,1.4023,1.40234
2026-07-19 18:30:00,1.40232,1.40243,1.40228,1.40239
2026-07-19 18:45:00,1.40236,1.40243,1.40234,1.40236
2026-07-19 19:00:00,1.40236,1.40246,1.40233,1.40239
2026-07-19 19:15:00,1.4024,1.4025,1.40238,1.40248
2026-07-19 19:30:00,1.40245,1.40252,1.40243,1.40249
2026-07-19 19:45:00,1.40245,1.40254,1.40244,1.40249
2026-07-19 20:00:00,1.40247,1.40254,1.40245,1.40246
2026-07-19 20:15:00,1.40247,1.40254,1.40245,1.4025
2026-07-19 20:30:00,1.40247,1.40253,1.40245,1.4025
2026-07-19 20:45:00,1.40247,1.40261,1.40224,1.40233
2026-07-19 21:00:00,1.40232,1.40233,1.40217,1.4022
2026-07-19 21:15:00,1.40222,1.40228,1.40219,1.40222
2026-07-19 21:30:00,1.40222,1.40237,1.4022,1.40235
2026-07-19 21:45:00,1.40232,1.40238,1.40227,1.40228
2026-07-19 22:00:00,1.40228,1.40235,1.40226,1.40228
2026-07-19 22:15:00,1.40228,1.40235,1.40226,1.40232
2026-07-19 22:30:00,1.40228,1.40235,1.40226,1.40231
2026-07-19 22:45:00,1.40228,1.40235,1.40216,1.40222
2026-07-19 23:00:00,1.4022,1.40226,1.40218,1.40219
2026-07-19 23:15:00,1.4022,1.40232,1.40206,1.40224
2026-07-19 23:30:00,1.40225,1.40232,1.40214,1.4022
2026-07-19 23:45:00,1.40218,1.40224,1.40216,1.4022
2026-07-20 00:00:00,1.40218,1.40223,1.40204,1.4021
2026-07-20 00:15:00,1.40207,1.40216,1.40206,1.40207
2026-07-20 00:30:00,1.40208,1.40217,1.40206,1.40213
2026-07-20 00:45:00,1.40211,1.40217,1.40043,1.40048
2026-07-20 01:00:00,1.40055,1.40161,1.40051,1.40159
2026-07-20 01:15:00,1.40155,1.4018,1.40144,1.40178
2026-07-20 01:30:00,1.40174,1.4018,1.40172,1.40177
2026-07-20 01:45:00,1.40174,1.4018,1.40172,1.40177
2026-07-20 02:00:00,1.40174,1.40205,1.40172,1.40203
2026-07-20 02:15:00,1.40199,1.40215,1.40199,1.40208
2026-07-20 02:30:00,1.40209,1.40229,1.40207,1.40226
2026-07-20 02:45:00,1.40224,1.4024,1.40139,1.4018
2026-07-20 03:00:00,1.40177,1.40217,1.40144,1.40214
2026-07-20 03:15:00,1.40212,1.40219,1.40208,1.40213
2026-07-20 03:30:00,1.40214,1.4022,1.4021,1.40213
2026-07-20 03:45:00,1.40212,1.40219,1.4021,1.40215
2026-07-20 04:00:00,1.40213,1.40219,1.40177,1.40213
2026-07-20 04:15:00,1.40211,1.40224,1.40191,1.40212
2026-07-20 04:30:00,1.4021,1.40217,1.40193,1.4021
2026-07-20 04:45:00,1.4021,1.40227,1.40128,1.40202
2026-07-20 05:00:00,1.40193,1.4024,1.40126,1.40176
2026-07-20 05:15:00,1.40165,1.40214,1.40129,1.40165
2026-07-20 05:30:00,1.40167,1.40229,1.40121,1.40164
2026-07-20 05:45:00,1.40173,1.40241,1.40157,1.40183
2026-07-20 06:00:00,1.40184,1.4024,1.40169,1.40183
2026-07-20 06:15:00,1.4021,1.40219,1.40146,1.40197
2026-07-20 06:30:00,1.40189,1.4022,1.40128,1.4014
2026-07-20 06:45:00,1.40167,1.40208,1.40135,1.4017
2026-07-20 07:00:00,1.40174,1.40194,1.40128,1.4015
2026-07-20 07:15:00,1.40161,1.40178,1.40127,1.40144
2026-07-20 07:30:00,1.40149,1.40197,1.40134,1.40153
2026-07-20 07:45:00,1.40156,1.40209,1.40125,1.40156
2026-07-20 08:00:00,1.40154,1.4023,1.40148,1.40221
2026-07-20 08:15:00,1.40217,1.40231,1.4021,1.40219
2026-07-20 08:30:00,1.40221,1.40223,1.40184,1.40185
2026-07-20 08:45:00,1.40188,1.40204,1.40185,1.402
2026-07-20 09:00:00,1.40197,1.40207,1.40187,1.40193
2026-07-20 09:15:00,1.40186,1.40213,1.40186,1.402
2026-07-20 09:30:00,1.40198,1.40232,1.40187,1.40191
2026-07-20 09:45:00,1.40195,1.40213,1.40186,1.40208
2026-07-20 10:00:00,1.40206,1.40206,1.40162,1.40171
2026-07-20 10:15:00,1.40167,1.40177,1.40139,1.40148
2026-07-20 10:30:00,1.40146,1.40163,1.40139,1.40144
2026-07-20 10:45:00,1.40144,1.40156,1.40134,1.40137
2026-07-20 11:00:00,1.40137,1.40142,1.40091,1.4012
2026-07-20 11:15:00,1.40117,1.40132,1.40109,1.40116
2026-07-20 11:30:00,1.40114,1.40116,1.40089,1.40112
2026-07-20 11:45:00,1.40107,1.40117,1.40083,1.40084
2026-07-20 12:00:00,1.40085,1.40085,1.40066,1.40072
2026-07-20 12:15:00,1.4007,1.40083,1.40064,1.40071
2026-07-20 12:30:00,1.40074,1.40094,1.40056,1.40057
2026-07-20 12:45:00,1.40059,1.4008,1.40059,1.40077
2026-07-20 13:00:00,1.40072,1.40094,1.40072,1.40091
2026-07-20 13:15:00,1.40088,1.401,1.40076,1.40088
2026-07-20 13:30:00,1.40085,1.40094,1.40079,1.4008
2026-07-20 13:45:00,1.40081,1.40088,1.40062,1.40063
2026-07-20 14:00:00,1.40067,1.40084,1.40063,1.4007
2026-07-20 14:15:00,1.40068,1.40068,1.40045,1.4005
2026-07-20 14:30:00,1.40046,1.40058,1.40042,1.40047
2026-07-20 14:45:00,1.40046,1.40057,1.40042,1.40048
2026-07-20 15:00:00,1.40049,1.40094,1.40047,1.40093
2026-07-20 15:15:00,1.4009,1.401,1.40085,1.40098
2026-07-20 15:30:00,1.40095,1.40108,1.40093,1.40104
2026-07-20 15:45:00,1.40102,1.40118,1.40091,1.40112
2026-07-20 16:00:00,1.40107,1.40114,1.40066,1.40082
2026-07-20 16:15:00,1.40083,1.40106,1.40068,1.40103
2026-07-20 16:30:00,1.401,1.4011,1.40068,1.40076
2026-07-20 16:45:00,1.40069,1.40099,1.4006,1.40094
2026-07-20 17:00:00,1.40086,1.401,1.40049,1.40079
2026-07-20 17:15:00,1.40074,1.40099,1.4007,1.40084
2026-07-20 17:30:00,1.40081,1.40102,1.40042,1.40098
2026-07-20 17:45:00,1.40095,1.40154,1.40083,1.40146
2026-07-20 18:00:00,1.40135,1.40179,1.40129,1.40177
2026-07-20 18:15:00,1.40174,1.40255,1.4017,1.40253
2026-07-20 18:30:00,1.40247,1.40267,1.40219,1.40221
2026-07-20 18:45:00,1.40222,1.40259,1.40222,1.40229
2026-07-20 19:00:00,1.40228,1.40256,1.40227,1.40245
2026-07-20 19:15:00,1.40247,1.40278,1.40244,1.40277
2026-07-20 19:30:00,1.40274,1.40313,1.40269,1.40308
2026-07-20 19:45:00,1.40305,1.40347,1.40294,1.40321
2026-07-20 20:00:00,1.40327,1.40327,1.40265,1.40266
2026-07-20 20:15:00,1.40267,1.40267,1.40222,1.40229
2026-07-20 20:30:00,1.40228,1.40258,1.40224,1.40256
2026-07-20 20:45:00,1.40253,1.40294,1.40246,1.40263
2026-07-20 21:00:00,1.4026,1.403,1.40243,1.40278
2026-07-20 21:15:00,1.40281,1.40281,1.40216,1.40221
2026-07-20 21:30:00,1.4022,1.40318,1.40201,1.403
2026-07-20 21:45:00,1.40286,1.40366,1.40286,1.40364
2026-07-20 22:00:00,1.4036,1.40369,1.40297,1.40334
2026-07-20 22:15:00,1.40324,1.40414,1.40324,1.40401
2026-07-20 22:30:00,1.40402,1.40513,1.40402,1.40451
2026-07-20 22:45:00,1.40454,1.40473,1.40424,1.40456
2026-07-20 23:00:00,1.40458,1.40521,1.40427,1.40429
2026-07-20 23:15:00,1.40434,1.40463,1.40413,1.40435
2026-07-20 23:30:00,1.40438,1.40479,1.40421,1.40476
2026-07-20 23:45:00,1.40466,1.40487,1.40422,1.4043
2026-07-21 00:00:00,1.40428,1.40466,1.40415,1.40428
2026-07-21 00:15:00,1.40426,1.40456,1.40405,1.40407
2026-07-21 00:30:00,1.40412,1.40512,1.40408,1.40483
2026-07-21 00:45:00,1.40479,1.40566,1.40453,1.40565
2026-07-21 01:00:00,1.40557,1.40639,1.4055,1.40631
2026-07-21 01:15:00,1.4063,1.40645,1.40596,1.40603
2026-07-21 01:30:00,1.40604,1.40659,1.40567,1.40658
2026-07-21 01:45:00,1.40656,1.40667,1.40585,1.406
2026-07-21 02:00:00,1.40597,1.40608,1.40544,1.40555
2026-07-21 02:15:00,1.40553,1.40569,1.40515,1.40568
2026-07-21 02:30:00,1.40565,1.40593,1.40534,1.40589
2026-07-21 02:45:00,1.40582,1.40604,1.40571,1.40576
2026-07-21 03:00:00,1.40573,1.40593,1.40542,1.40591
2026-07-21 03:15:00,1.40584,1.40598,1.40578,1.40594
2026-07-21 03:30:00,1.40591,1.40604,1.40579,1.40594
2026-07-21 03:45:00,1.40595,1.40598,1.40554,1.40566
2026-07-21 04:00:00,1.40562,1.40594,1.40557,1.40563
2026-07-21 04:15:00,1.40569,1.4058,1.40537,1.40578
2026-07-21 04:30:00,1.40575,1.40607,1.40574,1.40588
2026-07-21 04:45:00,1.40589,1.40607,1.4058,1.40603
2026-07-21 05:00:00,1.406,1.40611,1.40577,1.40607
2026-07-21 05:15:00,1.40604,1.40625,1.40601,1.40614
2026-07-21 05:30:00,1.40613,1.40658,1.40599,1.40657
2026-07-21 05:45:00,1.40653,1.40664,1.40631,1.40648
2026-07-21 06:00:00,1.40647,1.40708,1.40632,1.40706
2026-07-21 06:15:00,1.40703,1.4072,1.40666,1.40681
2026-07-21 06:30:00,1.40678,1.40699,1.40675,1.40696
2026-07-21 06:45:00,1.40691,1.40707,1.40691,1.40706
2026-07-21 07:00:00,1.40704,1.40825,1.40698,1.40821
2026-07-21 07:15:00,1.40816,1.40836,1.40803,1.4083
2026-07-21 07:30:00,1.40831,1.40844,1.40812,1.40833
2026-07-21 07:45:00,1.40826,1.40854,1.40808,1.40831
2026-07-21 08:00:00,1.40825,1.40849,1.40801,1.40839
2026-07-21 08:15:00,1.40835,1.40845,1.40803,1.40812
2026-07-21 08:30:00,1.40811,1.40813,1.40794,1.40807
2026-07-21 08:45:00,1.40803,1.40816,1.40773,1.40778
2026-07-21 09:00:00,1.40778,1.40791,1.40764,1.40772
2026-07-21 09:15:00,1.40769,1.40784,1.40757,1.4078
2026-07-21 09:30:00,1.40778,1.40783,1.40767,1.40767
2026-07-21 09:45:00,1.40768,1.4077,1.40714,1.40715
2026-07-21 10:00:00,1.40717,1.40739,1.40703,1.40738
2026-07-21 10:15:00,1.40732,1.40774,1.40727,1.4077
2026-07-21 10:30:00,1.40768,1.40785,1.40755,1.40756
2026-07-21 10:45:00,1.40757,1.40757,1.40726,1.40743
2026-07-21 11:00:00,1.40735,1.40757,1.40735,1.40754
2026-07-21 11:15:00,1.40745,1.4077,1.40739,1.40764
2026-07-21 11:30:00,1.40758,1.40767,1.40735,1.40757
2026-07-21 11:45:00,1.40757,1.40763,1.40732,1.40734
2026-07-21 12:00:00,1.4074,1.40752,1.40722,1.40748
2026-07-21 12:15:00,1.40738,1.40785,1.40738,1.40782
2026-07-21 12:30:00,1.40778,1.40791,1.40746,1.40771
2026-07-21 12:45:00,1.4077,1.4081,1.40765,1.40806
2026-07-21 13:00:00,1.40801,1.40811,1.40763,1.40792
2026-07-21 13:15:00,1.40779,1.40803,1.40775,1.40781
2026-07-21 13:30:00,1.40777,1.40801,1.40763,1.40799
2026-07-21 13:45:00,1.40797,1.40802,1.40773,1.40792
2026-07-21 14:00:00,1.40794,1.40798,1.40772,1.40773
2026-07-21 14:15:00,1.40774,1.4078,1.40766,1.40778
2026-07-21 14:30:00,1.40775,1.40792,1.40719,1.40733
2026-07-21 14:45:00,1.40733,1.4074,1.40715,1.40715
2026-07-21 15:00:00,1.40716,1.40729,1.40701,1.40725
2026-07-21 15:15:00,1.40719,1.40733,1.40707,1.40712
2026-07-21 15:30:00,1.40709,1.40714,1.40673,1.40691
2026-07-21 15:45:00,1.40688,1.40711,1.40678,1.40703
2026-07-21 16:00:00,1.40693,1.40757,1.40692,1.40753
2026-07-21 16:15:00,1.40747,1.40778,1.40712,1.40728
2026-07-21 16:30:00,1.40724,1.40724,1.4068,1.40705
2026-07-21 16:45:00,1.40703,1.40704,1.40634,1.40635
2026-07-21 17:00:00,1.40637,1.4064,1.40585,1.40623
2026-07-21 17:15:00,1.40621,1.40628,1.40591,1.40625
2026-07-21 17:30:00,1.40619,1.40665,1.40609,1.40663
2026-07-21 17:45:00,1.40657,1.40673,1.40636,1.40637
2026-07-21 18:00:00,1.40639,1.4067,1.40634,1.40654
2026-07-21 18:15:00,1.40655,1.40676,1.40649,1.40672
2026-07-21 18:30:00,1.40663,1.40693,1.40663,1.4067
2026-07-21 18:45:00,1.40667,1.40677,1.40652,1.40658
2026-07-21 19:00:00,1.40658,1.40674,1.40646,1.40649
2026-07-21 19:15:00,1.4065,1.40659,1.40623,1.4065
2026-07-21 19:30:00,1.40644,1.40652,1.40568,1.40573
2026-07-21 19:45:00,1.40569,1.40591,1.40564,1.40565
2026-07-21 20:00:00,1.40566,1.40592,1.40548,1.4058
2026-07-21 20:15:00,1.40582,1.40597,1.40564,1.40578
2026-07-21 20:30:00,1.40579,1.40622,1.4057,1.40613
2026-07-21 20:45:00,1.40613,1.40629,1.40601,1.40609
2026-07-21 21:00:00,1.40608,1.40639,1.40579,1.40609
2026-07-21 21:15:00,1.40613,1.40664,1.40585,1.40653
2026-07-21 21:30:00,1.4065,1.4067,1.40634,1.40649
2026-07-21 21:45:00,1.40651,1.40705,1.40641,1.40671
2026-07-21 22:00:00,1.40677,1.40785,1.40665,1.40783
2026-07-21 22:15:00,1.40778,1.40823,1.40738,1.40762
2026-07-21 22:30:00,1.40763,1.40777,1.40735,1.40775
2026-07-21 22:45:00,1.40767,1.40787,1.40736,1.40766
2026-07-21 23:00:00,1.40768,1.40793,1.40748,1.40791
2026-07-21 23:15:00,1.40787,1.409,1.40783,1.40884
2026-07-21 23:30:00,1.40886,1.40902,1.40798,1.40832
2026-07-21 23:45:00,1.40829,1.40874,1.40778,1.4087
2026-07-22 00:00:00,1.40858,1.40885,1.40783,1.40789
2026-07-22 00:15:00,1.40799,1.40916,1.40769,1.40909
2026-07-22 00:30:00,1.40898,1.40958,1.40898,1.40903
2026-07-22 00:45:00,1.40907,1.41,1.40899,1.40929
2026-07-22 01:00:00,1.40945,1.40976,1.40903,1.40972
2026-07-22 01:15:00,1.40963,1.4098,1.40936,1.40938
2026-07-22 01:30:00,1.40942,1.40965,1.40916,1.40964
2026-07-22 01:45:00,1.40961,1.41021,1.40961,1.40988
2026-07-22 02:00:00,1.40999,1.41033,1.40978,1.41022
2026-07-22 02:15:00,1.4102,1.4102,1.40992,1.4101
2026-07-22 02:30:00,1.41006,1.41058,1.41001,1.41002
2026-07-22 02:45:00,1.41004,1.41004,1.40975,1.40981
2026-07-22 03:00:00,1.40977,1.41022,1.40957,1.40998
2026-07-22 03:15:00,1.40999,1.41026,1.40997,1.40999
2026-07-22 03:30:00,1.40999,1.4105,1.40988,1.41035
2026-07-22 03:45:00,1.41036,1.41062,1.41023,1.41027
2026-07-22 04:00:00,1.41024,1.4108,1.41022,1.41071
2026-07-22 04:15:00,1.41069,1.41093,1.41064,1.41072
2026-07-22 04:30:00,1.4107,1.41108,1.41052,1.41102
2026-07-22 04:45:00,1.41099,1.41103,1.41073,1.41078
2026-07-22 05:00:00,1.41081,1.41092,1.41065,1.4107
2026-07-22 05:15:00,1.41066,1.41097,1.41051,1.4106
2026-07-22 05:30:00,1.4106,1.41109,1.41052,1.411
2026-07-22 05:45:00,1.41095,1.41105,1.41053,1.41055
2026-07-22 06:00:00,1.41056,1.41067,1.41049,1.41057
2026-07-22 06:15:00,1.41055,1.41089,1.41047,1.41064
2026-07-22 06:30:00,1.41064,1.41072,1.41051,1.41068
2026-07-22 06:45:00,1.41062,1.41114,1.4105,1.41111
2026-07-22 07:00:00,1.41103,1.41107,1.41057,1.41083
2026-07-22 07:15:00,1.41089,1.41105,1.41068,1.411
2026-07-22 07:30:00,1.41098,1.41105,1.41091,1.41095
2026-07-22 07:45:00,1.41096,1.41108,1.4109,1.411
2026-07-22 08:00:00,1.411,1.411,1.41058,1.4107
2026-07-22 08:15:00,1.41063,1.41085,1.41063,1.41074
2026-07-22 08:30:00,1.41073,1.41085,1.41068,1.41081
2026-07-22 08:45:00,1.41076,1.41112,1.41075,1.41105
2026-07-22 09:00:00,1.41104,1.41115,1.41087,1.41107
2026-07-22 09:15:00,1.41104,1.41118,1.41094,1.41113
2026-07-22 09:30:00,1.4111,1.4111,1.41078,1.4108
2026-07-22 09:45:00,1.41081,1.41099,1.4106,1.41065
2026-07-22 10:00:00,1.41064,1.41075,1.41043,1.41047
2026-07-22 10:15:00,1.41051,1.41051,1.41013,1.41019
2026-07-22 10:30:00,1.41016,1.41069,1.41013,1.41065
2026-07-22 10:45:00,1.41065,1.41084,1.41054,1.41058
2026-07-22 11:00:00,1.4106,1.4106,1.40992,1.41009
2026-07-22 11:15:00,1.41007,1.41047,1.41002,1.41041
2026-07-22 11:30:00,1.41038,1.41068,1.41038,1.4105
2026-07-22 11:45:00,1.41051,1.41056,1.41037,1.41039
2026-07-22 12:00:00,1.41041,1.4107,1.41034,1.41049
2026-07-22 12:15:00,1.41043,1.41065,1.4103,1.41037
2026-07-22 12:30:00,1.41034,1.41062,1.41025,1.41059
2026-07-22 12:45:00,1.41059,1.41073,1.41047,1.41049
2026-07-22 13:00:00,1.4105,1.41067,1.41034,1.41066
2026-07-22 13:15:00,1.41064,1.41064,1.41031,1.41039
2026-07-22 13:30:00,1.41031,1.41068,1.41031,1.41059
2026-07-22 13:45:00,1.41058,1.41066,1.41051,1.41059
2026-07-22 14:00:00,1.41055,1.41084,1.4105,1.4108
2026-07-22 14:15:00,1.41079,1.41079,1.41061,1.4107
2026-07-22 14:30:00,1.41067,1.41071,1.41047,1.4105
2026-07-22 14:45:00,1.41048,1.41064,1.41047,1.41053
2026-07-22 15:00:00,1.41054,1.4106,1.41045,1.41054
2026-07-22 15:15:00,1.41049,1.4106,1.41036,1.41056
2026-07-22 15:30:00,1.41052,1.41068,1.4105,1.41064
2026-07-22 15:45:00,1.41061,1.41069,1.41038,1.41039
2026-07-22 16:00:00,1.41041,1.41041,1.40994,1.41016
2026-07-22 16:15:00,1.41016,1.41031,1.41001,1.41029
2026-07-22 16:30:00,1.4102,1.41045,1.40984,1.40997
2026-07-22 16:45:00,1.40993,1.41013,1.40983,1.40999
2026-07-22 17:00:00,1.41001,1.41001,1.40904,1.40906
2026-07-22 17:15:00,1.4091,1.4091,1.40858,1.40859
2026-07-22 17:30:00,1.4086,1.40918,1.40832,1.40915
2026-07-22 17:45:00,1.4091,1.40938,1.40873,1.40895
2026-07-22 18:00:00,1.40888,1.40959,1.40888,1.40947
2026-07-22 18:15:00,1.40948,1.40966,1.40936,1.40953
2026-07-22 18:30:00,1.40952,1.40952,1.40911,1.40928
2026-07-22 18:45:00,1.40925,1.40951,1.40922,1.40938
2026-07-22 19:00:00,1.40931,1.40944,1.40916,1.40943
2026-07-22 19:15:00,1.4094,1.40963,1.40925,1.40957
2026-07-22 19:30:00,1.40956,1.40972,1.40946,1.40969
2026-07-22 19:45:00,1.40966,1.41004,1.40952,1.40966
2026-07-22 20:00:00,1.40965,1.4102,1.40942,1.41018
2026-07-22 20:15:00,1.41015,1.41053,1.41004,1.41049
2026-07-22 20:30:00,1.41041,1.41053,1.41009,1.41021
2026-07-22 20:45:00,1.41017,1.41021,1.40985,1.4102
2026-07-22 21:00:00,1.41016,1.41017,1.40981,1.40988
2026-07-22 21:15:00,1.40989,1.4099,1.40942,1.4096
2026-07-22 21:30:00,1.4096,1.40967,1.40919,1.40929
2026-07-22 21:45:00,1.40921,1.4095,1.40906,1.40909
2026-07-22 22:00:00,1.40912,1.40912,1.40852,1.40852
2026-07-22 22:15:00,1.40852,1.40878,1.40822,1.40863
2026-07-22 22:30:00,1.4086,1.4086,1.40816,1.40846
2026-07-22 22:45:00,1.40835,1.40931,1.40835,1.409
2026-07-22 23:00:00,1.40903,1.40917,1.40861,1.40905
2026-07-22 23:15:00,1.409,1.40923,1.40853,1.40866
2026-07-22 23:30:00,1.40859,1.40876,1.40771,1.40818
2026-07-22 23:45:00,1.40828,1.40921,1.40782,1.40903
2026-07-23 00:00:00,1.40904,1.40927,1.40856,1.40861
2026-07-23 00:15:00,1.40868,1.40868,1.40822,1.40839
2026-07-23 00:30:00,1.4084,1.40885,1.40823,1.40847
2026-07-23 00:45:00,1.40848,1.40897,1.40797,1.40847
2026-07-23 01:00:00,1.40856,1.40866,1.40812,1.40832
2026-07-23 01:15:00,1.40831,1.40874,1.4083,1.40857
2026-07-23 01:30:00,1.40857,1.40872,1.40845,1.4086
2026-07-23 01:45:00,1.40857,1.4087,1.40842,1.40856
2026-07-23 02:00:00,1.40858,1.40901,1.40848,1.40898
2026-07-23 02:15:00,1.40896,1.40931,1.40892,1.40913
2026-07-23 02:30:00,1.40913,1.40945,1.40904,1.40936
2026-07-23 02:45:00,1.40935,1.40953,1.40928,1.40938
2026-07-23 03:00:00,1.40935,1.40942,1.40909,1.40919
2026-07-23 03:15:00,1.40916,1.40921,1.40903,1.40906
2026-07-23 03:30:00,1.40908,1.40954,1.40908,1.40946
2026-07-23 03:45:00,1.40946,1.40946,1.40923,1.40925
2026-07-23 04:00:00,1.40925,1.40939,1.40914,1.40922
2026-07-23 04:15:00,1.40919,1.4093,1.40895,1.40898
2026-07-23 04:30:00,1.40899,1.40901,1.40874,1.40875
2026-07-23 04:45:00,1.40876,1.4088,1.40857,1.40862
2026-07-23 05:00:00,1.4086,1.40879,1.4085,1.40877
2026-07-23 05:15:00,1.40872,1.40884,1.40865,1.40871
2026-07-23 05:30:00,1.4087,1.40887,1.4086,1.4086
2026-07-23 05:45:00,1.40861,1.40881,1.4085,1.40856
2026-07-23 06:00:00,1.40855,1.40857,1.40817,1.40824
2026-07-23 06:15:00,1.40836,1.40838,1.40812,1.40829
2026-07-23 06:30:00,1.40829,1.40857,1.40825,1.40849
2026-07-23 06:45:00,1.40849,1.40883,1.40843,1.40882
2026-07-23 07:00:00,1.40879,1.4088,1.40843,1.40851
2026-07-23 07:15:00,1.40847,1.40872,1.40824,1.4085
2026-07-23 07:30:00,1.40846,1.40875,1.40842,1.40861
2026-07-23 07:45:00,1.40864,1.40877,1.40849,1.40856
2026-07-23 08:00:00,1.40857,1.40885,1.4085,1.40878
2026-07-23 08:15:00,1.40875,1.40887,1.40866,1.40876
2026-07-23 08:30:00,1.40875,1.40898,1.40873,1.40892
2026-07-23 08:45:00,1.40893,1.40902,1.40881,1.40882
2026-07-23 09:00:00,1.40883,1.40886,1.40871,1.40881
2026-07-23 09:15:00,1.40878,1.40881,1.4086,1.40875
2026-07-23 09:30:00,1.40873,1.40875,1.40856,1.40874
2026-07-23 09:45:00,1.40873,1.40875,1.40859,1.40862
2026-07-23 10:00:00,1.40863,1.40863,1.4085,1.40859
2026-07-23 10:15:00,1.40856,1.40868,1.40839,1.40848
2026-07-23 10:30:00,1.40844,1.40857,1.40828,1.40829
2026-07-23 10:45:00,1.4083,1.4085,1.40817,1.40819
2026-07-23 11:00:00,1.40821,1.40829,1.40749,1.40751
2026-07-23 11:15:00,1.40753,1.40788,1.40747,1.40786
2026-07-23 11:30:00,1.40781,1.40785,1.40726,1.40736
2026-07-23 11:45:00,1.40731,1.4076,1.4073,1.40745
2026-07-23 12:00:00,1.40741,1.4075,1.40733,1.40741
2026-07-23 12:15:00,1.40739,1.40739,1.40726,1.40733
2026-07-23 12:30:00,1.40729,1.40732,1.40688,1.40691
2026-07-23 12:45:00,1.4069,1.40696,1.40655,1.40657
2026-07-23 13:00:00,1.40657,1.40692,1.40641,1.40688
2026-07-23 13:15:00,1.40681,1.40697,1.40644,1.40651
2026-07-23 13:30:00,1.40648,1.40654,1.40623,1.40633
2026-07-23 13:45:00,1.40632,1.40651,1.4063,1.40649
2026-07-23 14:00:00,1.40647,1.40652,1.40612,1.40614
2026-07-23 14:15:00,1.40613,1.40648,1.40613,1.40631
2026-07-23 14:30:00,1.40628,1.40637,1.40615,1.40634
2026-07-23 14:45:00,1.40631,1.40654,1.40631,1.40649
2026-07-23 15:00:00,1.4065,1.40652,1.40629,1.4065
2026-07-23 15:15:00,1.40646,1.407,1.40646,1.40684
2026-07-23 15:30:00,1.40686,1.40699,1.40658,1.40668
2026-07-23 15:45:00,1.40666,1.4067,1.40638,1.40646
2026-07-23 16:00:00,1.40647,1.40649,1.40579,1.40602
2026-07-23 16:15:00,1.40601,1.40628,1.4059,1.40628
2026-07-23 16:30:00,1.40625,1.40684,1.40617,1.4068
2026-07-23 16:45:00,1.40672,1.40672,1.40612,1.40661
2026-07-23 17:00:00,1.40659,1.40668,1.40587,1.40589
2026-07-23 17:15:00,1.40595,1.40663,1.4058,1.4066
2026-07-23 17:30:00,1.4065,1.40698,1.4065,1.40696
2026-07-23 17:45:00,1.40689,1.40738,1.40688,1.40697
2026-07-23 18:00:00,1.40697,1.40748,1.40688,1.40742
2026-07-23 18:15:00,1.40735,1.40774,1.4072,1.40754
2026-07-23 18:30:00,1.40752,1.40777,1.40739,1.40775
2026-07-23 18:45:00,1.4077,1.40779,1.4075,1.40764
2026-07-23 19:00:00,1.40762,1.40801,1.40735,1.40797
2026-07-23 19:15:00,1.40791,1.40827,1.40787,1.40826
2026-07-23 19:30:00,1.40825,1.40825,1.4079,1.40794
2026-07-23 19:45:00,1.40796,1.40811,1.40792,1.40804
2026-07-23 20:00:00,1.40805,1.40852,1.40805,1.40832
2026-07-23 20:15:00,1.40837,1.40857,1.40827,1.40855
2026-07-23 20:30:00,1.40851,1.40866,1.40843,1.40855
2026-07-23 20:45:00,1.40851,1.40879,1.40825,1.4084
2026-07-23 21:00:00,1.40837,1.4085,1.40799,1.40801
2026-07-23 21:15:00,1.40804,1.40818,1.4075,1.40781
2026-07-23 21:30:00,1.40778,1.40911,1.40769,1.4088
2026-07-23 21:45:00,1.40892,1.40892,1.40785,1.408
2026-07-23 22:00:00,1.40804,1.40821,1.40721,1.40724
2026-07-23 22:15:00,1.40728,1.40838,1.40704,1.40815
2026-07-23 22:30:00,1.40817,1.409,1.40803,1.40899
2026-07-23 22:45:00,1.40896,1.40896,1.40824,1.40828
2026-07-23 23:00:00,1.40831,1.40885,1.40804,1.40847
2026-07-23 23:15:00,1.40852,1.40852,1.40798,1.40807
2026-07-23 23:30:00,1.40814,1.40833,1.40713,1.40716
2026-07-23 23:45:00,1.40717,1.40792,1.40717,1.40773
2026-07-24 00:00:00,1.4077,1.40855,1.40764,1.4084
2026-07-24 00:15:00,1.40846,1.40914,1.40829,1.40878
2026-07-24 00:30:00,1.40869,1.40912,1.4084,1.40895
2026-07-24 00:45:00,1.4089,1.40914,1.40865,1.40868
2026-07-24 01:00:00,1.4087,1.40917,1.40862,1.40896
2026-07-24 01:15:00,1.40903,1.40918,1.40868,1.40898
2026-07-24 01:30:00,1.409,1.41001,1.40882,1.40883
2026-07-24 01:45:00,1.40885,1.40935,1.40845,1.40887
2026-07-24 02:00:00,1.4089,1.40901,1.40849,1.40851
2026-07-24 02:15:00,1.40852,1.40879,1.40846,1.40872
2026-07-24 02:30:00,1.4087,1.40872,1.40828,1.40831
2026-07-24 02:45:00,1.40836,1.40837,1.40774,1.40781
2026-07-24 03:00:00,1.40778,1.40788,1.40756,1.4078
2026-07-24 03:15:00,1.40781,1.40797,1.40754,1.40787
2026-07-24 03:30:00,1.40787,1.40814,1.40779,1.40798
2026-07-24 03:45:00,1.40798,1.4081,1.40779,1.40799
2026-07-24 04:00:00,1.40796,1.40819,1.4077,1.40782
2026-07-24 04:15:00,1.40776,1.40831,1.40776,1.40804
2026-07-24 04:30:00,1.40805,1.40811,1.40776,1.40785
2026-07-24 04:45:00,1.40788,1.40798,1.40773,1.40789
2026-07-24 05:00:00,1.40787,1.40796,1.40755,1.40793
2026-07-24 05:15:00,1.4079,1.40827,1.40783,1.40807
2026-07-24 05:30:00,1.4081,1.40825,1.4078,1.40823
2026-07-24 05:45:00,1.40821,1.40841,1.408,1.40833
2026-07-24 06:00:00,1.40831,1.40847,1.40821,1.40846
2026-07-24 06:15:00,1.40839,1.40897,1.40839,1.4089
2026-07-24 06:30:00,1.40889,1.40894,1.4084,1.40866
2026-07-24 06:45:00,1.40868,1.40875,1.40842,1.4085
2026-07-24 07:00:00,1.40848,1.40867,1.40824,1.40834
2026-07-24 07:15:00,1.4084,1.4084,1.40812,1.40819
2026-07-24 07:30:00,1.40819,1.4083,1.40804,1.40821
2026-07-24 07:45:00,1.40816,1.40829,1.40794,1.40811
2026-07-24 08:00:00,1.40812,1.40836,1.40812,1.40835
2026-07-24 08:15:00,1.40832,1.4084,1.40822,1.40836
2026-07-24 08:30:00,1.40834,1.40852,1.40832,1.40847
2026-07-24 08:45:00,1.40841,1.40852,1.40821,1.40822
2026-07-24 09:00:00,1.40824,1.4085,1.40824,1.40842
2026-07-24 09:15:00,1.40838,1.40848,1.40828,1.40836
2026-07-24 09:30:00,1.40833,1.40851,1.4083,1.40844
2026-07-24 09:45:00,1.40845,1.40871,1.40835,1.40857
2026-07-24 10:00:00,1.40858,1.40859,1.40762,1.40767
2026-07-24 10:15:00,1.40762,1.40781,1.40751,1.40767
2026-07-24 10:30:00,1.40765,1.40777,1.40759,1.40763
2026-07-24 10:45:00,1.40763,1.40784,1.40726,1.40728
2026-07-24 11:00:00,1.40732,1.40741,1.4069,1.40714
2026-07-24 11:15:00,1.40713,1.40729,1.40703,1.40725
2026-07-24 11:30:00,1.40721,1.4074,1.40694,1.40702
2026-07-24 11:45:00,1.407,1.40739,1.40691,1.40737
2026-07-24 12:00:00,1.40733,1.40753,1.40727,1.40743
2026-07-24 12:15:00,1.40744,1.40752,1.40733,1.40745
2026-07-24 12:30:00,1.40741,1.40753,1.4073,1.40752
2026-07-24 12:45:00,1.40748,1.40791,1.40748,1.40774
2026-07-24 13:00:00,1.4078,1.40797,1.40772,1.40789
2026-07-24 13:15:00,1.40789,1.40802,1.40779,1.40792
2026-07-24 13:30:00,1.40789,1.40792,1.40761,1.40773
2026-07-24 13:45:00,1.40773,1.4079,1.40773,1.40776
2026-07-24 14:00:00,1.40777,1.40784,1.40765,1.40778
2026-07-24 14:15:00,1.40777,1.408,1.40767,1.40798
2026-07-24 14:30:00,1.40795,1.40829,1.40795,1.40825
2026-07-24 14:45:00,1.40823,1.40845,1.40823,1.40831
2026-07-24 15:00:00,1.40829,1.40833,1.408,1.4081
2026-07-24 15:15:00,1.40806,1.40809,1.40782,1.40792
2026-07-24 15:30:00,1.40789,1.40802,1.40769,1.40799
2026-07-24 15:45:00,1.40795,1.40838,1.40795,1.40835
2026-07-24 16:00:00,1.40835,1.40849,1.40825,1.40834
2026-07-24 16:15:00,1.40831,1.40835,1.4076,1.40783
2026-07-24 16:30:00,1.40781,1.40782,1.40743,1.40751
2026-07-24 16:45:00,1.40748,1.40776,1.40747,1.40761
2026-07-24 17:00:00,1.4076,1.40767,1.40704,1.40714
2026-07-24 17:15:00,1.4071,1.40734,1.40681,1.40683
2026-07-24 17:30:00,1.40684,1.40768,1.40656,1.40764
2026-07-24 17:45:00,1.40756,1.40761,1.40734,1.40746
2026-07-24 18:00:00,1.40747,1.40777,1.40741,1.40742
2026-07-24 18:15:00,1.40747,1.40778,1.40747,1.40768
2026-07-24 18:30:00,1.40759,1.40792,1.40753,1.40788
2026-07-24 18:45:00,1.40783,1.40802,1.40767,1.40799
2026-07-24 19:00:00,1.40797,1.40813,1.40787,1.40809
2026-07-24 19:15:00,1.40804,1.40828,1.40789,1.4079
2026-07-24 19:30:00,1.4079,1.40873,1.40785,1.40862
2026-07-24 19:45:00,1.40865,1.40868,1.40806,1.4081
2026-07-24 20:00:00,1.40814,1.40817,1.4078,1.40781
2026-07-24 20:15:00,1.40785,1.40798,1.4074,1.40742
2026-07-24 20:30:00,1.40745,1.40764,1.40731,1.40753
2026-07-24 20:45:00,1.40748,1.40793,1.40748,1.40785
2026-07-24 21:00:00,1.40783,1.40818,1.4078,1.40813
2026-07-24 21:15:00,1.40809,1.40859,1.40804,1.40848
2026-07-24 21:30:00,1.4085,1.40892,1.40847,1.40868
2026-07-24 21:45:00,1.40866,1.40905,1.40854,1.40885
2026-07-24 22:00:00,1.40894,1.40907,1.40858,1.40861
2026-07-24 22:15:00,1.40864,1.40922,1.40864,1.40919
2026-07-24 22:30:00,1.40915,1.41052,1.40911,1.41048
2026-07-24 22:45:00,1.41038,1.41072,1.41031,1.41053
2026-07-24 23:00:00,1.41048,1.4115,1.41041,1.41098
2026-07-24 23:15:00,1.41105,1.41126,1.41033,1.41036
2026-07-24 23:30:00,1.41037,1.41067,1.40974,1.40994
2026-07-24 23:45:00,1.40989,1.41022,1.40974,1.40976
2026-07-25 00:00:00,1.40977,1.41005,1.40932,1.40939
2026-07-25 00:15:00,1.40943,1.40961,1.40885,1.40928
2026-07-25 00:30:00,1.40924,1.40927,1.4087,1.40895
2026-07-25 00:45:00,1.40889,1.40902,1.40798,1.40815
2026-07-25 01:00:00,1.40807,1.40832,1.40763,1.40792
2026-07-25 01:15:00,1.4079,1.4083,1.40755,1.40822
2026-07-25 01:30:00,1.40823,1.40861,1.4081,1.40855
2026-07-25 01:45:00,1.40845,1.40863,1.40803,1.40809
2026-07-25 02:00:00,1.40806,1.40829,1.4079,1.40791
2026-07-25 02:15:00,1.40791,1.40822,1.40782,1.40796
2026-07-25 02:30:00,1.40795,1.40864,1.40785,1.40862
2026-07-25 02:45:00,1.40857,1.40882,1.40847,1.40849
2026-07-25 03:00:00,1.40851,1.40938,1.40836,1.40917
2026-07-25 03:15:00,1.40924,1.40952,1.40909,1.40946
2026-07-25 03:30:00,1.40947,1.40973,1.40925,1.40965
2026-07-25 03:45:00,1.40965,1.40995,1.40965,1.40983
2026-07-25 04:00:00,1.40981,1.40989,1.40964,1.40969
2026-07-25 04:15:00,1.40965,1.40991,1.40964,1.40981
2026-07-25 04:30:00,1.4098,1.40989,1.40957,1.40974
2026-07-25 04:45:00,1.40978,1.40984,1.40956,1.40973
2026-07-25 05:00:00,1.40971,1.40988,1.40955,1.40968
2026-07-25 05:15:00,1.40964,1.40988,1.40963,1.40985
2026-07-25 05:30:00,1.40983,1.40997,1.40958,1.40961
2026-07-25 05:45:00,1.4097,1.41025,1.4097,1.40998
2026-07-25 06:00:00,1.40999,1.4104,1.40999,1.41024
2026-07-25 06:15:00,1.41021,1.41043,1.41012,1.41021
2026-07-25 06:30:00,1.41018,1.41033,1.40983,1.40986
2026-07-25 06:45:00,1.40987,1.40987,1.40939,1.4094
2026-07-25 07:00:00,1.4094,1.40957,1.40925,1.40935
2026-07-25 07:15:00,1.40938,1.40964,1.40923,1.40959
2026-07-25 07:30:00,1.40952,1.40972,1.40928,1.40938
2026-07-25 07:45:00,1.40939,1.40976,1.40933,1.40949
2026-07-25 08:00:00,1.40955,1.40955,1.40929,1.40942
2026-07-25 08:15:00,1.40939,1.40946,1.40935,1.40941
2026-07-25 08:30:00,1.4094,1.40943,1.40934,1.40936
2026-07-25 08:45:00,1.40937,1.40943,1.40931,1.40933
2026-07-25 09:00:00,1.40933,1.40944,1.40919,1.4094
2026-07-25 09:15:00,1.40937,1.40943,1.40932,1.40936
2026-07-25 09:30:00,1.40934,1.4094,1.40931,1.40938
2026-07-25 09:45:00,1.40936,1.40943,1.40931,1.40933
2026-07-25 10:00:00,1.40934,1.40944,1.40931,1.40944
2026-07-25 10:15:00,1.40941,1.40966,1.40928,1.40952
2026-07-25 10:30:00,1.4095,1.40951,1.40941,1.40946
2026-07-25 10:45:00,1.40943,1.40967,1.40942,1.40943
2026-07-25 11:00:00,1.40944,1.40951,1.4094,1.40945
2026-07-25 11:15:00,1.40943,1.40957,1.40941,1.40945
2026-07-25 11:30:00,1.40942,1.4095,1.40926,1.40942
2026-07-25 11:45:00,1.40939,1.40951,1.40939,1.40942
2026-07-25 12:00:00,1.40943,1.40957,1.40936,1.40945
2026-07-25 12:15:00,1.40943,1.40948,1.4094,1.40945
2026-07-25 12:30:00,1.40942,1.4096,1.4094,1.40943
2026-07-25 12:45:00,1.40942,1.4096,1.4094,1.40946
2026-07-25 13:00:00,1.40947,1.4095,1.4094,1.40945
2026-07-25 13:15:00,1.40942,1.40948,1.40923,1.4094
2026-07-25 13:30:00,1.40937,1.40948,1.40937,1.40944
2026-07-25 13:45:00,1.40942,1.40957,1.40941,1.40943
2026-07-25 14:00:00,1.40944,1.40962,1.40941,1.40951
2026-07-25 14:15:00,1.40952,1.40953,1.40942,1.40946
2026-07-25 14:30:00,1.40943,1.40957,1.4094,1.40944
2026-07-25 14:45:00,1.40942,1.40948,1.4094,1.40941
2026-07-25 15:00:00,1.40942,1.40948,1.40924,1.40942
2026-07-25 15:15:00,1.40942,1.40956,1.40941,1.40949
2026-07-25 15:30:00,1.40947,1.40951,1.40941,1.40947
2026-07-25 15:45:00,1.40945,1.40958,1.40934,1.40944
2026-07-25 16:00:00,1.40944,1.4095,1.40941,1.40943
2026-07-25 16:15:00,1.40943,1.40956,1.40941,1.40947
2026-07-25 16:30:00,1.40945,1.40971,1.40928,1.40943
2026-07-25 16:45:00,1.4094,1.40949,1.4094,1.40943
2026-07-25 17:00:00,1.40943,1.40956,1.40939,1.40942
2026-07-25 17:15:00,1.40943,1.4095,1.40941,1.40945
2026-07-25 17:30:00,1.40943,1.40957,1.40936,1.40946
2026-07-25 17:45:00,1.40943,1.40955,1.40941,1.40945
2026-07-25 18:00:00,1.40947,1.40951,1.40941,1.40942
2026-07-25 18:15:00,1.40943,1.40969,1.40926,1.40944
2026-07-25 18:30:00,1.40942,1.40948,1.4094,1.40945
2026-07-25 18:45:00,1.40942,1.40958,1.40933,1.40943
2026-07-25 19:00:00,1.40942,1.40957,1.40936,1.40947
2026-07-25 19:15:00,1.40948,1.4095,1.40942,1.40946
2026-07-25 19:30:00,1.40944,1.40962,1.40941,1.40949
2026-07-25 19:45:00,1.40945,1.4095,1.4094,1.40944
2026-07-25 20:00:00,1.40942,1.40964,1.40929,1.40937
2026-07-25 20:15:00,1.40938,1.4096,1.40927,1.40957
2026-07-25 20:30:00,1.40953,1.40956,1.40948,1.40952
2026-07-25 20:45:00,1.40949,1.40961,1.40947,1.40952
2026-07-25 21:00:00,1.4095,1.40956,1.40947,1.40948
2026-07-25 21:15:00,1.40949,1.40963,1.4094,1.40949
2026-07-25 21:30:00,1.40949,1.40969,1.40933,1.40936
2026-07-25 21:45:00,1.40941,1.40947,1.40938,1.40943
2026-07-25 22:00:00,1.40941,1.40959,1.40938,1.40953
2026-07-25 22:15:00,1.40953,1.4096,1.40951,1.40953
2026-07-25 22:30:00,1.40953,1.4097,1.40952,1.40966
2026-07-25 22:45:00,1.40964,1.40978,1.40955,1.40976
2026-07-25 23:00:00,1.40972,1.40978,1.4097,1.40972
2026-07-25 23:15:00,1.40972,1.40988,1.40938,1.40951
2026-07-25 23:30:00,1.40952,1.40958,1.40944,1.40948
2026-07-25 23:45:00,1.40946,1.40964,1.40944,1.40959
2026-07-26 00:00:00,1.40956,1.40966,1.4094,1.40961
2026-07-26 00:15:00,1.40958,1.4096,1.40943,1.40943
2026-07-26 00:30:00,1.40944,1.40964,1.40934,1.40955
2026-07-26 00:45:00,1.40953,1.40959,1.40947,1.40952
2026-07-26 01:00:00,1.40949,1.40978,1.4093,1.40942
2026-07-26 01:15:00,1.40941,1.40962,1.4094,1.4096
2026-07-26 01:30:00,1.40956,1.40962,1.40954,1.4096
2026-07-26 01:45:00,1.40956,1.40971,1.40948,1.40969
2026-07-26 02:00:00,1.40966,1.40972,1.40916,1.40938
2026-07-26 02:15:00,1.40936,1.40956,1.40933,1.40949
2026-07-26 02:30:00,1.4095,1.40969,1.40946,1.40963
2026-07-26 02:45:00,1.40961,1.40961,1.40931,1.40944
2026-07-26 03:00:00,1.40941,1.40946,1.40904,1.40939
2026-07-26 03:15:00,1.40937,1.40943,1.40935,1.40936
2026-07-26 03:30:00,1.40937,1.40957,1.40935,1.4095
2026-07-26 03:45:00,1.4095,1.40961,1.40948,1.40958
2026-07-26 04:00:00,1.40948,1.40988,1.40918,1.40934
2026-07-26 04:15:00,1.40931,1.40956,1.40923,1.40931
2026-07-26 04:30:00,1.40931,1.40938,1.40929,1.40931
2026-07-26 04:45:00,1.40931,1.40953,1.40928,1.40948
2026-07-26 05:00:00,1.40946,1.40966,1.40908,1.40931
2026-07-26 05:15:00,1.40917,1.40945,1.40917,1.40941
2026-07-26 05:30:00,1.40939,1.40959,1.40938,1.40949
2026-07-26 05:45:00,1.4095,1.40953,1.40942,1.40946
2026-07-26 06:00:00,1.40944,1.40954,1.40905,1.40946
2026-07-26 06:15:00,1.40943,1.40956,1.4094,1.40943
2026-07-26 06:30:00,1.40943,1.40961,1.40943,1.40947
2026-07-26 06:45:00,1.40948,1.40962,1.40942,1.40951
2026-07-26 07:00:00,1.40949,1.4095,1.40914,1.40944
2026-07-26 07:15:00,1.40941,1.40958,1.40935,1.40953
2026-07-26 07:30:00,1.40952,1.40963,1.4094,1.40949
2026-07-26 07:45:00,1.40949,1.40961,1.40926,1.40939
2026-07-26 08:00:00,1.40939,1.40957,1.40902,1.40948
2026-07-26 08:15:00,1.40945,1.40951,1.40942,1.40946
2026-07-26 08:30:00,1.40944,1.40963,1.40932,1.40955
2026-07-26 08:45:00,1.40956,1.40963,1.40954,1.40956
2026-07-26 09:00:00,1.40956,1.40967,1.40933,1.40942
2026-07-26 09:15:00,1.4094,1.40971,1.40927,1.40938
2026-07-26 09:30:00,1.40936,1.40942,1.40934,1.40935
2026-07-26 09:45:00,1.40936,1.40956,1.40924,1.40949
2026-07-26 10:00:00,1.4095,1.40956,1.40944,1.40948
2026-07-26 10:15:00,1.40946,1.40964,1.40938,1.40961
2026-07-26 10:30:00,1.40958,1.40972,1.40956,1.40967
2026-07-26 10:45:00,1.40967,1.40973,1.40962,1.40963
2026-07-26 11:00:00,1.40964,1.40986,1.40936,1.4095
2026-07-26 11:15:00,1.40948,1.40954,1.40946,1.40951
2026-07-26 11:30:00,1.40948,1.40966,1.40936,1.40961
2026-07-26 11:45:00,1.40959,1.40975,1.40957,1.40967
2026-07-26 12:00:00,1.40969,1.40975,1.40966,1.40971
2026-07-26 12:15:00,1.40969,1.40982,1.40967,1.40979
2026-07-26 12:30:00,1.40976,1.40994,1.4094,1.4095
2026-07-26 12:45:00,1.4095,1.40951,1.40927,1.40944
2026-07-26 13:00:00,1.40945,1.40959,1.40943,1.40949
2026-07-26 13:15:00,1.40949,1.40951,1.40943,1.40948
2026-07-26 13:30:00,1.40945,1.40958,1.40942,1.40946
2026-07-26 13:45:00,1.40944,1.4095,1.40942,1.40942
2026-07-26 14:00:00,1.40943,1.40962,1.4093,1.40948
2026-07-26 14:15:00,1.40948,1.40968,1.40927,1.4094
2026-07-26 14:30:00,1.40937,1.40946,1.40936,1.40941
2026-07-26 14:45:00,1.40939,1.40959,1.40937,1.40952
2026-07-26 15:00:00,1.40952,1.40959,1.4095,1.40952
2026-07-26 15:15:00,1.40952,1.40969,1.40948,1.40965
2026-07-26 15:30:00,1.40963,1.40977,1.40954,1.40974
2026-07-26 15:45:00,1.40971,1.40977,1.40969,1.40971
2026-07-26 16:00:00,1.40971,1.40976,1.40931,1.4094
2026-07-26 16:15:00,1.40941,1.40947,1.40939,1.40943
2026-07-26 16:30:00,1.40941,1.4096,1.40938,1.40957
2026-07-26 16:45:00,1.40954,1.40969,1.40945,1.40964
2026-07-26 17:00:00,1.40964,1.4097,1.40962,1.40963
2026-07-26 17:15:00,1.40964,1.40978,1.40959,1.40974
2026-07-26 17:30:00,1.40972,1.40987,1.4097,1.40984
2026-07-26 17:45:00,1.40981,1.41008,1.40939,1.40953
2026-07-26 18:00:00,1.40952,1.40969,1.4095,1.40961
2026-07-26 18:15:00,1.40962,1.40969,1.4096,1.40965
2026-07-26 18:30:00,1.40962,1.40976,1.40958,1.40966
2026-07-26 18:45:00,1.40962,1.40969,1.4096,1.40964
2026-07-26 19:00:00,1.40962,1.40977,1.40961,1.4097
2026-07-26 19:15:00,1.40971,1.40986,1.40939,1.40952
2026-07-26 19:30:00,1.40952,1.40955,1.40947,1.40952
2026-07-26 19:45:00,1.40949,1.40965,1.40945,1.4096
2026-07-26 20:00:00,1.40958,1.40964,1.40956,1.40957
2026-07-26 20:15:00,1.40958,1.40961,1.4095,1.40953
2026-07-26 20:30:00,1.40953,1.40959,1.4095,1.40955
2026-07-26 20:45:00,1.40953,1.40959,1.4095,1.40955
2026-07-26 21:00:00,1.40953,1.40959,1.40951,1.40952
2026-07-26 21:15:00,1.40953,1.40959,1.4095,1.40952
2026-07-26 21:30:00,1.40953,1.40961,1.40929,1.40939
2026-07-26 21:45:00,1.40936,1.40943,1.40934,1.40939
2026-07-26 22:00:00,1.40936,1.40942,1.40934,1.40936
2026-07-26 22:15:00,1.40936,1.40943,1.40934,1.40936
2026-07-26 22:30:00,1.40936,1.40943,1.40934,1.40938
2026-07-26 22:45:00,1.40936,1.40943,1.40934,1.40939
2026-07-26 23:00:00,1.40936,1.40943,1.40934,1.40938
2026-07-26 23:15:00,1.40936,1.40954,1.40924,1.40933
2026-07-26 23:30:00,1.40934,1.40944,1.40932,1.40941
2026-07-26 23:45:00,1.40938,1.40944,1.40936,1.40941
2026-07-27 00:00:00,1.40938,1.40949,1.40938,1.40945
2026-07-27 00:15:00,1.40943,1.40952,1.40942,1.4095
2026-07-27 00:30:00,1.40946,1.40952,1.40944,1.40949
2026-07-27 00:45:00,1.40946,1.40975,1.40924,1.40964
2026-07-27 01:00:00,1.40961,1.40985,1.40939,1.40948
2026-07-27 01:15:00,1.40946,1.40955,1.40946,1.40947
2026-07-27 01:30:00,1.40948,1.40955,1.40944,1.40946
2026-07-27 01:45:00,1.40945,1.40954,1.40944,1.4095
2026-07-27 02:00:00,1.40947,1.40973,1.40924,1.40967
2026-07-27 02:15:00,1.40965,1.40972,1.40963,1.40965
2026-07-27 02:30:00,1.40965,1.40983,1.40921,1.40947
2026-07-27 02:45:00,1.40943,1.40949,1.40941,1.40949
2026-07-27 03:00:00,1.40946,1.40951,1.40922,1.40945
2026-07-27 03:15:00,1.40943,1.4095,1.40941,1.40944
2026-07-27 03:30:00,1.40944,1.40952,1.40943,1.40949
2026-07-27 03:45:00,1.40945,1.40953,1.40943,1.40948
2026-07-27 04:00:00,1.40945,1.40952,1.40942,1.40949
2026-07-27 04:15:00,1.40946,1.40962,1.40912,1.40949
2026-07-27 04:30:00,1.40946,1.40958,1.40943,1.40953
2026-07-27 04:45:00,1.40951,1.40954,1.4094,1.40946
2026-07-27 05:00:00,1.40943,1.41009,1.40812,1.40953
2026-07-27 05:15:00,1.40949,1.41061,1.40879,1.41046
2026-07-27 05:30:00,1.41011,1.41138,1.40826,1.40929
2026-07-27 05:45:00,1.40925,1.41001,1.40812,1.40993
2026-07-27 06:00:00,1.40978,1.40978,1.40865,1.40897
2026-07-27 06:15:00,1.40913,1.40953,1.40831,1.40909
2026-07-27 06:30:00,1.40913,1.40971,1.40866,1.40944
2026-07-27 06:45:00,1.40935,1.40972,1.40878,1.40892
2026-07-27 07:00:00,1.40899,1.40938,1.40848,1.40854
2026-07-27 07:15:00,1.40864,1.40864,1.40832,1.40836
2026-07-27 07:30:00,1.40834,1.40897,1.40819,1.40878
2026-07-27 07:45:00,1.40879,1.40913,1.40864,1.40869
2026-07-27 08:00:00,1.40878,1.40905,1.40805,1.40867
2026-07-27 08:15:00,1.40861,1.40902,1.40853,1.40889
2026-07-27 08:30:00,1.4089,1.40905,1.40875,1.40903
2026-07-27 08:45:00,1.40902,1.40918,1.40888,1.40908
2026-07-27 09:00:00,1.40909,1.40915,1.40867,1.40885
2026-07-27 09:15:00,1.40883,1.40903,1.40875,1.40898
2026-07-27 09:30:00,1.40894,1.40896,1.40866,1.40872
2026-07-27 09:45:00,1.40873,1.40906,1.40864,1.40866
2026-07-27 10:00:00,1.40872,1.40883,1.40769,1.40775
2026-07-27 10:15:00,1.40784,1.40795,1.40762,1.40784
2026-07-27 10:30:00,1.4078,1.40813,1.40735,1.40806
2026-07-27 10:45:00,1.40807,1.40822,1.40788,1.40813
2026-07-27 11:00:00,1.40814,1.40818,1.40764,1.40765
2026-07-27 11:15:00,1.40767,1.4079,1.40761,1.40787
2026-07-27 11:30:00,1.40783,1.4081,1.40762,1.40783
2026-07-27 11:45:00,1.40784,1.40789,1.40731,1.40734
2026-07-27 12:00:00,1.40738,1.4075,1.40716,1.40749
2026-07-27 12:15:00,1.40747,1.40788,1.40747,1.40761
2026-07-27 12:30:00,1.40758,1.40791,1.40742,1.40787
2026-07-27 12:45:00,1.40786,1.40789,1.40772,1.40777
2026-07-27 13:00:00,1.40778,1.40836,1.40774,1.40835
2026-07-27 13:15:00,1.40831,1.40843,1.40813,1.40815
2026-07-27 13:30:00,1.40815,1.40852,1.40813,1.40839
2026-07-27 13:45:00,1.40837,1.40842,1.40815,1.40822
2026-07-27 14:00:00,1.40825,1.4085,1.40825,1.40843
2026-07-27 14:15:00,1.40841,1.40867,1.40826,1.40866
2026-07-27 14:30:00,1.40863,1.40866,1.40845,1.40856
2026-07-27 14:45:00,1.4085,1.40871,1.40839,1.4084
2026-07-27 15:00:00,1.40841,1.40863,1.40816,1.40817
2026-07-27 15:15:00,1.40819,1.40836,1.40812,1.40834
2026-07-27 15:30:00,1.4083,1.40856,1.40827,1.40846
2026-07-27 15:45:00,1.40843,1.40855,1.40821,1.40843
2026-07-27 16:00:00,1.40844,1.40968,1.40844,1.40962
2026-07-27 16:15:00,1.40953,1.41024,1.40938,1.40946
2026-07-27 16:30:00,1.40944,1.40969,1.4093,1.40954
2026-07-27 16:45:00,1.40951,1.40991,1.40948,1.40958
2026-07-27 17:00:00,1.40961,1.41004,1.40948,1.40963
2026-07-27 17:15:00,1.40968,1.40968,1.40931,1.40945
2026-07-27 17:30:00,1.40944,1.40974,1.40931,1.40944
2026-07-27 17:45:00,1.40939,1.40965,1.40936,1.40964
2026-07-27 18:00:00,1.40961,1.40968,1.40913,1.40945
2026-07-27 18:15:00,1.40937,1.40986,1.40937,1.40983
2026-07-27 18:30:00,1.40977,1.41004,1.4096,1.40973
2026-07-27 18:45:00,1.40964,1.40993,1.40955,1.40976
2026-07-27 19:00:00,1.40964,1.41055,1.40964,1.41053
2026-07-27 19:15:00,1.41051,1.41054,1.41023,1.41049
2026-07-27 19:30:00,1.4104,1.41055,1.41025,1.41036
2026-07-27 19:45:00,1.41033,1.41056,1.41021,1.41054
2026-07-27 20:00:00,1.4105,1.41068,1.41027,1.41044
2026-07-27 20:15:00,1.41047,1.41072,1.41026,1.41071
2026-07-27 20:30:00,1.41068,1.41069,1.4102,1.41023
2026-07-27 20:45:00,1.41025,1.41073,1.4102,1.41071
2026-07-27 21:00:00,1.41066,1.41089,1.41048,1.41049
2026-07-27 21:15:00,1.41051,1.41062,1.4101,1.41036
2026-07-27 21:30:00,1.41038,1.41043,1.41006,1.41026
2026-07-27 21:45:00,1.41012,1.41092,1.41012,1.41082
2026-07-27 22:00:00,1.41085,1.41085,1.4104,1.41058
2026-07-27 22:15:00,1.41056,1.41079,1.41038,1.41048
2026-07-27 22:30:00,1.41052,1.41093,1.41052,1.41069
2026-07-27 22:45:00,1.41077,1.41077,1.41039,1.41059
2026-07-27 23:00:00,1.41049,1.41111,1.41041,1.41082
2026-07-27 23:15:00,1.4107,1.4113,1.4107,1.41108
2026-07-27 23:30:00,1.41109,1.41139,1.4104,1.41057
2026-07-27 23:45:00,1.41054,1.41054,1.40998,1.41021
2026-07-28 00:00:00,1.41017,1.41081,1.41008,1.4108
2026-07-28 00:15:00,1.41076,1.41147,1.41069,1.41142
2026-07-28 00:30:00,1.41136,1.4118,1.41135,1.4117
2026-07-28 00:45:00,1.41169,1.41172,1.41113,1.41136
2026-07-28 01:00:00,1.41143,1.41151,1.41106,1.41149
2026-07-28 01:15:00,1.41144,1.41144,1.41095,1.41117
2026-07-28 01:30:00,1.41118,1.41146,1.41118,1.41123
2026-07-28 01:45:00,1.41124,1.41131,1.41081,1.41108
2026-07-28 02:00:00,1.41096,1.41158,1.41096,1.41131
2026-07-28 02:15:00,1.41128,1.41147,1.41096,1.41109
2026-07-28 02:30:00,1.41105,1.41123,1.41084,1.41121
2026-07-28 02:45:00,1.41117,1.41128,1.41106,1.41127
2026-07-28 03:00:00,1.41125,1.41193,1.41121,1.41176
2026-07-28 03:15:00,1.41177,1.41192,1.41169,1.41191
2026-07-28 03:30:00,1.41188,1.41211,1.41178,1.41208
2026-07-28 03:45:00,1.41204,1.41211,1.41189,1.412
2026-07-28 04:00:00,1.41197,1.41228,1.41197,1.4122
2026-07-28 04:15:00,1.41218,1.41231,1.41214,1.41228
2026-07-28 04:30:00,1.41226,1.41243,1.41216,1.4124
2026-07-28 04:45:00,1.41234,1.41262,1.41234,1.41252
2026-07-28 05:00:00,1.41247,1.41256,1.41228,1.41244
2026-07-28 05:15:00,1.41241,1.41243,1.41209,1.4121
2026-07-28 05:30:00,1.41211,1.41235,1.41198,1.4122
2026-07-28 05:45:00,1.41215,1.41232,1.41201,1.4122
2026-07-28 06:00:00,1.41217,1.4124,1.41212,1.41238
2026-07-28 06:15:00,1.41235,1.41248,1.41231,1.4124
2026-07-28 06:30:00,1.41238,1.41269,1.41238,1.41254
2026-07-28 06:45:00,1.41259,1.41268,1.41244,1.41247
2026-07-28 07:00:00,1.41245,1.41262,1.41214,1.41245
2026-07-28 07:15:00,1.4124,1.41263,1.41217,1.41219
2026-07-28 07:30:00,1.41221,1.41244,1.41221,1.4123
2026-07-28 07:45:00,1.41232,1.41251,1.41222,1.41245
2026-07-28 08:00:00,1.41236,1.41251,1.41213,1.41239
2026-07-28 08:15:00,1.41236,1.4124,1.41216,1.41222
2026-07-28 08:30:00,1.41219,1.41226,1.41213,1.41225
2026-07-28 08:45:00,1.41224,1.41235,1.41217,1.41228
2026-07-28 09:00:00,1.41228,1.41243,1.41216,1.4123
2026-07-28 09:15:00,1.41228,1.41241,1.41222,1.41237
2026-07-28 09:30:00,1.41235,1.41258,1.41229,1.41242
2026-07-28 09:45:00,1.41243,1.41263,1.41237,1.41254
2026-07-28 10:00:00,1.41255,1.41292,1.41244,1.41275
2026-07-28 10:15:00,1.41272,1.41282,1.41246,1.41257
2026-07-28 10:30:00,1.41254,1.41254,1.41219,1.41224
2026-07-28 10:45:00,1.41224,1.41227,1.41173,1.41175
2026-07-28 11:00:00,1.41177,1.41177,1.41137,1.41174
2026-07-28 11:15:00,1.41169,1.41197,1.41163,1.41196
2026-07-28 11:30:00,1.41192,1.41217,1.4118,1.41215
2026-07-28 11:45:00,1.41209,1.41227,1.41209,1.41215
2026-07-28 12:00:00,1.41216,1.41223,1.41175,1.41184
2026-07-28 12:15:00,1.4118,1.41219,1.4118,1.41217
2026-07-28 12:30:00,1.41213,1.41218,1.41198,1.41199
2026-07-28 12:45:00,1.41201,1.41208,1.41157,1.41172
2026-07-28 13:00:00,1.41168,1.41192,1.4116,1.41175
2026-07-28 13:15:00,1.41176,1.41188,1.41156,1.41163
2026-07-28 13:30:00,1.4116,1.41172,1.41112,1.41161
2026-07-28 13:45:00,1.41158,1.41172,1.41153,1.41165
2026-07-28 14:00:00,1.41166,1.4119,1.41156,1.41165
2026-07-28 14:15:00,1.41166,1.41185,1.41157,1.41182
2026-07-28 14:30:00,1.4118,1.41192,1.4117,1.41184
2026-07-28 14:45:00,1.41181,1.412,1.41166,1.41197
2026-07-28 15:00:00,1.41197,1.41261,1.41186,1.41255
2026-07-28 15:15:00,1.41247,1.41269,1.41243,1.41247
2026-07-28 15:30:00,1.41252,1.41252,1.41179,1.41182
2026-07-28 15:45:00,1.41185,1.41215,1.41176,1.41177
2026-07-28 16:00:00,1.41179,1.41219,1.41164,1.41169
2026-07-28 16:15:00,1.4117,1.41187,1.41152,1.41155
2026-07-28 16:30:00,1.41159,1.41174,1.41139,1.4117
2026-07-28 16:45:00,1.41157,1.41223,1.41157,1.4122
2026-07-28 17:00:00,1.41213,1.41243,1.41155,1.41173
2026-07-28 17:15:00,1.4117,1.4118,1.41131,1.41138
2026-07-28 17:30:00,1.41135,1.41144,1.41106,1.41141
2026-07-28 17:45:00,1.41137,1.41192,1.41137,1.41189
2026-07-28 18:00:00,1.41187,1.41187,1.41123,1.41156
2026-07-28 18:15:00,1.41153,1.4117,1.41114,1.4114
2026-07-28 18:30:00,1.41145,1.41156,1.41132,1.41155
2026-07-28 18:45:00,1.41152,1.41153,1.41124,1.4113
2026-07-28 19:00:00,1.41128,1.41129,1.41087,1.41107
2026-07-28 19:15:00,1.41107,1.41107,1.41087,1.41088
2026-07-28 19:30:00,1.41089,1.41114,1.41084,1.4111
2026-07-28 19:45:00,1.41097,1.41172,1.41097,1.41169
2026-07-28 20:00:00,1.41166,1.41179,1.41148,1.41159
2026-07-28 20:15:00,1.41158,1.41162,1.41133,1.41134
2026-07-28 20:30:00,1.41136,1.41151,1.41113,1.41135
2026-07-28 20:45:00,1.41132,1.41145,1.41081,1.4109
2026-07-28 21:00:00,1.41088,1.41136,1.41085,1.41118
2026-07-28 21:15:00,1.41115,1.41137,1.41101,1.41108
2026-07-28 21:30:00,1.4111,1.4111,1.41048,1.41049
2026-07-28 21:45:00,1.41048,1.41081,1.41047,1.41053
2026-07-28 22:00:00,1.41049,1.41113,1.41026,1.41102
2026-07-28 22:15:00,1.41104,1.41149,1.41104,1.41143
2026-07-28 22:30:00,1.41137,1.41174,1.41137,1.41154
2026-07-28 22:45:00,1.41157,1.41157,1.41117,1.41134
2026-07-28 23:00:00,1.4114,1.4114,1.41024,1.41035
2026-07-28 23:15:00,1.4103,1.41076,1.41009,1.41072
2026-07-28 23:30:00,1.41066,1.41099,1.41049,1.41065
2026-07-28 23:45:00,1.41065,1.41065,1.41003,1.41009
2026-07-29 00:00:00,1.41019,1.41019,1.40971,1.41009
2026-07-29 00:15:00,1.41001,1.41087,1.41001,1.41014
2026-07-29 00:30:00,1.41016,1.41034,1.41,1.41005
2026-07-29 00:45:00,1.41009,1.41056,1.40999,1.41051
2026-07-29 01:00:00,1.41047,1.41068,1.40955,1.40958
2026-07-29 01:15:00,1.40963,1.40992,1.40896,1.40908
2026-07-29 01:30:00,1.4091,1.40933,1.40873,1.40904
2026-07-29 01:45:00,1.40905,1.40939,1.40893,1.40938
2026-07-29 02:00:00,1.40935,1.40935,1.40879,1.40882
2026-07-29 02:15:00,1.40886,1.40897,1.40865,1.40869
2026-07-29 02:30:00,1.40874,1.40924,1.40874,1.40906
2026-07-29 02:45:00,1.4091,1.40917,1.40872,1.40892
2026-07-29 03:00:00,1.4089,1.40979,1.40881,1.40978
2026-07-29 03:15:00,1.40972,1.41018,1.40955,1.41015
2026-07-29 03:30:00,1.4101,1.41058,1.4101,1.41053
2026-07-29 03:45:00,1.41047,1.41064,1.41034,1.41064
2026-07-29 04:00:00,1.41061,1.41082,1.41049,1.41078
2026-07-29 04:15:00,1.41071,1.41071,1.41016,1.41037
2026-07-29 04:30:00,1.41038,1.4104,1.41012,1.4102
2026-07-29 04:45:00,1.41022,1.41061,1.41022,1.41054
2026-07-29 05:00:00,1.41049,1.4108,1.41031,1.41078
2026-07-29 05:15:00,1.41073,1.41085,1.41057,1.41075
2026-07-29 05:30:00,1.41073,1.41079,1.4106,1.41069
2026-07-29 05:45:00,1.4107,1.41107,1.41042,1.41103
2026-07-29 06:00:00,1.41094,1.41122,1.41081,1.4109
2026-07-29 06:15:00,1.41087,1.41106,1.41084,1.41089
2026-07-29 06:30:00,1.41096,1.41109,1.41078,1.4108
2026-07-29 06:45:00,1.41082,1.41086,1.4106,1.41084
2026-07-29 07:00:00,1.41079,1.41084,1.41028,1.41061
2026-07-29 07:15:00,1.41056,1.4106,1.41029,1.41057
2026-07-29 07:30:00,1.41055,1.41061,1.41047,1.41054
2026-07-29 07:45:00,1.41054,1.41069,1.41045,1.41058
2026-07-29 08:00:00,1.41056,1.41056,1.41029,1.41048
2026-07-29 08:15:00,1.41045,1.41059,1.41027,1.41036
2026-07-29 08:30:00,1.41034,1.41064,1.41028,1.41063
2026-07-29 08:45:00,1.41062,1.41066,1.41045,1.41051
2026-07-29 09:00:00,1.41052,1.4107,1.41045,1.41066
2026-07-29 09:15:00,1.41064,1.41065,1.41052,1.41056
2026-07-29 09:30:00,1.41052,1.4107,1.41052,1.41067
2026-07-29 09:45:00,1.41067,1.41077,1.41055,1.41067
2026-07-29 10:00:00,1.41068,1.411,1.41064,1.41093
2026-07-29 10:15:00,1.41092,1.41095,1.41033,1.41046
2026-07-29 10:30:00,1.41043,1.41046,1.41014,1.41015
2026-07-29 10:45:00,1.41017,1.4104,1.41011,1.41018
2026-07-29 11:00:00,1.41019,1.41025,1.40979,1.41001
2026-07-29 11:15:00,1.40999,1.41004,1.40969,1.40999
2026-07-29 11:30:00,1.40995,1.41046,1.4096,1.41042
2026-07-29 11:45:00,1.4104,1.41048,1.4099,1.40994
2026-07-29 12:00:00,1.40994,1.41013,1.40975,1.40978
2026-07-29 12:15:00,1.40979,1.40988,1.40929,1.40956
2026-07-29 12:30:00,1.40952,1.40992,1.40947,1.40987
2026-07-29 12:45:00,1.40985,1.40999,1.40965,1.40966
2026-07-29 13:00:00,1.40968,1.40973,1.40944,1.40949
2026-07-29 13:15:00,1.40951,1.40965,1.40939,1.40952
2026-07-29 13:30:00,1.40948,1.40955,1.40912,1.40925
2026-07-29 13:45:00,1.40923,1.40939,1.40905,1.40935
2026-07-29 14:00:00,1.4093,1.40945,1.40915,1.40916
2026-07-29 14:15:00,1.40918,1.40926,1.40905,1.40924
2026-07-29 14:30:00,1.40917,1.4094,1.40886,1.40896
2026-07-29 14:45:00,1.40893,1.40925,1.4089,1.40914
2026-07-29 15:00:00,1.40914,1.40914,1.40886,1.40895
2026-07-29 15:15:00,1.40896,1.4092,1.40885,1.40918
2026-07-29 15:30:00,1.40911,1.4094,1.40904,1.40909
2026-07-29 15:45:00,1.40905,1.40919,1.40895,1.40908
2026-07-29 16:00:00,1.40906,1.40909,1.40872,1.40874
2026-07-29 16:15:00,1.40874,1.40916,1.40854,1.40913
2026-07-29 16:30:00,1.40911,1.4097,1.40903,1.40969
2026-07-29 16:45:00,1.40963,1.41002,1.40962,1.40975
2026-07-29 17:00:00,1.40977,1.40987,1.40933,1.40956
2026-07-29 17:15:00,1.40953,1.40959,1.40903,1.40915
2026-07-29 17:30:00,1.40912,1.40941,1.40901,1.40929
2026-07-29 17:45:00,1.40929,1.40956,1.40921,1.40939
2026-07-29 18:00:00,1.4094,1.40956,1.40934,1.40954
2026-07-29 18:15:00,1.40952,1.40967,1.40935,1.40944
2026-07-29 18:30:00,1.40947,1.4099,1.40943,1.40961
2026-07-29 18:45:00,1.40951,1.40982,1.40934,1.4098
2026-07-29 19:00:00,1.40973,1.41,1.40962,1.40972
2026-07-29 19:15:00,1.40974,1.40993,1.4096,1.4097
2026-07-29 19:30:00,1.4097,1.41005,1.40953,1.41004
2026-07-29 19:45:00,1.41002,1.41018,1.40971,1.41016
2026-07-29 20:00:00,1.41012,1.41063,1.41012,1.41019
2026-07-29 20:15:00,1.41022,1.41048,1.41016,1.41019
2026-07-29 20:30:00,1.41025,1.41045,1.41007,1.41027
2026-07-29 20:45:00,1.41029,1.41031,1.40997,1.40999
2026-07-29 21:00:00,1.41002,1.41002,1.40974,1.40975
2026-07-29 21:15:00,1.40978,1.40991,1.40953,1.40954
2026-07-29 21:30:00,1.40956,1.40991,1.40946,1.4099
2026-07-29 21:45:00,1.40987,1.41013,1.40974,1.4101
2026-07-29 22:00:00,1.41007,1.41056,1.40999,1.41037
2026-07-29 22:15:00,1.41045,1.4105,1.40937,1.40954
2026-07-29 22:30:00,1.40946,1.40998,1.40939,1.40998
2026-07-29 22:45:00,1.40996,1.41,1.40911,1.40942
2026-07-29 23:00:00,1.40938,1.41007,1.40928,1.40985
2026-07-29 23:15:00,1.40988,1.40988,1.4091,1.40923
2026-07-29 23:30:00,1.40917,1.4095,1.40868,1.40871
2026-07-29 23:45:00,1.40875,1.40875,1.40807,1.40822
2026-07-30 00:00:00,1.40818,1.40851,1.40808,1.40847
2026-07-30 00:15:00,1.40837,1.40871,1.40789,1.40793
2026-07-30 00:30:00,1.40794,1.40882,1.40783,1.40876
2026-07-30 00:45:00,1.40865,1.40955,1.40865,1.40902
2026-07-30 01:00:00,1.40894,1.4092,1.4086,1.409
2026-07-30 01:15:00,1.40893,1.40924,1.40871,1.40903
2026-07-30 01:30:00,1.40907,1.4093,1.40888,1.40908
2026-07-30 01:45:00,1.40911,1.40918,1.40873,1.40891
2026-07-30 02:00:00,1.40889,1.40935,1.40874,1.40933
2026-07-30 02:15:00,1.40929,1.40948,1.40912,1.40939
2026-07-30 02:30:00,1.40936,1.40994,1.40933,1.40954
2026-07-30 02:45:00,1.40957,1.40963,1.40935,1.40951
2026-07-30 03:00:00,1.40944,1.40982,1.40919,1.40939
2026-07-30 03:15:00,1.40931,1.40951,1.40919,1.40939
2026-07-30 03:30:00,1.4093,1.4095,1.40901,1.40924
2026-07-30 03:45:00,1.40926,1.40969,1.40889,1.40942
2026-07-30 04:00:00,1.40947,1.40947,1.4063,1.40654
2026-07-30 04:15:00,1.40672,1.40728,1.40614,1.40678
2026-07-30 04:30:00,1.40684,1.40767,1.40578,1.4059
2026-07-30 04:45:00,1.40595,1.406,1.4042,1.40437
2026-07-30 05:00:00,1.40435,1.40466,1.40337,1.40353
2026-07-30 05:15:00,1.40379,1.40387,1.40241,1.40385
2026-07-30 05:30:00,1.4038,1.4046,1.40367,1.40392
2026-07-30 05:45:00,1.40399,1.40571,1.40398,1.40564
2026-07-30 06:00:00,1.40552,1.40576,1.40476,1.40481
2026-07-30 06:15:00,1.40489,1.40508,1.40465,1.40504
2026-07-30 06:30:00,1.40502,1.40524,1.40438,1.40498
2026-07-30 06:45:00,1.40499,1.40502,1.4047,1.4048
2026-07-30 07:00:00,1.40477,1.40548,1.40423,1.40469
2026-07-30 07:15:00,1.40465,1.40476,1.40434,1.4046
2026-07-30 07:30:00,1.40457,1.40458,1.40409,1.40425
2026-07-30 07:45:00,1.40427,1.40447,1.40408,1.40429
2026-07-30 08:00:00,1.40432,1.40451,1.404,1.40409
2026-07-30 08:15:00,1.40404,1.40417,1.40403,1.40413
2026-07-30 08:30:00,1.40411,1.40416,1.40402,1.40414
2026-07-30 08:45:00,1.40411,1.40421,1.40402,1.40403
2026-07-30 09:00:00,1.40404,1.40413,1.40332,1.40371
2026-07-30 09:15:00,1.40368,1.40414,1.40368,1.4041
2026-07-30 09:30:00,1.40408,1.40414,1.40386,1.40387
2026-07-30 09:45:00,1.40387,1.4039,1.40342,1.40364
2026-07-30 10:00:00,1.40358,1.40375,1.40324,1.40332
2026-07-30 10:15:00,1.40341,1.40436,1.40316,1.40434
2026-07-30 10:30:00,1.40426,1.40472,1.40421,1.40463
2026-07-30 10:45:00,1.40462,1.40462,1.40432,1.40433
2026-07-30 11:00:00,1.40436,1.40441,1.40398,1.40417
2026-07-30 11:15:00,1.40416,1.40476,1.4041,1.40474
2026-07-30 11:30:00,1.40471,1.40474,1.40444,1.40464
2026-07-30 11:45:00,1.40459,1.40507,1.40459,1.40498
2026-07-30 12:00:00,1.405,1.40509,1.40478,1.40495
2026-07-30 12:15:00,1.40498,1.40509,1.40491,1.40501
2026-07-30 12:30:00,1.40497,1.40509,1.40484,1.40496
2026-07-30 12:45:00,1.40493,1.405,1.40478,1.40488
2026-07-30 13:00:00,1.4049,1.40529,1.40487,1.40524
2026-07-30 13:15:00,1.40515,1.40538,1.40515,1.40523
2026-07-30 13:30:00,1.40521,1.40527,1.40484,1.40492
2026-07-30 13:45:00,1.4049,1.40531,1.4049,1.40521
2026-07-30 14:00:00,1.40522,1.40532,1.4051,1.40521
2026-07-30 14:15:00,1.40518,1.40534,1.40511,1.40534
2026-07-30 14:30:00,1.40531,1.40553,1.40527,1.40548
2026-07-30 14:45:00,1.40545,1.40564,1.40537,1.40551
2026-07-30 15:00:00,1.40552,1.40559,1.40505,1.40505
2026-07-30 15:15:00,1.40507,1.40515,1.40487,1.40488
2026-07-30 15:30:00,1.40488,1.40529,1.40488,1.40526
2026-07-30 15:45:00,1.40523,1.40534,1.40511,1.40529
2026-07-30 16:00:00,1.40528,1.40576,1.40513,1.40571
2026-07-30 16:15:00,1.40563,1.4059,1.40546,1.40586
2026-07-30 16:30:00,1.40583,1.40597,1.40529,1.40572
2026-07-30 16:45:00,1.40565,1.40565,1.40514,1.40528
2026-07-30 17:00:00,1.40529,1.40618,1.40529,1.40613
2026-07-30 17:15:00,1.40608,1.40649,1.40565,1.40643
2026-07-30 17:30:00,1.40632,1.40669,1.40609,1.40633
2026-07-30 17:45:00,1.40629,1.40678,1.40622,1.40664
2026-07-30 18:00:00,1.40668,1.4067,1.40635,1.40638
2026-07-30 18:15:00,1.40641,1.40641,1.4058,1.40589
2026-07-30 18:30:00,1.4059,1.40624,1.40577,1.40608
2026-07-30 18:45:00,1.40605,1.40605,1.40547,1.40572
2026-07-30 19:00:00,1.40567,1.40588,1.40533,1.40534
2026-07-30 19:15:00,1.40538,1.40562,1.40518,1.40532
2026-07-30 19:30:00,1.40531,1.40537,1.40505,1.40511
2026-07-30 19:45:00,1.40508,1.40527,1.40479,1.40497
2026-07-30 20:00:00,1.40492,1.40511,1.40442,1.40447
2026-07-30 20:15:00,1.40454,1.40454,1.40375,1.40447
2026-07-30 20:30:00,1.40439,1.40451,1.40403,1.4041
2026-07-30 20:45:00,1.40424,1.40446,1.40385,1.40434
2026-07-30 21:00:00,1.40431,1.40443,1.40385,1.40435
2026-07-30 21:15:00,1.40431,1.40499,1.40431,1.40487
2026-07-30 21:30:00,1.40487,1.40503,1.40449,1.40499
2026-07-30 21:45:00,1.4049,1.40517,1.40439,1.40444
2026-07-30 22:00:00,1.40451,1.40453,1.40385,1.40389
2026-07-30 22:15:00,1.40396,1.40431,1.40376,1.4041
2026-07-30 22:30:00,1.40402,1.40491,1.40376,1.40466
2026-07-30 22:45:00,1.4046,1.40551,1.40447,1.40547
2026-07-30 23:00:00,1.40543,1.40587,1.40503,1.40505
2026-07-30 23:15:00,1.40508,1.40518,1.40435,1.40459
2026-07-30 23:30:00,1.40466,1.40478,1.40255,1.40267
2026-07-30 23:45:00,1.40287,1.40319,1.40112,1.40127
2026-07-31 00:00:00,1.40158,1.40193,1.40044,1.40148
2026-07-31 00:15:00,1.40142,1.40226,1.40075,1.40219
2026-07-31 00:30:00,1.4021,1.40257,1.4014,1.40234
2026-07-31 00:45:00,1.40236,1.40237,1.40129,1.40173
2026-07-31 01:00:00,1.40157,1.40216,1.40126,1.40215
2026-07-31 01:15:00,1.4021,1.4021,1.40155,1.40157
2026-07-31 01:30:00,1.4016,1.40177,1.40058,1.40085
2026-07-31 01:45:00,1.40086,1.40127,1.40016,1.40045
2026-07-31 02:00:00,1.40038,1.40047,1.39996,1.40044
2026-07-31 02:15:00,1.40041,1.40046,1.40002,1.40043
2026-07-31 02:30:00,1.40039,1.40044,1.40007,1.40031
2026-07-31 02:45:00,1.40028,1.4003,1.39956,1.39964
2026-07-31 03:00:00,1.39962,1.39989,1.39915,1.39986
2026-07-31 03:15:00,1.39981,1.40048,1.39981,1.40038
2026-07-31 03:30:00,1.40039,1.4008,1.39941,1.40008
2026-07-31 03:45:00,1.39998,1.39998,1.3994,1.39962
2026-07-31 04:00:00,1.39963,1.39975,1.3992,1.39925
2026-07-31 04:15:00,1.39931,1.40002,1.39911,1.39986
2026-07-31 04:30:00,1.39986,1.4001,1.39966,1.39989
2026-07-31 04:45:00,1.39992,1.39997,1.3995,1.39977
2026-07-31 05:00:00,1.39976,1.40053,1.39961,1.40026
2026-07-31 05:15:00,1.40029,1.40052,1.4,1.40022
2026-07-31 05:30:00,1.40016,1.40043,1.40016,1.40023
2026-07-31 05:45:00,1.40024,1.40048,1.4001,1.40034
2026-07-31 06:00:00,1.40033,1.40047,1.40008,1.40014
2026-07-31 06:15:00,1.40008,1.40059,1.40008,1.40057
2026-07-31 06:30:00,1.40053,1.40091,1.40053,1.4008
2026-07-31 06:45:00,1.40082,1.40111,1.40082,1.40108
2026-07-31 07:00:00,1.40103,1.40145,1.4008,1.40139
2026-07-31 07:15:00,1.40136,1.40138,1.40117,1.40124
2026-07-31 07:30:00,1.40123,1.4014,1.40122,1.40128
2026-07-31 07:45:00,1.40128,1.40144,1.4012,1.40139
2026-07-31 08:00:00,1.40132,1.40153,1.4006,1.40081
2026-07-31 08:15:00,1.40079,1.40085,1.40071,1.40082
2026-07-31 08:30:00,1.40079,1.40083,1.40039,1.40057
2026-07-31 08:45:00,1.40053,1.40064,1.40046,1.40058
2026-07-31 09:00:00,1.40059,1.40088,1.40052,1.40086
2026-07-31 09:15:00,1.40079,1.40101,1.40077,1.40097
2026-07-31 09:30:00,1.40093,1.4012,1.40083,1.40109
2026-07-31 09:45:00,1.40107,1.40124,1.40097,1.40106
2026-07-31 10:00:00,1.40113,1.40154,1.40112,1.40132
2026-07-31 10:15:00,1.4013,1.4013,1.40079,1.401
2026-07-31 10:30:00,1.40096,1.40134,1.40086,1.40131
2026-07-31 10:45:00,1.4013,1.40149,1.40117,1.40145
2026-07-31 11:00:00,1.4014,1.40156,1.4011,1.40151
2026-07-31 11:15:00,1.40148,1.40154,1.40127,1.40132
2026-07-31 11:30:00,1.40128,1.40165,1.40111,1.40156
2026-07-31 11:45:00,1.40155,1.40186,1.40149,1.40171
2026-07-31 12:00:00,1.40176,1.40187,1.40096,1.40102
2026-07-31 12:15:00,1.40102,1.40178,1.40102,1.40176
2026-07-31 12:30:00,1.40173,1.4018,1.40152,1.40173
2026-07-31 12:45:00,1.4017,1.4018,1.40152,1.40179
2026-07-31 13:00:00,1.40177,1.40224,1.40168,1.40214
2026-07-31 13:15:00,1.40215,1.40237,1.40207,1.40224
2026-07-31 13:30:00,1.40221,1.40232,1.40202,1.40229
2026-07-31 13:45:00,1.40227,1.40227,1.40186,1.4019
2026-07-31 14:00:00,1.40191,1.40195,1.40166,1.40182
2026-07-31 14:15:00,1.40182,1.4019,1.40169,1.40182
2026-07-31 14:30:00,1.40174,1.40207,1.40174,1.40203
2026-07-31 14:45:00,1.40201,1.40209,1.40194,1.40196
2026-07-31 15:00:00,1.40196,1.40208,1.40171,1.40184
2026-07-31 15:15:00,1.40181,1.40199,1.40171,1.40196
2026-07-31 15:30:00,1.40192,1.40208,1.40175,1.40186
2026-07-31 15:45:00,1.40181,1.40232,1.40181,1.40209
2026-07-31 16:00:00,1.40212,1.40212,1.40156,1.40172
2026-07-31 16:15:00,1.4017,1.40172,1.40115,1.40126
2026-07-31 16:30:00,1.40124,1.40166,1.40122,1.40157
2026-07-31 16:45:00,1.40154,1.40154,1.40113,1.40147
2026-07-31 17:00:00,1.40146,1.40185,1.40134,1.4016
2026-07-31 17:15:00,1.4016,1.4018,1.4014,1.40159
2026-07-31 17:30:00,1.40162,1.40204,1.40147,1.4015
2026-07-31 17:45:00,1.40152,1.40222,1.40124,1.40219
2026-07-31 18:00:00,1.40216,1.40221,1.40168,1.40219
2026-07-31 18:15:00,1.40215,1.40225,1.40188,1.40189
2026-07-31 18:30:00,1.40191,1.40226,1.40169,1.40172
2026-07-31 18:45:00,1.40174,1.4019,1.40079,1.40083
2026-07-31 19:00:00,1.40089,1.40108,1.40036,1.40092
2026-07-31 19:15:00,1.40094,1.4016,1.4008,1.40155
2026-07-31 19:30:00,1.40148,1.40166,1.40135,1.40166
2026-07-31 19:45:00,1.40163,1.40173,1.40133,1.40149
2026-07-31 20:00:00,1.40146,1.40183,1.40146,1.40169
2026-07-31 20:15:00,1.4017,1.40209,1.40165,1.40205
2026-07-31 20:30:00,1.40202,1.40224,1.40174,1.4022
2026-07-31 20:45:00,1.40218,1.40236,1.40215,1.40224
2026-07-31 21:00:00,1.40221,1.40232,1.40207,1.40228
2026-07-31 21:15:00,1.40223,1.40271,1.40223,1.40262
2026-07-31 21:30:00,1.4026,1.40302,1.40249,1.40293
2026-07-31 21:45:00,1.40295,1.40352,1.40286,1.40349
2026-07-31 22:00:00,1.40336,1.40432,1.40336,1.40431
2026-07-31 22:15:00,1.40428,1.40464,1.40395,1.40458
2026-07-31 22:30:00,1.4045,1.40502,1.4045,1.40471
2026-07-31 22:45:00,1.40479,1.40479,1.40368,1.40388
2026-07-31 23:00:00,1.40382,1.40382,1.40324,1.40369
2026-07-31 23:15:00,1.40362,1.40419,1.40184,1.40196
2026-07-31 23:30:00,1.40197,1.40322,1.40154,1.40321
2026-07-31 23:45:00,1.40317,1.40377,1.4029,1.40375
2026-08-01 00:00:00,1.40365,1.40597,1.40359,1.40542
2026-08-01 00:15:00,1.4054,1.40582,1.40452,1.40537
2026-08-01 00:30:00,1.40539,1.40548,1.40392,1.40421
2026-08-01 00:45:00,1.40415,1.40415,1.40271,1.40295
2026-08-01 01:00:00,1.40288,1.40348,1.40228,1.40246
2026-08-01 01:15:00,1.4026,1.4031,1.40223,1.40298
2026-08-01 01:30:00,1.40293,1.40308,1.40238,1.40266
2026-08-01 01:45:00,1.40259,1.4033,1.40259,1.4032
2026-08-01 02:00:00,1.40317,1.40321,1.40251,1.40255
2026-08-01 02:15:00,1.4026,1.40281,1.40238,1.40266
2026-08-01 02:30:00,1.40267,1.40302,1.40267,1.40288
2026-08-01 02:45:00,1.40282,1.40314,1.40278,1.40313
2026-08-01 03:00:00,1.40312,1.40312,1.40252,1.40265
2026-08-01 03:15:00,1.40261,1.40276,1.40188,1.40189
2026-08-01 03:30:00,1.40192,1.40192,1.40124,1.40125
2026-08-01 03:45:00,1.40128,1.40191,1.40098,1.40183
2026-08-01 04:00:00,1.40175,1.40226,1.40175,1.40223
2026-08-01 04:15:00,1.40219,1.40243,1.40205,1.40226
2026-08-01 04:30:00,1.40221,1.40243,1.40209,1.40216
2026-08-01 04:45:00,1.40216,1.40236,1.40179,1.40181
2026-08-01 05:00:00,1.40183,1.40192,1.40143,1.40151
2026-08-01 05:15:00,1.40148,1.40156,1.40137,1.40145
2026-08-01 05:30:00,1.40144,1.40167,1.40124,1.40131
2026-08-01 05:45:00,1.40128,1.40189,1.40102,1.40179
2026-08-01 06:00:00,1.4018,1.40213,1.4017,1.40198
2026-08-01 06:15:00,1.40196,1.40196,1.40133,1.40181
2026-08-01 06:30:00,1.40174,1.40202,1.40155,1.4018
2026-08-01 06:45:00,1.40174,1.40184,1.40098,1.40138
2026-08-01 07:00:00,1.40143,1.4028,1.40143,1.40203
2026-08-01 07:15:00,1.40199,1.40211,1.40191,1.40206
2026-08-01 07:30:00,1.40203,1.40213,1.40168,1.40187
2026-08-01 07:45:00,1.40188,1.402,1.40181,1.40194
2026-08-01 08:00:00,1.40191,1.40223,1.40182,1.40194
2026-08-01 08:15:00,1.40191,1.40199,1.40184,1.40197
2026-08-01 08:30:00,1.40193,1.40198,1.4018,1.40185
2026-08-01 08:45:00,1.40186,1.40196,1.40182,1.40191
2026-08-01 09:00:00,1.40189,1.40227,1.40169,1.40188
2026-08-01 09:15:00,1.40188,1.40197,1.40182,1.40194
2026-08-01 09:30:00,1.4019,1.40196,1.40182,1.40192
2026-08-01 09:45:00,1.40191,1.40196,1.40179,1.4019
2026-08-01 10:00:00,1.40188,1.40219,1.40169,1.4021
2026-08-01 10:15:00,1.40207,1.40213,1.40203,1.40208
2026-08-01 10:30:00,1.40205,1.40215,1.40203,1.4021
2026-08-01 10:45:00,1.40208,1.40213,1.40203,1.40207
2026-08-01 11:00:00,1.40208,1.40222,1.402,1.40208
2026-08-01 11:15:00,1.40207,1.40214,1.40202,1.40212
2026-08-01 11:30:00,1.40209,1.40228,1.40194,1.40208
2026-08-01 11:45:00,1.40206,1.40214,1.40203,1.40207
2026-08-01 12:00:00,1.40208,1.40228,1.40187,1.40204
2026-08-01 12:15:00,1.40202,1.40213,1.40196,1.40212
2026-08-01 12:30:00,1.40209,1.40212,1.40183,1.40208
2026-08-01 12:45:00,1.40206,1.40214,1.40203,1.40206
2026-08-01 13:00:00,1.40207,1.40224,1.40198,1.40207
2026-08-01 13:15:00,1.40207,1.40228,1.40193,1.40211
2026-08-01 13:30:00,1.40209,1.40215,1.40204,1.4021
2026-08-01 13:45:00,1.40208,1.40214,1.40205,1.4021
2026-08-01 14:00:00,1.40208,1.40215,1.40204,1.40213
2026-08-01 14:15:00,1.40208,1.40215,1.40203,1.4021
2026-08-01 14:30:00,1.40208,1.40215,1.40204,1.40209
2026-08-01 14:45:00,1.40207,1.40214,1.40204,1.4021
2026-08-01 15:00:00,1.40209,1.40227,1.40196,1.40214
2026-08-01 15:15:00,1.4021,1.40217,1.40207,1.40214
2026-08-01 15:30:00,1.40211,1.40217,1.40208,1.40214
2026-08-01 15:45:00,1.40211,1.40217,1.40206,1.40211
2026-08-01 16:00:00,1.4021,1.40214,1.40203,1.40205
2026-08-01 16:15:00,1.40206,1.40216,1.40203,1.40209
2026-08-01 16:30:00,1.40206,1.40224,1.40198,1.40208
2026-08-01 16:45:00,1.40204,1.40214,1.40204,1.40208
2026-08-01 17:00:00,1.40206,1.40215,1.40205,1.40209
2026-08-01 17:15:00,1.4021,1.40215,1.40205,1.40207
2026-08-01 17:30:00,1.40207,1.40214,1.40206,1.40212
2026-08-01 17:45:00,1.40209,1.40217,1.40205,1.40208
2026-08-01 18:00:00,1.40206,1.40216,1.40206,1.40209
2026-08-01 18:15:00,1.4021,1.40229,1.40196,1.40213
2026-08-01 18:30:00,1.4021,1.40217,1.40209,1.40213
2026-08-01 18:45:00,1.4021,1.40216,1.40205,1.40212
2026-08-01 19:00:00,1.4021,1.40216,1.40207,1.40207
2026-08-01 19:15:00,1.40208,1.40217,1.40207,1.4021
2026-08-01 19:30:00,1.4021,1.40216,1.40205,1.40212
2026-08-01 19:45:00,1.4021,1.40216,1.40208,1.40213
2026-08-01 20:00:00,1.4021,1.40231,1.40194,1.40214
2026-08-01 20:15:00,1.40212,1.40218,1.40207,1.40209
2026-08-01 20:30:00,1.4021,1.40217,1.40208,1.40214
2026-08-01 20:45:00,1.40212,1.40218,1.40208,1.40215
2026-08-01 21:00:00,1.40211,1.40218,1.40209,1.40212
2026-08-01 21:15:00,1.40212,1.40217,1.40208,1.4021
2026-08-01 21:30:00,1.40211,1.40234,1.40194,1.40209
2026-08-01 21:45:00,1.40206,1.40217,1.40206,1.40214
2026-08-01 22:00:00,1.40211,1.40218,1.40206,1.4021
2026-08-01 22:15:00,1.4021,1.40216,1.40208,1.40209
2026-08-01 22:30:00,1.4021,1.40218,1.40206,1.40211
2026-08-01 22:45:00,1.4021,1.40216,1.40206,1.40211
2026-08-01 23:00:00,1.40207,1.40216,1.40207,1.40211
2026-08-01 23:15:00,1.4021,1.40237,1.40189,1.40208
2026-08-01 23:30:00,1.40209,1.40216,1.40207,1.4021
2026-08-01 23:45:00,1.4021,1.40214,1.40206,1.40212
2026-08-02 00:00:00,1.40209,1.40216,1.40202,1.40204
2026-08-02 00:15:00,1.40202,1.40215,1.40202,1.40205
2026-08-02 00:30:00,1.40206,1.40211,1.40199,1.40205
2026-08-02 00:45:00,1.40205,1.40211,1.40202,1.40207
2026-08-02 01:00:00,1.40204,1.40247,1.40186,1.40206
2026-08-02 01:15:00,1.40203,1.4021,1.40201,1.40201
2026-08-02 01:30:00,1.40202,1.40208,1.402,1.40201
2026-08-02 01:45:00,1.40202,1.40207,1.40199,1.40205
2026-08-02 02:00:00,1.40202,1.40227,1.40191,1.40214
2026-08-02 02:15:00,1.40211,1.40217,1.40206,1.40208
2026-08-02 02:30:00,1.40208,1.40237,1.40196,1.40198
2026-08-02 02:45:00,1.40203,1.40212,1.40203,1.40209
2026-08-02 03:00:00,1.40206,1.4023,1.40205,1.40214
2026-08-02 03:15:00,1.40211,1.40218,1.40209,1.40213
2026-08-02 03:30:00,1.40212,1.40217,1.40206,1.40207
2026-08-02 03:45:00,1.40208,1.40214,1.40206,1.40209
2026-08-02 04:00:00,1.40208,1.40229,1.40203,1.40225
2026-08-02 04:15:00,1.40221,1.40246,1.40204,1.40212
2026-08-02 04:30:00,1.40211,1.40217,1.40209,1.4021
2026-08-02 04:45:00,1.40211,1.40217,1.40206,1.40212
2026-08-02 05:00:00,1.40209,1.4022,1.40204,1.40211
2026-08-02 05:15:00,1.40208,1.40216,1.40202,1.40211
2026-08-02 05:30:00,1.4021,1.40216,1.40205,1.40207
2026-08-02 05:45:00,1.40208,1.40215,1.40193,1.40202
2026-08-02 06:00:00,1.40202,1.40241,1.40202,1.40215
2026-08-02 06:15:00,1.40212,1.40218,1.40208,1.40215
2026-08-02 06:30:00,1.40212,1.40215,1.40207,1.40208
2026-08-02 06:45:00,1.40209,1.40215,1.40204,1.40206
2026-08-02 07:00:00,1.40206,1.4023,1.40205,1.40225
2026-08-02 07:15:00,1.40222,1.40228,1.40214,1.40219
2026-08-02 07:30:00,1.40217,1.40239,1.40205,1.4021
2026-08-02 07:45:00,1.40218,1.40218,1.40193,1.40209
2026-08-02 08:00:00,1.40205,1.40229,1.40203,1.40209
2026-08-02 08:15:00,1.40207,1.40213,1.40205,1.4021
2026-08-02 08:30:00,1.40207,1.40213,1.40201,1.40203
2026-08-02 08:45:00,1.40203,1.40209,1.40201,1.40202
2026-08-02 09:00:00,1.40203,1.40226,1.40187,1.4022
2026-08-02 09:15:00,1.40218,1.40244,1.40202,1.40216
2026-08-02 09:30:00,1.40213,1.4022,1.40211,1.40215
2026-08-02 09:45:00,1.40213,1.40219,1.40208,1.40209
2026-08-02 10:00:00,1.4021,1.40216,1.40205,1.40209
2026-08-02 10:15:00,1.40207,1.4021,1.40202,1.40207
2026-08-02 10:30:00,1.40204,1.40211,1.402,1.40204
2026-08-02 10:45:00,1.40202,1.40209,1.402,1.40201
2026-08-02 11:00:00,1.40202,1.40233,1.40197,1.40208
2026-08-02 11:15:00,1.40205,1.40212,1.40202,1.40206
2026-08-02 11:30:00,1.40203,1.40208,1.40199,1.40203
2026-08-02 11:45:00,1.40202,1.40208,1.40199,1.40199
2026-08-02 12:00:00,1.402,1.40207,1.40198,1.402
2026-08-02 12:15:00,1.402,1.40205,1.40197,1.40202
2026-08-02 12:30:00,1.40199,1.40234,1.40197,1.40229
2026-08-02 12:45:00,1.40227,1.40227,1.40198,1.40207
2026-08-02 13:00:00,1.40208,1.40214,1.40203,1.40205
2026-08-02 13:15:00,1.40205,1.40211,1.40203,1.40208
2026-08-02 13:30:00,1.40205,1.40211,1.40201,1.40206
2026-08-02 13:45:00,1.40203,1.40209,1.40201,1.40203
2026-08-02 14:00:00,1.40203,1.40208,1.40197,1.40198
2026-08-02 14:15:00,1.40199,1.40232,1.40181,1.40206
2026-08-02 14:30:00,1.40204,1.4021,1.40201,1.40206
2026-08-02 14:45:00,1.40204,1.40209,1.40199,1.40202
2026-08-02 15:00:00,1.402,1.40207,1.40198,1.40199
2026-08-02 15:15:00,1.402,1.40206,1.40197,1.40202
2026-08-02 15:30:00,1.40199,1.40206,1.40195,1.402
2026-08-02 15:45:00,1.40197,1.40203,1.40195,1.40198
2026-08-02 16:00:00,1.40197,1.4023,1.40163,1.40175
2026-08-02 16:15:00,1.40176,1.4021,1.40159,1.40206
2026-08-02 16:30:00,1.40204,1.40208,1.402,1.40205
2026-08-02 16:45:00,1.40202,1.40208,1.40199,1.40202
2026-08-02 17:00:00,1.40201,1.40207,1.40199,1.402
2026-08-02 17:15:00,1.40201,1.40207,1.40197,1.40203
2026-08-02 17:30:00,1.40199,1.40231,1.40198,1.40224
2026-08-02 17:45:00,1.40221,1.40257,1.40173,1.40189
2026-08-02 18:00:00,1.40188,1.40194,1.40185,1.40188
2026-08-02 18:15:00,1.40189,1.40195,1.40187,1.40189
2026-08-02 18:30:00,1.40189,1.40196,1.40188,1.40193
2026-08-02 18:45:00,1.4019,1.40197,1.40188,1.40193
2026-08-02 19:00:00,1.4019,1.40197,1.40189,1.40191
2026-08-02 19:15:00,1.40191,1.40244,1.40172,1.40183
2026-08-02 19:30:00,1.40183,1.4019,1.40181,1.40186
2026-08-02 19:45:00,1.40183,1.40192,1.40181,1.40188
2026-08-02 20:00:00,1.40186,1.40192,1.40184,1.40186
2026-08-02 20:15:00,1.40186,1.40192,1.40184,1.40185
2026-08-02 20:30:00,1.40186,1.40193,1.40184,1.40189
2026-08-02 20:45:00,1.40187,1.40194,1.40185,1.40191
2026-08-02 21:00:00,1.40187,1.40194,1.40186,1.40189
2026-08-02 21:15:00,1.40187,1.40194,1.40185,1.40186
2026-08-02 21:30:00,1.40187,1.40201,1.40185,1.40198
2026-08-02 21:45:00,1.40196,1.40202,1.40194,1.40199
2026-08-02 22:00:00,1.40196,1.40202,1.40194,1.40197
2026-08-02 22:15:00,1.40196,1.40202,1.40194,1.40195
2026-08-02 22:30:00,1.40196,1.40202,1.40194,1.40199
2026-08-02 22:45:00,1.40196,1.40202,1.40194,1.40199
2026-08-02 23:00:00,1.40196,1.40202,1.40194,1.40197
2026-08-02 23:15:00,1.40196,1.40213,1.40189,1.40206
2026-08-02 23:30:00,1.40207,1.40213,1.40205,1.40207
2026-08-02 23:45:00,1.40207,1.40213,1.40205,1.4021
2026-08-03 00:00:00,1.40207,1.40236,1.40197,1.40219
2026-08-03 00:15:00,1.40217,1.40223,1.40213,1.40214
2026-08-03 00:30:00,1.40214,1.40221,1.40212,1.40214
2026-08-03 00:45:00,1.40214,1.40219,1.40201,1.40208
2026-08-03 01:00:00,1.40205,1.40232,1.40186,1.402
2026-08-03 01:15:00,1.40197,1.40203,1.40195,1.40197
2026-08-03 01:30:00,1.40197,1.40204,1.40195,1.40197
2026-08-03 01:45:00,1.40197,1.40204,1.40195,1.40199
2026-08-03 02:00:00,1.40197,1.40225,1.40194,1.40211
2026-08-03 02:15:00,1.40208,1.40214,1.40206,1.40208
2026-08-03 02:30:00,1.40208,1.4024,1.40193,1.40204
2026-08-03 02:45:00,1.40205,1.40211,1.402,1.40203
2026-08-03 03:00:00,1.40201,1.4022,1.40199,1.40212
2026-08-03 03:15:00,1.40209,1.40215,1.40204,1.4021
2026-08-03 03:30:00,1.40208,1.40214,1.40206,1.40207
2026-08-03 03:45:00,1.40208,1.40217,1.40206,1.40213
2026-08-03 04:00:00,1.4021,1.40229,1.40207,1.40217
2026-08-03 04:15:00,1.40214,1.4023,1.40189,1.40206
2026-08-03 04:30:00,1.40206,1.40216,1.40201,1.40211
2026-08-03 04:45:00,1.40207,1.40214,1.40201,1.40207
2026-08-03 05:00:00,1.40207,1.4025,1.40121,1.40128
2026-08-03 05:15:00,1.40133,1.40234,1.40094,1.40159
2026-08-03 05:30:00,1.40157,1.40267,1.40097,1.40151
2026-08-03 05:45:00,1.40147,1.40243,1.40056,1.40167
2026-08-03 06:00:00,1.40163,1.40163,1.40096,1.40148
2026-08-03 06:15:00,1.40138,1.40184,1.40064,1.40137
2026-08-03 06:30:00,1.40135,1.40207,1.40069,1.40162
2026-08-03 06:45:00,1.40158,1.40211,1.40091,1.4017
2026-08-03 07:00:00,1.40153,1.4017,1.40093,1.40151
2026-08-03 07:15:00,1.40148,1.40153,1.40072,1.40079
2026-08-03 07:30:00,1.4009,1.40125,1.40055,1.40104
2026-08-03 07:45:00,1.40102,1.40126,1.40066,1.40094
2026-08-03 08:00:00,1.40096,1.40147,1.40067,1.4007
2026-08-03 08:15:00,1.40073,1.40138,1.40064,1.40119
2026-08-03 08:30:00,1.40122,1.40135,1.40109,1.4013
2026-08-03 08:45:00,1.40128,1.40128,1.4008,1.40104
2026-08-03 09:00:00,1.40107,1.40151,1.40107,1.40137
2026-08-03 09:15:00,1.40139,1.40155,1.40132,1.40147
2026-08-03 09:30:00,1.40143,1.40157,1.40125,1.40147
2026-08-03 09:45:00,1.40146,1.40157,1.40134,1.40145
2026-08-03 10:00:00,1.40143,1.40173,1.40125,1.40158
2026-08-03 10:15:00,1.40155,1.40169,1.40107,1.40115
2026-08-03 10:30:00,1.40132,1.40132,1.40064,1.40084
2026-08-03 10:45:00,1.4008,1.40212,1.40051,1.40202
2026-08-03 11:00:00,1.40189,1.40256,1.40189,1.40233
2026-08-03 11:15:00,1.4023,1.4027,1.40204,1.40268
2026-08-03 11:30:00,1.40259,1.40299,1.40259,1.4028
2026-08-03 11:45:00,1.40277,1.40325,1.40277,1.40324
2026-08-03 12:00:00,1.40322,1.40344,1.4031,1.40343
2026-08-03 12:15:00,1.40341,1.40351,1.40314,1.40337
2026-08-03 12:30:00,1.40334,1.40338,1.40297,1.40323
2026-08-03 12:45:00,1.40319,1.40331,1.40309,1.40323
2026-08-03 13:00:00,1.40324,1.40344,1.40319,1.40343
2026-08-03 13:15:00,1.40341,1.40349,1.40325,1.40337
2026-08-03 13:30:00,1.40334,1.40353,1.40333,1.40349
2026-08-03 13:45:00,1.40346,1.40355,1.40333,1.40347
2026-08-03 14:00:00,1.40348,1.40351,1.40322,1.40334
2026-08-03 14:15:00,1.40335,1.40347,1.40324,1.40335
2026-08-03 14:30:00,1.40335,1.40341,1.40326,1.40336
2026-08-03 14:45:00,1.40333,1.40342,1.40322,1.40334
2026-08-03 15:00:00,1.40335,1.40358,1.4032,1.40345
2026-08-03 15:15:00,1.40346,1.40355,1.40333,1.40339
2026-08-03 15:30:00,1.40338,1.4034,1.40314,1.40317
2026-08-03 15:45:00,1.4032,1.4032,1.40284,1.40284
2026-08-03 16:00:00,1.40284,1.40314,1.40273,1.4031
2026-08-03 16:15:00,1.40304,1.40336,1.403,1.40322
2026-08-03 16:30:00,1.40324,1.40379,1.40311,1.40377
2026-08-03 16:45:00,1.40367,1.40405,1.40367,1.40394
2026-08-03 17:00:00,1.40397,1.40439,1.40364,1.40386
2026-08-03 17:15:00,1.40392,1.40432,1.40374,1.40409
2026-08-03 17:30:00,1.40406,1.40416,1.40364,1.40412
2026-08-03 17:45:00,1.4041,1.40451,1.40395,1.40426
2026-08-03 18:00:00,1.40429,1.40437,1.40381,1.40387
2026-08-03 18:15:00,1.40387,1.40434,1.4037,1.40422
2026-08-03 18:30:00,1.40423,1.40436,1.40386,1.404
2026-08-03 18:45:00,1.40403,1.4043,1.40394,1.40425
2026-08-03 19:00:00,1.40422,1.40433,1.40408,1.40409
2026-08-03 19:15:00,1.40409,1.40432,1.404,1.40417
2026-08-03 19:30:00,1.40417,1.40432,1.4038,1.40382
2026-08-03 19:45:00,1.40385,1.40409,1.40366,1.40405
2026-08-03 20:00:00,1.40391,1.40437,1.40391,1.40398
2026-08-03 20:15:00,1.404,1.40433,1.40388,1.40411
2026-08-03 20:30:00,1.40408,1.40445,1.40401,1.40444
2026-08-03 20:45:00,1.40439,1.40459,1.40427,1.40433
2026-08-03 21:00:00,1.40427,1.40447,1.404,1.40403
2026-08-03 21:15:00,1.40403,1.40451,1.40403,1.40423
2026-08-03 21:30:00,1.40428,1.40435,1.40341,1.40345
2026-08-03 21:45:00,1.4035,1.40359,1.40296,1.40299
2026-08-03 22:00:00,1.40301,1.40311,1.4027,1.4031
2026-08-03 22:15:00,1.40306,1.40351,1.40297,1.4034
2026-08-03 22:30:00,1.40342,1.40402,1.40322,1.40397
2026-08-03 22:45:00,1.40388,1.40419,1.40379,1.40398
2026-08-03 23:00:00,1.40403,1.40403,1.40339,1.40372
2026-08-03 23:15:00,1.40366,1.40438,1.40366,1.40395
2026-08-03 23:30:00,1.404,1.40474,1.40357,1.40444
2026-08-03 23:45:00,1.40441,1.40495,1.40435,1.40442
2026-08-04 00:00:00,1.40454,1.40454,1.40374,1.40421
2026-08-04 00:15:00,1.40419,1.40433,1.40376,1.40387
2026-08-04 00:30:00,1.4039,1.40407,1.40353,1.40404
2026-08-04 00:45:00,1.40399,1.40405,1.40346,1.40351
2026-08-04 01:00:00,1.40357,1.40454,1.40349,1.40452
2026-08-04 01:15:00,1.40447,1.4046,1.40406,1.40452
2026-08-04 01:30:00,1.40447,1.40473,1.40434,1.40453
2026-08-04 01:45:00,1.40453,1.40458,1.40389,1.4039
2026-08-04 02:00:00,1.4039,1.40429,1.40379,1.40392
2026-08-04 02:15:00,1.40389,1.40433,1.40389,1.40429
2026-08-04 02:30:00,1.40422,1.40457,1.40412,1.40413
2026-08-04 02:45:00,1.40414,1.40458,1.4041,1.40424
2026-08-04 03:00:00,1.40425,1.40476,1.40423,1.40469
2026-08-04 03:15:00,1.40468,1.40497,1.40468,1.40495
2026-08-04 03:30:00,1.40493,1.405,1.40467,1.40486
2026-08-04 03:45:00,1.4048,1.40515,1.4047,1.40512
2026-08-04 04:00:00,1.40505,1.40537,1.40483,1.40495
2026-08-04 04:15:00,1.40492,1.40505,1.40455,1.40464
2026-08-04 04:30:00,1.40462,1.40474,1.40446,1.40448
2026-08-04 04:45:00,1.40451,1.40452,1.40429,1.4045
2026-08-04 05:00:00,1.40445,1.40451,1.40421,1.40439
2026-08-04 05:15:00,1.40435,1.40445,1.40427,1.40432
2026-08-04 05:30:00,1.40429,1.40448,1.40428,1.40433
2026-08-04 05:45:00,1.40435,1.40465,1.40426,1.40462
2026-08-04 06:00:00,1.40457,1.40465,1.40432,1.40462
2026-08-04 06:15:00,1.40458,1.4048,1.40456,1.40478
2026-08-04 06:30:00,1.40473,1.40484,1.40451,1.40455
2026-08-04 06:45:00,1.40456,1.40473,1.40448,1.40456
2026-08-04 07:00:00,1.40462,1.40488,1.40448,1.4045
2026-08-04 07:15:00,1.4045,1.40466,1.4045,1.40462
2026-08-04 07:30:00,1.40459,1.40473,1.4044,1.40458
2026-08-04 07:45:00,1.40455,1.40471,1.4045,1.40469
2026-08-04 08:00:00,1.40465,1.40478,1.40446,1.40475
2026-08-04 08:15:00,1.40471,1.40487,1.40457,1.40471
2026-08-04 08:30:00,1.40468,1.40475,1.40455,1.40456
2026-08-04 08:45:00,1.40456,1.40463,1.4045,1.40453
2026-08-04 09:00:00,1.40454,1.4046,1.40437,1.4044
2026-08-04 09:15:00,1.40439,1.40453,1.40433,1.40451
2026-08-04 09:30:00,1.40447,1.4048,1.40447,1.40473
2026-08-04 09:45:00,1.40474,1.40478,1.4046,1.40466
2026-08-04 10:00:00,1.40467,1.4047,1.40431,1.40452
2026-08-04 10:15:00,1.40445,1.40455,1.40412,1.40425
2026-08-04 10:30:00,1.40421,1.4043,1.40395,1.40404
2026-08-04 10:45:00,1.40402,1.40443,1.40402,1.4044
2026-08-04 11:00:00,1.40438,1.40479,1.40419,1.40461
2026-08-04 11:15:00,1.40462,1.4048,1.40444,1.40458
2026-08-04 11:30:00,1.40455,1.40467,1.4043,1.40438
2026-08-04 11:45:00,1.40435,1.40453,1.40429,1.40451
2026-08-04 12:00:00,1.40447,1.40477,1.40432,1.40433
2026-08-04 12:15:00,1.40435,1.40479,1.40434,1.40479
2026-08-04 12:30:00,1.40476,1.40476,1.40447,1.4045
2026-08-04 12:45:00,1.40453,1.40475,1.40441,1.40473
2026-08-04 13:00:00,1.40468,1.40474,1.40446,1.40459
2026-08-04 13:15:00,1.40452,1.40459,1.40419,1.40423
2026-08-04 13:30:00,1.40421,1.40454,1.40409,1.4045
2026-08-04 13:45:00,1.40447,1.4045,1.4043,1.40443
2026-08-04 14:00:00,1.40442,1.40453,1.40434,1.4044
2026-08-04 14:15:00,1.40444,1.4046,1.40433,1.40459
2026-08-04 14:30:00,1.40455,1.40464,1.4044,1.40448
2026-08-04 14:45:00,1.40445,1.40457,1.40441,1.40446
2026-08-04 15:00:00,1.40444,1.40475,1.40442,1.40471
2026-08-04 15:15:00,1.40466,1.40483,1.40465,1.40467
2026-08-04 15:30:00,1.40468,1.40534,1.40455,1.40522
2026-08-04 15:45:00,1.40526,1.40534,1.4051,1.40517
2026-08-04 16:00:00,1.40515,1.40645,1.40513,1.40644
2026-08-04 16:15:00,1.40641,1.40655,1.40573,1.4059
2026-08-04 16:30:00,1.40593,1.4061,1.40568,1.40608
2026-08-04 16:45:00,1.40604,1.40634,1.40587,1.40618
2026-08-04 17:00:00,1.40618,1.40625,1.4057,1.40571
2026-08-04 17:15:00,1.40572,1.40579,1.40509,1.40533
2026-08-04 17:30:00,1.40533,1.40555,1.40513,1.40531
2026-08-04 17:45:00,1.40519,1.40552,1.40493,1.40507
2026-08-04 18:00:00,1.40503,1.40511,1.40457,1.40467
2026-08-04 18:15:00,1.40469,1.40475,1.4044,1.40441
2026-08-04 18:30:00,1.40443,1.40443,1.40403,1.40409
2026-08-04 18:45:00,1.40405,1.40426,1.40397,1.40407
2026-08-04 19:00:00,1.40404,1.4041,1.40383,1.4039
2026-08-04 19:15:00,1.40391,1.40396,1.40356,1.40357
2026-08-04 19:30:00,1.40358,1.40395,1.40349,1.40393
2026-08-04 19:45:00,1.40391,1.40403,1.40378,1.40383
2026-08-04 20:00:00,1.4038,1.404,1.40361,1.40382
2026-08-04 20:15:00,1.40382,1.40405,1.40373,1.40378
2026-08-04 20:30:00,1.40379,1.40414,1.40373,1.40389
2026-08-04 20:45:00,1.40397,1.40412,1.40363,1.40401
2026-08-04 21:00:00,1.40399,1.40473,1.40399,1.40469
2026-08-04 21:15:00,1.40469,1.40478,1.40455,1.40457
2026-08-04 21:30:00,1.40462,1.40485,1.40437,1.40482
2026-08-04 21:45:00,1.40475,1.40584,1.40475,1.40559
2026-08-04 22:00:00,1.4056,1.40641,1.40548,1.40639
2026-08-04 22:15:00,1.40637,1.40637,1.40588,1.40594
2026-08-04 22:30:00,1.40596,1.40605,1.40519,1.40545
2026-08-04 22:45:00,1.40547,1.4063,1.40547,1.40629
2026-08-04 23:00:00,1.40625,1.40683,1.40623,1.40677
2026-08-04 23:15:00,1.40673,1.40721,1.40672,1.40693
2026-08-04 23:30:00,1.40687,1.40731,1.40624,1.40652
2026-08-04 23:45:00,1.40648,1.40671,1.40631,1.40653
2026-08-05 00:00:00,1.40657,1.40663,1.40556,1.40558
2026-08-05 00:15:00,1.4056,1.406,1.40551,1.40567
2026-08-05 00:30:00,1.40568,1.40634,1.40535,1.40628
2026-08-05 00:45:00,1.40619,1.40662,1.40525,1.40566
2026-08-05 01:00:00,1.40571,1.40652,1.40569,1.4065
2026-08-05 01:15:00,1.4064,1.40726,1.40629,1.40675
2026-08-05 01:30:00,1.40674,1.4075,1.40642,1.40743
2026-08-05 01:45:00,1.40743,1.40765,1.40716,1.40732
2026-08-05 02:00:00,1.40731,1.40761,1.40695,1.40698
2026-08-05 02:15:00,1.40699,1.40772,1.40697,1.40767
2026-08-05 02:30:00,1.4076,1.40801,1.4076,1.4079
2026-08-05 02:45:00,1.40788,1.40791,1.40753,1.40754
2026-08-05 03:00:00,1.40756,1.40765,1.40721,1.40751
2026-08-05 03:15:00,1.40747,1.40768,1.40736,1.40747
2026-08-05 03:30:00,1.40743,1.4076,1.40723,1.40723
2026-08-05 03:45:00,1.40725,1.40732,1.40709,1.40726
2026-08-05 04:00:00,1.40715,1.40763,1.40711,1.40753
2026-08-05 04:15:00,1.4075,1.40774,1.40748,1.40764
2026-08-05 04:30:00,1.40765,1.40785,1.40717,1.40718
2026-08-05 04:45:00,1.40721,1.40721,1.40653,1.40667
2026-08-05 05:00:00,1.40662,1.40666,1.40627,1.40652
2026-08-05 05:15:00,1.40647,1.40678,1.40646,1.4065
2026-08-05 05:30:00,1.40654,1.40668,1.40639,1.40653
2026-08-05 05:45:00,1.40656,1.40674,1.40635,1.40658
2026-08-05 06:00:00,1.4066,1.40684,1.40648,1.40663
2026-08-05 06:15:00,1.4066,1.4066,1.40616,1.40632
2026-08-05 06:30:00,1.40627,1.40672,1.40627,1.40662
2026-08-05 06:45:00,1.40664,1.40673,1.40614,1.40615
2026-08-05 07:00:00,1.40616,1.40659,1.40614,1.40653
2026-08-05 07:15:00,1.40637,1.40678,1.40637,1.40675
2026-08-05 07:30:00,1.40672,1.40692,1.40668,1.40688
2026-08-05 07:45:00,1.40687,1.40693,1.40664,1.4067
2026-08-05 08:00:00,1.40671,1.40697,1.40636,1.40648
2026-08-05 08:15:00,1.40646,1.40653,1.40641,1.4065
2026-08-05 08:30:00,1.40647,1.40652,1.40634,1.40638
2026-08-05 08:45:00,1.40638,1.40657,1.40637,1.40637
2026-08-05 09:00:00,1.40639,1.40654,1.40633,1.40651
2026-08-05 09:15:00,1.4065,1.4067,1.40646,1.40668
2026-08-05 09:30:00,1.40659,1.40696,1.40659,1.40678
2026-08-05 09:45:00,1.40676,1.4068,1.40652,1.40656
2026-08-05 10:00:00,1.40657,1.40686,1.40637,1.40662
2026-08-05 10:15:00,1.40662,1.40665,1.40639,1.40649
2026-08-05 10:30:00,1.40647,1.40658,1.40635,1.40648
2026-08-05 10:45:00,1.40644,1.40693,1.40644,1.40676
2026-08-05 11:00:00,1.40671,1.40694,1.40663,1.40686
2026-08-05 11:15:00,1.40679,1.40706,1.40659,1.40705
2026-08-05 11:30:00,1.40703,1.40715,1.40682,1.40709
2026-08-05 11:45:00,1.40707,1.40738,1.40702,1.40735
2026-08-05 12:00:00,1.40731,1.40746,1.40713,1.40744
2026-08-05 12:15:00,1.40741,1.40746,1.40729,1.40733
2026-08-05 12:30:00,1.40729,1.40762,1.40706,1.40716
2026-08-05 12:45:00,1.40713,1.40727,1.40697,1.40724
2026-08-05 13:00:00,1.40719,1.40732,1.40646,1.40647
2026-08-05 13:15:00,1.4065,1.40687,1.40648,1.40685
2026-08-05 13:30:00,1.40683,1.4071,1.40677,1.40707
2026-08-05 13:45:00,1.40703,1.40712,1.40687,1.40699
2026-08-05 14:00:00,1.40701,1.40712,1.40686,1.40696
2026-08-05 14:15:00,1.40697,1.40705,1.40668,1.40683
2026-08-05 14:30:00,1.40681,1.40711,1.40681,1.40708
2026-08-05 14:45:00,1.40704,1.40738,1.40695,1.40735
2026-08-05 15:00:00,1.40734,1.40761,1.40733,1.40739
2026-08-05 15:15:00,1.40741,1.40743,1.40711,1.4073
2026-08-05 15:30:00,1.40725,1.40748,1.40714,1.40733
2026-08-05 15:45:00,1.4073,1.40762,1.40717,1.40728
2026-08-05 16:00:00,1.40729,1.40761,1.40729,1.40758
2026-08-05 16:15:00,1.40754,1.40801,1.40747,1.40793
2026-08-05 16:30:00,1.4079,1.40794,1.40741,1.40753
2026-08-05 16:45:00,1.4075,1.4075,1.40711,1.40745
2026-08-05 17:00:00,1.40744,1.40744,1.40695,1.40717
2026-08-05 17:15:00,1.40717,1.40739,1.40697,1.40735
2026-08-05 17:30:00,1.4073,1.40749,1.40698,1.40713
2026-08-05 17:45:00,1.4071,1.40722,1.40672,1.4068
2026-08-05 18:00:00,1.40677,1.40707,1.40659,1.40684
2026-08-05 18:15:00,1.40683,1.40693,1.40668,1.40687
2026-08-05 18:30:00,1.40682,1.40733,1.4067,1.40731
2026-08-05 18:45:00,1.40729,1.40764,1.40684,1.4069
2026-08-05 19:00:00,1.40687,1.40702,1.40655,1.40667
2026-08-05 19:15:00,1.40661,1.40671,1.40646,1.40654
2026-08-05 19:30:00,1.4065,1.40674,1.40649,1.40656
2026-08-05 19:45:00,1.40657,1.40662,1.40637,1.4064
2026-08-05 20:00:00,1.40642,1.40668,1.40638,1.40659
2026-08-05 20:15:00,1.40657,1.40669,1.40625,1.40662
2026-08-05 20:30:00,1.40663,1.40676,1.40646,1.40675
2026-08-05 20:45:00,1.40671,1.40693,1.4065,1.40666
2026-08-05 21:00:00,1.40663,1.40667,1.40593,1.40595
2026-08-05 21:15:00,1.40597,1.4061,1.40548,1.4055
2026-08-05 21:30:00,1.40556,1.40569,1.40535,1.40549
2026-08-05 21:45:00,1.40544,1.40562,1.40519,1.40524
2026-08-05 22:00:00,1.40519,1.40528,1.40464,1.4051
2026-08-05 22:15:00,1.405,1.40521,1.40426,1.40467
2026-08-05 22:30:00,1.40461,1.40496,1.40403,1.40493
2026-08-05 22:45:00,1.40487,1.40523,1.40487,1.40514
2026-08-05 23:00:00,1.4051,1.40557,1.40509,1.40555
2026-08-05 23:15:00,1.40551,1.40556,1.40479,1.40481
2026-08-05 23:30:00,1.40484,1.40508,1.4046,1.405
2026-08-05 23:45:00,1.40501,1.40507,1.40427,1.40454
2026-08-06 00:00:00,1.4045,1.4045,1.40315,1.40375
2026-08-06 00:15:00,1.4037,1.40373,1.40267,1.40289
2026-08-06 00:30:00,1.4029,1.40355,1.40259,1.40263
2026-08-06 00:45:00,1.40271,1.40271,1.40179,1.40185
2026-08-06 01:00:00,1.40193,1.40203,1.40153,1.40163
2026-08-06 01:15:00,1.40155,1.40208,1.40155,1.40178
2026-08-06 01:30:00,1.40169,1.40219,1.40169,1.40173
2026-08-06 01:45:00,1.40181,1.4023,1.40181,1.40195
2026-08-06 02:00:00,1.40195,1.40204,1.40176,1.40186
2026-08-06 02:15:00,1.40188,1.40199,1.40152,1.40191
2026-08-06 02:30:00,1.40189,1.40267,1.40189,1.40256
2026-08-06 02:45:00,1.40258,1.40281,1.40257,1.40276
2026-08-06 03:00:00,1.40272,1.40288,1.40255,1.40268
2026-08-06 03:15:00,1.40265,1.40272,1.40228,1.4023
2026-08-06 03:30:00,1.40232,1.40241,1.4016,1.40161
2026-08-06 03:45:00,1.40164,1.40173,1.40103,1.40121
2026-08-06 04:00:00,1.40113,1.40123,1.40066,1.40086
2026-08-06 04:15:00,1.40083,1.40101,1.40055,1.40058
2026-08-06 04:30:00,1.40062,1.40114,1.40052,1.40111
2026-08-06 04:45:00,1.40106,1.40112,1.40058,1.40078
2026-08-06 05:00:00,1.40072,1.40108,1.40072,1.40107
2026-08-06 05:15:00,1.40105,1.40126,1.40095,1.40118
2026-08-06 05:30:00,1.40116,1.40149,1.40114,1.40145
2026-08-06 05:45:00,1.40141,1.40149,1.40113,1.40115
2026-08-06 06:00:00,1.40119,1.40143,1.40105,1.40133
2026-08-06 06:15:00,1.40131,1.40139,1.40093,1.40102
2026-08-06 06:30:00,1.40119,1.40121,1.40085,1.40117
2026-08-06 06:45:00,1.40111,1.40129,1.40103,1.40118
2026-08-06 07:00:00,1.40112,1.40154,1.40096,1.40122
2026-08-06 07:15:00,1.40123,1.40131,1.4011,1.40123
2026-08-06 07:30:00,1.4012,1.40135,1.40106,1.40125
2026-08-06 07:45:00,1.40123,1.4014,1.40114,1.4012
2026-08-06 08:00:00,1.40121,1.4013,1.40109,1.40116
2026-08-06 08:15:00,1.40114,1.40116,1.40092,1.40096
2026-08-06 08:30:00,1.40093,1.40111,1.40087,1.40105
2026-08-06 08:45:00,1.40103,1.40112,1.40091,1.40103
2026-08-06 09:00:00,1.40104,1.40126,1.40099,1.40105
2026-08-06 09:15:00,1.40105,1.40117,1.40101,1.40112
2026-08-06 09:30:00,1.40108,1.40121,1.4009,1.401
2026-08-06 09:45:00,1.40104,1.4011,1.40086,1.40109
2026-08-06 10:00:00,1.40107,1.40109,1.40077,1.40099
2026-08-06 10:15:00,1.40093,1.401,1.40079,1.4009
2026-08-06 10:30:00,1.4008,1.40101,1.40075,1.40099
2026-08-06 10:45:00,1.40095,1.40095,1.40058,1.40084
2026-08-06 11:00:00,1.40082,1.4009,1.4005,1.40078
2026-08-06 11:15:00,1.40079,1.40079,1.40031,1.40051
2026-08-06 11:30:00,1.40043,1.40057,1.40024,1.40032
2026-08-06 11:45:00,1.40028,1.40067,1.40028,1.40065
2026-08-06 12:00:00,1.40062,1.40078,1.4004,1.40064
2026-08-06 12:15:00,1.40068,1.4009,1.40063,1.40089
2026-08-06 12:30:00,1.40087,1.40087,1.40064,1.40075
2026-08-06 12:45:00,1.40072,1.40085,1.40067,1.40074
2026-08-06 13:00:00,1.40075,1.40096,1.40074,1.40086
2026-08-06 13:15:00,1.40087,1.40122,1.40084,1.40119
2026-08-06 13:30:00,1.40117,1.40133,1.40102,1.40129
2026-08-06 13:45:00,1.40125,1.40147,1.40125,1.40143
2026-08-06 14:00:00,1.40142,1.40142,1.40122,1.40126
2026-08-06 14:15:00,1.40128,1.40153,1.40122,1.40146
2026-08-06 14:30:00,1.40144,1.40155,1.40134,1.4015
2026-08-06 14:45:00,1.40147,1.40157,1.40139,1.4014
2026-08-06 15:00:00,1.40141,1.40174,1.40136,1.4017
2026-08-06 15:15:00,1.40165,1.40175,1.40153,1.40154
2026-08-06 15:30:00,1.40155,1.40168,1.40125,1.40136
2026-08-06 15:45:00,1.40132,1.40137,1.40107,1.40126
2026-08-06 16:00:00,1.40124,1.40128,1.40088,1.40098
2026-08-06 16:15:00,1.40103,1.40164,1.4009,1.40161
2026-08-06 16:30:00,1.40156,1.40167,1.40144,1.40147
2026-08-06 16:45:00,1.40151,1.40167,1.40123,1.40144
2026-08-06 17:00:00,1.40142,1.40156,1.40122,1.40133
2026-08-06 17:15:00,1.40131,1.40152,1.40108,1.40146
2026-08-06 17:30:00,1.40136,1.40159,1.40131,1.40143
2026-08-06 17:45:00,1.4014,1.40162,1.40131,1.40135
2026-08-06 18:00:00,1.40132,1.40143,1.40081,1.40081
2026-08-06 18:15:00,1.40081,1.40113,1.40068,1.40108
2026-08-06 18:30:00,1.401,1.40125,1.401,1.40117
2026-08-06 18:45:00,1.40115,1.40144,1.401,1.40103
2026-08-06 19:00:00,1.40106,1.40107,1.40079,1.40081
2026-08-06 19:15:00,1.40082,1.40102,1.40076,1.40095
2026-08-06 19:30:00,1.40092,1.40124,1.4009,1.40114
2026-08-06 19:45:00,1.40116,1.40116,1.40071,1.40101
2026-08-06 20:00:00,1.40096,1.40116,1.4009,1.40105
2026-08-06 20:15:00,1.40099,1.40112,1.40043,1.40045
2026-08-06 20:30:00,1.40048,1.40048,1.40009,1.40037
2026-08-06 20:45:00,1.40032,1.40035,1.39989,1.39993
2026-08-06 21:00:00,1.39999,1.40011,1.39947,1.39982
2026-08-06 21:15:00,1.39975,1.39995,1.39946,1.39962
2026-08-06 21:30:00,1.39958,1.40022,1.39958,1.4002
2026-08-06 21:45:00,1.40014,1.40019,1.39925,1.39934
2026-08-06 22:00:00,1.39931,1.40002,1.39906,1.39997
2026-08-06 22:15:00,1.39986,1.40023,1.39975,1.40002
2026-08-06 22:30:00,1.40003,1.40017,1.39984,1.39986
2026-08-06 22:45:00,1.39989,1.4007,1.39989,1.40061
2026-08-06 23:00:00,1.40056,1.40189,1.40051,1.40185
2026-08-06 23:15:00,1.40174,1.40199,1.40159,1.40163
2026-08-06 23:30:00,1.40165,1.402,1.40157,1.40184
2026-08-06 23:45:00,1.40182,1.40217,1.40143,1.40153
2026-08-07 00:00:00,1.40151,1.4021,1.40129,1.40207
2026-08-07 00:15:00,1.40203,1.40247,1.40194,1.402
2026-08-07 00:30:00,1.40203,1.40214,1.40145,1.40148
2026-08-07 00:45:00,1.40152,1.40241,1.40133,1.40208
2026-08-07 01:00:00,1.40209,1.40318,1.40201,1.40317
2026-08-07 01:15:00,1.40311,1.40348,1.40293,1.40326
2026-08-07 01:30:00,1.40322,1.40372,1.40319,1.40357
2026-08-07 01:45:00,1.40357,1.40357,1.40301,1.40303
2026-08-07 02:00:00,1.40307,1.40319,1.40263,1.40288
2026-08-07 02:15:00,1.40283,1.40326,1.40279,1.40294
2026-08-07 02:30:00,1.40293,1.40295,1.40256,1.40273
2026-08-07 02:45:00,1.40267,1.40279,1.40219,1.40224
2026-08-07 03:00:00,1.40225,1.40236,1.402,1.4022
2026-08-07 03:15:00,1.40216,1.40233,1.40202,1.40207
2026-08-07 03:30:00,1.40215,1.40215,1.40172,1.40177
2026-08-07 03:45:00,1.40177,1.40179,1.40142,1.40153
2026-08-07 04:00:00,1.40156,1.40166,1.40132,1.4014
2026-08-07 04:15:00,1.40137,1.40157,1.40119,1.40143
2026-08-07 04:30:00,1.40144,1.40158,1.40141,1.40152
2026-08-07 04:45:00,1.40151,1.40162,1.40135,1.40138
2026-08-07 05:00:00,1.40139,1.40145,1.40121,1.40144
2026-08-07 05:15:00,1.40141,1.40181,1.40132,1.40174
2026-08-07 05:30:00,1.40172,1.40198,1.40151,1.40196
2026-08-07 05:45:00,1.40193,1.40203,1.40139,1.40163
2026-08-07 06:00:00,1.40161,1.40166,1.40137,1.40165
2026-08-07 06:15:00,1.40163,1.40182,1.4016,1.40176
2026-08-07 06:30:00,1.40174,1.40175,1.40156,1.40157
2026-08-07 06:45:00,1.40158,1.40158,1.40121,1.40132
2026-08-07 07:00:00,1.40133,1.40142,1.40103,1.4011
2026-08-07 07:15:00,1.40108,1.40121,1.40099,1.40114
2026-08-07 07:30:00,1.40111,1.40144,1.4011,1.40139
2026-08-07 07:45:00,1.40138,1.40152,1.40122,1.40144
2026-08-07 08:00:00,1.40145,1.40164,1.40132,1.40151
2026-08-07 08:15:00,1.40152,1.40165,1.40151,1.40161
2026-08-07 08:30:00,1.40158,1.40161,1.40134,1.40143
2026-08-07 08:45:00,1.40142,1.40156,1.40139,1.40151
2026-08-07 09:00:00,1.40152,1.40153,1.40128,1.40129
2026-08-07 09:15:00,1.40131,1.4014,1.40128,1.40132
2026-08-07 09:30:00,1.40128,1.40151,1.40126,1.40138
2026-08-07 09:45:00,1.40136,1.40145,1.40125,1.40139
2026-08-07 10:00:00,1.4014,1.4016,1.4013,1.40153
2026-08-07 10:15:00,1.4015,1.40161,1.40144,1.40151
2026-08-07 10:30:00,1.40147,1.40165,1.40141,1.40162
2026-08-07 10:45:00,1.40159,1.40199,1.40159,1.4019
2026-08-07 11:00:00,1.40191,1.40195,1.40153,1.40154
2026-08-07 11:15:00,1.40155,1.40165,1.4015,1.40156
2026-08-07 11:30:00,1.40153,1.40175,1.40135,1.40138
2026-08-07 11:45:00,1.40141,1.40163,1.40134,1.40157
2026-08-07 12:00:00,1.40155,1.40175,1.4015,1.40161
2026-08-07 12:15:00,1.40165,1.40184,1.40165,1.40173
2026-08-07 12:30:00,1.4017,1.40195,1.40167,1.40192
2026-08-07 12:45:00,1.40189,1.40206,1.40186,1.40205
2026-08-07 13:00:00,1.40202,1.40215,1.40193,1.40205
2026-08-07 13:15:00,1.40207,1.40212,1.40195,1.40202
2026-08-07 13:30:00,1.40198,1.40207,1.40194,1.40203
2026-08-07 13:45:00,1.402,1.40208,1.40182,1.4019
2026-08-07 14:00:00,1.40188,1.40198,1.40178,1.40186
2026-08-07 14:15:00,1.40187,1.40195,1.40176,1.40188
2026-08-07 14:30:00,1.40186,1.40209,1.40163,1.40208
2026-08-07 14:45:00,1.40203,1.40203,1.40186,1.40192
2026-08-07 15:00:00,1.40189,1.40206,1.40187,1.40198
2026-08-07 15:15:00,1.40199,1.40236,1.40197,1.40235
2026-08-07 15:30:00,1.40231,1.40248,1.40216,1.40231
2026-08-07 15:45:00,1.40227,1.40243,1.40198,1.4024
2026-08-07 16:00:00,1.40237,1.40283,1.40237,1.40265
2026-08-07 16:15:00,1.40266,1.40269,1.40232,1.40257
2026-08-07 16:30:00,1.40252,1.40258,1.40231,1.40237
2026-08-07 16:45:00,1.40234,1.40242,1.40208,1.40238
2026-08-07 17:00:00,1.40234,1.40242,1.40204,1.40219
2026-08-07 17:15:00,1.40213,1.4023,1.40208,1.40212
2026-08-07 17:30:00,1.40216,1.40256,1.40216,1.40255
2026-08-07 17:45:00,1.40251,1.40265,1.40232,1.40242
2026-08-07 18:00:00,1.40239,1.40275,1.40239,1.40273
2026-08-07 18:15:00,1.40273,1.40297,1.40239,1.40293
2026-08-07 18:30:00,1.40287,1.40293,1.40249,1.4025
2026-08-07 18:45:00,1.4025,1.4025,1.40214,1.40233
2026-08-07 19:00:00,1.4023,1.40238,1.40169,1.40171
2026-08-07 19:15:00,1.40175,1.40181,1.4014,1.4015
2026-08-07 19:30:00,1.40151,1.40174,1.40149,1.40169
2026-08-07 19:45:00,1.40166,1.40174,1.4015,1.40159
2026-08-07 20:00:00,1.40156,1.40209,1.40138,1.40206
2026-08-07 20:15:00,1.40199,1.40218,1.40193,1.40212
2026-08-07 20:30:00,1.40212,1.4023,1.40196,1.40228
2026-08-07 20:45:00,1.40224,1.40225,1.40204,1.40209
2026-08-07 21:00:00,1.40205,1.40221,1.40177,1.40178
2026-08-07 21:15:00,1.4018,1.40191,1.40171,1.40178
2026-08-07 21:30:00,1.40179,1.40186,1.40133,1.40134
2026-08-07 21:45:00,1.40136,1.40148,1.40113,1.40118
2026-08-07 22:00:00,1.40127,1.40127,1.40055,1.40058
2026-08-07 22:15:00,1.40062,1.40062,1.39983,1.40015
2026-08-07 22:30:00,1.4002,1.4021,1.39449,1.39538
2026-08-07 22:45:00,1.39537,1.39549,1.39435,1.39502
2026-08-07 23:00:00,1.39527,1.39527,1.39451,1.39458
2026-08-07 23:15:00,1.3947,1.39546,1.3944,1.39474
2026-08-07 23:30:00,1.39469,1.39583,1.39467,1.39482
2026-08-07 23:45:00,1.39491,1.39523,1.3947,1.39504
2026-08-08 00:00:00,1.39499,1.39507,1.39398,1.39445
2026-08-08 00:15:00,1.39442,1.39443,1.39334,1.39348
2026-08-08 00:30:00,1.39353,1.3944,1.39353,1.39434
2026-08-08 00:45:00,1.39425,1.39439,1.39371,1.39421
2026-08-08 01:00:00,1.39409,1.3947,1.39347,1.3941
2026-08-08 01:15:00,1.39391,1.39391,1.39244,1.39373
2026-08-08 01:30:00,1.39364,1.39402,1.39326,1.3934
2026-08-08 01:45:00,1.39347,1.39362,1.3926,1.39339
2026-08-08 02:00:00,1.39331,1.39398,1.39311,1.39314
2026-08-08 02:15:00,1.39318,1.39373,1.3931,1.39359
2026-08-08 02:30:00,1.39358,1.39376,1.39338,1.39355
2026-08-08 02:45:00,1.39356,1.39379,1.39312,1.39378
2026-08-08 03:00:00,1.39375,1.39375,1.39326,1.39357
2026-08-08 03:15:00,1.3935,1.39376,1.3935,1.39357
2026-08-08 03:30:00,1.39356,1.39404,1.39339,1.39339
2026-08-08 03:45:00,1.39339,1.3938,1.39328,1.39378
2026-08-08 04:00:00,1.39375,1.39399,1.39369,1.39375
2026-08-08 04:15:00,1.39372,1.39395,1.39371,1.39376
2026-08-08 04:30:00,1.39374,1.39376,1.39349,1.39367
2026-08-08 04:45:00,1.39364,1.3938,1.39352,1.39369
2026-08-08 05:00:00,1.39372,1.394,1.39365,1.39382
2026-08-08 05:15:00,1.39383,1.39393,1.39378,1.39382
2026-08-08 05:30:00,1.39379,1.39428,1.39379,1.39412
2026-08-08 05:45:00,1.39414,1.3944,1.39403,1.39425
2026-08-08 06:00:00,1.39427,1.39451,1.39413,1.39451
2026-08-08 06:15:00,1.39449,1.39474,1.39446,1.3947
2026-08-08 06:30:00,1.39468,1.39529,1.39465,1.39528
2026-08-08 06:45:00,1.39525,1.39532,1.39406,1.39409
2026-08-08 07:00:00,1.39412,1.39448,1.39388,1.3943
2026-08-08 07:15:00,1.39421,1.3946,1.39408,1.39455
2026-08-08 07:30:00,1.39446,1.39498,1.39405,1.39423
2026-08-08 07:45:00,1.3943,1.39479,1.39408,1.39422
2026-08-08 08:00:00,1.3943,1.39437,1.39422,1.39427
2026-08-08 08:15:00,1.39426,1.39432,1.39422,1.39428
2026-08-08 08:30:00,1.39425,1.39432,1.39423,1.39426
2026-08-08 08:45:00,1.39425,1.39431,1.39422,1.39422
2026-08-08 09:00:00,1.39424,1.39433,1.39422,1.39427
2026-08-08 09:15:00,1.39425,1.39431,1.39423,1.39427
2026-08-08 09:30:00,1.39424,1.39431,1.39422,1.39426
2026-08-08 09:45:00,1.39425,1.39431,1.39423,1.39423
2026-08-08 10:00:00,1.39424,1.39431,1.3941,1.39414
2026-08-08 10:15:00,1.39413,1.39439,1.39412,1.39416
2026-08-08 10:30:00,1.39416,1.3942,1.3941,1.39416
2026-08-08 10:45:00,1.39413,1.3944,1.39408,1.39413
2026-08-08 11:00:00,1.39413,1.39421,1.39411,1.39413
2026-08-08 11:15:00,1.39413,1.39438,1.39406,1.39416
2026-08-08 11:30:00,1.39414,1.39432,1.39409,1.39417
2026-08-08 11:45:00,1.39415,1.3942,1.3941,1.3941
2026-08-08 12:00:00,1.39412,1.39439,1.39411,1.39413
2026-08-08 12:15:00,1.39413,1.3942,1.39412,1.39416
2026-08-08 12:30:00,1.39414,1.39442,1.3941,1.39416
2026-08-08 12:45:00,1.39413,1.3944,1.39399,1.39415
2026-08-08 13:00:00,1.39416,1.39419,1.39409,1.3941
2026-08-08 13:15:00,1.39411,1.3943,1.39411,1.39416
2026-08-08 13:30:00,1.39414,1.3942,1.39411,1.39416
2026-08-08 13:45:00,1.39413,1.39439,1.39411,1.39415
2026-08-08 14:00:00,1.39413,1.39442,1.39411,1.39414
2026-08-08 14:15:00,1.39416,1.3942,1.3941,1.39413
2026-08-08 14:30:00,1.39412,1.3944,1.39395,1.39417
2026-08-08 14:45:00,1.39413,1.39421,1.39411,1.39415
2026-08-08 15:00:00,1.39414,1.3943,1.39412,1.39413
2026-08-08 15:15:00,1.39414,1.39445,1.39389,1.39417
2026-08-08 15:30:00,1.39421,1.39421,1.39411,1.39416
2026-08-08 15:45:00,1.39413,1.39439,1.39408,1.39415
2026-08-08 16:00:00,1.39414,1.39421,1.3941,1.39418
2026-08-08 16:15:00,1.39415,1.39441,1.3941,1.39412
2026-08-08 16:30:00,1.39412,1.39428,1.39408,1.39416
2026-08-08 16:45:00,1.39417,1.3942,1.39411,1.39416
2026-08-08 17:00:00,1.39414,1.39443,1.39393,1.39411
2026-08-08 17:15:00,1.39412,1.3942,1.39409,1.39413
2026-08-08 17:30:00,1.39413,1.39437,1.3941,1.39416
2026-08-08 17:45:00,1.39414,1.39439,1.3941,1.39417
2026-08-08 18:00:00,1.3942,1.3942,1.39411,1.39413
2026-08-08 18:15:00,1.39413,1.39432,1.39411,1.39413
2026-08-08 18:30:00,1.39413,1.3942,1.39411,1.39415
2026-08-08 18:45:00,1.39413,1.39444,1.39397,1.39416
2026-08-08 19:00:00,1.39414,1.39438,1.39412,1.39417
2026-08-08 19:15:00,1.3942,1.3942,1.39411,1.39413
2026-08-08 19:30:00,1.39413,1.39439,1.3941,1.39416
2026-08-08 19:45:00,1.39413,1.3942,1.39411,1.39417
2026-08-08 20:00:00,1.39414,1.39431,1.39411,1.39415
2026-08-08 20:15:00,1.39413,1.39441,1.39402,1.39415
2026-08-08 20:30:00,1.39419,1.3942,1.39411,1.39414
2026-08-08 20:45:00,1.39413,1.39439,1.39401,1.39417
2026-08-08 21:00:00,1.39414,1.3942,1.39411,1.39415
2026-08-08 21:15:00,1.39413,1.39439,1.39401,1.39413
2026-08-08 21:30:00,1.39413,1.39434,1.39411,1.39432
2026-08-08 21:45:00,1.39428,1.39428,1.39411,1.39416
2026-08-08 22:00:00,1.39413,1.3944,1.39411,1.39415
2026-08-08 22:15:00,1.39413,1.39419,1.39411,1.39412
2026-08-08 22:30:00,1.39413,1.3944,1.39395,1.39413
2026-08-08 22:45:00,1.39413,1.39439,1.39408,1.39437
2026-08-08 23:00:00,1.39433,1.39433,1.39411,1.39416
2026-08-08 23:15:00,1.39413,1.39433,1.39411,1.39413
2026-08-08 23:30:00,1.39413,1.39419,1.39411,1.39413
2026-08-08 23:45:00,1.39413,1.39439,1.39411,1.39416
2026-08-09 00:00:00,1.39413,1.39442,1.39394,1.39439
2026-08-09 00:15:00,1.39433,1.39433,1.39411,1.39413
2026-08-09 00:30:00,1.39413,1.39439,1.39411,1.39413
2026-08-09 00:45:00,1.39413,1.39419,1.39411,1.39415
2026-08-09 01:00:00,1.39413,1.39434,1.39411,1.39416
2026-08-09 01:15:00,1.39413,1.39439,1.39406,1.39437
2026-08-09 01:30:00,1.3943,1.3943,1.39409,1.3941
2026-08-09 01:45:00,1.39411,1.39451,1.39385,1.39419
2026-08-09 02:00:00,1.39423,1.39423,1.39411,1.39416
2026-08-09 02:15:00,1.39413,1.39439,1.39408,1.39414
2026-08-09 02:30:00,1.39413,1.39434,1.39403,1.39407
2026-08-09 02:45:00,1.39418,1.39437,1.39411,1.39416
2026-08-09 03:00:00,1.39413,1.39439,1.39411,1.39417
2026-08-09 03:15:00,1.39414,1.39419,1.39411,1.39415
2026-08-09 03:30:00,1.39413,1.3944,1.3941,1.39412
2026-08-09 03:45:00,1.39413,1.39436,1.394,1.39413
2026-08-09 04:00:00,1.39415,1.3944,1.39411,1.39416
2026-08-09 04:15:00,1.39413,1.39438,1.39406,1.39415
2026-08-09 04:30:00,1.39413,1.39419,1.39411,1.39413
2026-08-09 04:45:00,1.39413,1.39439,1.39411,1.39413
2026-08-09 05:00:00,1.39413,1.39431,1.39411,1.39426
2026-08-09 05:15:00,1.39411,1.3944,1.39411,1.39416
2026-08-09 05:30:00,1.39413,1.39441,1.39399,1.39414
2026-08-09 05:45:00,1.39414,1.3942,1.39411,1.39413
2026-08-09 06:00:00,1.39413,1.39434,1.39405,1.39415
2026-08-09 06:15:00,1.39413,1.39438,1.39411,1.3943
2026-08-09 06:30:00,1.39409,1.39453,1.39409,1.39413
2026-08-09 06:45:00,1.39413,1.39436,1.39411,1.39413
2026-08-09 07:00:00,1.39414,1.3942,1.39411,1.39415
2026-08-09 07:15:00,1.39413,1.39442,1.394,1.39419
2026-08-09 07:30:00,1.39416,1.39432,1.39403,1.39415
2026-08-09 07:45:00,1.39415,1.39424,1.39412,1.39412
2026-08-09 08:00:00,1.39413,1.39442,1.39394,1.39416
2026-08-09 08:15:00,1.39414,1.3942,1.3941,1.39414
2026-08-09 08:30:00,1.39411,1.39439,1.39411,1.39415
2026-08-09 08:45:00,1.39413,1.3942,1.39411,1.39412
2026-08-09 09:00:00,1.39413,1.39439,1.3941,1.39417
2026-08-09 09:15:00,1.39413,1.39439,1.3939,1.39437
2026-08-09 09:30:00,1.39434,1.39434,1.39421,1.39427
2026-08-09 09:45:00,1.39425,1.39461,1.39401,1.39448
2026-08-09 10:00:00,1.39449,1.39455,1.39447,1.39449
2026-08-09 10:15:00,1.39449,1.39476,1.39448,1.39471
2026-08-09 10:30:00,1.39468,1.39491,1.39465,1.39486
2026-08-09 10:45:00,1.39484,1.3949,1.39482,1.39483
2026-08-09 11:00:00,1.39484,1.39494,1.39464,1.39471
2026-08-09 11:15:00,1.39472,1.39478,1.3947,1.39474
2026-08-09 11:30:00,1.39472,1.39493,1.39461,1.39489
2026-08-09 11:45:00,1.39486,1.39503,1.39451,1.39456
2026-08-09 12:00:00,1.39466,1.39473,1.39436,1.39445
2026-08-09 12:15:00,1.39446,1.39471,1.39437,1.39463
2026-08-09 12:30:00,1.39461,1.39469,1.39406,1.39415
2026-08-09 12:45:00,1.39418,1.39427,1.39408,1.3941
2026-08-09 13:00:00,1.3941,1.3945,1.39406,1.39426
2026-08-09 13:15:00,1.39426,1.39426,1.39408,1.39412
2026-08-09 13:30:00,1.3941,1.39441,1.39388,1.39422
2026-08-09 13:45:00,1.39419,1.39422,1.39409,1.39412
2026-08-09 14:00:00,1.39411,1.39449,1.394,1.3942
2026-08-09 14:15:00,1.39421,1.39445,1.39416,1.3944
2026-08-09 14:30:00,1.3944,1.3944,1.39419,1.39425
2026-08-09 14:45:00,1.39422,1.39457,1.3942,1.39439
2026-08-09 15:00:00,1.39438,1.39444,1.39435,1.39437
2026-08-09 15:15:00,1.39438,1.39469,1.39414,1.39459
2026-08-09 15:30:00,1.39459,1.39484,1.39457,1.39479
2026-08-09 15:45:00,1.39476,1.39482,1.39474,1.39478
2026-08-09 16:00:00,1.39476,1.39483,1.39409,1.3941
2026-08-09 16:15:00,1.3941,1.39416,1.39408,1.3941
2026-08-09 16:30:00,1.3941,1.39443,1.39403,1.39413
2026-08-09 16:45:00,1.39411,1.3945,1.39383,1.3943
2026-08-09 17:00:00,1.39427,1.39427,1.39413,1.39414
2026-08-09 17:15:00,1.39414,1.39452,1.39411,1.39438
2026-08-09 17:30:00,1.39438,1.39451,1.39423,1.39446
2026-08-09 17:45:00,1.39443,1.39453,1.39428,1.39436
2026-08-09 18:00:00,1.39433,1.39467,1.39417,1.39439
2026-08-09 18:15:00,1.39439,1.39445,1.39437,1.39438
2026-08-09 18:30:00,1.39439,1.39466,1.3943,1.39458
2026-08-09 18:45:00,1.39456,1.39463,1.39454,1.39459
2026-08-09 19:00:00,1.39456,1.39482,1.39445,1.39476
2026-08-09 19:15:00,1.39474,1.39499,1.3947,1.39492
2026-08-09 19:30:00,1.39493,1.39499,1.39491,1.39496
2026-08-09 19:45:00,1.39493,1.39496,1.39456,1.39486
2026-08-09 20:00:00,1.39483,1.39489,1.39481,1.39484
2026-08-09 20:15:00,1.39483,1.39489,1.39481,1.39482
2026-08-09 20:30:00,1.39483,1.39496,1.39453,1.39461
2026-08-09 20:45:00,1.39458,1.39464,1.39456,1.39461
2026-08-09 21:00:00,1.39458,1.39464,1.39456,1.3946
2026-08-09 21:15:00,1.39458,1.39477,1.39432,1.3944
2026-08-09 21:30:00,1.39441,1.3948,1.39435,1.39468
2026-08-09 21:45:00,1.39468,1.39471,1.39427,1.39436
2026-08-09 22:00:00,1.39433,1.39457,1.3943,1.39452
2026-08-09 22:15:00,1.3945,1.39456,1.39448,1.39449
2026-08-09 22:30:00,1.3945,1.39469,1.39436,1.39463
2026-08-09 22:45:00,1.39463,1.39478,1.39461,1.39476
2026-08-09 23:00:00,1.39473,1.3948,1.39471,1.39476
2026-08-09 23:15:00,1.39473,1.39478,1.39405,1.39443
2026-08-09 23:30:00,1.39443,1.3945,1.39441,1.39443
2026-08-09 23:45:00,1.39443,1.39464,1.39434,1.3946
2026-08-10 00:00:00,1.39458,1.39468,1.39386,1.39431
2026-08-10 00:15:00,1.39428,1.39434,1.39426,1.39428
2026-08-10 00:30:00,1.39428,1.39454,1.39426,1.39445
2026-08-10 00:45:00,1.39446,1.39452,1.39443,1.39448
2026-08-10 01:00:00,1.39446,1.39462,1.39444,1.39458
2026-08-10 01:15:00,1.39455,1.39463,1.39436,1.39459
2026-08-10 01:30:00,1.39457,1.39463,1.39455,1.39456
2026-08-10 01:45:00,1.39457,1.39475,1.39455,1.39471
2026-08-10 02:00:00,1.39469,1.39471,1.39456,1.39463
2026-08-10 02:15:00,1.3946,1.39473,1.39432,1.39435
2026-08-10 02:30:00,1.39439,1.39477,1.39431,1.3947
2026-08-10 02:45:00,1.39471,1.39478,1.39469,1.39475
2026-08-10 03:00:00,1.39471,1.39474,1.39396,1.39433
2026-08-10 03:15:00,1.3943,1.39436,1.39415,1.39418
2026-08-10 03:30:00,1.39416,1.39446,1.39414,1.39435
2026-08-10 03:45:00,1.39436,1.39451,1.39405,1.39443
2026-08-10 04:00:00,1.39443,1.39581,1.39434,1.39482
2026-08-10 04:15:00,1.39496,1.396,1.39496,1.39588
2026-08-10 04:30:00,1.39573,1.39586,1.39497,1.39518
2026-08-10 04:45:00,1.39536,1.39641,1.39497,1.39586
2026-08-10 05:00:00,1.39573,1.39685,1.39395,1.39403
2026-08-10 05:15:00,1.39411,1.39523,1.3937,1.39517
2026-08-10 05:30:00,1.39499,1.39631,1.39484,1.39594
2026-08-10 05:45:00,1.39574,1.39574,1.39448,1.39469
2026-08-10 06:00:00,1.39478,1.39497,1.39427,1.3948
2026-08-10 06:15:00,1.39476,1.39494,1.39418,1.39446
2026-08-10 06:30:00,1.39446,1.3954,1.39399,1.39443
2026-08-10 06:45:00,1.39445,1.39522,1.39425,1.39458
2026-08-10 07:00:00,1.39463,1.39491,1.3944,1.3949
2026-08-10 07:15:00,1.39487,1.39513,1.39477,1.39505
2026-08-10 07:30:00,1.39501,1.39513,1.39489,1.39497
2026-08-10 07:45:00,1.39496,1.39498,1.39477,1.39493
2026-08-10 08:00:00,1.3949,1.39491,1.39409,1.39446
2026-08-10 08:15:00,1.39448,1.39453,1.39424,1.39452
2026-08-10 08:30:00,1.39447,1.39459,1.39428,1.39443
2026-08-10 08:45:00,1.39436,1.39466,1.3943,1.39459
2026-08-10 09:00:00,1.3946,1.39477,1.39453,1.39468
2026-08-10 09:15:00,1.39469,1.39478,1.39458,1.39476
2026-08-10 09:30:00,1.39469,1.39516,1.39469,1.395
2026-08-10 09:45:00,1.39498,1.39526,1.39486,1.39521
2026-08-10 10:00:00,1.39515,1.39529,1.39503,1.39504
2026-08-10 10:15:00,1.39507,1.39538,1.39493,1.3951
2026-08-10 10:30:00,1.39513,1.39531,1.39505,1.39527
2026-08-10 10:45:00,1.39525,1.39531,1.39482,1.39493
2026-08-10 11:00:00,1.39495,1.39559,1.39489,1.39517
2026-08-10 11:15:00,1.39518,1.3953,1.39504,1.3951
2026-08-10 11:30:00,1.39508,1.39531,1.39499,1.39519
2026-08-10 11:45:00,1.39515,1.39531,1.39508,1.3953
2026-08-10 12:00:00,1.39527,1.39544,1.3952,1.39541
2026-08-10 12:15:00,1.39537,1.39546,1.39522,1.39538
2026-08-10 12:30:00,1.39536,1.39568,1.39536,1.39565
2026-08-10 12:45:00,1.39561,1.39573,1.39551,1.39568
2026-08-10 13:00:00,1.39566,1.39613,1.39564,1.39611
2026-08-10 13:15:00,1.39608,1.39627,1.39604,1.39626
2026-08-10 13:30:00,1.39625,1.39625,1.39613,1.39622
2026-08-10 13:45:00,1.39618,1.39626,1.39604,1.39623
2026-08-10 14:00:00,1.39621,1.39641,1.39617,1.39625
2026-08-10 14:15:00,1.39627,1.39643,1.39623,1.39624
2026-08-10 14:30:00,1.39625,1.39639,1.39619,1.39636
2026-08-10 14:45:00,1.39632,1.39641,1.39604,1.39606
2026-08-10 15:00:00,1.39605,1.3962,1.39596,1.39616
2026-08-10 15:15:00,1.39611,1.39632,1.39602,1.39622
2026-08-10 15:30:00,1.39623,1.39625,1.39593,1.39596
2026-08-10 15:45:00,1.39597,1.39601,1.39575,1.3958
2026-08-10 16:00:00,1.39582,1.39587,1.39537,1.3956
2026-08-10 16:15:00,1.39557,1.39567,1.39529,1.39561
2026-08-10 16:30:00,1.39559,1.39576,1.39547,1.39576
2026-08-10 16:45:00,1.39573,1.39573,1.39544,1.39546
2026-08-10 17:00:00,1.39548,1.39558,1.39505,1.3952
2026-08-10 17:15:00,1.39516,1.39543,1.39493,1.3952
2026-08-10 17:30:00,1.39516,1.39529,1.39462,1.39464
2026-08-10 17:45:00,1.39467,1.39467,1.39427,1.39435
2026-08-10 18:00:00,1.39433,1.39444,1.39389,1.39397
2026-08-10 18:15:00,1.39403,1.39403,1.39341,1.39354
2026-08-10 18:30:00,1.39357,1.39404,1.39357,1.39402
2026-08-10 18:45:00,1.39396,1.39409,1.3937,1.39394
2026-08-10 19:00:00,1.39393,1.3942,1.39393,1.39405
2026-08-10 19:15:00,1.39405,1.39421,1.39401,1.39417
2026-08-10 19:30:00,1.39415,1.39459,1.39402,1.39427
2026-08-10 19:45:00,1.39427,1.3943,1.39406,1.39429
2026-08-10 20:00:00,1.39421,1.39458,1.39421,1.39454
2026-08-10 20:15:00,1.39453,1.39462,1.39449,1.39449
2026-08-10 20:30:00,1.39451,1.39462,1.39421,1.3943
2026-08-10 20:45:00,1.39434,1.39434,1.39391,1.394
2026-08-10 21:00:00,1.39395,1.39417,1.39374,1.39399
2026-08-10 21:15:00,1.39393,1.39419,1.39384,1.39407
2026-08-10 21:30:00,1.39409,1.39434,1.39385,1.39408
2026-08-10 21:45:00,1.394,1.39441,1.394,1.39415
2026-08-10 22:00:00,1.39421,1.39438,1.39391,1.39436
2026-08-10 22:15:00,1.39432,1.39507,1.39419,1.39499
2026-08-10 22:30:00,1.39499,1.39502,1.39468,1.3947
2026-08-10 22:45:00,1.39476,1.39489,1.39469,1.39484
2026-08-10 23:00:00,1.39475,1.39565,1.39475,1.39527
2026-08-10 23:15:00,1.39521,1.39548,1.39494,1.3952
2026-08-10 23:30:00,1.39521,1.39573,1.3951,1.39518
2026-08-10 23:45:00,1.39522,1.39547,1.39494,1.39496
2026-08-11 00:00:00,1.395,1.39543,1.39453,1.3946
2026-08-11 00:15:00,1.39472,1.39477,1.39425,1.39426
2026-08-11 00:30:00,1.39428,1.39459,1.39418,1.39423
2026-08-11 00:45:00,1.39424,1.39437,1.3939,1.39434
2026-08-11 01:00:00,1.39432,1.39476,1.39365,1.39369
2026-08-11 01:15:00,1.39374,1.39378,1.39333,1.39376
2026-08-11 01:30:00,1.39371,1.39371,1.39321,1.39322
2026-08-11 01:45:00,1.39324,1.39335,1.39293,1.39294
2026-08-11 02:00:00,1.39296,1.39311,1.39291,1.39308
2026-08-11 02:15:00,1.39302,1.39314,1.39282,1.39291
2026-08-11 02:30:00,1.39289,1.39305,1.39268,1.39292
2026-08-11 02:45:00,1.39294,1.39345,1.39294,1.39344
2026-08-11 03:00:00,1.39342,1.39417,1.39333,1.39407
2026-08-11 03:15:00,1.39404,1.3946,1.39389,1.3943
2026-08-11 03:30:00,1.39432,1.3945,1.39413,1.39448
2026-08-11 03:45:00,1.39444,1.39474,1.39427,1.39471
2026-08-11 04:00:00,1.39466,1.39476,1.39436,1.39438
2026-08-11 04:15:00,1.39437,1.39458,1.39432,1.39447
2026-08-11 04:30:00,1.39444,1.39451,1.39399,1.394
2026-08-11 04:45:00,1.39401,1.39434,1.39389,1.39425
2026-08-11 05:00:00,1.39423,1.39443,1.39418,1.39428
2026-08-11 05:15:00,1.39426,1.39436,1.39386,1.39399
2026-08-11 05:30:00,1.39396,1.39405,1.39362,1.39372
2026-08-11 05:45:00,1.39368,1.39402,1.39363,1.39383
2026-08-11 06:00:00,1.39387,1.39395,1.39373,1.39381
2026-08-11 06:15:00,1.39376,1.39409,1.39371,1.39399
2026-08-11 06:30:00,1.39395,1.39407,1.39381,1.39404
2026-08-11 06:45:00,1.39399,1.39412,1.39391,1.39409
2026-08-11 07:00:00,1.39404,1.39432,1.39376,1.39431
2026-08-11 07:15:00,1.39428,1.39428,1.39393,1.39401
2026-08-11 07:30:00,1.39399,1.39399,1.39379,1.39391
2026-08-11 07:45:00,1.39389,1.39404,1.39384,1.39393
2026-08-11 08:00:00,1.39396,1.39401,1.3938,1.39396
2026-08-11 08:15:00,1.39395,1.39413,1.39387,1.39412
2026-08-11 08:30:00,1.39409,1.39412,1.39381,1.39382
2026-08-11 08:45:00,1.39382,1.39388,1.39374,1.39375
2026-08-11 09:00:00,1.39377,1.39385,1.39367,1.39372
2026-08-11 09:15:00,1.39374,1.39386,1.39374,1.39386
2026-08-11 09:30:00,1.39381,1.39401,1.3937,1.39384
2026-08-11 09:45:00,1.39379,1.39379,1.39342,1.39343
2026-08-11 10:00:00,1.39343,1.39343,1.39317,1.39333
2026-08-11 10:15:00,1.39328,1.39339,1.39321,1.39328
2026-08-11 10:30:00,1.39325,1.39333,1.39305,1.39309
2026-08-11 10:45:00,1.39306,1.39332,1.39299,1.39329
2026-08-11 11:00:00,1.39324,1.39383,1.39313,1.39327
2026-08-11 11:15:00,1.39324,1.39325,1.39305,1.39311
2026-08-11 11:30:00,1.39309,1.39325,1.393,1.39322
2026-08-11 11:45:00,1.39318,1.39328,1.39306,1.39322
2026-08-11 12:00:00,1.39318,1.39341,1.39318,1.39334
2026-08-11 12:15:00,1.39334,1.39366,1.3932,1.39344
2026-08-11 12:30:00,1.39345,1.39359,1.39341,1.39354
2026-08-11 12:45:00,1.3935,1.3937,1.39339,1.39355
2026-08-11 13:00:00,1.39356,1.39359,1.39332,1.39336
2026-08-11 13:15:00,1.39337,1.39343,1.39318,1.39322
2026-08-11 13:30:00,1.39321,1.39321,1.39297,1.39312
2026-08-11 13:45:00,1.39308,1.39324,1.39308,1.39317
2026-08-11 14:00:00,1.39315,1.39317,1.39305,1.39309
2026-08-11 14:15:00,1.39309,1.39311,1.39299,1.39301
2026-08-11 14:30:00,1.39302,1.39317,1.39295,1.39316
2026-08-11 14:45:00,1.39313,1.39338,1.39308,1.39313
2026-08-11 15:00:00,1.39314,1.39323,1.39305,1.39316
2026-08-11 15:15:00,1.39317,1.39322,1.39307,1.39311
2026-08-11 15:30:00,1.39312,1.39316,1.39284,1.39289
2026-08-11 15:45:00,1.39286,1.39305,1.39282,1.39289
2026-08-11 16:00:00,1.3929,1.39319,1.39286,1.3931
2026-08-11 16:15:00,1.39312,1.39353,1.39304,1.39332
2026-08-11 16:30:00,1.39333,1.39337,1.39304,1.39316
2026-08-11 16:45:00,1.39314,1.3935,1.39314,1.39339
2026-08-11 17:00:00,1.39337,1.39397,1.39322,1.3938
2026-08-11 17:15:00,1.39383,1.39394,1.39361,1.39363
2026-08-11 17:30:00,1.39364,1.39399,1.3934,1.39396
2026-08-11 17:45:00,1.39391,1.39455,1.3939,1.39453
2026-08-11 18:00:00,1.39446,1.39461,1.39399,1.39401
2026-08-11 18:15:00,1.39403,1.39408,1.39387,1.39394
2026-08-11 18:30:00,1.39395,1.39402,1.39343,1.39347
2026-08-11 18:45:00,1.39346,1.3937,1.39344,1.39352
2026-08-11 19:00:00,1.39348,1.39362,1.39329,1.39337
2026-08-11 19:15:00,1.39336,1.3936,1.39324,1.39352
2026-08-11 19:30:00,1.39353,1.39372,1.39341,1.39352
2026-08-11 19:45:00,1.39353,1.39353,1.39322,1.39332
2026-08-11 20:00:00,1.39329,1.39346,1.39298,1.39315
2026-08-11 20:15:00,1.39313,1.39348,1.39311,1.39332
2026-08-11 20:30:00,1.39333,1.39346,1.39312,1.39333
2026-08-11 20:45:00,1.39334,1.3936,1.3933,1.39337
2026-08-11 21:00:00,1.39334,1.39377,1.39308,1.39357
2026-08-11 21:15:00,1.39354,1.39358,1.39315,1.39316
2026-08-11 21:30:00,1.39317,1.39361,1.39307,1.39347
2026-08-11 21:45:00,1.39349,1.39404,1.39343,1.3939
2026-08-11 22:00:00,1.39385,1.39412,1.39364,1.39409
2026-08-11 22:15:00,1.39406,1.39413,1.39355,1.39356
2026-08-11 22:30:00,1.39357,1.39357,1.39301,1.39344
2026-08-11 22:45:00,1.39344,1.39356,1.39322,1.39329
2026-08-11 23:00:00,1.39326,1.39351,1.39326,1.39349
2026-08-11 23:15:00,1.39341,1.39376,1.39339,1.39364
2026-08-11 23:30:00,1.39362,1.39392,1.39347,1.39389
2026-08-11 23:45:00,1.39384,1.39397,1.39362,1.3937
2026-08-12 00:00:00,1.39365,1.39392,1.39339,1.39344
2026-08-12 00:15:00,1.39351,1.39351,1.39299,1.39325
2026-08-12 00:30:00,1.3932,1.3933,1.39284,1.393
2026-08-12 00:45:00,1.39301,1.39318,1.39256,1.3928
2026-08-12 01:00:00,1.39277,1.39327,1.39273,1.39325
2026-08-12 01:15:00,1.39316,1.39363,1.39301,1.39305
2026-08-12 01:30:00,1.39304,1.39305,1.39263,1.39291
2026-08-12 01:45:00,1.39285,1.39305,1.39257,1.39259
2026-08-12 02:00:00,1.39261,1.39272,1.39236,1.39245
2026-08-12 02:15:00,1.39243,1.39251,1.39179,1.39182
2026-08-12 02:30:00,1.39187,1.39221,1.39176,1.39205
2026-08-12 02:45:00,1.39199,1.39208,1.39168,1.39192
2026-08-12 03:00:00,1.3919,1.39217,1.3916,1.39208
2026-08-12 03:15:00,1.39205,1.39231,1.39199,1.39229
2026-08-12 03:30:00,1.39225,1.39251,1.39208,1.39209
2026-08-12 03:45:00,1.39211,1.39238,1.39197,1.39236
2026-08-12 04:00:00,1.39233,1.39236,1.39215,1.39234
2026-08-12 04:15:00,1.39232,1.3924,1.39197,1.39202
2026-08-12 04:30:00,1.39199,1.3921,1.39169,1.39182
2026-08-12 04:45:00,1.39184,1.3921,1.3918,1.39195
2026-08-12 05:00:00,1.39196,1.39214,1.39191,1.39204
2026-08-12 05:15:00,1.39208,1.39221,1.39193,1.39204
2026-08-12 05:30:00,1.392,1.39212,1.39191,1.39209
2026-08-12 05:45:00,1.39206,1.39255,1.39196,1.39253
2026-08-12 06:00:00,1.39249,1.39257,1.39231,1.39256
2026-08-12 06:15:00,1.39253,1.39264,1.39244,1.39253
2026-08-12 06:30:00,1.3925,1.39267,1.39249,1.39265
2026-08-12 06:45:00,1.39263,1.3927,1.39242,1.39258
2026-08-12 07:00:00,1.39254,1.39265,1.39232,1.39238
2026-08-12 07:15:00,1.39237,1.39248,1.39212,1.39241
2026-08-12 07:30:00,1.39237,1.39264,1.39237,1.3926
2026-08-12 07:45:00,1.39259,1.39269,1.39257,1.39262
2026-08-12 08:00:00,1.39262,1.39267,1.39212,1.39219
2026-08-12 08:15:00,1.39219,1.39221,1.39209,1.39218
2026-08-12 08:30:00,1.39215,1.39226,1.39203,1.39217
2026-08-12 08:45:00,1.39216,1.39217,1.39192,1.39201
2026-08-12 09:00:00,1.39197,1.39206,1.39193,1.39196
2026-08-12 09:15:00,1.39196,1.39216,1.39196,1.39214
2026-08-12 09:30:00,1.39207,1.39234,1.39207,1.39222
2026-08-12 09:45:00,1.3922,1.3923,1.39201,1.39202
2026-08-12 10:00:00,1.39204,1.39222,1.3919,1.39207
2026-08-12 10:15:00,1.39203,1.39208,1.39186,1.39199
2026-08-12 10:30:00,1.39197,1.39209,1.39192,1.39202
2026-08-12 10:45:00,1.39199,1.39241,1.39199,1.39235
2026-08-12 11:00:00,1.39231,1.39291,1.39229,1.39286
2026-08-12 11:15:00,1.39278,1.39293,1.39266,1.39269
2026-08-12 11:30:00,1.3927,1.39284,1.39265,1.39281
2026-08-12 11:45:00,1.39278,1.39294,1.39268,1.3929
2026-08-12 12:00:00,1.39291,1.39309,1.39288,1.39289
2026-08-12 12:15:00,1.39294,1.39314,1.39294,1.39307
2026-08-12 12:30:00,1.39306,1.39306,1.39268,1.3927
2026-08-12 12:45:00,1.39272,1.39286,1.39267,1.3928
2026-08-12 13:00:00,1.39279,1.3929,1.39266,1.39275
2026-08-12 13:15:00,1.39272,1.39281,1.39263,1.39273
2026-08-12 13:30:00,1.39274,1.39291,1.39272,1.39289
2026-08-12 13:45:00,1.39286,1.39298,1.39284,1.39288
2026-08-12 14:00:00,1.3929,1.39304,1.39283,1.39301
2026-08-12 14:15:00,1.39301,1.39316,1.39287,1.39309
2026-08-12 14:30:00,1.39304,1.3931,1.39292,1.39304
2026-08-12 14:45:00,1.39301,1.39314,1.39296,1.39308
2026-08-12 15:00:00,1.39306,1.39331,1.39305,1.39325
2026-08-12 15:15:00,1.39323,1.39339,1.39312,1.39324
2026-08-12 15:30:00,1.39326,1.3933,1.39306,1.39318
2026-08-12 15:45:00,1.39315,1.39333,1.39304,1.39309
2026-08-12 16:00:00,1.39307,1.39316,1.39286,1.39289
2026-08-12 16:15:00,1.39289,1.3931,1.39282,1.39306
2026-08-12 16:30:00,1.393,1.39323,1.393,1.39304
2026-08-12 16:45:00,1.39305,1.39338,1.39301,1.39315
2026-08-12 17:00:00,1.39312,1.39316,1.39289,1.39312
2026-08-12 17:15:00,1.39306,1.39337,1.39305,1.39317
2026-08-12 17:30:00,1.39319,1.39348,1.39315,1.39318
2026-08-12 17:45:00,1.39322,1.39329,1.39294,1.39315
2026-08-12 18:00:00,1.39309,1.39333,1.39291,1.39328
2026-08-12 18:15:00,1.39327,1.39329,1.39283,1.39298
2026-08-12 18:30:00,1.39299,1.39312,1.39292,1.39304
2026-08-12 18:45:00,1.39304,1.39321,1.39293,1.39318
2026-08-12 19:00:00,1.39315,1.39342,1.39308,1.3931
2026-08-12 19:15:00,1.39312,1.39336,1.39289,1.39326
2026-08-12 19:30:00,1.39328,1.39361,1.39308,1.39358
2026-08-12 19:45:00,1.39352,1.39381,1.39352,1.39365
2026-08-12 20:00:00,1.39361,1.39373,1.39318,1.39329
2026-08-12 20:15:00,1.3933,1.39347,1.3932,1.39336
2026-08-12 20:30:00,1.39334,1.39349,1.39317,1.39333
2026-08-12 20:45:00,1.39326,1.3936,1.39326,1.39337
2026-08-12 21:00:00,1.3933,1.39366,1.39328,1.39362
2026-08-12 21:15:00,1.39359,1.39375,1.39326,1.39328
2026-08-12 21:30:00,1.3933,1.39333,1.39308,1.3933
2026-08-12 21:45:00,1.39326,1.39342,1.39257,1.39262
2026-08-12 22:00:00,1.39267,1.39289,1.39243,1.39277
2026-08-12 22:15:00,1.39273,1.39289,1.39206,1.39208
2026-08-12 22:30:00,1.39211,1.39278,1.39135,1.39138
2026-08-12 22:45:00,1.39143,1.39198,1.39116,1.3913
2026-08-12 23:00:00,1.3913,1.39196,1.39116,1.39193
2026-08-12 23:15:00,1.39183,1.39212,1.39152,1.39158
2026-08-12 23:30:00,1.39158,1.39171,1.39104,1.39146
2026-08-12 23:45:00,1.39149,1.39169,1.3913,1.39163
2026-08-13 00:00:00,1.39162,1.39162,1.39081,1.39126
2026-08-13 00:15:00,1.39123,1.39148,1.39095,1.39143
2026-08-13 00:30:00,1.39135,1.39216,1.39135,1.39213
2026-08-13 00:45:00,1.39209,1.39252,1.39199,1.3923
2026-08-13 01:00:00,1.39229,1.39254,1.39186,1.39189
2026-08-13 01:15:00,1.39191,1.39221,1.39177,1.39191
2026-08-13 01:30:00,1.39184,1.39247,1.39184,1.39242
2026-08-13 01:45:00,1.39235,1.39258,1.39204,1.3921
2026-08-13 02:00:00,1.39206,1.39285,1.39205,1.39283
2026-08-13 02:15:00,1.39281,1.39335,1.39274,1.39332
2026-08-13 02:30:00,1.39324,1.39382,1.39324,1.3938
2026-08-13 02:45:00,1.39377,1.39426,1.39357,1.39407
2026-08-13 03:00:00,1.39409,1.39463,1.39401,1.39454
2026-08-13 03:15:00,1.39454,1.3947,1.39425,1.39453
2026-08-13 03:30:00,1.3945,1.39468,1.3942,1.39464
2026-08-13 03:45:00,1.39459,1.39469,1.39444,1.39445
2026-08-13 04:00:00,1.39447,1.39454,1.39407,1.39413
2026-08-13 04:15:00,1.39411,1.39426,1.39387,1.39398
2026-08-13 04:30:00,1.39396,1.39437,1.39386,1.39436
2026-08-13 04:45:00,1.39434,1.39471,1.39427,1.39467
2026-08-13 05:00:00,1.39461,1.39468,1.39431,1.39434
2026-08-13 05:15:00,1.39432,1.39443,1.39422,1.3944
2026-08-13 05:30:00,1.39437,1.39469,1.39437,1.3944
2026-08-13 05:45:00,1.39445,1.39463,1.39426,1.39428
2026-08-13 06:00:00,1.3943,1.39434,1.39389,1.39423
2026-08-13 06:15:00,1.39424,1.39439,1.39415,1.39437
2026-08-13 06:30:00,1.39433,1.39438,1.3941,1.3943
2026-08-13 06:45:00,1.39429,1.39432,1.39385,1.39399
2026-08-13 07:00:00,1.394,1.39417,1.39384,1.39408
2026-08-13 07:15:00,1.39403,1.39414,1.39383,1.39385
2026-08-13 07:30:00,1.39387,1.39405,1.3938,1.39393
2026-08-13 07:45:00,1.39393,1.39413,1.39389,1.39403
2026-08-13 08:00:00,1.39405,1.39428,1.39398,1.39425
2026-08-13 08:15:00,1.39423,1.39428,1.39415,1.39421
2026-08-13 08:30:00,1.39418,1.39425,1.39407,1.39411
2026-08-13 08:45:00,1.39409,1.39415,1.39393,1.39404
2026-08-13 09:00:00,1.394,1.39412,1.39385,1.39408
2026-08-13 09:15:00,1.39402,1.39409,1.39387,1.39399
2026-08-13 09:30:00,1.39398,1.39417,1.39398,1.394
2026-08-13 09:45:00,1.39402,1.39427,1.394,1.39407
2026-08-13 10:00:00,1.39408,1.3942,1.39384,1.39394
2026-08-13 10:15:00,1.39395,1.39403,1.39381,1.39389
2026-08-13 10:30:00,1.39386,1.39396,1.39375,1.39385
2026-08-13 10:45:00,1.39382,1.39418,1.39372,1.39401
2026-08-13 11:00:00,1.39404,1.39435,1.39389,1.39409
2026-08-13 11:15:00,1.3941,1.3942,1.39396,1.3942
2026-08-13 11:30:00,1.39417,1.3944,1.39409,1.39437
2026-08-13 11:45:00,1.39433,1.39467,1.39433,1.39452
2026-08-13 12:00:00,1.39452,1.39478,1.39449,1.39474
2026-08-13 12:15:00,1.39469,1.39483,1.39468,1.39482
2026-08-13 12:30:00,1.39478,1.39502,1.39464,1.39495
2026-08-13 12:45:00,1.39492,1.39492,1.39469,1.39473
2026-08-13 13:00:00,1.39471,1.39499,1.39467,1.39496
2026-08-13 13:15:00,1.39492,1.39509,1.39488,1.39498
2026-08-13 13:30:00,1.39499,1.39499,1.39482,1.39486
2026-08-13 13:45:00,1.39482,1.39501,1.39476,1.39487
2026-08-13 14:00:00,1.39485,1.395,1.39473,1.39495
2026-08-13 14:15:00,1.39495,1.39499,1.39474,1.39475
2026-08-13 14:30:00,1.39476,1.39482,1.39471,1.3948
2026-08-13 14:45:00,1.39477,1.39477,1.39449,1.39451
2026-08-13 15:00:00,1.39455,1.3946,1.39442,1.39458
2026-08-13 15:15:00,1.39455,1.39467,1.39451,1.3946
2026-08-13 15:30:00,1.39455,1.3948,1.39449,1.39461
2026-08-13 15:45:00,1.39458,1.39473,1.39447,1.39448
2026-08-13 16:00:00,1.39448,1.3951,1.39448,1.39508
2026-08-13 16:15:00,1.39503,1.39518,1.39491,1.39513
2026-08-13 16:30:00,1.39507,1.39584,1.39507,1.39555
2026-08-13 16:45:00,1.39548,1.39572,1.39529,1.39554
2026-08-13 17:00:00,1.39551,1.39551,1.39508,1.39543
2026-08-13 17:15:00,1.39539,1.39549,1.39517,1.39525
2026-08-13 17:30:00,1.39526,1.39552,1.39519,1.3954
2026-08-13 17:45:00,1.39536,1.39553,1.3951,1.39527
2026-08-13 18:00:00,1.39525,1.39545,1.39513,1.39525
2026-08-13 18:15:00,1.39524,1.39555,1.39508,1.39544
2026-08-13 18:30:00,1.39545,1.39557,1.39527,1.39529
2026-08-13 18:45:00,1.39528,1.39547,1.3952,1.39535
2026-08-13 19:00:00,1.39531,1.39552,1.39513,1.39514
2026-08-13 19:15:00,1.39515,1.39522,1.39457,1.3946
2026-08-13 19:30:00,1.3946,1.39474,1.3944,1.39457
2026-08-13 19:45:00,1.39457,1.39458,1.39388,1.3939
2026-08-13 20:00:00,1.39391,1.39405,1.39367,1.39395
2026-08-13 20:15:00,1.3939,1.3941,1.39377,1.39397
2026-08-13 20:30:00,1.39394,1.394,1.3936,1.39389
2026-08-13 20:45:00,1.39384,1.39427,1.39384,1.39399
2026-08-13 21:00:00,1.394,1.39422,1.39394,1.39399
2026-08-13 21:15:00,1.39407,1.39418,1.39391,1.39394
2026-08-13 21:30:00,1.39396,1.39422,1.39384,1.39412
2026-08-13 21:45:00,1.39412,1.39455,1.39395,1.39455
2026-08-13 22:00:00,1.39453,1.39495,1.39448,1.39494
2026-08-13 22:15:00,1.3949,1.3949,1.39453,1.39485
2026-08-13 22:30:00,1.39483,1.39529,1.39417,1.39418
2026-08-13 22:45:00,1.3942,1.39423,1.39316,1.39321
2026-08-13 23:00:00,1.39327,1.39345,1.39301,1.39314
2026-08-13 23:15:00,1.39319,1.39367,1.39305,1.39365
2026-08-13 23:30:00,1.39362,1.39416,1.39362,1.39385
2026-08-13 23:45:00,1.39395,1.39514,1.39384,1.39505
2026-08-14 00:00:00,1.39504,1.39544,1.39463,1.39469
2026-08-14 00:15:00,1.39479,1.39479,1.39393,1.39407
2026-08-14 00:30:00,1.39411,1.39477,1.39407,1.39442
2026-08-14 00:45:00,1.39445,1.39473,1.39399,1.39432
2026-08-14 01:00:00,1.39428,1.39441,1.39381,1.39405
2026-08-14 01:15:00,1.39413,1.39449,1.39374,1.39401
2026-08-14 01:30:00,1.39388,1.39425,1.39371,1.39381
2026-08-14 01:45:00,1.39379,1.39397,1.39357,1.39369
2026-08-14 02:00:00,1.39372,1.39386,1.39354,1.39386
2026-08-14 02:15:00,1.39381,1.39404,1.39339,1.39347
2026-08-14 02:30:00,1.39345,1.39345,1.39314,1.39316
2026-08-14 02:45:00,1.39317,1.39336,1.39303,1.39324
2026-08-14 03:00:00,1.39317,1.39341,1.39303,1.39312
2026-08-14 03:15:00,1.39308,1.39367,1.39307,1.39365
2026-08-14 03:30:00,1.39356,1.39374,1.39327,1.39328
2026-08-14 03:45:00,1.3933,1.39368,1.39312,1.39364
2026-08-14 04:00:00,1.39358,1.39389,1.39358,1.39362
2026-08-14 04:15:00,1.39365,1.39372,1.39349,1.39354
2026-08-14 04:30:00,1.39351,1.39369,1.39346,1.39355
2026-08-14 04:45:00,1.39356,1.39369,1.39346,1.39361
2026-08-14 05:00:00,1.39361,1.39361,1.39333,1.39334
2026-08-14 05:15:00,1.39334,1.39341,1.39307,1.39315
2026-08-14 05:30:00,1.39311,1.39337,1.39306,1.3933
2026-08-14 05:45:00,1.39331,1.39349,1.39285,1.39287
2026-08-14 06:00:00,1.39291,1.3933,1.3928,1.39328
2026-08-14 06:15:00,1.39323,1.39323,1.39294,1.39309
2026-08-14 06:30:00,1.39306,1.39336,1.39305,1.39334
2026-08-14 06:45:00,1.39328,1.39339,1.39298,1.39314
2026-08-14 07:00:00,1.3931,1.39348,1.39281,1.39328
2026-08-14 07:15:00,1.39324,1.39356,1.3932,1.39322
2026-08-14 07:30:00,1.39323,1.3933,1.3929,1.39317
2026-08-14 07:45:00,1.39315,1.39348,1.39315,1.39345
2026-08-14 08:00:00,1.39341,1.39376,1.39291,1.39319
2026-08-14 08:15:00,1.39317,1.39322,1.39306,1.3931
2026-08-14 08:30:00,1.39307,1.39319,1.39307,1.39314
2026-08-14 08:45:00,1.39312,1.39315,1.39294,1.39295
2026-08-14 09:00:00,1.39298,1.39303,1.39273,1.39283
2026-08-14 09:15:00,1.39279,1.39297,1.39276,1.39294
2026-08-14 09:30:00,1.39285,1.39309,1.39276,1.39279
2026-08-14 09:45:00,1.39282,1.39289,1.39272,1.39275
2026-08-14 10:00:00,1.39276,1.3928,1.39233,1.39249
2026-08-14 10:15:00,1.3925,1.39251,1.39229,1.39233
2026-08-14 10:30:00,1.39231,1.39242,1.39226,1.39238
2026-08-14 10:45:00,1.39236,1.39242,1.39215,1.39219
2026-08-14 11:00:00,1.39218,1.39291,1.3921,1.39286
2026-08-14 11:15:00,1.3928,1.3931,1.3928,1.39288
2026-08-14 11:30:00,1.39289,1.39294,1.39266,1.39286
2026-08-14 11:45:00,1.39283,1.39291,1.39266,1.39289
2026-08-14 12:00:00,1.39287,1.39302,1.39271,1.39271
2026-08-14 12:15:00,1.39272,1.39275,1.39247,1.3925
2026-08-14 12:30:00,1.39249,1.39264,1.39223,1.39233
2026-08-14 12:45:00,1.3923,1.3926,1.3923,1.39256
2026-08-14 13:00:00,1.39255,1.39258,1.39241,1.39251
2026-08-14 13:15:00,1.39251,1.39252,1.39222,1.39224
2026-08-14 13:30:00,1.39226,1.39238,1.39203,1.3923
2026-08-14 13:45:00,1.39227,1.39234,1.39203,1.39205
2026-08-14 14:00:00,1.39208,1.39213,1.39186,1.39198
2026-08-14 14:15:00,1.39195,1.39223,1.39194,1.39221
2026-08-14 14:30:00,1.39218,1.3922,1.39186,1.392
2026-08-14 14:45:00,1.39197,1.39205,1.39184,1.39194
2026-08-14 15:00:00,1.39191,1.39195,1.39168,1.39173
2026-08-14 15:15:00,1.39173,1.3918,1.3916,1.39161
2026-08-14 15:30:00,1.39162,1.39165,1.39124,1.39136
2026-08-14 15:45:00,1.39132,1.39142,1.39121,1.39128
2026-08-14 16:00:00,1.39126,1.39126,1.39099,1.39121
2026-08-14 16:15:00,1.39118,1.39118,1.39098,1.39099
2026-08-14 16:30:00,1.39101,1.39106,1.39053,1.39065
2026-08-14 16:45:00,1.39063,1.3907,1.39031,1.39041
2026-08-14 17:00:00,1.39039,1.3905,1.38951,1.38951
2026-08-14 17:15:00,1.38952,1.38994,1.38944,1.38968
2026-08-14 17:30:00,1.38971,1.3898,1.38917,1.3894
2026-08-14 17:45:00,1.38936,1.38936,1.38892,1.38898
2026-08-14 18:00:00,1.38902,1.38906,1.38865,1.38891
2026-08-14 18:15:00,1.38883,1.38933,1.38883,1.38911
2026-08-14 18:30:00,1.38916,1.38937,1.38903,1.38921
2026-08-14 18:45:00,1.3892,1.38934,1.38914,1.38933
2026-08-14 19:00:00,1.3893,1.3893,1.38897,1.38898
2026-08-14 19:15:00,1.38899,1.38925,1.38899,1.38905
2026-08-14 19:30:00,1.38906,1.38927,1.38903,1.38916
2026-08-14 19:45:00,1.38913,1.38915,1.38897,1.38902
2026-08-14 20:00:00,1.389,1.38906,1.38879,1.38885
2026-08-14 20:15:00,1.3888,1.38897,1.38879,1.38879
2026-08-14 20:30:00,1.3888,1.389,1.38866,1.38894
2026-08-14 20:45:00,1.38892,1.38901,1.38881,1.38891
2026-08-14 21:00:00,1.38889,1.38894,1.38841,1.38856
2026-08-14 21:15:00,1.38859,1.38871,1.38818,1.38852
2026-08-14 21:30:00,1.38849,1.38857,1.38801,1.38805
2026-08-14 21:45:00,1.38812,1.38851,1.38812,1.38835
2026-08-14 22:00:00,1.38833,1.38833,1.38729,1.38767
2026-08-14 22:15:00,1.38763,1.38789,1.38718,1.38734
2026-08-14 22:30:00,1.38727,1.38815,1.38669,1.38806
2026-08-14 22:45:00,1.38807,1.38827,1.38774,1.38816
2026-08-14 23:00:00,1.38817,1.38836,1.38792,1.38795
2026-08-14 23:15:00,1.38796,1.38821,1.38783,1.38784
2026-08-14 23:30:00,1.38786,1.38806,1.38696,1.38707
2026-08-14 23:45:00,1.38709,1.38715,1.38666,1.38689
2026-08-15 00:00:00,1.38691,1.38734,1.38665,1.38732
2026-08-15 00:15:00,1.38722,1.38764,1.38686,1.38689
2026-08-15 00:30:00,1.38688,1.38781,1.38688,1.38771
2026-08-15 00:45:00,1.38767,1.38807,1.38728,1.38788
2026-08-15 01:00:00,1.38791,1.38807,1.38747,1.38772
2026-08-15 01:15:00,1.38769,1.38811,1.38767,1.3878
2026-08-15 01:30:00,1.38784,1.38784,1.3873,1.38733
2026-08-15 01:45:00,1.38737,1.38747,1.38666,1.38733
2026-08-15 02:00:00,1.38726,1.38763,1.38709,1.38762
2026-08-15 02:15:00,1.38758,1.38768,1.38717,1.38733
2026-08-15 02:30:00,1.38731,1.38753,1.38688,1.3873
2026-08-15 02:45:00,1.38725,1.38741,1.38712,1.3873
2026-08-15 03:00:00,1.38731,1.38789,1.38727,1.38788
2026-08-15 03:15:00,1.38785,1.388,1.38762,1.38776
2026-08-15 03:30:00,1.38775,1.3879,1.38747,1.38787
2026-08-15 03:45:00,1.38783,1.38811,1.38783,1.38786
2026-08-15 04:00:00,1.38787,1.38793,1.38766,1.38784
2026-08-15 04:15:00,1.38779,1.3879,1.38754,1.3876
2026-08-15 04:30:00,1.38757,1.38766,1.38736,1.38746
2026-08-15 04:45:00,1.38741,1.38765,1.38741,1.38759
2026-08-15 05:00:00,1.38751,1.38783,1.3874,1.38751
2026-08-15 05:15:00,1.38747,1.38762,1.38733,1.38747
2026-08-15 05:30:00,1.38743,1.38771,1.38737,1.38761
2026-08-15 05:45:00,1.3876,1.38779,1.38745,1.38776
2026-08-15 06:00:00,1.38772,1.38776,1.38733,1.38757
2026-08-15 06:15:00,1.3875,1.38781,1.38738,1.38743
2026-08-15 06:30:00,1.38739,1.38756,1.38732,1.38739
2026-08-15 06:45:00,1.38742,1.38755,1.38715,1.38753
2026-08-15 07:00:00,1.38748,1.38778,1.38736,1.38756
2026-08-15 07:15:00,1.38753,1.38762,1.3874,1.38745
2026-08-15 07:30:00,1.38742,1.38755,1.38733,1.38735
2026-08-15 07:45:00,1.38737,1.38765,1.38731,1.38756
2026-08-15 08:00:00,1.38752,1.3876,1.38737,1.38747
2026-08-15 08:15:00,1.38742,1.38749,1.3874,1.38746
2026-08-15 08:30:00,1.38743,1.38752,1.3874,1.38748
2026-08-15 08:45:00,1.38746,1.38752,1.38741,1.38743
2026-08-15 09:00:00,1.38745,1.38751,1.38737,1.38747
2026-08-15 09:15:00,1.38745,1.38753,1.38741,1.38748
2026-08-15 09:30:00,1.38745,1.38753,1.38739,1.3875
2026-08-15 09:45:00,1.38748,1.38755,1.38741,1.38744
2026-08-15 10:00:00,1.38746,1.38755,1.38729,1.38731
2026-08-15 10:15:00,1.38732,1.38739,1.38731,1.38736
2026-08-15 10:30:00,1.38734,1.38739,1.38728,1.38735
2026-08-15 10:45:00,1.38732,1.38739,1.38729,1.38733
2026-08-15 11:00:00,1.38733,1.3874,1.38731,1.38732
2026-08-15 11:15:00,1.38733,1.38742,1.38725,1.38734
2026-08-15 11:30:00,1.38732,1.3874,1.38729,1.38737
2026-08-15 11:45:00,1.38734,1.38739,1.38728,1.38734
2026-08-15 12:00:00,1.38733,1.3874,1.38731,1.38731
2026-08-15 12:15:00,1.38733,1.38739,1.38731,1.38735
2026-08-15 12:30:00,1.38733,1.3874,1.3873,1.38735
2026-08-15 12:45:00,1.38732,1.38745,1.38726,1.38736
2026-08-15 13:00:00,1.38735,1.38739,1.38731,1.38731
2026-08-15 13:15:00,1.38732,1.38743,1.3873,1.38736
2026-08-15 13:30:00,1.38733,1.38739,1.38731,1.38735
2026-08-15 13:45:00,1.38732,1.38741,1.3873,1.38735
2026-08-15 14:00:00,1.38733,1.38742,1.3873,1.38733
2026-08-15 14:15:00,1.38734,1.38739,1.3873,1.38735
2026-08-15 14:30:00,1.38732,1.38742,1.38729,1.38736
2026-08-15 14:45:00,1.38734,1.38739,1.38728,1.38733
2026-08-15 15:00:00,1.3873,1.38743,1.38728,1.38732
2026-08-15 15:15:00,1.38732,1.38741,1.3873,1.38734
2026-08-15 15:30:00,1.38735,1.38739,1.3873,1.38737
2026-08-15 15:45:00,1.38735,1.3874,1.38729,1.38735
2026-08-15 16:00:00,1.38733,1.3874,1.3873,1.38733
2026-08-15 16:15:00,1.38733,1.38741,1.38731,1.38733
2026-08-15 16:30:00,1.38733,1.3874,1.38729,1.38735
2026-08-15 16:45:00,1.38733,1.38741,1.38732,1.38737
2026-08-15 17:00:00,1.38734,1.38742,1.3873,1.38734
2026-08-15 17:15:00,1.38734,1.3874,1.38729,1.38737
2026-08-15 17:30:00,1.38733,1.3874,1.3873,1.38737
2026-08-15 17:45:00,1.38735,1.3874,1.38729,1.38738
2026-08-15 18:00:00,1.38735,1.3874,1.38731,1.38734
2026-08-15 18:15:00,1.38733,1.38741,1.38729,1.38732
2026-08-15 18:30:00,1.38733,1.38739,1.3873,1.38735
2026-08-15 18:45:00,1.38733,1.38741,1.3873,1.38736
2026-08-15 19:00:00,1.38733,1.38739,1.3873,1.38734
2026-08-15 19:15:00,1.38734,1.38739,1.3873,1.38732
2026-08-15 19:30:00,1.38733,1.38741,1.38731,1.38733
2026-08-15 19:45:00,1.38733,1.38739,1.38729,1.38736
2026-08-15 20:00:00,1.38733,1.38742,1.38727,1.38735
2026-08-15 20:15:00,1.38733,1.3874,1.38731,1.38732
2026-08-15 20:30:00,1.38733,1.38739,1.38729,1.38731
2026-08-15 20:45:00,1.38731,1.38752,1.38731,1.38736
2026-08-15 21:00:00,1.38733,1.38741,1.38729,1.38735
2026-08-15 21:15:00,1.38733,1.38741,1.38731,1.38735
2026-08-15 21:30:00,1.38733,1.38778,1.38729,1.38773
2026-08-15 21:45:00,1.38765,1.3877,1.38734,1.38738
2026-08-15 22:00:00,1.38736,1.38742,1.38731,1.38737
2026-08-15 22:15:00,1.38734,1.3874,1.38731,1.38731
2026-08-15 22:30:00,1.38731,1.38743,1.38723,1.38732
2026-08-15 22:45:00,1.38733,1.38742,1.3873,1.38741
2026-08-15 23:00:00,1.38738,1.38745,1.38733,1.38738
2026-08-15 23:15:00,1.38735,1.38795,1.38734,1.38746
2026-08-15 23:30:00,1.38749,1.38755,1.38747,1.38748
2026-08-15 23:45:00,1.38749,1.38759,1.38747,1.38755
2026-08-16 00:00:00,1.38752,1.38755,1.38731,1.38743
2026-08-16 00:15:00,1.3874,1.38743,1.38733,1.38736
2026-08-16 00:30:00,1.38735,1.38743,1.38734,1.38735
2026-08-16 00:45:00,1.38736,1.38742,1.38733,1.38738
2026-08-16 01:00:00,1.38735,1.38781,1.38734,1.38739
2026-08-16 01:15:00,1.38736,1.38746,1.3873,1.38744
2026-08-16 01:30:00,1.38741,1.38742,1.38734,1.38734
2026-08-16 01:45:00,1.38735,1.38745,1.38732,1.38739
2026-08-16 02:00:00,1.38739,1.3875,1.38737,1.38742
2026-08-16 02:15:00,1.3874,1.38749,1.38736,1.38743
2026-08-16 02:30:00,1.38741,1.38785,1.38727,1.38747
2026-08-16 02:45:00,1.38753,1.38797,1.38753,1.3878
2026-08-16 03:00:00,1.3878,1.38789,1.38755,1.38759
2026-08-16 03:15:00,1.38763,1.38777,1.38741,1.38746
2026-08-16 03:30:00,1.38744,1.3875,1.38734,1.38736
2026-08-16 03:45:00,1.38736,1.38745,1.38725,1.38727
2026-08-16 04:00:00,1.38733,1.38755,1.38731,1.3874
2026-08-16 04:15:00,1.38738,1.38792,1.38729,1.38774
2026-08-16 04:30:00,1.38771,1.38776,1.38749,1.38756
2026-08-16 04:45:00,1.38756,1.3876,1.38735,1.38735
2026-08-16 05:00:00,1.38736,1.38754,1.38735,1.38743
2026-08-16 05:15:00,1.38737,1.38749,1.38733,1.38742
2026-08-16 05:30:00,1.38739,1.38746,1.38726,1.3874
2026-08-16 05:45:00,1.3874,1.38746,1.38738,1.38739
2026-08-16 06:00:00,1.3874,1.388,1.38732,1.38788
2026-08-16 06:15:00,1.38786,1.38792,1.3878,1.3879
2026-08-16 06:30:00,1.38787,1.38788,1.3878,1.38783
2026-08-16 06:45:00,1.38782,1.38791,1.38753,1.38755
2026-08-16 07:00:00,1.38761,1.38764,1.38737,1.38743
2026-08-16 07:15:00,1.38739,1.38751,1.38735,1.38747
2026-08-16 07:30:00,1.38744,1.38751,1.38729,1.38746
2026-08-16 07:45:00,1.38745,1.38794,1.38729,1.38739
2026-08-16 08:00:00,1.3874,1.38754,1.38724,1.38744
2026-08-16 08:15:00,1.38744,1.3875,1.38742,1.38746
2026-08-16 08:30:00,1.38744,1.38755,1.38742,1.38752
2026-08-16 08:45:00,1.38749,1.38756,1.38747,1.38749
2026-08-16 09:00:00,1.38749,1.38767,1.38743,1.3876
2026-08-16 09:15:00,1.38761,1.38804,1.38741,1.38786
2026-08-16 09:30:00,1.38784,1.3879,1.38781,1.38786
2026-08-16 09:45:00,1.38784,1.38789,1.38778,1.3878
2026-08-16 10:00:00,1.3878,1.38786,1.38731,1.38746
2026-08-16 10:15:00,1.38746,1.38756,1.38746,1.38752
2026-08-16 10:30:00,1.3875,1.38759,1.38748,1.38756
2026-08-16 10:45:00,1.38753,1.38759,1.38741,1.38742
2026-08-16 11:00:00,1.38743,1.38755,1.38739,1.38742
2026-08-16 11:15:00,1.38743,1.38749,1.38732,1.38737
2026-08-16 11:30:00,1.38735,1.38747,1.38734,1.38744
2026-08-16 11:45:00,1.38741,1.38752,1.38739,1.38747
2026-08-16 12:00:00,1.38746,1.38753,1.38744,1.38746
2026-08-16 12:15:00,1.38748,1.38757,1.38745,1.38754
2026-08-16 12:30:00,1.38751,1.3876,1.38733,1.38746
2026-08-16 12:45:00,1.38743,1.38743,1.3873,1.38736
2026-08-16 13:00:00,1.38734,1.38746,1.38732,1.3874
2026-08-16 13:15:00,1.38741,1.38747,1.38738,1.38741
2026-08-16 13:30:00,1.38741,1.38752,1.38735,1.38748
2026-08-16 13:45:00,1.38745,1.38752,1.38743,1.38747
2026-08-16 14:00:00,1.38745,1.38756,1.38745,1.38749
2026-08-16 14:15:00,1.38749,1.38768,1.38736,1.38742
2026-08-16 14:30:00,1.38742,1.38748,1.3874,1.38744
2026-08-16 14:45:00,1.38742,1.38754,1.3874,1.38751
2026-08-16 15:00:00,1.38748,1.38754,1.38746,1.38748
2026-08-16 15:15:00,1.38748,1.38758,1.38745,1.38751
2026-08-16 15:30:00,1.38752,1.38758,1.3875,1.38757
2026-08-16 15:45:00,1.38755,1.38761,1.38753,1.38757
2026-08-16 16:00:00,1.38755,1.3876,1.38727,1.3873
2026-08-16 16:15:00,1.3873,1.38745,1.38728,1.38738
2026-08-16 16:30:00,1.38739,1.3875,1.38734,1.38746
2026-08-16 16:45:00,1.38744,1.38754,1.38741,1.38751
2026-08-16 17:00:00,1.38748,1.38754,1.38746,1.3875
2026-08-16 17:15:00,1.38748,1.38758,1.38746,1.3875
2026-08-16 17:30:00,1.38751,1.38761,1.38749,1.38758
2026-08-16 17:45:00,1.38756,1.38762,1.38736,1.38746
2026-08-16 18:00:00,1.38743,1.38753,1.38738,1.38749
2026-08-16 18:15:00,1.38747,1.38754,1.38745,1.38746
2026-08-16 18:30:00,1.38747,1.38757,1.38745,1.38754
2026-08-16 18:45:00,1.38751,1.38757,1.38749,1.38754
2026-08-16 19:00:00,1.38751,1.3876,1.38748,1.38755
2026-08-16 19:15:00,1.38754,1.38765,1.38753,1.38758
2026-08-16 19:30:00,1.38759,1.38766,1.38757,1.38759
2026-08-16 19:45:00,1.38759,1.38766,1.38758,1.38762
2026-08-16 20:00:00,1.38759,1.38766,1.38757,1.38762
2026-08-16 20:15:00,1.38759,1.38766,1.38758,1.38759
2026-08-16 20:30:00,1.38759,1.38766,1.38757,1.38759
2026-08-16 20:45:00,1.38759,1.38766,1.38757,1.38762
2026-08-16 21:00:00,1.38759,1.38766,1.38757,1.38762
2026-08-16 21:15:00,1.38759,1.38765,1.38757,1.38759
2026-08-16 21:30:00,1.38759,1.38805,1.38754,1.38789
2026-08-16 21:45:00,1.3879,1.38796,1.38788,1.38792
2026-08-16 22:00:00,1.3879,1.38796,1.38788,1.38793
2026-08-16 22:15:00,1.3879,1.38796,1.38788,1.3879
2026-08-16 22:30:00,1.3879,1.38796,1.38788,1.38789
2026-08-16 22:45:00,1.3879,1.38796,1.38788,1.38792
2026-08-16 23:00:00,1.3879,1.38796,1.38788,1.38793
2026-08-16 23:15:00,1.3879,1.38796,1.38731,1.38776
2026-08-16 23:30:00,1.38776,1.38782,1.38774,1.38775
2026-08-16 23:45:00,1.38776,1.38782,1.38774,1.38778
2026-08-17 00:00:00,1.38776,1.3878,1.38727,1.38734
2026-08-17 00:15:00,1.38731,1.38738,1.38728,1.38733
2026-08-17 00:30:00,1.38732,1.38736,1.38726,1.38727
2026-08-17 00:45:00,1.38728,1.38753,1.38713,1.38746
2026-08-17 01:00:00,1.38746,1.38789,1.38744,1.38768
2026-08-17 01:15:00,1.38765,1.38771,1.38746,1.38765
2026-08-17 01:30:00,1.38763,1.38769,1.38761,1.38762
2026-08-17 01:45:00,1.38763,1.38777,1.38749,1.38756
2026-08-17 02:00:00,1.38756,1.38758,1.38738,1.38754
2026-08-17 02:15:00,1.38752,1.38769,1.38741,1.38765
2026-08-17 02:30:00,1.38763,1.38818,1.38761,1.38799
2026-08-17 02:45:00,1.388,1.38806,1.38798,1.38799
2026-08-17 03:00:00,1.388,1.38802,1.38729,1.38734
2026-08-17 03:15:00,1.38735,1.38736,1.38727,1.38731
2026-08-17 03:30:00,1.38729,1.38746,1.38725,1.3873
2026-08-17 03:45:00,1.3873,1.38741,1.38728,1.38732
2026-08-17 04:00:00,1.38733,1.38743,1.38727,1.38733
2026-08-17 04:15:00,1.38731,1.38739,1.38728,1.38734
2026-08-17 04:30:00,1.38731,1.38745,1.38726,1.38738
2026-08-17 04:45:00,1.38739,1.38741,1.38728,1.38732
2026-08-17 05:00:00,1.38733,1.38803,1.38723,1.38727
2026-08-17 05:15:00,1.38732,1.38833,1.38721,1.38801
2026-08-17 05:30:00,1.38793,1.38816,1.38721,1.38735
2026-08-17 05:45:00,1.38737,1.38848,1.38722,1.38817
2026-08-17 06:00:00,1.38788,1.38828,1.38714,1.38717
2026-08-17 06:15:00,1.38722,1.38774,1.3872,1.38749
2026-08-17 06:30:00,1.38747,1.38756,1.38727,1.38745
2026-08-17 06:45:00,1.38741,1.38767,1.38734,1.38758
2026-08-17 07:00:00,1.38753,1.38772,1.38723,1.38747
2026-08-17 07:15:00,1.38751,1.38769,1.38733,1.38746
2026-08-17 07:30:00,1.38746,1.38768,1.38743,1.38762
2026-08-17 07:45:00,1.38758,1.38766,1.38744,1.3876
2026-08-17 08:00:00,1.38759,1.3876,1.38729,1.3875
2026-08-17 08:15:00,1.38745,1.38749,1.3872,1.38727
2026-08-17 08:30:00,1.38724,1.38737,1.3871,1.3873
2026-08-17 08:45:00,1.38727,1.3873,1.38713,1.38721
2026-08-17 09:00:00,1.38719,1.38719,1.38703,1.3871
2026-08-17 09:15:00,1.38705,1.38718,1.38702,1.38715
2026-08-17 09:30:00,1.38705,1.3873,1.38705,1.38713
2026-08-17 09:45:00,1.38709,1.38731,1.387,1.38725
2026-08-17 10:00:00,1.38725,1.38727,1.3866,1.38666
2026-08-17 10:15:00,1.38667,1.38675,1.38643,1.38651
2026-08-17 10:30:00,1.38649,1.38672,1.38637,1.38669
2026-08-17 10:45:00,1.38666,1.38686,1.38662,1.3868
2026-08-17 11:00:00,1.38678,1.38711,1.3866,1.38706
2026-08-17 11:15:00,1.38705,1.38716,1.38686,1.38687
2026-08-17 11:30:00,1.38688,1.38722,1.38682,1.38685
2026-08-17 11:45:00,1.38688,1.38688,1.38666,1.38671
2026-08-17 12:00:00,1.3867,1.38673,1.38658,1.38668
2026-08-17 12:15:00,1.38669,1.38674,1.38648,1.38649
2026-08-17 12:30:00,1.3865,1.38682,1.38646,1.38667
2026-08-17 12:45:00,1.3866,1.3869,1.3866,1.38683
2026-08-17 13:00:00,1.3868,1.38703,1.38678,1.38688
2026-08-17 13:15:00,1.38685,1.38691,1.38666,1.38679
2026-08-17 13:30:00,1.38676,1.38692,1.38666,1.38677
2026-08-17 13:45:00,1.38678,1.38681,1.38658,1.38661
2026-08-17 14:00:00,1.38665,1.38665,1.38619,1.3862
2026-08-17 14:15:00,1.38622,1.38641,1.38622,1.38629
2026-08-17 14:30:00,1.38631,1.38643,1.38626,1.3863
2026-08-17 14:45:00,1.38627,1.38645,1.38624,1.38642
2026-08-17 15:00:00,1.38639,1.38648,1.38628,1.38646
2026-08-17 15:15:00,1.38643,1.38648,1.38609,1.38609
2026-08-17 15:30:00,1.38611,1.38634,1.38607,1.38622
2026-08-17 15:45:00,1.3862,1.38638,1.38606,1.38634
2026-08-17 16:00:00,1.38632,1.38671,1.38622,1.38655
2026-08-17 16:15:00,1.38657,1.38662,1.38625,1.38625
2026-08-17 16:30:00,1.38626,1.38639,1.38609,1.38638
2026-08-17 16:45:00,1.38635,1.38638,1.38586,1.38591
2026-08-17 17:00:00,1.38598,1.3861,1.38584,1.38607
2026-08-17 17:15:00,1.38606,1.38606,1.38561,1.38562
2026-08-17 17:30:00,1.38564,1.38565,1.38534,1.38535
2026-08-17 17:45:00,1.38535,1.38573,1.38535,1.38567
2026-08-17 18:00:00,1.38566,1.38588,1.38561,1.38562
2026-08-17 18:15:00,1.38564,1.38571,1.38526,1.38536
2026-08-17 18:30:00,1.38533,1.38552,1.38523,1.38538
2026-08-17 18:45:00,1.38541,1.38613,1.38541,1.38577
2026-08-17 19:00:00,1.38579,1.38597,1.38561,1.38578
2026-08-17 19:15:00,1.38575,1.38586,1.38568,1.38569
2026-08-17 19:30:00,1.3857,1.38576,1.38539,1.3854
2026-08-17 19:45:00,1.38544,1.38571,1.38544,1.38571
2026-08-17 20:00:00,1.38566,1.38604,1.38565,1.38567
2026-08-17 20:15:00,1.3857,1.38585,1.38567,1.38573
2026-08-17 20:30:00,1.38575,1.38591,1.38562,1.38579
2026-08-17 20:45:00,1.38575,1.38614,1.38572,1.38614
2026-08-17 21:00:00,1.38611,1.38616,1.38588,1.38602
2026-08-17 21:15:00,1.38597,1.38626,1.38597,1.38621
2026-08-17 21:30:00,1.38616,1.38666,1.38608,1.38661
2026-08-17 21:45:00,1.38654,1.38675,1.38618,1.38621
2026-08-17 22:00:00,1.38625,1.38625,1.38575,1.38601
2026-08-17 22:15:00,1.38596,1.3861,1.38546,1.38549
2026-08-17 22:30:00,1.38552,1.3859,1.38514,1.38545
2026-08-17 22:45:00,1.38552,1.38552,1.3851,1.3854
2026-08-17 23:00:00,1.38536,1.38586,1.38516,1.38585
2026-08-17 23:15:00,1.3858,1.38582,1.38554,1.38571
2026-08-17 23:30:00,1.38569,1.38569,1.38526,1.38533
2026-08-17 23:45:00,1.38537,1.38572,1.3853,1.38538
2026-08-18 00:00:00,1.38537,1.38537,1.38471,1.38511
2026-08-18 00:15:00,1.38505,1.38523,1.38452,1.38521
2026-08-18 00:30:00,1.38514,1.38547,1.3849,1.38543
2026-08-18 00:45:00,1.38542,1.38677,1.38528,1.38672
2026-08-18 01:00:00,1.38665,1.38716,1.38665,1.38698
2026-08-18 01:15:00,1.387,1.38744,1.38697,1.38729
2026-08-18 01:30:00,1.38728,1.38728,1.38656,1.38695
2026-08-18 01:45:00,1.38705,1.38736,1.38676,1.38695
2026-08-18 02:00:00,1.38687,1.38712,1.38685,1.38706
2026-08-18 02:15:00,1.38702,1.38725,1.38677,1.38691
2026-08-18 02:30:00,1.38689,1.38705,1.38681,1.38703
2026-08-18 02:45:00,1.387,1.38704,1.3867,1.387
2026-08-18 03:00:00,1.38695,1.38714,1.38692,1.3871
2026-08-18 03:15:00,1.38708,1.38713,1.38672,1.38674
2026-08-18 03:30:00,1.38677,1.38742,1.38665,1.38721
2026-08-18 03:45:00,1.38722,1.38725,1.38695,1.38707
2026-08-18 04:00:00,1.38704,1.38719,1.38686,1.38703
2026-08-18 04:15:00,1.38704,1.38744,1.38691,1.38741
2026-08-18 04:30:00,1.38738,1.38783,1.38732,1.38761
2026-08-18 04:45:00,1.3876,1.38771,1.38741,1.38752
2026-08-18 05:00:00,1.38756,1.38773,1.38747,1.3875
2026-08-18 05:15:00,1.38753,1.38753,1.38726,1.38731
2026-08-18 05:30:00,1.38727,1.38745,1.38719,1.38727
2026-08-18 05:45:00,1.38725,1.38741,1.3872,1.38738
2026-08-18 06:00:00,1.38734,1.38754,1.38712,1.38753
2026-08-18 06:15:00,1.38749,1.38762,1.38731,1.38739
2026-08-18 06:30:00,1.38736,1.38766,1.38732,1.3876
2026-08-18 06:45:00,1.38754,1.38768,1.38752,1.38758
2026-08-18 07:00:00,1.38757,1.38757,1.38698,1.3871
2026-08-18 07:15:00,1.38707,1.38763,1.38707,1.38751
2026-08-18 07:30:00,1.38748,1.3877,1.38748,1.38766
2026-08-18 07:45:00,1.38764,1.38775,1.38762,1.3877
2026-08-18 08:00:00,1.38769,1.38771,1.38731,1.38741
2026-08-18 08:15:00,1.38741,1.38749,1.38726,1.38732
2026-08-18 08:30:00,1.38729,1.38736,1.3872,1.38723
2026-08-18 08:45:00,1.38721,1.38735,1.38719,1.38727
2026-08-18 09:00:00,1.38728,1.38733,1.38707,1.38712
2026-08-18 09:15:00,1.38713,1.38721,1.38709,1.38716
2026-08-18 09:30:00,1.38714,1.38724,1.38708,1.38719
2026-08-18 09:45:00,1.38717,1.38718,1.38699,1.38707
2026-08-18 10:00:00,1.38707,1.38708,1.38662,1.38699
2026-08-18 10:15:00,1.38695,1.38735,1.38684,1.38735
2026-08-18 10:30:00,1.38733,1.38748,1.38701,1.38714
2026-08-18 10:45:00,1.38711,1.38722,1.38703,1.38709
2026-08-18 11:00:00,1.38708,1.38719,1.38688,1.38688
2026-08-18 11:15:00,1.38688,1.38738,1.38669,1.38717
2026-08-18 11:30:00,1.38719,1.3872,1.38685,1.38705
2026-08-18 11:45:00,1.387,1.38728,1.387,1.38705
2026-08-18 12:00:00,1.38704,1.38728,1.387,1.3871
2026-08-18 12:15:00,1.38712,1.38723,1.38706,1.38707
2026-08-18 12:30:00,1.38708,1.38713,1.38686,1.38694
2026-08-18 12:45:00,1.38691,1.38692,1.38661,1.38665
2026-08-18 13:00:00,1.38664,1.38692,1.38662,1.38668
2026-08-18 13:15:00,1.38669,1.38709,1.38667,1.38698
2026-08-18 13:30:00,1.38698,1.38731,1.38688,1.38718
2026-08-18 13:45:00,1.38715,1.38758,1.38709,1.38732
2026-08-18 14:00:00,1.3873,1.38772,1.38723,1.3877
2026-08-18 14:15:00,1.38768,1.38779,1.38737,1.38739
2026-08-18 14:30:00,1.38743,1.38771,1.38743,1.38745
2026-08-18 14:45:00,1.38746,1.3876,1.38738,1.38758
2026-08-18 15:00:00,1.38753,1.38786,1.38753,1.38776
2026-08-18 15:15:00,1.38778,1.38788,1.38763,1.38763
2026-08-18 15:30:00,1.38765,1.38775,1.38757,1.38772
2026-08-18 15:45:00,1.3877,1.38774,1.38743,1.38757
2026-08-18 16:00:00,1.38754,1.38758,1.387,1.38711
2026-08-18 16:15:00,1.38709,1.3873,1.38699,1.387
2026-08-18 16:30:00,1.38701,1.38743,1.38687,1.38736
2026-08-18 16:45:00,1.38734,1.38775,1.38723,1.38739
2026-08-18 17:00:00,1.38743,1.38743,1.38674,1.38721
2026-08-18 17:15:00,1.3872,1.38745,1.38687,1.3869
2026-08-18 17:30:00,1.38698,1.38713,1.38658,1.38673
2026-08-18 17:45:00,1.38663,1.3868,1.38642,1.38649
2026-08-18 18:00:00,1.38644,1.38696,1.38637,1.38679
2026-08-18 18:15:00,1.38683,1.38712,1.38672,1.38695
2026-08-18 18:30:00,1.38697,1.3872,1.38693,1.38694
2026-08-18 18:45:00,1.38694,1.38694,1.38655,1.38668
2026-08-18 19:00:00,1.38662,1.38686,1.38653,1.38676
2026-08-18 19:15:00,1.38673,1.38698,1.38641,1.38641
2026-08-18 19:30:00,1.38643,1.38679,1.38625,1.38678
2026-08-18 19:45:00,1.38675,1.3869,1.38659,1.38674
2026-08-18 20:00:00,1.38673,1.38709,1.38661,1.38705
2026-08-18 20:15:00,1.38703,1.38708,1.38684,1.38685
2026-08-18 20:30:00,1.38687,1.38719,1.38676,1.38716
2026-08-18 20:45:00,1.38715,1.38732,1.387,1.38726
2026-08-18 21:00:00,1.38724,1.38761,1.3872,1.3875
2026-08-18 21:15:00,1.38746,1.38769,1.38735,1.38751
2026-08-18 21:30:00,1.38746,1.38784,1.38746,1.38778
2026-08-18 21:45:00,1.38771,1.38789,1.38745,1.38746
2026-08-18 22:00:00,1.38747,1.38764,1.38729,1.38743
2026-08-18 22:15:00,1.38745,1.38756,1.38724,1.38743
2026-08-18 22:30:00,1.3874,1.38756,1.38727,1.38742
2026-08-18 22:45:00,1.38741,1.38745,1.38681,1.38732
2026-08-18 23:00:00,1.38724,1.38745,1.38676,1.38692
2026-08-18 23:15:00,1.38688,1.38716,1.38686,1.38703
2026-08-18 23:30:00,1.38705,1.38739,1.38682,1.38736
2026-08-18 23:45:00,1.38731,1.38813,1.38731,1.38768
2026-08-19 00:00:00,1.38775,1.38775,1.38698,1.38701
2026-08-19 00:15:00,1.38702,1.38733,1.38701,1.38726
2026-08-19 00:30:00,1.38723,1.38794,1.38723,1.38766
2026-08-19 00:45:00,1.38758,1.38876,1.38716,1.38853
2026-08-19 01:00:00,1.3886,1.38894,1.38817,1.38875
2026-08-19 01:15:00,1.38872,1.38951,1.38872,1.38928
2026-08-19 01:30:00,1.3894,1.3894,1.38861,1.38906
2026-08-19 01:45:00,1.38902,1.38912,1.3888,1.38901
2026-08-19 02:00:00,1.38902,1.38927,1.389,1.38916
2026-08-19 02:15:00,1.38912,1.38963,1.38912,1.38961
2026-08-19 02:30:00,1.38953,1.38979,1.38953,1.38958
2026-08-19 02:45:00,1.38959,1.38974,1.38941,1.38971
2026-08-19 03:00:00,1.38967,1.39011,1.38961,1.3901
2026-08-19 03:15:00,1.39009,1.39025,1.38984,1.39023
2026-08-19 03:30:00,1.3902,1.39049,1.39006,1.39024
2026-08-19 03:45:00,1.39023,1.39043,1.3902,1.39037
2026-08-19 04:00:00,1.39038,1.39063,1.39034,1.39051
2026-08-19 04:15:00,1.39053,1.39064,1.3904,1.39061
2026-08-19 04:30:00,1.39058,1.39104,1.39057,1.39099
2026-08-19 04:45:00,1.39097,1.39103,1.39062,1.39062
2026-08-19 05:00:00,1.39064,1.39075,1.38964,1.38973
2026-08-19 05:15:00,1.38986,1.38986,1.38946,1.38981
2026-08-19 05:30:00,1.38978,1.38988,1.3894,1.38941
2026-08-19 05:45:00,1.38941,1.38989,1.38941,1.38987
2026-08-19 06:00:00,1.38983,1.39014,1.38977,1.38985
2026-08-19 06:15:00,1.38988,1.39022,1.38988,1.39003
2026-08-19 06:30:00,1.39,1.39,1.38967,1.38981
2026-08-19 06:45:00,1.38979,1.38985,1.38961,1.38962
2026-08-19 07:00:00,1.38967,1.38978,1.38906,1.3894
2026-08-19 07:15:00,1.38941,1.38957,1.38932,1.38949
2026-08-19 07:30:00,1.38947,1.38947,1.38913,1.38935
2026-08-19 07:45:00,1.3893,1.38949,1.38923,1.38944
2026-08-19 08:00:00,1.38938,1.38973,1.38938,1.38971
2026-08-19 08:15:00,1.38967,1.38989,1.38961,1.38989
2026-08-19 08:30:00,1.38986,1.38994,1.38968,1.38982
2026-08-19 08:45:00,1.38979,1.38989,1.38973,1.38984
2026-08-19 09:00:00,1.38983,1.39001,1.38947,1.38969
2026-08-19 09:15:00,1.38974,1.39004,1.38974,1.38999
2026-08-19 09:30:00,1.38986,1.39024,1.38986,1.39021
2026-08-19 09:45:00,1.39018,1.39025,1.38994,1.38998
2026-08-19 10:00:00,1.38997,1.39001,1.3895,1.3895
2026-08-19 10:15:00,1.38951,1.38961,1.38936,1.38959
2026-08-19 10:30:00,1.38955,1.39003,1.38955,1.38991
2026-08-19 10:45:00,1.38985,1.3902,1.38978,1.39017
2026-08-19 11:00:00,1.3901,1.39068,1.3901,1.39063
2026-08-19 11:15:00,1.39057,1.39081,1.39049,1.3906
2026-08-19 11:30:00,1.39061,1.39065,1.38995,1.38997
2026-08-19 11:45:00,1.38997,1.39007,1.38986,1.38987
2026-08-19 12:00:00,1.38987,1.38999,1.38951,1.38953
2026-08-19 12:15:00,1.38953,1.38962,1.38714,1.38831
2026-08-19 12:30:00,1.38828,1.38842,1.38784,1.38789
2026-08-19 12:45:00,1.38786,1.388,1.38751,1.38793
2026-08-19 13:00:00,1.38791,1.38792,1.38759,1.38761
2026-08-19 13:15:00,1.38763,1.38783,1.38758,1.38774
2026-08-19 13:30:00,1.38775,1.38816,1.38775,1.38813
2026-08-19 13:45:00,1.38811,1.3883,1.388,1.38828
2026-08-19 14:00:00,1.38823,1.38834,1.38794,1.38795
2026-08-19 14:15:00,1.38796,1.38819,1.38783,1.38804
2026-08-19 14:30:00,1.38809,1.38833,1.38787,1.38821
2026-08-19 14:45:00,1.38822,1.38831,1.38801,1.3881
2026-08-19 15:00:00,1.38813,1.38828,1.38789,1.3882
2026-08-19 15:15:00,1.38818,1.38822,1.38795,1.38814
2026-08-19 15:30:00,1.38813,1.38813,1.38788,1.38797
2026-08-19 15:45:00,1.38798,1.38825,1.38795,1.3881
2026-08-19 16:00:00,1.38814,1.38814,1.3878,1.3879
2026-08-19 16:15:00,1.38784,1.38805,1.38757,1.38777
2026-08-19 16:30:00,1.38775,1.38789,1.38755,1.38788
2026-08-19 16:45:00,1.38783,1.38809,1.38777,1.38799
2026-08-19 17:00:00,1.38796,1.38796,1.38735,1.38774
2026-08-19 17:15:00,1.38772,1.38789,1.38766,1.3877
2026-08-19 17:30:00,1.38772,1.38784,1.38738,1.38761
2026-08-19 17:45:00,1.38752,1.38772,1.3874,1.38757
2026-08-19 18:00:00,1.38754,1.38773,1.38713,1.3873
2026-08-19 18:15:00,1.38725,1.38812,1.38721,1.3881
2026-08-19 18:30:00,1.38806,1.38843,1.38804,1.38807
2026-08-19 18:45:00,1.38807,1.38809,1.38779,1.38781
2026-08-19 19:00:00,1.38784,1.38788,1.38723,1.38738
2026-08-19 19:15:00,1.38733,1.38745,1.38718,1.38743
2026-08-19 19:30:00,1.3874,1.38749,1.38717,1.38717
2026-08-19 19:45:00,1.38718,1.38722,1.387,1.38708
2026-08-19 20:00:00,1.38708,1.38728,1.38671,1.38679
2026-08-19 20:15:00,1.38694,1.38694,1.38661,1.38676
2026-08-19 20:30:00,1.38675,1.38683,1.38637,1.38648
2026-08-19 20:45:00,1.38651,1.38702,1.38651,1.38702
2026-08-19 21:00:00,1.387,1.3874,1.38683,1.3872
2026-08-19 21:15:00,1.38717,1.38762,1.38716,1.38755
2026-08-19 21:30:00,1.38755,1.38771,1.38741,1.38765
2026-08-19 21:45:00,1.38765,1.38768,1.38742,1.38753
2026-08-19 22:00:00,1.38752,1.38753,1.38705,1.38716
2026-08-19 22:15:00,1.38714,1.3872,1.38669,1.38712
2026-08-19 22:30:00,1.3871,1.38745,1.38638,1.38672
2026-08-19 22:45:00,1.38673,1.38708,1.38572,1.38594
2026-08-19 23:00:00,1.38596,1.38612,1.38398,1.3841
2026-08-19 23:15:00,1.38406,1.38423,1.3837,1.38378
2026-08-19 23:30:00,1.38394,1.38394,1.38269,1.38281
2026-08-19 23:45:00,1.38295,1.38309,1.38225,1.38229
2026-08-20 00:00:00,1.38236,1.38257,1.38074,1.3808
2026-08-20 00:15:00,1.38086,1.38191,1.38078,1.38085
2026-08-20 00:30:00,1.3809,1.3813,1.38046,1.38059
2026-08-20 00:45:00,1.38065,1.38213,1.38065,1.38145
2026-08-20 01:00:00,1.38141,1.38204,1.38132,1.38166
2026-08-20 01:15:00,1.38174,1.38273,1.38161,1.38198
2026-08-20 01:30:00,1.38227,1.38248,1.38161,1.38198
2026-08-20 01:45:00,1.38196,1.38285,1.3816,1.38232
2026-08-20 02:00:00,1.38235,1.3825,1.38137,1.38149
2026-08-20 02:15:00,1.3814,1.38169,1.38127,1.38155
2026-08-20 02:30:00,1.38147,1.38165,1.38114,1.38117
2026-08-20 02:45:00,1.38119,1.3815,1.38101,1.3813
2026-08-20 03:00:00,1.38122,1.38171,1.38096,1.38169
2026-08-20 03:15:00,1.38163,1.38203,1.38162,1.38201
2026-08-20 03:30:00,1.38195,1.38233,1.38182,1.38228
2026-08-20 03:45:00,1.38219,1.38263,1.38219,1.38251
2026-08-20 04:00:00,1.38248,1.38249,1.38117,1.38119
2026-08-20 04:15:00,1.38121,1.38193,1.38119,1.38189
2026-08-20 04:30:00,1.38182,1.38197,1.38124,1.38126
2026-08-20 04:45:00,1.38126,1.38135,1.38093,1.38109
2026-08-20 05:00:00,1.38104,1.38142,1.38079,1.3811
2026-08-20 05:15:00,1.38094,1.38132,1.38094,1.38128
2026-08-20 05:30:00,1.38125,1.3817,1.38118,1.38127
2026-08-20 05:45:00,1.38127,1.38147,1.38092,1.38101
2026-08-20 06:00:00,1.38104,1.38131,1.38102,1.3813
2026-08-20 06:15:00,1.38129,1.38141,1.38101,1.38118
2026-08-20 06:30:00,1.3811,1.38126,1.38083,1.38088
2026-08-20 06:45:00,1.38085,1.38096,1.38073,1.38074
2026-08-20 07:00:00,1.38076,1.38084,1.38002,1.38075
2026-08-20 07:15:00,1.38074,1.38084,1.38054,1.38064
2026-08-20 07:30:00,1.38062,1.38073,1.38053,1.38069
2026-08-20 07:45:00,1.38067,1.3808,1.38056,1.38065
2026-08-20 08:00:00,1.38066,1.3809,1.38056,1.38085
2026-08-20 08:15:00,1.38081,1.38088,1.3807,1.38074
2026-08-20 08:30:00,1.38074,1.38083,1.38056,1.38075
2026-08-20 08:45:00,1.38072,1.38082,1.38066,1.38078
2026-08-20 09:00:00,1.38072,1.38098,1.38054,1.38059
2026-08-20 09:15:00,1.3806,1.38093,1.38056,1.38083
2026-08-20 09:30:00,1.38084,1.38101,1.38083,1.38094
2026-08-20 09:45:00,1.38091,1.38108,1.38091,1.38105
2026-08-20 10:00:00,1.38104,1.38104,1.38038,1.38065
2026-08-20 10:15:00,1.38068,1.38085,1.3803,1.3808
2026-08-20 10:30:00,1.38078,1.38078,1.38041,1.3807
2026-08-20 10:45:00,1.38066,1.38106,1.38066,1.38094
2026-08-20 11:00:00,1.38095,1.38125,1.38086,1.38087
2026-08-20 11:15:00,1.3809,1.3809,1.38015,1.38016
2026-08-20 11:30:00,1.38016,1.38058,1.38015,1.38031
2026-08-20 11:45:00,1.38027,1.38077,1.38021,1.38038
2026-08-20 12:00:00,1.38036,1.38036,1.38,1.38019
2026-08-20 12:15:00,1.38021,1.38075,1.38021,1.38065
2026-08-20 12:30:00,1.38065,1.38082,1.38054,1.38066
2026-08-20 12:45:00,1.38063,1.38086,1.38056,1.38084
2026-08-20 13:00:00,1.3808,1.38088,1.38046,1.38047
2026-08-20 13:15:00,1.38049,1.38076,1.38021,1.3804
2026-08-20 13:30:00,1.38034,1.38039,1.37996,1.38002
2026-08-20 13:45:00,1.37999,1.38008,1.37984,1.37993
2026-08-20 14:00:00,1.37991,1.37997,1.3793,1.37938
2026-08-20 14:15:00,1.37938,1.37977,1.37934,1.37966
2026-08-20 14:30:00,1.37968,1.37999,1.37965,1.37996
2026-08-20 14:45:00,1.37994,1.38031,1.37984,1.38029
2026-08-20 15:00:00,1.38024,1.38035,1.38001,1.38022
2026-08-20 15:15:00,1.38021,1.38037,1.38008,1.38032
2026-08-20 15:30:00,1.38026,1.38037,1.37997,1.38005
2026-08-20 15:45:00,1.38005,1.38017,1.37959,1.37961
2026-08-20 16:00:00,1.37964,1.38007,1.3794,1.37945
2026-08-20 16:15:00,1.37952,1.37967,1.37932,1.37941
2026-08-20 16:30:00,1.37943,1.37974,1.37943,1.37964
2026-08-20 16:45:00,1.37963,1.37963,1.37895,1.37907
2026-08-20 17:00:00,1.37904,1.3796,1.37901,1.3791
2026-08-20 17:15:00,1.37914,1.37914,1.37874,1.37884
2026-08-20 17:30:00,1.3788,1.37885,1.37808,1.37811
2026-08-20 17:45:00,1.37819,1.37854,1.3779,1.37792
2026-08-20 18:00:00,1.37792,1.37817,1.37758,1.3776
2026-08-20 18:15:00,1.37761,1.37765,1.37727,1.37732
2026-08-20 18:30:00,1.37734,1.37784,1.37706,1.37726
2026-08-20 18:45:00,1.37721,1.37738,1.37711,1.37735
2026-08-20 19:00:00,1.3773,1.37769,1.37669,1.37672
2026-08-20 19:15:00,1.37675,1.37683,1.3761,1.3767
2026-08-20 19:30:00,1.37668,1.37741,1.37655,1.37707
2026-08-20 19:45:00,1.37709,1.37709,1.37648,1.37653
2026-08-20 20:00:00,1.3766,1.37665,1.37578,1.37584
2026-08-20 20:15:00,1.37579,1.37606,1.3756,1.37561
2026-08-20 20:30:00,1.37564,1.37675,1.37556,1.37668
2026-08-20 20:45:00,1.37658,1.37693,1.37658,1.37688
2026-08-20 21:00:00,1.37685,1.37695,1.37658,1.37691
2026-08-20 21:15:00,1.37684,1.37685,1.3763,1.37655
2026-08-20 21:30:00,1.37648,1.3768,1.37635,1.37677
2026-08-20 21:45:00,1.37673,1.37724,1.37665,1.37685
2026-08-20 22:00:00,1.37685,1.37744,1.37672,1.37695
2026-08-20 22:15:00,1.37691,1.37782,1.37678,1.37761
2026-08-20 22:30:00,1.37763,1.37819,1.37757,1.378
2026-08-20 22:45:00,1.37797,1.37883,1.37769,1.37785
2026-08-20 23:00:00,1.37787,1.37787,1.37679,1.37703
2026-08-20 23:15:00,1.377,1.37743,1.37669,1.37728
2026-08-20 23:30:00,1.37732,1.37768,1.37708,1.3775
2026-08-20 23:45:00,1.37747,1.37847,1.37721,1.3784
2026-08-21 00:00:00,1.37827,1.37866,1.37773,1.37855
2026-08-21 00:15:00,1.37852,1.3787,1.37815,1.37868
2026-08-21 00:30:00,1.37863,1.37885,1.37802,1.3782
2026-08-21 00:45:00,1.37827,1.37849,1.37773,1.37812
2026-08-21 01:00:00,1.37807,1.37855,1.37749,1.3782
2026-08-21 01:15:00,1.37838,1.37838,1.37761,1.37766
2026-08-21 01:30:00,1.37775,1.37891,1.37755,1.37882
2026-08-21 01:45:00,1.37867,1.37897,1.37817,1.37819
2026-08-21 02:00:00,1.37822,1.37862,1.37813,1.37861
2026-08-21 02:15:00,1.37856,1.37894,1.37846,1.37891
2026-08-21 02:30:00,1.37887,1.37934,1.37887,1.37932
2026-08-21 02:45:00,1.37928,1.37953,1.37906,1.37907
2026-08-21 03:00:00,1.37911,1.37948,1.37911,1.3793
2026-08-21 03:15:00,1.37933,1.37933,1.37885,1.37904
2026-08-21 03:30:00,1.37898,1.37903,1.37867,1.379
2026-08-21 03:45:00,1.37898,1.37899,1.37867,1.37876
2026-08-21 04:00:00,1.37879,1.37928,1.37873,1.37923
2026-08-21 04:15:00,1.37922,1.37954,1.37896,1.37905
2026-08-21 04:30:00,1.37902,1.37909,1.37883,1.3789
2026-08-21 04:45:00,1.37891,1.37909,1.37891,1.37903
2026-08-21 05:00:00,1.37897,1.37943,1.37897,1.37924
2026-08-21 05:15:00,1.37923,1.37926,1.37893,1.3791
2026-08-21 05:30:00,1.37907,1.37935,1.37901,1.37932
2026-08-21 05:45:00,1.3793,1.37946,1.379,1.3794
2026-08-21 06:00:00,1.37934,1.37941,1.37899,1.37911
2026-08-21 06:15:00,1.37906,1.37929,1.37905,1.37911
2026-08-21 06:30:00,1.37909,1.37915,1.37876,1.37885
2026-08-21 06:45:00,1.37883,1.37899,1.37863,1.37896
2026-08-21 07:00:00,1.37891,1.37912,1.37872,1.37875
2026-08-21 07:15:00,1.37875,1.37888,1.37863,1.37872
2026-08-21 07:30:00,1.3787,1.37877,1.37865,1.37872
2026-08-21 07:45:00,1.37869,1.37874,1.37854,1.37856
2026-08-21 08:00:00,1.37857,1.37881,1.37844,1.37853
2026-08-21 08:15:00,1.37853,1.37868,1.37841,1.37848
2026-08-21 08:30:00,1.37846,1.3786,1.37846,1.37855
2026-08-21 08:45:00,1.37852,1.37855,1.37836,1.37842
2026-08-21 09:00:00,1.37842,1.37844,1.37811,1.37812
2026-08-21 09:15:00,1.37814,1.37819,1.37797,1.37818
2026-08-21 09:30:00,1.37814,1.37838,1.37814,1.37824
2026-08-21 09:45:00,1.37821,1.37831,1.37806,1.37818
2026-08-21 10:00:00,1.3782,1.37822,1.37786,1.37786
2026-08-21 10:15:00,1.37787,1.378,1.37763,1.37798
2026-08-21 10:30:00,1.37792,1.37798,1.3777,1.37794
2026-08-21 10:45:00,1.37791,1.37793,1.3777,1.37781
2026-08-21 11:00:00,1.3778,1.37809,1.37776,1.37785
2026-08-21 11:15:00,1.37787,1.37791,1.37748,1.37751
2026-08-21 11:30:00,1.37755,1.37755,1.37714,1.37749
2026-08-21 11:45:00,1.37745,1.37749,1.37723,1.37729
2026-08-21 12:00:00,1.37728,1.37746,1.37712,1.37727
2026-08-21 12:15:00,1.37724,1.37729,1.37677,1.37678
2026-08-21 12:30:00,1.37681,1.37688,1.37652,1.37662
2026-08-21 12:45:00,1.3766,1.37669,1.37609,1.37636
2026-08-21 13:00:00,1.37631,1.37647,1.37613,1.37618
2026-08-21 13:15:00,1.37619,1.3765,1.37613,1.37646
2026-08-21 13:30:00,1.37639,1.37662,1.37639,1.37651
2026-08-21 13:45:00,1.37657,1.37662,1.37644,1.37655
2026-08-21 14:00:00,1.37653,1.37659,1.37631,1.37637
2026-08-21 14:15:00,1.37638,1.37658,1.37636,1.37655
2026-08-21 14:30:00,1.3765,1.37663,1.37643,1.3766
2026-08-21 14:45:00,1.37658,1.37665,1.37641,1.37662
2026-08-21 15:00:00,1.37658,1.37686,1.37654,1.37667
2026-08-21 15:15:00,1.37667,1.37679,1.37653,1.37654
2026-08-21 15:30:00,1.37656,1.37669,1.37602,1.37604
2026-08-21 15:45:00,1.37608,1.37614,1.37597,1.37606
2026-08-21 16:00:00,1.37604,1.37657,1.37592,1.37644
2026-08-21 16:15:00,1.37643,1.37673,1.37626,1.37653
2026-08-21 16:30:00,1.37654,1.37657,1.37612,1.37634
2026-08-21 16:45:00,1.37633,1.37638,1.37607,1.37611
2026-08-21 17:00:00,1.37615,1.37652,1.37582,1.37645
2026-08-21 17:15:00,1.37643,1.37668,1.37631,1.37646
2026-08-21 17:30:00,1.37648,1.37648,1.37584,1.37619
2026-08-21 17:45:00,1.37607,1.37631,1.37594,1.37596
2026-08-21 18:00:00,1.37598,1.376,1.37547,1.37554
2026-08-21 18:15:00,1.37553,1.37572,1.37524,1.37524
2026-08-21 18:30:00,1.37526,1.37555,1.37502,1.37503
2026-08-21 18:45:00,1.37504,1.37504,1.37468,1.37479
2026-08-21 19:00:00,1.37477,1.37498,1.37444,1.37461
2026-08-21 19:15:00,1.37457,1.37517,1.37448,1.37515
2026-08-21 19:30:00,1.37511,1.37519,1.37478,1.37504
2026-08-21 19:45:00,1.37501,1.37504,1.37458,1.37488
2026-08-21 20:00:00,1.3748,1.37499,1.37429,1.37457
2026-08-21 20:15:00,1.37448,1.37448,1.37403,1.37404
2026-08-21 20:30:00,1.37404,1.37406,1.3736,1.3737
2026-08-21 20:45:00,1.3737,1.3742,1.37358,1.37418
2026-08-21 21:00:00,1.37416,1.37443,1.37394,1.37403
2026-08-21 21:15:00,1.37401,1.37414,1.37386,1.37412
2026-08-21 21:30:00,1.3741,1.37439,1.37383,1.37396
2026-08-21 21:45:00,1.37396,1.37411,1.37368,1.37383
2026-08-21 22:00:00,1.37378,1.37422,1.37329,1.37404
2026-08-21 22:15:00,1.37403,1.37421,1.37345,1.37388
2026-08-21 22:30:00,1.37387,1.37487,1.37387,1.3745
2026-08-21 22:45:00,1.37455,1.3748,1.37435,1.37459
2026-08-21 23:00:00,1.37461,1.37505,1.37436,1.37501
2026-08-21 23:15:00,1.37498,1.37509,1.37459,1.37482
2026-08-21 23:30:00,1.37478,1.3749,1.37461,1.37489
2026-08-21 23:45:00,1.37487,1.37519,1.37463,1.37506
2026-08-22 00:00:00,1.37499,1.37589,1.37499,1.37567
2026-08-22 00:15:00,1.37565,1.37619,1.37555,1.37618
2026-08-22 00:30:00,1.37613,1.37752,1.37613,1.37733
2026-08-22 00:45:00,1.37736,1.37785,1.37717,1.37723
2026-08-22 01:00:00,1.37728,1.37748,1.37692,1.37718
2026-08-22 01:15:00,1.37713,1.37737,1.3768,1.37685
2026-08-22 01:30:00,1.37691,1.3772,1.37672,1.37681
2026-08-22 01:45:00,1.37685,1.37709,1.37661,1.37662
2026-08-22 02:00:00,1.37666,1.37694,1.37618,1.37662
2026-08-22 02:15:00,1.37665,1.37704,1.37658,1.37697
2026-08-22 02:30:00,1.37695,1.37695,1.37637,1.37663
2026-08-22 02:45:00,1.37664,1.37675,1.37653,1.37658
2026-08-22 03:00:00,1.37658,1.37676,1.37652,1.37664
2026-08-22 03:15:00,1.37663,1.37666,1.37598,1.37626
2026-08-22 03:30:00,1.37618,1.37618,1.37552,1.37585
2026-08-22 03:45:00,1.3758,1.3763,1.3758,1.37623
2026-08-22 04:00:00,1.37624,1.37628,1.37592,1.37609
2026-08-22 04:15:00,1.37611,1.3764,1.37609,1.37614
2026-08-22 04:30:00,1.37609,1.37649,1.37601,1.37645
2026-08-22 04:45:00,1.37642,1.37647,1.3762,1.37626
2026-08-22 05:00:00,1.37628,1.37649,1.37609,1.37647
2026-08-22 05:15:00,1.37643,1.3768,1.37643,1.37679
2026-08-22 05:30:00,1.37672,1.37685,1.37653,1.37666
2026-08-22 05:45:00,1.37664,1.37697,1.37634,1.37692
2026-08-22 06:00:00,1.37685,1.377,1.37667,1.37674
2026-08-22 06:15:00,1.37674,1.37674,1.37641,1.37654
2026-08-22 06:30:00,1.37645,1.37673,1.37645,1.37653
2026-08-22 06:45:00,1.37656,1.37695,1.37638,1.37669
2026-08-22 07:00:00,1.37672,1.37686,1.37626,1.37637
2026-08-22 07:15:00,1.3765,1.37683,1.37636,1.3766
2026-08-22 07:30:00,1.37658,1.37672,1.37635,1.37646
2026-08-22 07:45:00,1.37647,1.37676,1.37632,1.3764
2026-08-22 08:00:00,1.37642,1.3766,1.37633,1.37651
2026-08-22 08:15:00,1.37652,1.37657,1.3765,1.37654
2026-08-22 08:30:00,1.37652,1.3766,1.37635,1.37641
2026-08-22 08:45:00,1.3764,1.37655,1.37635,1.37646
2026-08-22 09:00:00,1.37645,1.37658,1.37634,1.37645
2026-08-22 09:15:00,1.37648,1.37658,1.37638,1.37647
2026-08-22 09:30:00,1.37646,1.37662,1.37637,1.37652
2026-08-22 09:45:00,1.37649,1.37652,1.37634,1.37647
2026-08-22 10:00:00,1.37645,1.37677,1.3762,1.3767
2026-08-22 10:15:00,1.37671,1.37685,1.37663,1.37673
2026-08-22 10:30:00,1.37671,1.37677,1.37668,1.37673
2026-08-22 10:45:00,1.3767,1.37685,1.37668,1.37671
2026-08-22 11:00:00,1.37669,1.37676,1.37659,1.3767
2026-08-22 11:15:00,1.37671,1.37686,1.3766,1.37671
2026-08-22 11:30:00,1.37671,1.37684,1.3765,1.37671
2026-08-22 11:45:00,1.37668,1.37678,1.37668,1.37673
2026-08-22 12:00:00,1.37671,1.37685,1.37656,1.37669
2026-08-22 12:15:00,1.3767,1.37677,1.37669,1.37671
2026-08-22 12:30:00,1.37671,1.37686,1.37668,1.37673
2026-08-22 12:45:00,1.37671,1.37683,1.37659,1.37669
2026-08-22 13:00:00,1.3767,1.37675,1.37653,1.37672
2026-08-22 13:15:00,1.37669,1.37687,1.37651,1.37668
2026-08-22 13:30:00,1.37668,1.37674,1.37665,1.3767
2026-08-22 13:45:00,1.37668,1.3768,1.37666,1.3767
2026-08-22 14:00:00,1.37667,1.37681,1.37661,1.3767
2026-08-22 14:15:00,1.3767,1.37676,1.37664,1.37669
2026-08-22 14:30:00,1.3767,1.37684,1.37662,1.37671
2026-08-22 14:45:00,1.37669,1.37677,1.37668,1.37674
2026-08-22 15:00:00,1.37671,1.37697,1.37651,1.37671
2026-08-22 15:15:00,1.3767,1.37684,1.37668,1.37672
2026-08-22 15:30:00,1.37672,1.37676,1.37668,1.37671
2026-08-22 15:45:00,1.37669,1.37686,1.37661,1.37674
2026-08-22 16:00:00,1.37671,1.37676,1.37667,1.37671
2026-08-22 16:15:00,1.37669,1.37682,1.37667,1.37669
2026-08-22 16:30:00,1.3767,1.37685,1.37652,1.37671
2026-08-22 16:45:00,1.37666,1.37677,1.37666,1.37673
2026-08-22 17:00:00,1.37671,1.37683,1.37667,1.3767
2026-08-22 17:15:00,1.37668,1.37677,1.37668,1.3767
2026-08-22 17:30:00,1.3767,1.37683,1.37669,1.37671
2026-08-22 17:45:00,1.3767,1.37686,1.37669,1.37674
2026-08-22 18:00:00,1.37676,1.37678,1.37669,1.37673
2026-08-22 18:15:00,1.37671,1.37685,1.37648,1.37674
2026-08-22 18:30:00,1.37672,1.37678,1.37669,1.37671
2026-08-22 18:45:00,1.37671,1.37682,1.3767,1.37674
2026-08-22 19:00:00,1.37671,1.37682,1.37668,1.37678
2026-08-22 19:15:00,1.37676,1.37678,1.37668,1.37674
2026-08-22 19:30:00,1.37672,1.37683,1.37669,1.37671
2026-08-22 19:45:00,1.37671,1.37678,1.3767,1.37674
2026-08-22 20:00:00,1.37672,1.37687,1.37655,1.37675
2026-08-22 20:15:00,1.37673,1.37688,1.3767,1.37677
2026-08-22 20:30:00,1.37678,1.37681,1.37669,1.3767
2026-08-22 20:45:00,1.37671,1.37685,1.37671,1.37676
2026-08-22 21:00:00,1.37674,1.3768,1.37671,1.37677
2026-08-22 21:15:00,1.37674,1.37689,1.37666,1.37674
2026-08-22 21:30:00,1.37674,1.37722,1.37628,1.37634
2026-08-22 21:45:00,1.37647,1.37661,1.37646,1.37658
2026-08-22 22:00:00,1.37655,1.37684,1.37653,1.37681
2026-08-22 22:15:00,1.37678,1.37684,1.37676,1.37678
2026-08-22 22:30:00,1.37677,1.37693,1.37669,1.37677
2026-08-22 22:45:00,1.37678,1.37689,1.37673,1.37688
2026-08-22 23:00:00,1.37685,1.37691,1.37683,1.37688
2026-08-22 23:15:00,1.37685,1.3772,1.37634,1.37655
2026-08-22 23:30:00,1.37653,1.37659,1.37651,1.37652
2026-08-22 23:45:00,1.37653,1.37674,1.37639,1.37667
2026-08-23 00:00:00,1.37667,1.37686,1.37667,1.37686
2026-08-23 00:15:00,1.37682,1.37682,1.37672,1.37676
2026-08-23 00:30:00,1.37674,1.37688,1.37672,1.37675
2026-08-23 00:45:00,1.37676,1.37681,1.37672,1.37673
2026-08-23 01:00:00,1.37674,1.37689,1.37633,1.37673
2026-08-23 01:15:00,1.37671,1.37691,1.37663,1.37688
2026-08-23 01:30:00,1.37685,1.37686,1.37676,1.37677
2026-08-23 01:45:00,1.37677,1.37691,1.37674,1.37684
2026-08-23 02:00:00,1.37685,1.37689,1.37677,1.37683
2026-08-23 02:15:00,1.37681,1.37694,1.37676,1.37691
2026-08-23 02:30:00,1.37688,1.37697,1.37632,1.37639
2026-08-23 02:45:00,1.37651,1.37668,1.37647,1.37661
2026-08-23 03:00:00,1.37662,1.37694,1.37652,1.37691
2026-08-23 03:15:00,1.37688,1.37695,1.3768,1.37694
2026-08-23 03:30:00,1.3769,1.37695,1.37663,1.37671
2026-08-23 03:45:00,1.3767,1.37687,1.37659,1.37662
2026-08-23 04:00:00,1.37672,1.37698,1.3767,1.37695
2026-08-23 04:15:00,1.37692,1.37721,1.37638,1.3766
2026-08-23 04:30:00,1.37657,1.37668,1.37652,1.37664
2026-08-23 04:45:00,1.37661,1.37684,1.37661,1.37672
2026-08-23 05:00:00,1.37673,1.37695,1.37671,1.37691
2026-08-23 05:15:00,1.37683,1.37697,1.37683,1.37694
2026-08-23 05:30:00,1.37691,1.37704,1.37685,1.377
2026-08-23 05:45:00,1.37698,1.37704,1.37696,1.37697
2026-08-23 06:00:00,1.37698,1.37751,1.37641,1.37669
2026-08-23 06:15:00,1.37669,1.37679,1.37667,1.37677
2026-08-23 06:30:00,1.37668,1.37683,1.37668,1.37673
2026-08-23 06:45:00,1.3767,1.37688,1.37662,1.37682
2026-08-23 07:00:00,1.37683,1.37706,1.37673,1.37674
2026-08-23 07:15:00,1.37675,1.37686,1.37671,1.37677
2026-08-23 07:30:00,1.37675,1.37706,1.37648,1.37697
2026-08-23 07:45:00,1.37682,1.37682,1.37637,1.37672
2026-08-23 08:00:00,1.37672,1.37687,1.37668,1.37679
2026-08-23 08:15:00,1.3768,1.37685,1.37676,1.37679
2026-08-23 08:30:00,1.37677,1.37692,1.37675,1.37685
2026-08-23 08:45:00,1.37682,1.37688,1.3768,1.37682
2026-08-23 09:00:00,1.37682,1.37706,1.37681,1.37698
2026-08-23 09:15:00,1.37699,1.37712,1.37642,1.37667
2026-08-23 09:30:00,1.37665,1.37675,1.37665,1.37672
2026-08-23 09:45:00,1.37669,1.37686,1.37667,1.37681
2026-08-23 10:00:00,1.3768,1.37683,1.3767,1.37671
2026-08-23 10:15:00,1.37672,1.37689,1.3767,1.37683
2026-08-23 10:30:00,1.37683,1.37696,1.37681,1.37694
2026-08-23 10:45:00,1.37691,1.37697,1.37689,1.37693
2026-08-23 11:00:00,1.37691,1.37704,1.37635,1.37655
2026-08-23 11:15:00,1.37656,1.37662,1.37654,1.37656
2026-08-23 11:30:00,1.37656,1.37676,1.37656,1.37673
2026-08-23 11:45:00,1.3767,1.37687,1.37668,1.37683
2026-08-23 12:00:00,1.37681,1.37687,1.37679,1.3768
2026-08-23 12:15:00,1.37681,1.37696,1.37675,1.3769
2026-08-23 12:30:00,1.3769,1.37702,1.37672,1.37689
2026-08-23 12:45:00,1.37686,1.37686,1.37631,1.3765
2026-08-23 13:00:00,1.37648,1.3767,1.37645,1.37663
2026-08-23 13:15:00,1.37663,1.37669,1.37661,1.37662
2026-08-23 13:30:00,1.37663,1.37682,1.37652,1.37678
2026-08-23 13:45:00,1.37675,1.37682,1.37673,1.37678
2026-08-23 14:00:00,1.37675,1.37691,1.37675,1.37687
2026-08-23 14:15:00,1.37685,1.37711,1.37628,1.37646
2026-08-23 14:30:00,1.37647,1.37653,1.37645,1.37649
2026-08-23 14:45:00,1.37647,1.37669,1.37632,1.37665
2026-08-23 15:00:00,1.37662,1.37669,1.3766,1.37664
2026-08-23 15:15:00,1.37662,1.37681,1.37656,1.37674
2026-08-23 15:30:00,1.37675,1.3769,1.37673,1.37687
2026-08-23 15:45:00,1.37685,1.37691,1.37679,1.37684
2026-08-23 16:00:00,1.37681,1.37685,1.37622,1.37639
2026-08-23 16:15:00,1.37638,1.37644,1.37636,1.37637
2026-08-23 16:30:00,1.37638,1.37663,1.37618,1.37658
2026-08-23 16:45:00,1.37655,1.37676,1.37653,1.37672
2026-08-23 17:00:00,1.37669,1.37675,1.37667,1.37671
2026-08-23 17:15:00,1.37669,1.37686,1.37667,1.37679
2026-08-23 17:30:00,1.3768,1.37697,1.37678,1.37691
2026-08-23 17:45:00,1.37691,1.37693,1.37631,1.37654
2026-08-23 18:00:00,1.37651,1.37675,1.37639,1.3767
2026-08-23 18:15:00,1.37668,1.37674,1.37666,1.37667
2026-08-23 18:30:00,1.37668,1.37685,1.37666,1.37679
2026-08-23 18:45:00,1.37679,1.37685,1.37677,1.37682
2026-08-23 19:00:00,1.37679,1.37695,1.3767,1.37691
2026-08-23 19:15:00,1.37688,1.37706,1.37687,1.37703
2026-08-23 19:30:00,1.37703,1.37709,1.37701,1.37702
2026-08-23 19:45:00,1.37703,1.37714,1.37702,1.3771
2026-08-23 20:00:00,1.37708,1.37714,1.37706,1.37711
2026-08-23 20:15:00,1.37708,1.37714,1.37706,1.37708
2026-08-23 20:30:00,1.37708,1.37714,1.37705,1.37707
2026-08-23 20:45:00,1.37708,1.37714,1.37706,1.3771
2026-08-23 21:00:00,1.37708,1.37714,1.37706,1.37711
2026-08-23 21:15:00,1.37708,1.37714,1.37706,1.37708
2026-08-23 21:30:00,1.37708,1.37717,1.37666,1.37679
2026-08-23 21:45:00,1.3768,1.37686,1.37678,1.3768
2026-08-23 22:00:00,1.3768,1.37686,1.37678,1.37683
2026-08-23 22:15:00,1.3768,1.37686,1.37678,1.37681
2026-08-23 22:30:00,1.3768,1.37686,1.37678,1.37679
2026-08-23 22:45:00,1.3768,1.37686,1.37678,1.3768
2026-08-23 23:00:00,1.3768,1.37686,1.37678,1.37683
2026-08-23 23:15:00,1.3768,1.37686,1.37653,1.37664
2026-08-23 23:30:00,1.37662,1.37668,1.3766,1.37661
2026-08-23 23:45:00,1.37662,1.37669,1.3766,1.37662
2026-08-24 00:00:00,1.37662,1.37667,1.37639,1.37647
2026-08-24 00:15:00,1.37644,1.37677,1.37628,1.37674
2026-08-24 00:30:00,1.37671,1.37675,1.37659,1.37669
2026-08-24 00:45:00,1.3767,1.37677,1.37668,1.37675
2026-08-24 01:00:00,1.37671,1.37681,1.37654,1.37659
2026-08-24 01:15:00,1.37657,1.37663,1.37655,1.3766
2026-08-24 01:30:00,1.37657,1.37669,1.37655,1.37668
2026-08-24 01:45:00,1.37666,1.37675,1.37664,1.37668
2026-08-24 02:00:00,1.37669,1.37682,1.37662,1.37672
2026-08-24 02:15:00,1.3767,1.37676,1.37668,1.37673
2026-08-24 02:30:00,1.3767,1.37709,1.37635,1.37651
2026-08-24 02:45:00,1.37651,1.37667,1.3765,1.37659
2026-08-24 03:00:00,1.3766,1.37681,1.37608,1.37675
2026-08-24 03:15:00,1.37673,1.37677,1.37666,1.37673
2026-08-24 03:30:00,1.3767,1.37678,1.37666,1.37673
2026-08-24 03:45:00,1.37672,1.37679,1.37671,1.37672
2026-08-24 04:00:00,1.37673,1.37691,1.37668,1.37679
2026-08-24 04:15:00,1.37676,1.37717,1.37642,1.37682
2026-08-24 04:30:00,1.37679,1.37686,1.37643,1.37647
2026-08-24 04:45:00,1.37652,1.37682,1.37618,1.37672
2026-08-24 05:00:00,1.37674,1.38364,1.37543,1.38077
2026-08-24 05:15:00,1.38083,1.38265,1.37856,1.38077
2026-08-24 05:30:00,1.38068,1.38388,1.37862,1.38318
2026-08-24 05:45:00,1.38211,1.38296,1.37835,1.38099
2026-08-24 06:00:00,1.38059,1.38218,1.37651,1.38062
2026-08-24 06:15:00,1.38051,1.38306,1.37826,1.3815
2026-08-24 06:30:00,1.38134,1.38224,1.37958,1.37973
2026-08-24 06:45:00,1.38005,1.38083,1.37891,1.3793
2026-08-24 07:00:00,1.37958,1.38137,1.37877,1.38081
2026-08-24 07:15:00,1.38069,1.38188,1.3802,1.38125
2026-08-24 07:30:00,1.3813,1.38156,1.3802,1.3804
2026-08-24 07:45:00,1.38041,1.3805,1.37994,1.38003
2026-08-24 08:00:00,1.38005,1.38029,1.37926,1.37939
2026-08-24 08:15:00,1.37937,1.37975,1.37926,1.37943
2026-08-24 08:30:00,1.37938,1.37947,1.37896,1.37938
2026-08-24 08:45:00,1.37935,1.3795,1.37932,1.37939
2026-08-24 09:00:00,1.37939,1.37948,1.37922,1.37935
2026-08-24 09:15:00,1.37932,1.37951,1.37927,1.37948
2026-08-24 09:30:00,1.37947,1.37995,1.37945,1.3798
2026-08-24 09:45:00,1.37977,1.37985,1.3793,1.37931
2026-08-24 10:00:00,1.37933,1.3797,1.37846,1.37849
2026-08-24 10:15:00,1.37857,1.37883,1.37833,1.37864
2026-08-24 10:30:00,1.37862,1.37885,1.37841,1.37879
2026-08-24 10:45:00,1.37876,1.37892,1.37865,1.37884
2026-08-24 11:00:00,1.37882,1.37966,1.37878,1.3796
2026-08-24 11:15:00,1.37953,1.37985,1.37953,1.3797
2026-08-24 11:30:00,1.37964,1.37982,1.37964,1.37978
2026-08-24 11:45:00,1.37976,1.37977,1.37923,1.37943
2026-08-24 12:00:00,1.3794,1.37961,1.37921,1.37922
2026-08-24 12:15:00,1.37923,1.37924,1.37893,1.3791
2026-08-24 12:30:00,1.37906,1.3794,1.37906,1.3793
2026-08-24 12:45:00,1.37932,1.37945,1.37923,1.37928
2026-08-24 13:00:00,1.37925,1.37942,1.37922,1.37927
2026-08-24 13:15:00,1.3793,1.3793,1.37903,1.37919
2026-08-24 13:30:00,1.37913,1.37927,1.37911,1.37919
2026-08-24 13:45:00,1.37916,1.37932,1.37902,1.37918
2026-08-24 14:00:00,1.37914,1.37976,1.37911,1.37969
2026-08-24 14:15:00,1.37966,1.37985,1.37945,1.37946
2026-08-24 14:30:00,1.37948,1.3795,1.37932,1.37933
2026-08-24 14:45:00,1.37935,1.37956,1.37931,1.37953
2026-08-24 15:00:00,1.37949,1.37972,1.37949,1.37965
2026-08-24 15:15:00,1.37963,1.37985,1.37927,1.37974
2026-08-24 15:30:00,1.37977,1.38003,1.37962,1.37998
2026-08-24 15:45:00,1.37997,1.38001,1.37968,1.3797
2026-08-24 16:00:00,1.37969,1.38146,1.37962,1.3814
2026-08-24 16:15:00,1.38125,1.38194,1.38125,1.38193
2026-08-24 16:30:00,1.38191,1.38199,1.3816,1.38189
2026-08-24 16:45:00,1.3819,1.38231,1.38172,1.38229
2026-08-24 17:00:00,1.38224,1.38289,1.38177,1.38286
2026-08-24 17:15:00,1.38283,1.38324,1.38251,1.38301
2026-08-24 17:30:00,1.38298,1.38334,1.38244,1.38327
2026-08-24 17:45:00,1.38316,1.3838,1.38316,1.38378
2026-08-24 18:00:00,1.38375,1.38407,1.38361,1.38386
2026-08-24 18:15:00,1.38383,1.38423,1.38371,1.38401
2026-08-24 18:30:00,1.38406,1.38446,1.38406,1.3842
2026-08-24 18:45:00,1.38421,1.38427,1.38403,1.38423
2026-08-24 19:00:00,1.38418,1.38435,1.38385,1.38408
2026-08-24 19:15:00,1.38405,1.38409,1.38351,1.38374
2026-08-24 19:30:00,1.38375,1.38389,1.38349,1.38362
2026-08-24 19:45:00,1.38364,1.38369,1.3831,1.38334
2026-08-24 20:00:00,1.38327,1.38345,1.38302,1.38307
2026-08-24 20:15:00,1.38313,1.38328,1.38288,1.38313
2026-08-24 20:30:00,1.3831,1.38388,1.38306,1.38383
2026-08-24 20:45:00,1.38376,1.38407,1.38371,1.38401
2026-08-24 21:00:00,1.38392,1.38453,1.38386,1.38451
2026-08-24 21:15:00,1.38447,1.3847,1.38385,1.38406
2026-08-24 21:30:00,1.38397,1.38451,1.38396,1.38444
2026-08-24 21:45:00,1.38435,1.38475,1.38432,1.38465
2026-08-24 22:00:00,1.38456,1.38505,1.38456,1.38504
2026-08-24 22:15:00,1.38499,1.38505,1.3839,1.38405
2026-08-24 22:30:00,1.38401,1.38441,1.38335,1.38362
2026-08-24 22:45:00,1.38352,1.38395,1.38344,1.38357
2026-08-24 23:00:00,1.38356,1.38356,1.38291,1.38318
2026-08-24 23:15:00,1.38313,1.38313,1.38247,1.38294
2026-08-24 23:30:00,1.38294,1.38345,1.38224,1.3833
2026-08-24 23:45:00,1.38308,1.38369,1.38259,1.38322
2026-08-25 00:00:00,1.38316,1.38343,1.38286,1.38331
2026-08-25 00:15:00,1.38328,1.38359,1.3825,1.38264
2026-08-25 00:30:00,1.38261,1.3834,1.38229,1.38321
2026-08-25 00:45:00,1.38326,1.38434,1.38306,1.38382
2026-08-25 01:00:00,1.38389,1.38402,1.38335,1.38355
2026-08-25 01:15:00,1.38358,1.38379,1.38323,1.38328
2026-08-25 01:30:00,1.38335,1.38374,1.38316,1.38343
2026-08-25 01:45:00,1.38335,1.38429,1.38335,1.38426
2026-08-25 02:00:00,1.38422,1.3843,1.38394,1.38402
2026-08-25 02:15:00,1.38402,1.38433,1.38393,1.3843
2026-08-25 02:30:00,1.38426,1.38444,1.38416,1.38417
2026-08-25 02:45:00,1.38419,1.38486,1.38411,1.38475
2026-08-25 03:00:00,1.38478,1.38535,1.38447,1.38504
2026-08-25 03:15:00,1.38506,1.38602,1.38503,1.386
2026-08-25 03:30:00,1.38595,1.38606,1.38549,1.38571
2026-08-25 03:45:00,1.38566,1.38603,1.3855,1.38574
2026-08-25 04:00:00,1.38577,1.38594,1.3856,1.3858
2026-08-25 04:15:00,1.38576,1.3858,1.38512,1.38514
2026-08-25 04:30:00,1.38516,1.3856,1.38506,1.38521
2026-08-25 04:45:00,1.38524,1.38536,1.38504,1.38518
2026-08-25 05:00:00,1.38517,1.38521,1.38473,1.385
2026-08-25 05:15:00,1.385,1.38507,1.3846,1.38506
2026-08-25 05:30:00,1.38503,1.38507,1.38467,1.38475
2026-08-25 05:45:00,1.38473,1.38473,1.38443,1.38467
2026-08-25 06:00:00,1.38463,1.38486,1.38455,1.38459
2026-08-25 06:15:00,1.3846,1.38478,1.3844,1.38477
2026-08-25 06:30:00,1.38475,1.38492,1.3846,1.3847
2026-08-25 06:45:00,1.38467,1.38472,1.38436,1.38437
2026-08-25 07:00:00,1.3844,1.38453,1.38417,1.38431
2026-08-25 07:15:00,1.38428,1.38441,1.38413,1.38437
2026-08-25 07:30:00,1.38435,1.38457,1.38428,1.38442
2026-08-25 07:45:00,1.38431,1.38454,1.38428,1.3844
2026-08-25 08:00:00,1.38433,1.38487,1.38427,1.38453
2026-08-25 08:15:00,1.38454,1.38454,1.38403,1.38428
2026-08-25 08:30:00,1.38424,1.38442,1.38424,1.38427
2026-08-25 08:45:00,1.38429,1.38437,1.38425,1.38434
2026-08-25 09:00:00,1.38432,1.38436,1.38414,1.38425
2026-08-25 09:15:00,1.38426,1.38451,1.38417,1.38448
2026-08-25 09:30:00,1.38446,1.38455,1.38427,1.38429
2026-08-25 09:45:00,1.38431,1.38435,1.3841,1.38413
2026-08-25 10:00:00,1.38411,1.38461,1.3841,1.3843
2026-08-25 10:15:00,1.38434,1.38466,1.38428,1.38451
2026-08-25 10:30:00,1.38454,1.38454,1.38425,1.38443
2026-08-25 10:45:00,1.3844,1.38459,1.3844,1.38448
2026-08-25 11:00:00,1.38449,1.38484,1.38449,1.38459
2026-08-25 11:15:00,1.38456,1.38501,1.38454,1.38492
2026-08-25 11:30:00,1.38489,1.38515,1.38487,1.38504
2026-08-25 11:45:00,1.38501,1.38538,1.38497,1.38535
2026-08-25 12:00:00,1.38532,1.38543,1.38513,1.38527
2026-08-25 12:15:00,1.38522,1.38532,1.38505,1.38506
2026-08-25 12:30:00,1.38507,1.38532,1.38497,1.385
2026-08-25 12:45:00,1.38497,1.38534,1.38487,1.38533
2026-08-25 13:00:00,1.38528,1.38528,1.38504,1.38521
2026-08-25 13:15:00,1.38519,1.38538,1.38513,1.38535
2026-08-25 13:30:00,1.38531,1.38543,1.38516,1.38517
2026-08-25 13:45:00,1.38516,1.38544,1.38515,1.3854
2026-08-25 14:00:00,1.38537,1.38573,1.38537,1.38558
2026-08-25 14:15:00,1.38559,1.38602,1.3855,1.386
2026-08-25 14:30:00,1.38597,1.38605,1.38584,1.3859
2026-08-25 14:45:00,1.38588,1.38607,1.38587,1.386
2026-08-25 15:00:00,1.38596,1.38603,1.38585,1.38594
2026-08-25 15:15:00,1.38592,1.38612,1.38588,1.38589
2026-08-25 15:30:00,1.3859,1.38599,1.38574,1.38588
2026-08-25 15:45:00,1.38589,1.38627,1.38589,1.38626
2026-08-25 16:00:00,1.38622,1.38646,1.3859,1.38595
2026-08-25 16:15:00,1.38602,1.38604,1.38581,1.38581
2026-08-25 16:30:00,1.38582,1.38613,1.3856,1.38607
2026-08-25 16:45:00,1.38604,1.38669,1.38604,1.38668
2026-08-25 17:00:00,1.38666,1.38666,1.38578,1.38595
2026-08-25 17:15:00,1.38597,1.38617,1.38572,1.38615
2026-08-25 17:30:00,1.38611,1.38668,1.38605,1.38655
2026-08-25 17:45:00,1.38657,1.38663,1.38611,1.38616
2026-08-25 18:00:00,1.38625,1.38633,1.38589,1.38613
2026-08-25 18:15:00,1.38622,1.38622,1.38587,1.38604
2026-08-25 18:30:00,1.38602,1.38624,1.38583,1.38612
2026-08-25 18:45:00,1.38608,1.38624,1.38598,1.38618
2026-08-25 19:00:00,1.38614,1.38617,1.38551,1.38557
2026-08-25 19:15:00,1.38555,1.38589,1.38548,1.38584
2026-08-25 19:30:00,1.38585,1.38595,1.38535,1.38554
2026-08-25 19:45:00,1.38551,1.38567,1.38531,1.38534
2026-08-25 20:00:00,1.38537,1.38607,1.38537,1.38604
2026-08-25 20:15:00,1.38592,1.38645,1.38592,1.3863
2026-08-25 20:30:00,1.3863,1.38641,1.38566,1.38566
2026-08-25 20:45:00,1.38567,1.38609,1.38548,1.38594
2026-08-25 21:00:00,1.38596,1.38596,1.38563,1.38572
2026-08-25 21:15:00,1.38567,1.3859,1.38542,1.38573
2026-08-25 21:30:00,1.38572,1.38572,1.3854,1.38552
2026-08-25 21:45:00,1.38548,1.38611,1.38539,1.38598
2026-08-25 22:00:00,1.38598,1.38624,1.38554,1.38567
2026-08-25 22:15:00,1.38563,1.38631,1.38563,1.38605
2026-08-25 22:30:00,1.38603,1.38621,1.38567,1.38568
2026-08-25 22:45:00,1.3857,1.38577,1.38533,1.38535
2026-08-25 23:00:00,1.38539,1.38559,1.38442,1.38465
2026-08-25 23:15:00,1.38449,1.3849,1.38446,1.3845
2026-08-25 23:30:00,1.38454,1.38485,1.38412,1.38477
2026-08-25 23:45:00,1.38466,1.38489,1.38368,1.38375
2026-08-26 00:00:00,1.38385,1.38385,1.38305,1.38308
2026-08-26 00:15:00,1.38312,1.38369,1.38308,1.38363
2026-08-26 00:30:00,1.38361,1.38365,1.38304,1.38309
2026-08-26 00:45:00,1.38309,1.3838,1.38271,1.38355
2026-08-26 01:00:00,1.38356,1.38425,1.38347,1.38411
2026-08-26 01:15:00,1.38409,1.38453,1.38407,1.38416
2026-08-26 01:30:00,1.38413,1.38423,1.38354,1.38388
2026-08-26 01:45:00,1.38381,1.38396,1.38349,1.3835
2026-08-26 02:00:00,1.38354,1.38367,1.3833,1.38352
2026-08-26 02:15:00,1.38354,1.38401,1.38346,1.38399
2026-08-26 02:30:00,1.38394,1.38407,1.38385,1.38404
2026-08-26 02:45:00,1.38403,1.38406,1.38373,1.384
2026-08-26 03:00:00,1.38397,1.38415,1.38372,1.38379
2026-08-26 03:15:00,1.38383,1.38387,1.38354,1.38366
2026-08-26 03:30:00,1.38363,1.38367,1.38334,1.38353
2026-08-26 03:45:00,1.38351,1.38353,1.38334,1.38344
2026-08-26 04:00:00,1.38345,1.38353,1.38305,1.38321
2026-08-26 04:15:00,1.38314,1.38336,1.38294,1.38307
2026-08-26 04:30:00,1.38303,1.38328,1.38299,1.3832
2026-08-26 04:45:00,1.38316,1.38327,1.3829,1.38291
2026-08-26 05:00:00,1.38295,1.38304,1.38269,1.3827
2026-08-26 05:15:00,1.38272,1.38279,1.38261,1.38275
2026-08-26 05:30:00,1.38272,1.38304,1.38266,1.383
2026-08-26 05:45:00,1.38298,1.38314,1.38288,1.38293
2026-08-26 06:00:00,1.38296,1.38326,1.38296,1.38302
2026-08-26 06:15:00,1.38307,1.38351,1.38307,1.38349
2026-08-26 06:30:00,1.38347,1.3838,1.38333,1.38367
2026-08-26 06:45:00,1.38357,1.38454,1.38357,1.38445
2026-08-26 07:00:00,1.38426,1.38437,1.38341,1.38373
2026-08-26 07:15:00,1.38377,1.38412,1.38376,1.38411
2026-08-26 07:30:00,1.38408,1.3841,1.38368,1.38382
2026-08-26 07:45:00,1.38377,1.38379,1.38359,1.38372
2026-08-26 08:00:00,1.38372,1.38389,1.38363,1.38379
2026-08-26 08:15:00,1.3838,1.38391,1.38361,1.38373
2026-08-26 08:30:00,1.38368,1.38386,1.38352,1.38361
2026-08-26 08:45:00,1.38358,1.38358,1.38337,1.38348
2026-08-26 09:00:00,1.38347,1.38368,1.38337,1.38366
2026-08-26 09:15:00,1.38362,1.38378,1.38351,1.38375
2026-08-26 09:30:00,1.3837,1.38393,1.38369,1.3839
2026-08-26 09:45:00,1.38387,1.38387,1.38367,1.38368
2026-08-26 10:00:00,1.38368,1.38404,1.38364,1.38386
2026-08-26 10:15:00,1.38386,1.38406,1.38374,1.384
2026-08-26 10:30:00,1.384,1.38428,1.38381,1.38414
2026-08-26 10:45:00,1.38417,1.38437,1.38402,1.38431
2026-08-26 11:00:00,1.38429,1.38499,1.38424,1.38496
2026-08-26 11:15:00,1.38491,1.385,1.38462,1.38472
2026-08-26 11:30:00,1.38468,1.38479,1.38446,1.3846
2026-08-26 11:45:00,1.3846,1.38475,1.3843,1.3845
2026-08-26 12:00:00,1.38447,1.38477,1.38438,1.38475
2026-08-26 12:15:00,1.3847,1.38547,1.38465,1.38537
2026-08-26 12:30:00,1.38538,1.38546,1.385,1.38523
2026-08-26 12:45:00,1.38521,1.38561,1.3852,1.38552
2026-08-26 13:00:00,1.38556,1.38584,1.38547,1.38579
2026-08-26 13:15:00,1.3858,1.38603,1.38577,1.38592
2026-08-26 13:30:00,1.38588,1.386,1.38567,1.38569
2026-08-26 13:45:00,1.38569,1.38597,1.38566,1.38594
2026-08-26 14:00:00,1.3859,1.38605,1.38586,1.38604
2026-08-26 14:15:00,1.38601,1.38624,1.38601,1.38608
2026-08-26 14:30:00,1.38612,1.38639,1.38606,1.38635
2026-08-26 14:45:00,1.38634,1.3866,1.3863,1.38642
2026-08-26 15:00:00,1.38639,1.38667,1.38634,1.38664
2026-08-26 15:15:00,1.38662,1.38665,1.38619,1.3862
2026-08-26 15:30:00,1.38624,1.38631,1.38604,1.38608
2026-08-26 15:45:00,1.38607,1.38625,1.38599,1.38611
2026-08-26 16:00:00,1.38613,1.38637,1.38594,1.38622
2026-08-26 16:15:00,1.38619,1.38622,1.38562,1.38579
2026-08-26 16:30:00,1.38582,1.3865,1.3858,1.3864
2026-08-26 16:45:00,1.3864,1.38654,1.38616,1.38618
2026-08-26 17:00:00,1.38619,1.38654,1.3861,1.3863
2026-08-26 17:15:00,1.38628,1.38643,1.38606,1.38607
2026-08-26 17:30:00,1.3861,1.38628,1.38584,1.38592
2026-08-26 17:45:00,1.38593,1.3865,1.38591,1.38649
2026-08-26 18:00:00,1.38647,1.38647,1.38588,1.38594
2026-08-26 18:15:00,1.38591,1.38634,1.38582,1.38616
2026-08-26 18:30:00,1.3862,1.38653,1.38605,1.38652
2026-08-26 18:45:00,1.38649,1.3867,1.38633,1.3867
2026-08-26 19:00:00,1.38668,1.38696,1.38652,1.38693
2026-08-26 19:15:00,1.38689,1.38701,1.38669,1.38684
2026-08-26 19:30:00,1.38683,1.387,1.38676,1.38696
2026-08-26 19:45:00,1.38694,1.38694,1.38657,1.38672
2026-08-26 20:00:00,1.38669,1.38674,1.38657,1.38668
2026-08-26 20:15:00,1.38665,1.38705,1.38662,1.38691
2026-08-26 20:30:00,1.38695,1.38701,1.38656,1.38695
2026-08-26 20:45:00,1.38696,1.38704,1.38672,1.38695
2026-08-26 21:00:00,1.38691,1.3874,1.38682,1.38707
2026-08-26 21:15:00,1.38704,1.38728,1.38699,1.38714
2026-08-26 21:30:00,1.38713,1.38718,1.38659,1.3866
2026-08-26 21:45:00,1.38663,1.38663,1.3863,1.38631
2026-08-26 22:00:00,1.38631,1.38642,1.38613,1.3864
2026-08-26 22:15:00,1.38636,1.38636,1.38592,1.38599
2026-08-26 22:30:00,1.38594,1.38679,1.38594,1.38675
2026-08-26 22:45:00,1.38675,1.38723,1.38637,1.38715
2026-08-26 23:00:00,1.38701,1.38773,1.38701,1.38746
2026-08-26 23:15:00,1.38746,1.38762,1.38727,1.38737
2026-08-26 23:30:00,1.38734,1.3879,1.38719,1.3872
2026-08-26 23:45:00,1.38724,1.3873,1.3867,1.38688
2026-08-27 00:00:00,1.38685,1.38742,1.38679,1.38721
2026-08-27 00:15:00,1.38721,1.3886,1.38721,1.38855
2026-08-27 00:30:00,1.38845,1.38881,1.38822,1.38824
2026-08-27 00:45:00,1.38827,1.38927,1.38816,1.38912
2026-08-27 01:00:00,1.38912,1.38928,1.3883,1.38869
2026-08-27 01:15:00,1.3887,1.38908,1.38851,1.38872
2026-08-27 01:30:00,1.38869,1.38869,1.38832,1.38832
2026-08-27 01:45:00,1.38833,1.38854,1.38773,1.38786
2026-08-27 02:00:00,1.38784,1.38787,1.38753,1.38765
2026-08-27 02:15:00,1.38762,1.38762,1.38705,1.38721
2026-08-27 02:30:00,1.38718,1.3877,1.38704,1.38753
2026-08-27 02:45:00,1.38754,1.3879,1.38749,1.38774
2026-08-27 03:00:00,1.38775,1.38807,1.38759,1.38788
2026-08-27 03:15:00,1.3879,1.3879,1.38726,1.38731
2026-08-27 03:30:00,1.38738,1.3875,1.38719,1.38748
2026-08-27 03:45:00,1.38745,1.38759,1.38732,1.38758
2026-08-27 04:00:00,1.38756,1.38757,1.38714,1.38716
2026-08-27 04:15:00,1.38717,1.38768,1.38717,1.38767
2026-08-27 04:30:00,1.38763,1.38795,1.38758,1.38785
2026-08-27 04:45:00,1.38786,1.38788,1.3877,1.38773
2026-08-27 05:00:00,1.38775,1.38793,1.38763,1.38764
2026-08-27 05:15:00,1.38765,1.38789,1.38762,1.38773
2026-08-27 05:30:00,1.3877,1.38781,1.38759,1.38777
2026-08-27 05:45:00,1.38774,1.388,1.38769,1.38788
2026-08-27 06:00:00,1.38787,1.38799,1.38773,1.38792
2026-08-27 06:15:00,1.38792,1.38806,1.38769,1.38798
2026-08-27 06:30:00,1.38793,1.38796,1.38744,1.38753
2026-08-27 06:45:00,1.38749,1.38773,1.38748,1.3876
2026-08-27 07:00:00,1.38761,1.38769,1.38745,1.38753
2026-08-27 07:15:00,1.38755,1.38791,1.38749,1.38788
2026-08-27 07:30:00,1.3878,1.3878,1.3874,1.38753
2026-08-27 07:45:00,1.38751,1.38754,1.38736,1.38753
2026-08-27 08:00:00,1.3875,1.38769,1.3875,1.38759
2026-08-27 08:15:00,1.3876,1.38767,1.38751,1.38759
2026-08-27 08:30:00,1.38758,1.38768,1.38746,1.38752
2026-08-27 08:45:00,1.38749,1.38763,1.38748,1.3876
2026-08-27 09:00:00,1.38758,1.38762,1.3874,1.38742
2026-08-27 09:15:00,1.38742,1.38767,1.38728,1.38759
2026-08-27 09:30:00,1.38744,1.38784,1.38744,1.38754
2026-08-27 09:45:00,1.38751,1.38766,1.38745,1.38754
2026-08-27 10:00:00,1.38752,1.38807,1.38748,1.38806
2026-08-27 10:15:00,1.38803,1.38803,1.38754,1.38754
2026-08-27 10:30:00,1.38755,1.38769,1.38733,1.38767
2026-08-27 10:45:00,1.38764,1.38772,1.3873,1.38733
2026-08-27 11:00:00,1.38736,1.38781,1.38728,1.38772
2026-08-27 11:15:00,1.38772,1.38787,1.38754,1.38775
2026-08-27 11:30:00,1.38777,1.38787,1.38756,1.38779
2026-08-27 11:45:00,1.38777,1.38798,1.38764,1.38791
2026-08-27 12:00:00,1.38788,1.38793,1.38768,1.38785
2026-08-27 12:15:00,1.38784,1.38806,1.38778,1.38804
2026-08-27 12:30:00,1.38801,1.38811,1.38794,1.38803
2026-08-27 12:45:00,1.38801,1.3883,1.38797,1.38827
2026-08-27 13:00:00,1.38824,1.38829,1.38802,1.38803
2026-08-27 13:15:00,1.38803,1.38828,1.38801,1.38826
2026-08-27 13:30:00,1.38823,1.38846,1.38817,1.3884
2026-08-27 13:45:00,1.38838,1.38848,1.38824,1.38845
2026-08-27 14:00:00,1.38842,1.38855,1.38819,1.3882
2026-08-27 14:15:00,1.38822,1.38836,1.38811,1.38812
2026-08-27 14:30:00,1.38815,1.38836,1.38815,1.38824
2026-08-27 14:45:00,1.38823,1.38837,1.38811,1.38816
2026-08-27 15:00:00,1.38813,1.38834,1.38808,1.38818
2026-08-27 15:15:00,1.38814,1.38844,1.38806,1.38806
2026-08-27 15:30:00,1.38807,1.38839,1.38802,1.3883
2026-08-27 15:45:00,1.3883,1.38852,1.38824,1.38848
2026-08-27 16:00:00,1.38845,1.38864,1.38837,1.38839
2026-08-27 16:15:00,1.38842,1.38854,1.38839,1.38847
2026-08-27 16:30:00,1.38848,1.38878,1.38836,1.3886
2026-08-27 16:45:00,1.38861,1.38883,1.38859,1.38874
2026-08-27 17:00:00,1.38872,1.38894,1.38852,1.38865
2026-08-27 17:15:00,1.38863,1.38908,1.38859,1.38904
2026-08-27 17:30:00,1.38898,1.38909,1.38843,1.38844
2026-08-27 17:45:00,1.38846,1.38876,1.3882,1.3883
2026-08-27 18:00:00,1.38832,1.38832,1.38776,1.38786
2026-08-27 18:15:00,1.38781,1.38837,1.38781,1.38832
2026-08-27 18:30:00,1.38827,1.38851,1.38806,1.38822
2026-08-27 18:45:00,1.38822,1.38824,1.38799,1.388
2026-08-27 19:00:00,1.38801,1.38835,1.3877,1.38805
2026-08-27 19:15:00,1.38798,1.38816,1.38764,1.38805
2026-08-27 19:30:00,1.38801,1.38867,1.38799,1.38853
2026-08-27 19:45:00,1.38855,1.38865,1.38816,1.38836
2026-08-27 20:00:00,1.3883,1.38848,1.38821,1.38831
2026-08-27 20:15:00,1.38829,1.38834,1.38788,1.38792
2026-08-27 20:30:00,1.38791,1.38855,1.3879,1.38842
2026-08-27 20:45:00,1.38843,1.38876,1.38836,1.38853
2026-08-27 21:00:00,1.38855,1.38861,1.3882,1.38825
2026-08-27 21:15:00,1.38824,1.38832,1.38757,1.38759
2026-08-27 21:30:00,1.38763,1.38786,1.38729,1.3873
2026-08-27 21:45:00,1.38734,1.38758,1.38693,1.38699
2026-08-27 22:00:00,1.38703,1.38752,1.38684,1.38746
2026-08-27 22:15:00,1.38728,1.38777,1.3871,1.38712
2026-08-27 22:30:00,1.38713,1.38735,1.38684,1.38695
2026-08-27 22:45:00,1.38696,1.38734,1.38675,1.38728
2026-08-27 23:00:00,1.38719,1.38734,1.38661,1.38664
2026-08-27 23:15:00,1.38668,1.38668,1.38539,1.38541
2026-08-27 23:30:00,1.38542,1.38637,1.38536,1.3863
2026-08-27 23:45:00,1.38618,1.3868,1.38604,1.38607
2026-08-28 00:00:00,1.38613,1.38656,1.38588,1.38648
2026-08-28 00:15:00,1.3863,1.38666,1.38572,1.38638
2026-08-28 00:30:00,1.38632,1.38632,1.38541,1.38544
2026-08-28 00:45:00,1.38548,1.38628,1.38531,1.38603
2026-08-28 01:00:00,1.38606,1.38661,1.38606,1.38617
2026-08-28 01:15:00,1.38622,1.38655,1.38604,1.38636
2026-08-28 01:30:00,1.38641,1.38641,1.38577,1.3858
2026-08-28 01:45:00,1.38579,1.38597,1.38552,1.38566
2026-08-28 02:00:00,1.38562,1.38604,1.38552,1.3859
2026-08-28 02:15:00,1.38591,1.38617,1.38569,1.38571
2026-08-28 02:30:00,1.38573,1.38586,1.38557,1.38584
2026-08-28 02:45:00,1.38581,1.38582,1.38544,1.38574
2026-08-28 03:00:00,1.38575,1.38593,1.38561,1.3859
2026-08-28 03:15:00,1.38583,1.38601,1.38574,1.38584
2026-08-28 03:30:00,1.3858,1.38605,1.38573,1.38603
2026-08-28 03:45:00,1.386,1.38614,1.38552,1.38556
2026-08-28 04:00:00,1.38559,1.38582,1.38549,1.38579
2026-08-28 04:15:00,1.38577,1.38603,1.38572,1.38603
2026-08-28 04:30:00,1.38599,1.38618,1.38582,1.38591
2026-08-28 04:45:00,1.38588,1.38589,1.38568,1.3857
2026-08-28 05:00:00,1.38572,1.38587,1.38563,1.38571
2026-08-28 05:15:00,1.38571,1.38577,1.38551,1.38575
2026-08-28 05:30:00,1.38573,1.38579,1.38558,1.38576
2026-08-28 05:45:00,1.38572,1.38597,1.38528,1.3853
2026-08-28 06:00:00,1.38535,1.38546,1.38525,1.38526
2026-08-28 06:15:00,1.3853,1.38552,1.38528,1.38552
2026-08-28 06:30:00,1.3855,1.38565,1.38547,1.38562
2026-08-28 06:45:00,1.38559,1.3858,1.38544,1.38558
2026-08-28 07:00:00,1.38563,1.38583,1.38531,1.38566
2026-08-28 07:15:00,1.38567,1.38576,1.38553,1.38571
2026-08-28 07:30:00,1.3857,1.3857,1.38521,1.38531
2026-08-28 07:45:00,1.38524,1.38542,1.38524,1.38538
2026-08-28 08:00:00,1.38537,1.38551,1.3853,1.3853
2026-08-28 08:15:00,1.38533,1.38538,1.38522,1.38535
2026-08-28 08:30:00,1.38531,1.38534,1.38514,1.38524
2026-08-28 08:45:00,1.38521,1.3853,1.3851,1.38517
2026-08-28 09:00:00,1.38515,1.3853,1.38509,1.38514
2026-08-28 09:15:00,1.38515,1.38524,1.38503,1.38505
2026-08-28 09:30:00,1.3851,1.38539,1.38509,1.38525
2026-08-28 09:45:00,1.38522,1.38529,1.38505,1.38519
2026-08-28 10:00:00,1.38517,1.38521,1.38486,1.38506
2026-08-28 10:15:00,1.38507,1.3853,1.38501,1.38515
2026-08-28 10:30:00,1.38517,1.38521,1.38497,1.38501
2026-08-28 10:45:00,1.38497,1.38513,1.38478,1.38494
2026-08-28 11:00:00,1.38492,1.38508,1.38485,1.38498
2026-08-28 11:15:00,1.385,1.38535,1.385,1.38522
2026-08-28 11:30:00,1.38523,1.38534,1.38509,1.38515
2026-08-28 11:45:00,1.38516,1.38556,1.38515,1.38543
2026-08-28 12:00:00,1.38544,1.38554,1.38529,1.38543
2026-08-28 12:15:00,1.38542,1.38551,1.38505,1.38525
2026-08-28 12:30:00,1.38521,1.38524,1.38504,1.38516
2026-08-28 12:45:00,1.38515,1.38516,1.38478,1.38498
2026-08-28 13:00:00,1.38494,1.38501,1.38483,1.3849
2026-08-28 13:15:00,1.38489,1.38499,1.38483,1.38493
2026-08-28 13:30:00,1.38493,1.38514,1.3848,1.38514
2026-08-28 13:45:00,1.38512,1.38521,1.38502,1.38518
2026-08-28 14:00:00,1.38516,1.38525,1.38504,1.38517
2026-08-28 14:15:00,1.38516,1.38531,1.38513,1.38524
2026-08-28 14:30:00,1.38525,1.38536,1.38516,1.38517
2026-08-28 14:45:00,1.38518,1.38537,1.38515,1.38535
2026-08-28 15:00:00,1.38532,1.38547,1.38527,1.38544
2026-08-28 15:15:00,1.38542,1.38542,1.38522,1.38533
2026-08-28 15:30:00,1.3853,1.38551,1.38513,1.38549
2026-08-28 15:45:00,1.38546,1.38548,1.38506,1.38508
2026-08-28 16:00:00,1.38507,1.38528,1.38485,1.385
2026-08-28 16:15:00,1.38498,1.38514,1.38477,1.38479
2026-08-28 16:30:00,1.38479,1.38531,1.38462,1.38507
2026-08-28 16:45:00,1.38507,1.38513,1.38486,1.38496
2026-08-28 17:00:00,1.38493,1.38533,1.38486,1.38515
2026-08-28 17:15:00,1.38517,1.38572,1.38508,1.38554
2026-08-28 17:30:00,1.38552,1.38569,1.38527,1.38553
2026-08-28 17:45:00,1.38555,1.38557,1.38522,1.38532
2026-08-28 18:00:00,1.38531,1.38557,1.3852,1.38554
2026-08-28 18:15:00,1.3855,1.38571,1.38534,1.3857
2026-08-28 18:30:00,1.38568,1.38584,1.38551,1.38576
2026-08-28 18:45:00,1.38574,1.38576,1.38546,1.38557
2026-08-28 19:00:00,1.38554,1.38579,1.38541,1.38553
2026-08-28 19:15:00,1.38549,1.38582,1.38546,1.38578
2026-08-28 19:30:00,1.38577,1.38577,1.38552,1.38568
2026-08-28 19:45:00,1.38569,1.38592,1.3856,1.38576
2026-08-28 20:00:00,1.38577,1.38595,1.38518,1.3852
2026-08-28 20:15:00,1.38522,1.3854,1.385,1.38526
2026-08-28 20:30:00,1.38525,1.38525,1.38493,1.38516
2026-08-28 20:45:00,1.3851,1.3851,1.38456,1.38456
2026-08-28 21:00:00,1.38457,1.3848,1.38448,1.38471
2026-08-28 21:15:00,1.38467,1.3853,1.38455,1.38528
2026-08-28 21:30:00,1.38525,1.3853,1.38494,1.38495
2026-08-28 21:45:00,1.38498,1.38519,1.38476,1.38513
2026-08-28 22:00:00,1.38504,1.38544,1.38504,1.38529
2026-08-28 22:15:00,1.38526,1.38529,1.3848,1.38524
2026-08-28 22:30:00,1.38516,1.38606,1.38516,1.38566
2026-08-28 22:45:00,1.38563,1.38567,1.38515,1.38537
2026-08-28 23:00:00,1.38537,1.38542,1.38485,1.38487
2026-08-28 23:15:00,1.38487,1.38542,1.38486,1.38527
2026-08-28 23:30:00,1.38514,1.3855,1.38495,1.38532
2026-08-28 23:45:00,1.38536,1.38615,1.38536,1.38542
2026-08-29 00:00:00,1.38545,1.38864,1.38529,1.38857
2026-08-29 00:15:00,1.38839,1.38982,1.3883,1.38973
2026-08-29 00:30:00,1.38959,1.38959,1.38804,1.38859
2026-08-29 00:45:00,1.38852,1.3892,1.38787,1.38807
2026-08-29 01:00:00,1.388,1.38911,1.388,1.38909
2026-08-29 01:15:00,1.38902,1.38954,1.38902,1.38953
2026-08-29 01:30:00,1.38948,1.38994,1.38921,1.38959
2026-08-29 01:45:00,1.38963,1.3899,1.38942,1.38973
2026-08-29 02:00:00,1.38974,1.39052,1.38971,1.39046
2026-08-29 02:15:00,1.39034,1.3908,1.39032,1.39048
2026-08-29 02:30:00,1.39044,1.39058,1.39015,1.3904
2026-08-29 02:45:00,1.39038,1.3904,1.38988,1.39011
2026-08-29 03:00:00,1.39016,1.39051,1.39009,1.39016
2026-08-29 03:15:00,1.39017,1.39031,1.39003,1.39012
2026-08-29 03:30:00,1.39016,1.39077,1.39004,1.39074
2026-08-29 03:45:00,1.39071,1.39076,1.39042,1.39062
2026-08-29 04:00:00,1.39062,1.3909,1.39052,1.39077
2026-08-29 04:15:00,1.39078,1.39083,1.39044,1.39055
2026-08-29 04:30:00,1.39051,1.39101,1.39047,1.39099
2026-08-29 04:45:00,1.39095,1.39101,1.39071,1.39072
2026-08-29 05:00:00,1.39074,1.39077,1.39034,1.39061
2026-08-29 05:15:00,1.39057,1.39065,1.39009,1.3901
2026-08-29 05:30:00,1.39011,1.39035,1.38994,1.39012
2026-08-29 05:45:00,1.39008,1.39028,1.39,1.39023
2026-08-29 06:00:00,1.39016,1.39075,1.39016,1.3906
2026-08-29 06:15:00,1.39061,1.39061,1.3902,1.39022
2026-08-29 06:30:00,1.39025,1.39094,1.39015,1.39091
2026-08-29 06:45:00,1.39088,1.39098,1.39039,1.39045
2026-08-29 07:00:00,1.39055,1.39113,1.38988,1.39061
2026-08-29 07:15:00,1.39063,1.39101,1.39005,1.3907
2026-08-29 07:30:00,1.39066,1.39089,1.39044,1.39062
2026-08-29 07:45:00,1.39059,1.39106,1.39024,1.39074
2026-08-29 08:00:00,1.39072,1.3908,1.38979,1.39039
2026-08-29 08:15:00,1.39042,1.39048,1.39016,1.39024
2026-08-29 08:30:00,1.39023,1.39028,1.39015,1.39024
2026-08-29 08:45:00,1.3902,1.39027,1.39013,1.39023
2026-08-29 09:00:00,1.39021,1.39031,1.38973,1.39019
2026-08-29 09:15:00,1.39021,1.39028,1.39013,1.39022
2026-08-29 09:30:00,1.39021,1.39028,1.39014,1.39024
2026-08-29 09:45:00,1.39021,1.39028,1.39012,1.39023
2026-08-29 10:00:00,1.3902,1.3912,1.39,1.39033
2026-08-29 10:15:00,1.39035,1.39053,1.39023,1.39036
2026-08-29 10:30:00,1.39037,1.39042,1.39032,1.39038
2026-08-29 10:45:00,1.39035,1.39048,1.39033,1.39039
2026-08-29 11:00:00,1.39036,1.3904,1.3901,1.39035
2026-08-29 11:15:00,1.39035,1.3905,1.39026,1.39034
2026-08-29 11:30:00,1.39035,1.3905,1.39025,1.39038
2026-08-29 11:45:00,1.39036,1.39043,1.39033,1.39039
2026-08-29 12:00:00,1.39036,1.39048,1.39003,1.39036
2026-08-29 12:15:00,1.39036,1.39043,1.39034,1.39035
2026-08-29 12:30:00,1.39036,1.39052,1.39026,1.39038
2026-08-29 12:45:00,1.39035,1.39048,1.39029,1.39042
2026-08-29 13:00:00,1.39039,1.39065,1.38989,1.39036
2026-08-29 13:15:00,1.39036,1.39054,1.39025,1.39035
2026-08-29 13:30:00,1.39036,1.39042,1.39033,1.39039
2026-08-29 13:45:00,1.39036,1.39051,1.39034,1.3904
2026-08-29 14:00:00,1.39037,1.39053,1.39023,1.39039
2026-08-29 14:15:00,1.39039,1.39043,1.39034,1.3904
2026-08-29 14:30:00,1.39037,1.3905,1.39034,1.39035
2026-08-29 14:45:00,1.39036,1.39043,1.39034,1.39041
2026-08-29 15:00:00,1.39037,1.39058,1.39024,1.39038
2026-08-29 15:15:00,1.39036,1.39053,1.39034,1.39039
2026-08-29 15:30:00,1.3904,1.39046,1.39033,1.39036
2026-08-29 15:45:00,1.39036,1.39053,1.39025,1.39039
2026-08-29 16:00:00,1.39037,1.39042,1.39032,1.39037
2026-08-29 16:15:00,1.39034,1.39046,1.39032,1.39033
2026-08-29 16:30:00,1.39034,1.39049,1.39027,1.39034
2026-08-29 16:45:00,1.39034,1.3904,1.39032,1.39037
2026-08-29 17:00:00,1.39034,1.39046,1.39032,1.39037
2026-08-29 17:15:00,1.39034,1.3904,1.39032,1.39037
2026-08-29 17:30:00,1.39035,1.39047,1.39032,1.39033
2026-08-29 17:45:00,1.39035,1.39046,1.39033,1.39037
2026-08-29 18:00:00,1.39038,1.39042,1.39032,1.39037
2026-08-29 18:15:00,1.39034,1.39049,1.3903,1.39034
2026-08-29 18:30:00,1.39034,1.39042,1.39032,1.39033
2026-08-29 18:45:00,1.39034,1.39047,1.39032,1.39036
2026-08-29 19:00:00,1.39034,1.39047,1.39032,1.39035
2026-08-29 19:15:00,1.39037,1.39041,1.39032,1.39035
2026-08-29 19:30:00,1.39034,1.39048,1.39027,1.39033
2026-08-29 19:45:00,1.39035,1.39042,1.39032,1.39038
2026-08-29 20:00:00,1.39036,1.39049,1.39032,1.39037
2026-08-29 20:15:00,1.39034,1.39047,1.39032,1.39036
2026-08-29 20:30:00,1.39037,1.3904,1.39032,1.39033
2026-08-29 20:45:00,1.39034,1.39047,1.39032,1.39037
2026-08-29 21:00:00,1.39034,1.39043,1.39034,1.39039
2026-08-29 21:15:00,1.39035,1.39053,1.39025,1.39038
2026-08-29 21:30:00,1.39036,1.39054,1.39032,1.39038
2026-08-29 21:45:00,1.39039,1.39042,1.39032,1.39034
2026-08-29 22:00:00,1.39034,1.39052,1.39022,1.39039
2026-08-29 22:15:00,1.39036,1.39041,1.39033,1.39037
2026-08-29 22:30:00,1.39035,1.39052,1.39032,1.39034
2026-08-29 22:45:00,1.39035,1.39051,1.39033,1.39049
2026-08-29 23:00:00,1.39046,1.39046,1.39033,1.39037
2026-08-29 23:15:00,1.39035,1.39054,1.39027,1.39038
2026-08-29 23:30:00,1.39035,1.39041,1.39033,1.39035
2026-08-29 23:45:00,1.39035,1.39052,1.39022,1.39034
2026-08-30 00:00:00,1.39035,1.39048,1.39032,1.39047
2026-08-30 00:15:00,1.39044,1.39044,1.39032,1.39037
2026-08-30 00:30:00,1.39034,1.39048,1.39032,1.39036
2026-08-30 00:45:00,1.39034,1.3904,1.39032,1.39033
2026-08-30 01:00:00,1.39034,1.39222,1.39023,1.3904
2026-08-30 01:15:00,1.39038,1.39052,1.39028,1.3905
2026-08-30 01:30:00,1.39046,1.39105,1.39034,1.39085
2026-08-30 01:45:00,1.39084,1.3909,1.39062,1.3907
2026-08-30 02:00:00,1.39071,1.3912,1.38991,1.39035
2026-08-30 02:15:00,1.39032,1.39054,1.39029,1.3905
2026-08-30 02:30:00,1.39047,1.39062,1.39023,1.39048
2026-08-30 02:45:00,1.39049,1.39054,1.39046,1.39047
2026-08-30 03:00:00,1.39048,1.39051,1.38979,1.39026
2026-08-30 03:15:00,1.39022,1.39029,1.3902,1.39025
2026-08-30 03:30:00,1.39022,1.39046,1.3901,1.39041
2026-08-30 03:45:00,1.39039,1.39056,1.39028,1.39037
2026-08-30 04:00:00,1.3904,1.39057,1.39035,1.39036
2026-08-30 04:15:00,1.39037,1.39054,1.39021,1.39038
2026-08-30 04:30:00,1.39035,1.39041,1.39033,1.39037
2026-08-30 04:45:00,1.39035,1.39055,1.39033,1.39048
2026-08-30 05:00:00,1.39049,1.39083,1.38981,1.39002
2026-08-30 05:15:00,1.39005,1.39032,1.39005,1.39025
2026-08-30 05:30:00,1.39023,1.39047,1.39018,1.39042
2026-08-30 05:45:00,1.39039,1.39045,1.39036,1.39037
2026-08-30 06:00:00,1.39037,1.39059,1.39024,1.39042
2026-08-30 06:15:00,1.39043,1.39056,1.39039,1.39051
2026-08-30 06:30:00,1.3904,1.3906,1.3904,1.39057
2026-08-30 06:45:00,1.39054,1.39075,1.39042,1.39054
2026-08-30 07:00:00,1.39053,1.39053,1.39033,1.39034
2026-08-30 07:15:00,1.39035,1.39051,1.39033,1.39037
2026-08-30 07:30:00,1.39035,1.39054,1.39029,1.39043
2026-08-30 07:45:00,1.39039,1.39046,1.39033,1.39037
2026-08-30 08:00:00,1.39036,1.39049,1.38982,1.39036
2026-08-30 08:15:00,1.39037,1.39043,1.39034,1.39037
2026-08-30 08:30:00,1.39036,1.39054,1.39034,1.39048
2026-08-30 08:45:00,1.39045,1.39051,1.39037,1.39041
2026-08-30 09:00:00,1.39039,1.39056,1.39035,1.39049
2026-08-30 09:15:00,1.3905,1.3907,1.39048,1.39061
2026-08-30 09:30:00,1.39061,1.39068,1.39059,1.39064
2026-08-30 09:45:00,1.39061,1.39074,1.39059,1.3907
2026-08-30 10:00:00,1.39068,1.39074,1.39034,1.39044
2026-08-30 10:15:00,1.39044,1.39062,1.39042,1.39047
2026-08-30 10:30:00,1.39047,1.39062,1.3904,1.39059
2026-08-30 10:45:00,1.39057,1.39063,1.39055,1.39059
2026-08-30 11:00:00,1.39057,1.39074,1.3905,1.39057
2026-08-30 11:15:00,1.39056,1.39056,1.39045,1.39047
2026-08-30 11:30:00,1.39047,1.39063,1.39046,1.39059
2026-08-30 11:45:00,1.39057,1.39071,1.39055,1.39067
2026-08-30 12:00:00,1.39064,1.39071,1.39062,1.39066
2026-08-30 12:15:00,1.39064,1.39077,1.39058,1.3907
2026-08-30 12:30:00,1.39071,1.39089,1.39038,1.39058
2026-08-30 12:45:00,1.39055,1.39063,1.39054,1.39059
2026-08-30 13:00:00,1.39056,1.3907,1.39055,1.39065
2026-08-30 13:15:00,1.39064,1.3907,1.39062,1.39063
2026-08-30 13:30:00,1.39064,1.39077,1.39062,1.39073
2026-08-30 13:45:00,1.3907,1.39076,1.39068,1.39073
2026-08-30 14:00:00,1.3907,1.39081,1.39069,1.39077
2026-08-30 14:15:00,1.39075,1.39089,1.3907,1.39073
2026-08-30 14:30:00,1.39074,1.3908,1.39065,1.39068
2026-08-30 14:45:00,1.39068,1.39071,1.39048,1.39067
2026-08-30 15:00:00,1.39064,1.3907,1.39062,1.39066
2026-08-30 15:15:00,1.39064,1.39068,1.39048,1.39061
2026-08-30 15:30:00,1.39062,1.3907,1.39054,1.39063
2026-08-30 15:45:00,1.39063,1.39069,1.39061,1.39066
2026-08-30 16:00:00,1.39063,1.39069,1.39043,1.39052
2026-08-30 16:15:00,1.3905,1.39056,1.39048,1.39049
2026-08-30 16:30:00,1.3905,1.39065,1.39041,1.39058
2026-08-30 16:45:00,1.39059,1.3907,1.39057,1.39069
2026-08-30 17:00:00,1.39066,1.39072,1.39064,1.39069
2026-08-30 17:15:00,1.39066,1.39072,1.39043,1.39052
2026-08-30 17:30:00,1.39052,1.39067,1.39043,1.3905
2026-08-30 17:45:00,1.39051,1.39059,1.39048,1.39055
2026-08-30 18:00:00,1.39053,1.39068,1.39047,1.39065
2026-08-30 18:15:00,1.39062,1.39068,1.3906,1.39062
2026-08-30 18:30:00,1.39062,1.39075,1.3906,1.39067
2026-08-30 18:45:00,1.39068,1.39074,1.39066,1.39071
2026-08-30 19:00:00,1.39068,1.3908,1.39064,1.39077
2026-08-30 19:15:00,1.39074,1.39089,1.39072,1.39085
2026-08-30 19:30:00,1.39085,1.39091,1.39083,1.39083
2026-08-30 19:45:00,1.39085,1.39091,1.39073,1.39083
2026-08-30 20:00:00,1.3908,1.39086,1.39078,1.39083
2026-08-30 20:15:00,1.3908,1.39087,1.39078,1.39082
2026-08-30 20:30:00,1.3908,1.39087,1.3907,1.39072
2026-08-30 20:45:00,1.39073,1.39079,1.39071,1.39077
2026-08-30 21:00:00,1.39073,1.39079,1.39071,1.39076
2026-08-30 21:15:00,1.39073,1.39079,1.39071,1.39075
2026-08-30 21:30:00,1.39073,1.39079,1.38987,1.39015
2026-08-30 21:45:00,1.39015,1.39022,1.39013,1.39015
2026-08-30 22:00:00,1.39015,1.39021,1.39013,1.39018
2026-08-30 22:15:00,1.39015,1.39022,1.39013,1.39018
2026-08-30 22:30:00,1.39015,1.39022,1.39013,1.39015
2026-08-30 22:45:00,1.39015,1.39023,1.39013,1.39017
2026-08-30 23:00:00,1.39017,1.39024,1.39015,1.3902
2026-08-30 23:15:00,1.39017,1.39037,1.3894,1.38973
2026-08-30 23:30:00,1.3897,1.38976,1.38968,1.3897
2026-08-30 23:45:00,1.3897,1.38987,1.38962,1.3898
2026-08-31 00:00:00,1.38981,1.39066,1.38966,1.39048
2026-08-31 00:15:00,1.39046,1.39052,1.39043,1.39049
2026-08-31 00:30:00,1.39046,1.39052,1.39039,1.39043
2026-08-31 00:45:00,1.39041,1.39048,1.39039,1.3904
2026-08-31 01:00:00,1.39041,1.39044,1.38961,1.39008
2026-08-31 01:15:00,1.39005,1.39015,1.39003,1.39013
2026-08-31 01:30:00,1.39009,1.39023,1.39007,1.39018
2026-08-31 01:45:00,1.39017,1.39024,1.39015,1.39017
2026-08-31 02:00:00,1.39018,1.39021,1.38977,1.39009
2026-08-31 02:15:00,1.39006,1.39036,1.39003,1.39033
2026-08-31 02:30:00,1.3903,1.39119,1.38949,1.38984
2026-08-31 02:45:00,1.38982,1.38988,1.3898,1.38981
2026-08-31 03:00:00,1.38982,1.39038,1.38949,1.39027
2026-08-31 03:15:00,1.39028,1.39046,1.39028,1.39045
2026-08-31 03:30:00,1.39042,1.39048,1.39037,1.39042
2026-08-31 03:45:00,1.3904,1.39045,1.3903,1.39031
2026-08-31 04:00:00,1.39031,1.39045,1.38997,1.39037
2026-08-31 04:15:00,1.39037,1.39112,1.38959,1.39041
2026-08-31 04:30:00,1.39039,1.39047,1.39035,1.39043
2026-08-31 04:45:00,1.39041,1.39043,1.39033,1.39035
2026-08-31 05:00:00,1.39035,1.39263,1.38916,1.39076
2026-08-31 05:15:00,1.3912,1.39381,1.3912,1.39368
2026-08-31 05:30:00,1.39354,1.39418,1.38969,1.39092
2026-08-31 05:45:00,1.39079,1.39215,1.39042,1.3905
2026-08-31 06:00:00,1.39065,1.39201,1.39014,1.39019
2026-08-31 06:15:00,1.39029,1.39102,1.39025,1.39086
2026-08-31 06:30:00,1.39085,1.39146,1.38974,1.39088
2026-08-31 06:45:00,1.39068,1.39129,1.39063,1.39074
2026-08-31 07:00:00,1.39079,1.39202,1.39004,1.39086
2026-08-31 07:15:00,1.39092,1.39122,1.39073,1.39114
2026-08-31 07:30:00,1.39113,1.39122,1.39106,1.39118
2026-08-31 07:45:00,1.39115,1.39126,1.39109,1.39118
2026-08-31 08:00:00,1.39116,1.39121,1.39026,1.39039
2026-08-31 08:15:00,1.39047,1.39075,1.39047,1.3906
2026-08-31 08:30:00,1.39061,1.39063,1.39025,1.39041
2026-08-31 08:45:00,1.39036,1.39049,1.39036,1.39041
2026-08-31 09:00:00,1.39039,1.39049,1.39012,1.39012
2026-08-31 09:15:00,1.39014,1.39024,1.39006,1.3901
2026-08-31 09:30:00,1.39012,1.39023,1.38986,1.38988
2026-08-31 09:45:00,1.38989,1.39011,1.38989,1.39001
2026-08-31 10:00:00,1.38994,1.39009,1.3897,1.3899
2026-08-31 10:15:00,1.38989,1.39079,1.38981,1.39076
2026-08-31 10:30:00,1.39071,1.3908,1.38981,1.38989
2026-08-31 10:45:00,1.38986,1.38996,1.38973,1.38993
2026-08-31 11:00:00,1.3899,1.39036,1.38988,1.39025
2026-08-31 11:15:00,1.39024,1.39024,1.38986,1.38999
2026-08-31 11:30:00,1.38999,1.3901,1.38922,1.38927
2026-08-31 11:45:00,1.38934,1.38934,1.389,1.38916
2026-08-31 12:00:00,1.38913,1.38926,1.38895,1.38911
2026-08-31 12:15:00,1.38908,1.38931,1.38889,1.38889
2026-08-31 12:30:00,1.38891,1.38956,1.38891,1.38947
2026-08-31 12:45:00,1.38948,1.38948,1.38904,1.3891
2026-08-31 13:00:00,1.38906,1.3892,1.38903,1.38905
2026-08-31 13:15:00,1.38905,1.38909,1.38892,1.38906
2026-08-31 13:30:00,1.38902,1.3893,1.38902,1.38908
2026-08-31 13:45:00,1.38909,1.38921,1.38907,1.38916
2026-08-31 14:00:00,1.38913,1.38913,1.3889,1.38894
2026-08-31 14:15:00,1.38893,1.38923,1.38891,1.38921
2026-08-31 14:30:00,1.38918,1.3892,1.38904,1.38908
2026-08-31 14:45:00,1.38909,1.38913,1.38898,1.389
2026-08-31 15:00:00,1.389,1.38958,1.38896,1.38955
2026-08-31 15:15:00,1.38952,1.38952,1.38932,1.38941
2026-08-31 15:30:00,1.38941,1.38965,1.38927,1.38951
2026-08-31 15:45:00,1.38952,1.38967,1.38942,1.38947
2026-08-31 16:00:00,1.38945,1.3898,1.38936,1.38968
2026-08-31 16:15:00,1.38964,1.38975,1.38943,1.38965
2026-08-31 16:30:00,1.38966,1.38983,1.38937,1.38969
2026-08-31 16:45:00,1.38964,1.38982,1.38964,1.38977
2026-08-31 17:00:00,1.38975,1.39005,1.38941,1.38972
2026-08-31 17:15:00,1.3896,1.39012,1.38927,1.38935
2026-08-31 17:30:00,1.38931,1.39017,1.38931,1.38988
2026-08-31 17:45:00,1.38991,1.38991,1.38927,1.38929
2026-08-31 18:00:00,1.38931,1.38985,1.38887,1.38982
2026-08-31 18:15:00,1.38978,1.39013,1.38976,1.39011
2026-08-31 18:30:00,1.39009,1.39016,1.38977,1.39
2026-08-31 18:45:00,1.38996,1.3902,1.38992,1.38996
2026-08-31 19:00:00,1.38998,1.38998,1.38951,1.38955
2026-08-31 19:15:00,1.3896,1.38971,1.38937,1.38955
2026-08-31 19:30:00,1.38956,1.38976,1.38948,1.38948
2026-08-31 19:45:00,1.38949,1.38957,1.3891,1.3892
2026-08-31 20:00:00,1.38919,1.38921,1.38881,1.38889
2026-08-31 20:15:00,1.38886,1.38886,1.38867,1.38878
2026-08-31 20:30:00,1.38876,1.38911,1.3887,1.38909
2026-08-31 20:45:00,1.38906,1.38949,1.38896,1.38943
2026-08-31 21:00:00,1.38934,1.38959,1.38927,1.38938
2026-08-31 21:15:00,1.38936,1.38938,1.38847,1.38866
2026-08-31 21:30:00,1.38862,1.389,1.38845,1.38847
2026-08-31 21:45:00,1.38851,1.3888,1.38834,1.38859
2026-08-31 22:00:00,1.38866,1.38882,1.38851,1.38853
2026-08-31 22:15:00,1.38856,1.38887,1.38817,1.3882
2026-08-31 22:30:00,1.38821,1.38865,1.38807,1.3882
2026-08-31 22:45:00,1.38823,1.38858,1.38803,1.38804
2026-08-31 23:00:00,1.38808,1.38838,1.38799,1.38816
2026-08-31 23:15:00,1.38816,1.38837,1.3877,1.38774
2026-08-31 23:30:00,1.38779,1.38802,1.38723,1.38799
2026-08-31 23:45:00,1.38792,1.3881,1.38764,1.38783
2026-09-01 00:00:00,1.38784,1.38796,1.38715,1.38719
2026-09-01 00:15:00,1.38723,1.3874,1.38649,1.38692
2026-09-01 00:30:00,1.38678,1.38717,1.38678,1.38695
2026-09-01 00:45:00,1.38689,1.387,1.38567,1.3863
2026-09-01 01:00:00,1.38619,1.38685,1.38619,1.38647
2026-09-01 01:15:00,1.3865,1.38679,1.3863,1.38641
2026-09-01 01:30:00,1.38637,1.38649,1.38609,1.38627
2026-09-01 01:45:00,1.38623,1.38636,1.38591,1.38617
2026-09-01 02:00:00,1.38618,1.38634,1.38589,1.38608
2026-09-01 02:15:00,1.38604,1.38633,1.38594,1.3862
2026-09-01 02:30:00,1.38617,1.38631,1.38592,1.38612
2026-09-01 02:45:00,1.3861,1.38626,1.38595,1.386
2026-09-01 03:00:00,1.38603,1.38623,1.38573,1.38574
2026-09-01 03:15:00,1.38576,1.38592,1.38557,1.38591
2026-09-01 03:30:00,1.38588,1.3859,1.3855,1.38556
2026-09-01 03:45:00,1.38565,1.38572,1.38542,1.3856
2026-09-01 04:00:00,1.38562,1.38595,1.38556,1.38557
2026-09-01 04:15:00,1.38558,1.3858,1.38552,1.38572
2026-09-01 04:30:00,1.38572,1.38593,1.38547,1.38569
2026-09-01 04:45:00,1.38567,1.38579,1.38544,1.38555
2026-09-01 05:00:00,1.38553,1.38574,1.3854,1.38544
2026-09-01 05:15:00,1.38554,1.38576,1.38546,1.38574
2026-09-01 05:30:00,1.3857,1.38588,1.38565,1.38586
2026-09-01 05:45:00,1.38583,1.38596,1.38563,1.38595
2026-09-01 06:00:00,1.38592,1.386,1.3857,1.38595
2026-09-01 06:15:00,1.38589,1.38602,1.38586,1.38595
2026-09-01 06:30:00,1.38593,1.38609,1.38533,1.38535
2026-09-01 06:45:00,1.38535,1.38573,1.38526,1.38554
2026-09-01 07:00:00,1.38557,1.38572,1.38534,1.38552
2026-09-01 07:15:00,1.3856,1.38594,1.3856,1.38572
2026-09-01 07:30:00,1.38571,1.38571,1.38551,1.38557
2026-09-01 07:45:00,1.38554,1.38559,1.38544,1.38554
2026-09-01 08:00:00,1.38553,1.38569,1.38548,1.38552
2026-09-01 08:15:00,1.38553,1.38562,1.38538,1.38552
2026-09-01 08:30:00,1.38553,1.38562,1.38548,1.38561
2026-09-01 08:45:00,1.38558,1.38562,1.38548,1.38555
2026-09-01 09:00:00,1.38553,1.38577,1.38549,1.3857
2026-09-01 09:15:00,1.38571,1.38579,1.38556,1.3856
2026-09-01 09:30:00,1.38562,1.38562,1.3853,1.38542
2026-09-01 09:45:00,1.3854,1.38553,1.38525,1.38536
2026-09-01 10:00:00,1.38534,1.38534,1.38463,1.3847
2026-09-01 10:15:00,1.38467,1.38477,1.38453,1.38454
2026-09-01 10:30:00,1.38458,1.38501,1.38458,1.38498
2026-09-01 10:45:00,1.38491,1.38548,1.38491,1.38545
2026-09-01 11:00:00,1.38542,1.38612,1.38534,1.38602
2026-09-01 11:15:00,1.38602,1.38642,1.38586,1.38621
2026-09-01 11:30:00,1.38627,1.38639,1.38605,1.38611
2026-09-01 11:45:00,1.38617,1.38639,1.38599,1.3862
2026-09-01 12:00:00,1.38625,1.38657,1.38611,1.38642
2026-09-01 12:15:00,1.38643,1.38645,1.38616,1.3862
2026-09-01 12:30:00,1.38623,1.3865,1.38623,1.38634
2026-09-01 12:45:00,1.38633,1.38638,1.38624,1.3863
2026-09-01 13:00:00,1.38627,1.38647,1.38626,1.3863
2026-09-01 13:15:00,1.3863,1.3867,1.38626,1.38648
2026-09-01 13:30:00,1.38651,1.38667,1.38643,1.38664
2026-09-01 13:45:00,1.38662,1.38679,1.38653,1.38678
2026-09-01 14:00:00,1.38674,1.38692,1.38664,1.38688
2026-09-01 14:15:00,1.38687,1.38705,1.38684,1.38704
2026-09-01 14:30:00,1.38702,1.38709,1.38683,1.38684
2026-09-01 14:45:00,1.38685,1.38692,1.38664,1.38671
2026-09-01 15:00:00,1.38673,1.38673,1.38636,1.38653
2026-09-01 15:15:00,1.38651,1.38674,1.38648,1.38658
2026-09-01 15:30:00,1.38658,1.38661,1.38634,1.38648
2026-09-01 15:45:00,1.38649,1.38664,1.38644,1.38664
2026-09-01 16:00:00,1.38661,1.38679,1.38606,1.38629
2026-09-01 16:15:00,1.38624,1.38669,1.38605,1.3866
2026-09-01 16:30:00,1.38662,1.38692,1.38662,1.38678
2026-09-01 16:45:00,1.38679,1.38708,1.38653,1.38682
2026-09-01 17:00:00,1.38679,1.38681,1.38637,1.38666
2026-09-01 17:15:00,1.38659,1.38698,1.38653,1.38688
2026-09-01 17:30:00,1.38689,1.38756,1.38687,1.38724
2026-09-01 17:45:00,1.38729,1.38744,1.38712,1.38726
2026-09-01 18:00:00,1.38721,1.38759,1.38719,1.38751
2026-09-01 18:15:00,1.38747,1.38759,1.38708,1.38727
2026-09-01 18:30:00,1.38729,1.3877,1.38725,1.38745
2026-09-01 18:45:00,1.38745,1.38755,1.38685,1.3869
2026-09-01 19:00:00,1.38697,1.38729,1.38691,1.38696
2026-09-01 19:15:00,1.38698,1.38729,1.38689,1.38696
2026-09-01 19:30:00,1.38693,1.38709,1.38667,1.38678
2026-09-01 19:45:00,1.38673,1.38701,1.38665,1.38685
2026-09-01 20:00:00,1.38675,1.38737,1.38666,1.38729
2026-09-01 20:15:00,1.38723,1.38747,1.38709,1.38724
2026-09-01 20:30:00,1.38727,1.38749,1.38712,1.38733
2026-09-01 20:45:00,1.38734,1.38748,1.38728,1.38737
2026-09-01 21:00:00,1.38738,1.3876,1.38735,1.3875
2026-09-01 21:15:00,1.38745,1.38778,1.38744,1.38766
2026-09-01 21:30:00,1.38764,1.38824,1.38755,1.38816
2026-09-01 21:45:00,1.38817,1.3882,1.38779,1.38814
2026-09-01 22:00:00,1.38808,1.38883,1.38803,1.38873
2026-09-01 22:15:00,1.38871,1.38878,1.38781,1.38793
2026-09-01 22:30:00,1.3879,1.38832,1.38777,1.38819
2026-09-01 22:45:00,1.38816,1.38845,1.38807,1.38817
2026-09-01 23:00:00,1.3882,1.38886,1.3882,1.38861
2026-09-01 23:15:00,1.38863,1.38918,1.38849,1.38916
2026-09-01 23:30:00,1.38908,1.38946,1.38905,1.38911
2026-09-01 23:45:00,1.3892,1.3892,1.38843,1.38901
2026-09-02 00:00:00,1.38894,1.38897,1.38808,1.38839
2026-09-02 00:15:00,1.38841,1.38931,1.38841,1.38929
2026-09-02 00:30:00,1.38919,1.38954,1.38901,1.38903
2026-09-02 00:45:00,1.38902,1.39049,1.38902,1.39029
2026-09-02 01:00:00,1.3903,1.39068,1.39012,1.39041
2026-09-02 01:15:00,1.39032,1.39071,1.38992,1.39009
2026-09-02 01:30:00,1.39013,1.39017,1.38979,1.38997
2026-09-02 01:45:00,1.38993,1.39054,1.38992,1.39045
2026-09-02 02:00:00,1.39045,1.39056,1.39031,1.39038
2026-09-02 02:15:00,1.39039,1.39044,1.38982,1.39018
2026-09-02 02:30:00,1.39014,1.39027,1.38994,1.39025
2026-09-02 02:45:00,1.39018,1.39053,1.39018,1.39052
2026-09-02 03:00:00,1.3905,1.39056,1.39035,1.39043
2026-09-02 03:15:00,1.39045,1.3907,1.39033,1.39068
2026-09-02 03:30:00,1.39064,1.39067,1.39009,1.39065
2026-09-02 03:45:00,1.39059,1.39069,1.39045,1.39054
2026-09-02 04:00:00,1.39052,1.3906,1.39036,1.39044
2026-09-02 04:15:00,1.39046,1.39053,1.38985,1.3899
2026-09-02 04:30:00,1.38991,1.39012,1.38983,1.39009
2026-09-02 04:45:00,1.39006,1.39007,1.38941,1.38943
2026-09-02 05:00:00,1.38946,1.38957,1.38931,1.38955
2026-09-02 05:15:00,1.38952,1.3896,1.38926,1.38943
2026-09-02 05:30:00,1.38941,1.38973,1.38933,1.38967
2026-09-02 05:45:00,1.38964,1.38982,1.38949,1.38967
2026-09-02 06:00:00,1.38961,1.38975,1.38955,1.38971
2026-09-02 06:15:00,1.38966,1.38982,1.38964,1.38981
2026-09-02 06:30:00,1.38979,1.3898,1.3896,1.38972
2026-09-02 06:45:00,1.38969,1.38982,1.38962,1.3897
2026-09-02 07:00:00,1.38969,1.38984,1.38917,1.3898
2026-09-02 07:15:00,1.38974,1.39021,1.38972,1.39019
2026-09-02 07:30:00,1.39015,1.39029,1.39013,1.39026
2026-09-02 07:45:00,1.39023,1.39034,1.39013,1.39024
2026-09-02 08:00:00,1.39021,1.39026,1.38961,1.38964
2026-09-02 08:15:00,1.38966,1.38975,1.38938,1.38958
2026-09-02 08:30:00,1.38954,1.3898,1.38954,1.38977
2026-09-02 08:45:00,1.38975,1.38977,1.38951,1.38956
2026-09-02 09:00:00,1.38954,1.38958,1.38942,1.38952
2026-09-02 09:15:00,1.3895,1.38967,1.38948,1.38964
2026-09-02 09:30:00,1.38959,1.3897,1.38947,1.38953
2026-09-02 09:45:00,1.38951,1.38958,1.38938,1.38953
2026-09-02 10:00:00,1.38946,1.38994,1.38946,1.38976
2026-09-02 10:15:00,1.38977,1.3899,1.38965,1.38988
2026-09-02 10:30:00,1.38986,1.38986,1.3895,1.38955
2026-09-02 10:45:00,1.38952,1.39002,1.38951,1.39
2026-09-02 11:00:00,1.38996,1.39028,1.38986,1.39018
2026-09-02 11:15:00,1.39014,1.39019,1.38961,1.38986
2026-09-02 11:30:00,1.38983,1.39026,1.38979,1.39007
2026-09-02 11:45:00,1.39005,1.39029,1.38997,1.39026
2026-09-02 12:00:00,1.39022,1.39079,1.39012,1.39067
2026-09-02 12:15:00,1.39072,1.39115,1.39057,1.39088
2026-09-02 12:30:00,1.39091,1.391,1.3907,1.39079
2026-09-02 12:45:00,1.39074,1.391,1.39074,1.39097
2026-09-02 13:00:00,1.39094,1.39101,1.39084,1.39098
2026-09-02 13:15:00,1.39096,1.39133,1.3909,1.39128
2026-09-02 13:30:00,1.39122,1.39167,1.39122,1.39167
2026-09-02 13:45:00,1.39165,1.39169,1.39154,1.39167
2026-09-02 14:00:00,1.39164,1.3921,1.39155,1.39207
2026-09-02 14:15:00,1.39205,1.39222,1.39189,1.39213
2026-09-02 14:30:00,1.39211,1.39218,1.39202,1.39204
2026-09-02 14:45:00,1.39204,1.39219,1.39197,1.39218
2026-09-02 15:00:00,1.39215,1.39234,1.39195,1.39196
2026-09-02 15:15:00,1.39197,1.39199,1.39178,1.39179
2026-09-02 15:30:00,1.39181,1.39185,1.39142,1.39163
2026-09-02 15:45:00,1.39158,1.39166,1.3913,1.39135
2026-09-02 16:00:00,1.39136,1.39155,1.39105,1.39125
2026-09-02 16:15:00,1.39118,1.39177,1.39117,1.39138
2026-09-02 16:30:00,1.39138,1.39179,1.39133,1.39169
2026-09-02 16:45:00,1.39166,1.39229,1.39156,1.39226
2026-09-02 17:00:00,1.39217,1.39273,1.39217,1.39258
2026-09-02 17:15:00,1.39255,1.39264,1.39232,1.3926
2026-09-02 17:30:00,1.39259,1.3927,1.39229,1.39264
2026-09-02 17:45:00,1.39256,1.39273,1.39251,1.3927
2026-09-02 18:00:00,1.39268,1.3931,1.39251,1.39309
2026-09-02 18:15:00,1.39302,1.39337,1.39299,1.39334
2026-09-02 18:30:00,1.39327,1.39357,1.39326,1.39327
2026-09-02 18:45:00,1.39328,1.39367,1.39319,1.39356
2026-09-02 19:00:00,1.39357,1.3938,1.39335,1.39355
2026-09-02 19:15:00,1.39351,1.39377,1.39349,1.39364
2026-09-02 19:30:00,1.39369,1.39372,1.39347,1.39367
2026-09-02 19:45:00,1.39368,1.39383,1.39358,1.39368
2026-09-02 20:00:00,1.39371,1.39379,1.39343,1.39378
2026-09-02 20:15:00,1.39372,1.394,1.39359,1.39376
2026-09-02 20:30:00,1.39365,1.39399,1.39351,1.39352
2026-09-02 20:45:00,1.39355,1.39368,1.39324,1.39325
2026-09-02 21:00:00,1.39325,1.39334,1.39275,1.39308
2026-09-02 21:15:00,1.39305,1.39313,1.39282,1.39308
2026-09-02 21:30:00,1.39305,1.3931,1.39264,1.39269
2026-09-02 21:45:00,1.39268,1.39289,1.3926,1.39279
2026-09-02 22:00:00,1.39281,1.39281,1.39236,1.3925
2026-09-02 22:15:00,1.39248,1.3925,1.39108,1.39138
2026-09-02 22:30:00,1.39133,1.39214,1.39133,1.392
2026-09-02 22:45:00,1.392,1.39208,1.39135,1.39166
2026-09-02 23:00:00,1.39161,1.39189,1.39159,1.39186
2026-09-02 23:15:00,1.39177,1.39196,1.3902,1.39023
2026-09-02 23:30:00,1.39022,1.39077,1.39015,1.39032
2026-09-02 23:45:00,1.39042,1.39042,1.38695,1.38725
2026-09-03 00:00:00,1.3873,1.38735,1.38632,1.38724
2026-09-03 00:15:00,1.38701,1.38846,1.38701,1.38806
2026-09-03 00:30:00,1.38809,1.38815,1.38644,1.38656
2026-09-03 00:45:00,1.38677,1.38677,1.38503,1.3853
2026-09-03 01:00:00,1.38523,1.38528,1.38421,1.38444
2026-09-03 01:15:00,1.38442,1.38465,1.38412,1.3845
2026-09-03 01:30:00,1.38443,1.38494,1.38373,1.38464
2026-09-03 01:45:00,1.38471,1.38529,1.3845,1.38495
2026-09-03 02:00:00,1.38506,1.38575,1.38505,1.38533
2026-09-03 02:15:00,1.38531,1.38531,1.38462,1.38491
2026-09-03 02:30:00,1.38483,1.38525,1.38462,1.38466
2026-09-03 02:45:00,1.3847,1.38471,1.38442,1.38457
2026-09-03 03:00:00,1.38454,1.38477,1.38428,1.38429
2026-09-03 03:15:00,1.38433,1.38489,1.38433,1.38481
2026-09-03 03:30:00,1.38479,1.3849,1.38434,1.38441
2026-09-03 03:45:00,1.38437,1.38445,1.38415,1.38435
2026-09-03 04:00:00,1.38432,1.38445,1.3839,1.38419
2026-09-03 04:15:00,1.38414,1.38429,1.38387,1.38393
2026-09-03 04:30:00,1.38391,1.38391,1.38349,1.38386
2026-09-03 04:45:00,1.38383,1.38418,1.38379,1.38414
2026-09-03 05:00:00,1.38407,1.38435,1.38407,1.38428
2026-09-03 05:15:00,1.38428,1.38429,1.38375,1.38393
2026-09-03 05:30:00,1.38389,1.38409,1.38384,1.38399
2026-09-03 05:45:00,1.38395,1.38397,1.38372,1.38381
2026-09-03 06:00:00,1.38382,1.38418,1.3837,1.3841
2026-09-03 06:15:00,1.38411,1.38456,1.38399,1.38452
2026-09-03 06:30:00,1.38443,1.38463,1.38427,1.38439
2026-09-03 06:45:00,1.38438,1.38461,1.38423,1.3845
2026-09-03 07:00:00,1.38449,1.38449,1.38374,1.38414
2026-09-03 07:15:00,1.3841,1.38419,1.38399,1.38406
2026-09-03 07:30:00,1.38408,1.3843,1.38408,1.3843
2026-09-03 07:45:00,1.38427,1.38454,1.38409,1.38438
2026-09-03 08:00:00,1.38435,1.38473,1.38435,1.3845
2026-09-03 08:15:00,1.38449,1.38466,1.38435,1.38451
2026-09-03 08:30:00,1.38452,1.38456,1.38426,1.38434
2026-09-03 08:45:00,1.38431,1.38449,1.38427,1.38442
2026-09-03 09:00:00,1.3844,1.38454,1.38431,1.3845
2026-09-03 09:15:00,1.3845,1.38456,1.38442,1.38448
2026-09-03 09:30:00,1.38448,1.38452,1.38436,1.38443
2026-09-03 09:45:00,1.3844,1.38465,1.38437,1.38457
2026-09-03 10:00:00,1.38455,1.38468,1.38411,1.38412
2026-09-03 10:15:00,1.38413,1.38414,1.38359,1.3836
2026-09-03 10:30:00,1.38362,1.38377,1.3836,1.38372
2026-09-03 10:45:00,1.38366,1.38399,1.38365,1.38388
2026-09-03 11:00:00,1.38384,1.38404,1.3837,1.38378
2026-09-03 11:15:00,1.38376,1.38399,1.38371,1.38372
2026-09-03 11:30:00,1.38373,1.38373,1.3832,1.38337
2026-09-03 11:45:00,1.38333,1.38385,1.38328,1.38383
2026-09-03 12:00:00,1.3838,1.38389,1.38346,1.38386
2026-09-03 12:15:00,1.38385,1.38385,1.38345,1.38349
2026-09-03 12:30:00,1.38349,1.3835,1.38267,1.38327
2026-09-03 12:45:00,1.38324,1.38334,1.38303,1.38319
2026-09-03 13:00:00,1.38315,1.38333,1.38293,1.38311
2026-09-03 13:15:00,1.38306,1.38334,1.38306,1.38315
2026-09-03 13:30:00,1.38317,1.38338,1.38291,1.38291
2026-09-03 13:45:00,1.38292,1.38304,1.38287,1.38303
2026-09-03 14:00:00,1.38299,1.3831,1.38284,1.38294
2026-09-03 14:15:00,1.38291,1.38308,1.38282,1.38307
2026-09-03 14:30:00,1.38306,1.38311,1.3827,1.38283
2026-09-03 14:45:00,1.38281,1.38333,1.38269,1.38329
2026-09-03 15:00:00,1.38327,1.38338,1.383,1.38316
2026-09-03 15:15:00,1.38313,1.38336,1.38296,1.38319
2026-09-03 15:30:00,1.38311,1.3834,1.38311,1.38324
2026-09-03 15:45:00,1.38328,1.38352,1.38311,1.38327
2026-09-03 16:00:00,1.38328,1.38371,1.38314,1.38331
2026-09-03 16:15:00,1.38334,1.38361,1.38319,1.38346
2026-09-03 16:30:00,1.38339,1.38356,1.3825,1.38251
2026-09-03 16:45:00,1.38252,1.38289,1.38243,1.38284
2026-09-03 17:00:00,1.38271,1.38302,1.38216,1.38263
2026-09-03 17:15:00,1.38253,1.38295,1.38227,1.38236
2026-09-03 17:30:00,1.38241,1.38252,1.38208,1.38209
2026-09-03 17:45:00,1.38211,1.38226,1.38155,1.38158
2026-09-03 18:00:00,1.38157,1.38175,1.38139,1.38149
2026-09-03 18:15:00,1.38151,1.38187,1.38108,1.38119
2026-09-03 18:30:00,1.38116,1.38133,1.38113,1.38121
2026-09-03 18:45:00,1.38118,1.38118,1.38037,1.38044
2026-09-03 19:00:00,1.38048,1.38112,1.38048,1.38088
2026-09-03 19:15:00,1.38088,1.38126,1.38088,1.38123
2026-09-03 19:30:00,1.38121,1.38139,1.38116,1.38122
2026-09-03 19:45:00,1.38124,1.38131,1.38077,1.38079
2026-09-03 20:00:00,1.38084,1.38108,1.38075,1.38104
2026-09-03 20:15:00,1.381,1.38121,1.38085,1.38096
2026-09-03 20:30:00,1.38093,1.3813,1.3809,1.38115
2026-09-03 20:45:00,1.3812,1.38132,1.3804,1.38041
2026-09-03 21:00:00,1.38042,1.38075,1.38032,1.38034
2026-09-03 21:15:00,1.38034,1.38046,1.37984,1.38039
2026-09-03 21:30:00,1.38036,1.38044,1.37989,1.38022
2026-09-03 21:45:00,1.38019,1.38024,1.37928,1.37929
2026-09-03 22:00:00,1.37932,1.37986,1.3791,1.37984
2026-09-03 22:15:00,1.3798,1.38043,1.37956,1.38041
2026-09-03 22:30:00,1.38037,1.38037,1.37899,1.37982
2026-09-03 22:45:00,1.37976,1.37995,1.3792,1.37929
2026-09-03 23:00:00,1.37934,1.37943,1.37893,1.37935
2026-09-03 23:15:00,1.37933,1.3802,1.37929,1.3801
2026-09-03 23:30:00,1.38005,1.38073,1.37995,1.38033
2026-09-03 23:45:00,1.38044,1.38053,1.37975,1.37992
2026-09-04 00:00:00,1.3799,1.38023,1.37961,1.37966
2026-09-04 00:15:00,1.37974,1.37995,1.3795,1.37962
2026-09-04 00:30:00,1.37959,1.38027,1.37931,1.38025
2026-09-04 00:45:00,1.38022,1.38026,1.37887,1.37889
2026-09-04 01:00:00,1.37894,1.37903,1.37836,1.37856
2026-09-04 01:15:00,1.37859,1.37889,1.37846,1.3787
2026-09-04 01:30:00,1.37863,1.37897,1.37859,1.37894
2026-09-04 01:45:00,1.37888,1.37889,1.37835,1.37839
2026-09-04 02:00:00,1.37845,1.37845,1.37762,1.37764
2026-09-04 02:15:00,1.37767,1.3777,1.37683,1.37687
2026-09-04 02:30:00,1.37693,1.37745,1.37657,1.37742
2026-09-04 02:45:00,1.37735,1.37735,1.37668,1.37671
2026-09-04 03:00:00,1.37682,1.37747,1.37682,1.37733
2026-09-04 03:15:00,1.37735,1.37789,1.37735,1.37789
2026-09-04 03:30:00,1.37786,1.37808,1.37785,1.37805
2026-09-04 03:45:00,1.37802,1.3786,1.37797,1.37857
2026-09-04 04:00:00,1.37851,1.37876,1.3784,1.37849
2026-09-04 04:15:00,1.37851,1.37871,1.37846,1.37861
2026-09-04 04:30:00,1.37854,1.37886,1.37854,1.37882
2026-09-04 04:45:00,1.37879,1.37895,1.37865,1.3789
2026-09-04 05:00:00,1.37889,1.37952,1.3788,1.37944
2026-09-04 05:15:00,1.37934,1.37957,1.37917,1.37944
2026-09-04 05:30:00,1.37946,1.37959,1.37911,1.37919
2026-09-04 05:45:00,1.37912,1.37927,1.37869,1.3787
2026-09-04 06:00:00,1.37872,1.37881,1.37818,1.37838
2026-09-04 06:15:00,1.37835,1.37901,1.3783,1.37892
2026-09-04 06:30:00,1.37893,1.37929,1.37888,1.37915
2026-09-04 06:45:00,1.3791,1.37937,1.37887,1.37934
2026-09-04 07:00:00,1.37932,1.37971,1.37919,1.37945
2026-09-04 07:15:00,1.37945,1.37968,1.37926,1.37948
2026-09-04 07:30:00,1.37947,1.37955,1.37912,1.37954
2026-09-04 07:45:00,1.37952,1.37982,1.37925,1.37969
2026-09-04 08:00:00,1.37967,1.37967,1.37924,1.3793
2026-09-04 08:15:00,1.37928,1.37941,1.37924,1.37928
2026-09-04 08:30:00,1.37931,1.37944,1.37918,1.37932
2026-09-04 08:45:00,1.3793,1.37935,1.37922,1.37932
2026-09-04 09:00:00,1.3793,1.3793,1.37902,1.37917
2026-09-04 09:15:00,1.37913,1.37922,1.37898,1.37901
2026-09-04 09:30:00,1.37908,1.37923,1.3789,1.3792
2026-09-04 09:45:00,1.37918,1.37925,1.37897,1.379
2026-09-04 10:00:00,1.379,1.37928,1.37893,1.37918
2026-09-04 10:15:00,1.37917,1.3794,1.37902,1.37936
2026-09-04 10:30:00,1.37931,1.3794,1.37904,1.37917
2026-09-04 10:45:00,1.37919,1.37919,1.37878,1.37883
2026-09-04 11:00:00,1.37878,1.37932,1.37878,1.3793
2026-09-04 11:15:00,1.37927,1.37935,1.37883,1.37903
2026-09-04 11:30:00,1.37904,1.3791,1.37881,1.37889
2026-09-04 11:45:00,1.37887,1.37897,1.37875,1.37882
2026-09-04 12:00:00,1.37879,1.37895,1.37851,1.37892
2026-09-04 12:15:00,1.37891,1.37916,1.37879,1.37907
2026-09-04 12:30:00,1.37909,1.37914,1.37894,1.37902
2026-09-04 12:45:00,1.37899,1.37918,1.3789,1.37917
2026-09-04 13:00:00,1.37914,1.37916,1.37894,1.37911
2026-09-04 13:15:00,1.37909,1.37919,1.37902,1.37908
2026-09-04 13:30:00,1.3791,1.37953,1.3791,1.37951
2026-09-04 13:45:00,1.37948,1.37959,1.37921,1.37926
2026-09-04 14:00:00,1.37922,1.37934,1.37896,1.3791
2026-09-04 14:15:00,1.37907,1.37926,1.37906,1.37911
2026-09-04 14:30:00,1.37914,1.37929,1.37892,1.3791
2026-09-04 14:45:00,1.3791,1.3792,1.37906,1.37917
2026-09-04 15:00:00,1.37914,1.37942,1.37914,1.3794
2026-09-04 15:15:00,1.37937,1.37937,1.37916,1.37928
2026-09-04 15:30:00,1.37928,1.37931,1.37902,1.37906
2026-09-04 15:45:00,1.37907,1.37925,1.37907,1.37911
2026-09-04 16:00:00,1.37909,1.37922,1.3789,1.37899
2026-09-04 16:15:00,1.37911,1.37946,1.37889,1.37927
2026-09-04 16:30:00,1.37928,1.37928,1.379,1.37916
2026-09-04 16:45:00,1.3791,1.37928,1.37898,1.37924
2026-09-04 17:00:00,1.37921,1.37974,1.37905,1.37971
2026-09-04 17:15:00,1.37967,1.37989,1.37942,1.37954
2026-09-04 17:30:00,1.37949,1.3798,1.37945,1.3796
2026-09-04 17:45:00,1.37962,1.38044,1.3796,1.38043
2026-09-04 18:00:00,1.3804,1.38067,1.37994,1.38033
2026-09-04 18:15:00,1.38034,1.38047,1.38004,1.38006
2026-09-04 18:30:00,1.38009,1.38044,1.37998,1.38034
2026-09-04 18:45:00,1.3803,1.38055,1.3801,1.38012
2026-09-04 19:00:00,1.38017,1.38029,1.38001,1.38022
2026-09-04 19:15:00,1.38019,1.38034,1.38004,1.38015
2026-09-04 19:30:00,1.38013,1.38051,1.38006,1.38046
2026-09-04 19:45:00,1.3804,1.38062,1.38033,1.38047
2026-09-04 20:00:00,1.38043,1.38045,1.3802,1.38038
2026-09-04 20:15:00,1.38036,1.38051,1.38016,1.3805
2026-09-04 20:30:00,1.38046,1.38047,1.38027,1.3804
2026-09-04 20:45:00,1.3804,1.38074,1.38026,1.38067
2026-09-04 21:00:00,1.38068,1.3808,1.3804,1.38063
2026-09-04 21:15:00,1.3806,1.38087,1.38046,1.38085
2026-09-04 21:30:00,1.3808,1.38097,1.38074,1.38093
2026-09-04 21:45:00,1.38089,1.38089,1.38014,1.38015
2026-09-04 22:00:00,1.38018,1.38025,1.37962,1.38015
2026-09-04 22:15:00,1.38013,1.38022,1.37949,1.37956
2026-09-04 22:30:00,1.37971,1.3872,1.37547,1.3865
2026-09-04 22:45:00,1.38653,1.38733,1.38585,1.38711
2026-09-04 23:00:00,1.38705,1.38733,1.38593,1.38599
2026-09-04 23:15:00,1.38608,1.38608,1.38375,1.38448
2026-09-04 23:30:00,1.38438,1.38588,1.38364,1.38579
2026-09-04 23:45:00,1.38578,1.38578,1.38445,1.3856
2026-09-05 00:00:00,1.38552,1.38601,1.38526,1.38597
2026-09-05 00:15:00,1.38594,1.38614,1.38517,1.38519
2026-09-05 00:30:00,1.3852,1.38558,1.38459,1.38467
2026-09-05 00:45:00,1.38465,1.38487,1.38433,1.38436
2026-09-05 01:00:00,1.38435,1.38462,1.38411,1.38412
2026-09-05 01:15:00,1.38414,1.38425,1.38353,1.38356
2026-09-05 01:30:00,1.38358,1.38388,1.3833,1.38386
2026-09-05 01:45:00,1.3838,1.3838,1.38305,1.38352
2026-09-05 02:00:00,1.38341,1.38394,1.38341,1.38376
2026-09-05 02:15:00,1.38382,1.38396,1.38353,1.38396
2026-09-05 02:30:00,1.38392,1.38407,1.3838,1.3839
2026-09-05 02:45:00,1.38388,1.38392,1.38364,1.38369
2026-09-05 03:00:00,1.38372,1.38409,1.38368,1.38382
2026-09-05 03:15:00,1.38383,1.38383,1.38352,1.38364
2026-09-05 03:30:00,1.38362,1.38372,1.38329,1.38369
2026-09-05 03:45:00,1.38365,1.38409,1.38365,1.38392
2026-09-05 04:00:00,1.38394,1.38416,1.38374,1.38376
2026-09-05 04:15:00,1.38382,1.38417,1.38382,1.3839
2026-09-05 04:30:00,1.38388,1.38397,1.38361,1.38394
2026-09-05 04:45:00,1.38391,1.38411,1.38384,1.384
2026-09-05 05:00:00,1.38399,1.38402,1.38358,1.38358
2026-09-05 05:15:00,1.38359,1.3836,1.38317,1.38318
2026-09-05 05:30:00,1.38319,1.38327,1.38292,1.38303
2026-09-05 05:45:00,1.38302,1.38316,1.38281,1.38313
2026-09-05 06:00:00,1.38306,1.38363,1.38306,1.38359
2026-09-05 06:15:00,1.38353,1.38365,1.38334,1.38363
2026-09-05 06:30:00,1.38357,1.38384,1.38341,1.38367
2026-09-05 06:45:00,1.38359,1.384,1.38359,1.38376
2026-09-05 07:00:00,1.38374,1.38377,1.38327,1.38339
2026-09-05 07:15:00,1.38336,1.38353,1.38317,1.38329
2026-09-05 07:30:00,1.38329,1.38339,1.38314,1.38324
2026-09-05 07:45:00,1.38322,1.38365,1.38299,1.38334
2026-09-05 08:00:00,1.38331,1.38344,1.38317,1.38323
2026-09-05 08:15:00,1.38324,1.38334,1.38298,1.38327
2026-09-05 08:30:00,1.38322,1.38338,1.38286,1.38326
2026-09-05 08:45:00,1.38324,1.38331,1.38289,1.38323
2026-09-05 09:00:00,1.38318,1.38363,1.38307,1.38322
2026-09-05 09:15:00,1.38317,1.38331,1.38299,1.38317
2026-09-05 09:30:00,1.38313,1.38334,1.3828,1.38326
2026-09-05 09:45:00,1.38317,1.38337,1.38298,1.38321
2026-09-05 10:00:00,1.38315,1.38372,1.38296,1.38362
2026-09-05 10:15:00,1.38361,1.3837,1.38357,1.38361
2026-09-05 10:30:00,1.38362,1.38367,1.38357,1.38362
2026-09-05 10:45:00,1.38361,1.38368,1.38356,1.38362
2026-09-05 11:00:00,1.38359,1.38371,1.38353,1.38362
2026-09-05 11:15:00,1.38361,1.38366,1.38357,1.38358
2026-09-05 11:30:00,1.38359,1.38382,1.3834,1.38361
2026-09-05 11:45:00,1.38358,1.38368,1.38358,1.38363
2026-09-05 12:00:00,1.3836,1.38371,1.38354,1.38361
2026-09-05 12:15:00,1.38359,1.38364,1.38355,1.38357
2026-09-05 12:30:00,1.38358,1.38368,1.38353,1.38357
2026-09-05 12:45:00,1.38358,1.38364,1.38357,1.38363
2026-09-05 13:00:00,1.3836,1.38367,1.38357,1.38361
2026-09-05 13:15:00,1.38359,1.38378,1.38321,1.38339
2026-09-05 13:30:00,1.3834,1.38353,1.38331,1.38351
2026-09-05 13:45:00,1.3835,1.38357,1.38329,1.38342
2026-09-05 14:00:00,1.38343,1.38368,1.38328,1.38349
2026-09-05 14:15:00,1.38346,1.38372,1.38327,1.38366
2026-09-05 14:30:00,1.38367,1.3837,1.38356,1.38357
2026-09-05 14:45:00,1.38358,1.38365,1.38357,1.38361
2026-09-05 15:00:00,1.38359,1.38391,1.3832,1.38364
2026-09-05 15:15:00,1.38362,1.38365,1.38355,1.38359
2026-09-05 15:30:00,1.3836,1.38365,1.38357,1.38359
2026-09-05 15:45:00,1.38359,1.38368,1.38354,1.38361
2026-09-05 16:00:00,1.38361,1.38367,1.38359,1.38364
2026-09-05 16:15:00,1.38361,1.38368,1.3836,1.38363
2026-09-05 16:30:00,1.38361,1.38368,1.38333,1.38362
2026-09-05 16:45:00,1.38357,1.38367,1.38357,1.38363
2026-09-05 17:00:00,1.38362,1.38367,1.38359,1.38364
2026-09-05 17:15:00,1.38361,1.38368,1.38359,1.38362
2026-09-05 17:30:00,1.38361,1.38368,1.38359,1.3836
2026-09-05 17:45:00,1.38361,1.38369,1.38359,1.38363
2026-09-05 18:00:00,1.38362,1.38368,1.38359,1.38364
2026-09-05 18:15:00,1.38361,1.38367,1.3833,1.38362
2026-09-05 18:30:00,1.38361,1.38367,1.38358,1.38359
2026-09-05 18:45:00,1.3836,1.38367,1.38359,1.38361
2026-09-05 19:00:00,1.3836,1.38367,1.38359,1.38364
2026-09-05 19:15:00,1.38361,1.38368,1.38359,1.38364
2026-09-05 19:30:00,1.38362,1.38369,1.3836,1.3836
2026-09-05 19:45:00,1.38361,1.38368,1.38359,1.38361
2026-09-05 20:00:00,1.38361,1.38368,1.38333,1.38365
2026-09-05 20:15:00,1.38362,1.38368,1.38358,1.38364
2026-09-05 20:30:00,1.38362,1.38366,1.38358,1.3836
2026-09-05 20:45:00,1.3836,1.38371,1.38357,1.38361
2026-09-05 21:00:00,1.38362,1.38366,1.38358,1.38362
2026-09-05 21:15:00,1.3836,1.38368,1.38358,1.38363
2026-09-05 21:30:00,1.3836,1.3837,1.38323,1.38327
2026-09-05 21:45:00,1.38335,1.38341,1.38333,1.38334
2026-09-05 22:00:00,1.38335,1.38356,1.3832,1.38351
2026-09-05 22:15:00,1.38349,1.38359,1.38346,1.38356
2026-09-05 22:30:00,1.38353,1.38365,1.38352,1.3836
2026-09-05 22:45:00,1.38358,1.38367,1.38356,1.38364
2026-09-05 23:00:00,1.3836,1.38367,1.38358,1.38363
2026-09-05 23:15:00,1.3836,1.38373,1.38321,1.38347
2026-09-05 23:30:00,1.38343,1.38359,1.38341,1.38355
2026-09-05 23:45:00,1.38354,1.38365,1.38349,1.38358
2026-09-06 00:00:00,1.38359,1.38367,1.38356,1.38364
2026-09-06 00:15:00,1.38362,1.3837,1.38358,1.38368
2026-09-06 00:30:00,1.38365,1.38369,1.38358,1.38361
2026-09-06 00:45:00,1.3836,1.38366,1.38358,1.38359
2026-09-06 01:00:00,1.3836,1.38373,1.38321,1.38354
2026-09-06 01:15:00,1.38354,1.38363,1.38354,1.38362
2026-09-06 01:30:00,1.38359,1.38365,1.38357,1.38361
2026-09-06 01:45:00,1.38359,1.38373,1.38357,1.38367
2026-09-06 02:00:00,1.38368,1.38381,1.38362,1.38364
2026-09-06 02:15:00,1.38364,1.38369,1.3836,1.38363
2026-09-06 02:30:00,1.38361,1.38398,1.38334,1.38388
2026-09-06 02:45:00,1.38371,1.38371,1.38322,1.38359
2026-09-06 03:00:00,1.38356,1.38376,1.38353,1.38367
2026-09-06 03:15:00,1.38367,1.38369,1.3836,1.38364
2026-09-06 03:30:00,1.38362,1.38369,1.38356,1.38361
2026-09-06 03:45:00,1.38358,1.38368,1.38355,1.38361
2026-09-06 04:00:00,1.38362,1.38383,1.38351,1.38376
2026-09-06 04:15:00,1.38377,1.38405,1.38317,1.38345
2026-09-06 04:30:00,1.38343,1.38359,1.38341,1.38356
2026-09-06 04:45:00,1.38353,1.38364,1.38352,1.38359
2026-09-06 05:00:00,1.38357,1.38378,1.38356,1.3837
2026-09-06 05:15:00,1.38371,1.38383,1.38367,1.38379
2026-09-06 05:30:00,1.38376,1.38384,1.38367,1.38382
2026-09-06 05:45:00,1.38378,1.38378,1.38354,1.38358
2026-09-06 06:00:00,1.38356,1.38392,1.3832,1.38342
2026-09-06 06:15:00,1.38343,1.38354,1.3834,1.3835
2026-09-06 06:30:00,1.38344,1.38356,1.38344,1.38353
2026-09-06 06:45:00,1.3835,1.38364,1.38348,1.3836
2026-09-06 07:00:00,1.38358,1.38377,1.38356,1.3837
2026-09-06 07:15:00,1.38371,1.38377,1.38363,1.38365
2026-09-06 07:30:00,1.38365,1.38373,1.38361,1.38373
2026-09-06 07:45:00,1.3837,1.3837,1.38317,1.38346
2026-09-06 08:00:00,1.38344,1.38368,1.38343,1.38363
2026-09-06 08:15:00,1.38363,1.38387,1.38346,1.38379
2026-09-06 08:30:00,1.38379,1.38384,1.38376,1.38381
2026-09-06 08:45:00,1.38378,1.38385,1.38376,1.38381
2026-09-06 09:00:00,1.38378,1.38393,1.38377,1.38387
2026-09-06 09:15:00,1.38387,1.38393,1.38329,1.38346
2026-09-06 09:30:00,1.38347,1.38353,1.38345,1.38349
2026-09-06 09:45:00,1.38347,1.38363,1.38346,1.3836
2026-09-06 10:00:00,1.38357,1.38364,1.38355,1.38359
2026-09-06 10:15:00,1.38359,1.38367,1.38356,1.38357
2026-09-06 10:30:00,1.38358,1.38368,1.38355,1.38364
2026-09-06 10:45:00,1.38361,1.38368,1.38359,1.38365
2026-09-06 11:00:00,1.38361,1.38373,1.38317,1.38335
2026-09-06 11:15:00,1.38334,1.3834,1.38332,1.38333
2026-09-06 11:30:00,1.38334,1.38348,1.38332,1.38345
2026-09-06 11:45:00,1.38342,1.38365,1.38341,1.38363
2026-09-06 12:00:00,1.38359,1.38366,1.38357,1.38361
2026-09-06 12:15:00,1.38359,1.38369,1.38356,1.3836
2026-09-06 12:30:00,1.38361,1.38373,1.38359,1.38371
2026-09-06 12:45:00,1.38367,1.38379,1.38317,1.38336
2026-09-06 13:00:00,1.38333,1.38348,1.38324,1.38344
2026-09-06 13:15:00,1.38342,1.38353,1.38342,1.38346
2026-09-06 13:30:00,1.38347,1.38359,1.38345,1.38352
2026-09-06 13:45:00,1.38353,1.38359,1.3835,1.38355
2026-09-06 14:00:00,1.38353,1.38363,1.38352,1.38359
2026-09-06 14:15:00,1.38357,1.38371,1.38316,1.38331
2026-09-06 14:30:00,1.38332,1.38358,1.3832,1.38352
2026-09-06 14:45:00,1.38352,1.38363,1.38348,1.38359
2026-09-06 15:00:00,1.38357,1.38363,1.38355,1.3836
2026-09-06 15:15:00,1.38357,1.38367,1.38357,1.3836
2026-09-06 15:30:00,1.3836,1.3837,1.38358,1.38363
2026-09-06 15:45:00,1.38363,1.3837,1.38361,1.38365
2026-09-06 16:00:00,1.38363,1.38373,1.38318,1.38335
2026-09-06 16:15:00,1.38332,1.38349,1.38331,1.38344
2026-09-06 16:30:00,1.38342,1.38355,1.38339,1.38348
2026-09-06 16:45:00,1.38349,1.38359,1.38347,1.38356
2026-09-06 17:00:00,1.38354,1.3836,1.38352,1.38357
2026-09-06 17:15:00,1.38354,1.38371,1.38353,1.38366
2026-09-06 17:30:00,1.38365,1.38377,1.38363,1.3837
2026-09-06 17:45:00,1.38371,1.38374,1.38321,1.38336
2026-09-06 18:00:00,1.38336,1.38348,1.38334,1.38347
2026-09-06 18:15:00,1.38343,1.3835,1.38341,1.38345
2026-09-06 18:30:00,1.38343,1.38356,1.38337,1.38349
2026-09-06 18:45:00,1.3835,1.38356,1.38348,1.3835
2026-09-06 19:00:00,1.3835,1.38361,1.38349,1.38358
2026-09-06 19:15:00,1.38355,1.38371,1.38353,1.38367
2026-09-06 19:30:00,1.38365,1.38371,1.38363,1.38365
2026-09-06 19:45:00,1.38365,1.38373,1.38363,1.38367
2026-09-06 20:00:00,1.38367,1.38373,1.38365,1.3837
2026-09-06 20:15:00,1.38367,1.38373,1.38365,1.3837
2026-09-06 20:30:00,1.38367,1.38373,1.38365,1.38367
2026-09-06 20:45:00,1.38367,1.38373,1.38365,1.38367
2026-09-06 21:00:00,1.38367,1.38373,1.38365,1.38369
2026-09-06 21:15:00,1.38367,1.38373,1.38365,1.3837
2026-09-06 21:30:00,1.38367,1.38373,1.38181,1.38238
2026-09-06 21:45:00,1.38238,1.38244,1.38236,1.38237
2026-09-06 22:00:00,1.38238,1.38244,1.38236,1.3824
2026-09-06 22:15:00,1.38238,1.38244,1.38236,1.38241
2026-09-06 22:30:00,1.38238,1.38244,1.38236,1.3824
2026-09-06 22:45:00,1.38238,1.38244,1.38236,1.38237
2026-09-06 23:00:00,1.38238,1.38244,1.38236,1.3824
2026-09-06 23:15:00,1.38238,1.38374,1.38158,1.38217
2026-09-06 23:30:00,1.38214,1.3822,1.38212,1.38215
2026-09-06 23:45:00,1.38214,1.3822,1.38212,1.38213
2026-09-07 00:00:00,1.38214,1.38391,1.38197,1.38363
2026-09-07 00:15:00,1.38362,1.38367,1.38358,1.38364
2026-09-07 00:30:00,1.38361,1.38367,1.38358,1.38362
2026-09-07 00:45:00,1.38361,1.38367,1.3834,1.38347
2026-09-07 01:00:00,1.38348,1.38352,1.38167,1.38275
2026-09-07 01:15:00,1.38275,1.38281,1.38272,1.38277
2026-09-07 01:30:00,1.38275,1.38352,1.3822,1.38344
2026-09-07 01:45:00,1.38327,1.3835,1.38327,1.38345
2026-09-07 02:00:00,1.38345,1.38364,1.38323,1.38334
2026-09-07 02:15:00,1.38334,1.38341,1.38332,1.38337
2026-09-07 02:30:00,1.38334,1.38506,1.38132,1.38204
2026-09-07 02:45:00,1.38201,1.38207,1.38199,1.38201
2026-09-07 03:00:00,1.38201,1.38393,1.38089,1.38358
2026-09-07 03:15:00,1.38359,1.38367,1.38357,1.38363
2026-09-07 03:30:00,1.38361,1.38367,1.38359,1.38364
2026-09-07 03:45:00,1.38361,1.38366,1.38357,1.3836
2026-09-07 04:00:00,1.3836,1.38368,1.38358,1.3836
2026-09-07 04:15:00,1.38361,1.38492,1.38238,1.38418
2026-09-07 04:30:00,1.38416,1.38466,1.38386,1.3842
2026-09-07 04:45:00,1.38415,1.38489,1.384,1.38408
2026-09-07 05:00:00,1.38408,1.38419,1.38185,1.38354
2026-09-07 05:15:00,1.38344,1.3849,1.38164,1.38343
2026-09-07 05:30:00,1.38345,1.38371,1.38198,1.38209
2026-09-07 05:45:00,1.38224,1.38417,1.38174,1.38282
2026-09-07 06:00:00,1.38268,1.38375,1.38205,1.3835
2026-09-07 06:15:00,1.38347,1.38359,1.38334,1.3835
2026-09-07 06:30:00,1.38351,1.38364,1.38312,1.38358
2026-09-07 06:45:00,1.38351,1.38351,1.38319,1.38332
2026-09-07 07:00:00,1.38326,1.38363,1.38326,1.38334
2026-09-07 07:15:00,1.38336,1.38344,1.38303,1.38326
2026-09-07 07:30:00,1.38322,1.38336,1.38292,1.38295
2026-09-07 07:45:00,1.38299,1.38337,1.38285,1.38329
2026-09-07 08:00:00,1.38326,1.38373,1.38317,1.38354
2026-09-07 08:15:00,1.38355,1.38361,1.3835,1.38352
2026-09-07 08:30:00,1.38352,1.38369,1.38351,1.3836
2026-09-07 08:45:00,1.38357,1.38368,1.38348,1.38357
2026-09-07 09:00:00,1.38354,1.3836,1.38329,1.38329
2026-09-07 09:15:00,1.3833,1.3834,1.38329,1.38334
2026-09-07 09:30:00,1.38335,1.38341,1.38322,1.38328
2026-09-07 09:45:00,1.38326,1.3835,1.3832,1.38342
2026-09-07 10:00:00,1.38337,1.38387,1.3833,1.3837
2026-09-07 10:15:00,1.38365,1.38379,1.38336,1.38345
2026-09-07 10:30:00,1.38347,1.38357,1.38303,1.38305
2026-09-07 10:45:00,1.38307,1.38335,1.38302,1.38333
2026-09-07 11:00:00,1.38328,1.38339,1.38309,1.38328
2026-09-07 11:15:00,1.38324,1.38355,1.38305,1.38311
2026-09-07 11:30:00,1.38312,1.38354,1.3831,1.38348
2026-09-07 11:45:00,1.38347,1.3837,1.38333,1.38368
2026-09-07 12:00:00,1.38361,1.38402,1.38361,1.38399
2026-09-07 12:15:00,1.38396,1.38418,1.38381,1.38381
2026-09-07 12:30:00,1.38382,1.38401,1.38373,1.38398
2026-09-07 12:45:00,1.38392,1.38411,1.38389,1.38401
2026-09-07 13:00:00,1.38402,1.38417,1.3839,1.38412
2026-09-07 13:15:00,1.3841,1.3841,1.38375,1.38382
2026-09-07 13:30:00,1.38381,1.384,1.3837,1.38395
2026-09-07 13:45:00,1.38393,1.38393,1.38373,1.38377
2026-09-07 14:00:00,1.38374,1.38377,1.38362,1.38369
2026-09-07 14:15:00,1.38367,1.3838,1.38366,1.38367
2026-09-07 14:30:00,1.38369,1.38393,1.38368,1.38377
2026-09-07 14:45:00,1.38378,1.38379,1.38352,1.38355
2026-09-07 15:00:00,1.38353,1.38368,1.38349,1.38364
2026-09-07 15:15:00,1.38361,1.38376,1.38356,1.38368
2026-09-07 15:30:00,1.38369,1.38372,1.38342,1.38363
2026-09-07 15:45:00,1.38359,1.38362,1.38311,1.38312
2026-09-07 16:00:00,1.38314,1.38363,1.38306,1.38348
2026-09-07 16:15:00,1.38345,1.38356,1.38314,1.38322
2026-09-07 16:30:00,1.38321,1.38331,1.38298,1.38319
2026-09-07 16:45:00,1.38314,1.38351,1.38298,1.38349
2026-09-07 17:00:00,1.38347,1.38386,1.38335,1.38384
2026-09-07 17:15:00,1.38378,1.38378,1.38328,1.38335
2026-09-07 17:30:00,1.38332,1.38369,1.38318,1.38362
2026-09-07 17:45:00,1.38363,1.38365,1.383,1.38313
2026-09-07 18:00:00,1.38312,1.38318,1.38277,1.383
